patient	mandard_group	sample_type	cellgp	gene	logcpm	response
P01	good	Treat	cytotoxic CD8	CCR2	2.262619250017576	WR
P01	good	Treat	cytotoxic CD8	CCR4	2.262619250017576	WR
P01	good	Treat	cytotoxic CD8	CCR5	3.785123581085945	WR
P01	good	Treat	cytotoxic CD8	CCR6	3.567640493219071	WR
P01	good	Treat	cytotoxic CD8	CXCR1	0	WR
P01	good	Treat	cytotoxic CD8	CXCR2	0	WR
P01	good	Treat	cytotoxic CD8	CXCR3	4.992741373637525	WR
P01	good	Treat	cytotoxic CD8	CXCR4	8.357510277616967	WR
P01	good	Treat	cytotoxic CD8	ACKR3	0	WR
P01	good	Treat	cytotoxic CD8	CX3CR1	0	WR
P01	good	Baseline	cytotoxic CD8	CX3CR1	2.5251837377981428	WR
P01	good	Baseline	NK	CCR6	2.889297654629589	WR
P01	good	Baseline	NK	CXCR1	1.2956119011350045	WR
P01	good	Baseline	NK	CXCR2	1.7536794189920546	WR
P01	good	Baseline	other CD8	CCR2	1.1672634348056983	WR
P01	good	Baseline	other CD8	CCR4	3.7095977155835653	WR
P01	good	Baseline	other CD8	CCR5	3.5321616796098936	WR
P01	good	Baseline	other CD8	CCR6	4.735079949867977	WR
P01	good	Baseline	other CD8	CXCR1	0	WR
P01	good	Baseline	other CD8	CXCR2	0	WR
P01	good	Baseline	other CD8	CXCR3	4.928829435329154	WR
P01	good	Baseline	NK	CCR2	0	WR
P01	good	Baseline	NK	CCR4	2.8284599609755254	WR
P01	good	Baseline	NK	CCR5	2.7636799035261568	WR
P01	good	Baseline	Treg	CCR4	4.800956159401089	WR
P01	good	Baseline	Treg	CCR5	3.225354964458752	WR
P01	good	Baseline	Treg	CCR6	5.6186719178749325	WR
P01	good	Baseline	Treg	CXCR1	0	WR
P01	good	Baseline	cytotoxic CD8	CCR2	1.9552733987504922	WR
P01	good	Baseline	cytotoxic CD8	CCR4	2.2964813213602713	WR
P01	good	Baseline	cytotoxic CD8	CCR5	3.671495094993589	WR
P01	good	Baseline	cytotoxic CD8	CCR6	4.032305904400473	WR
P01	good	Baseline	cytotoxic CD8	CXCR1	0.3912870315105642	WR
P01	good	Baseline	cytotoxic CD8	CXCR2	0.7501858620635369	WR
P01	good	Baseline	other CD8	CXCR4	7.509758788894368	WR
P01	good	Baseline	other CD8	ACKR3	0	WR
P01	good	Baseline	other CD8	CX3CR1	1.1672634348056983	WR
P01	good	Baseline	exhausted CD8	CCR5	3.3791870245513898	WR
P01	good	Baseline	exhausted CD8	CCR6	4.422265583935407	WR
P01	good	Baseline	exhausted CD8	CXCR1	0	WR
P01	good	Baseline	exhausted CD8	CXCR2	0	WR
P01	good	Baseline	exhausted CD8	CXCR3	3.800006512568821	WR
P01	good	Baseline	exhausted CD8	CXCR4	7.246641948168362	WR
P01	good	Baseline	exhausted CD8	ACKR3	0.7798389476415725	WR
P01	good	Baseline	exhausted CD8	CX3CR1	0.7798389476415725	WR
P01	good	Baseline	NK	CX3CR1	2.6944109190846275	WR
P01	good	Baseline	Treg	CXCR4	6.777970884881143	WR
P01	good	Baseline	cytotoxic CD8	CXCR3	5.229218877837733	WR
P01	good	Baseline	cytotoxic CD8	CXCR4	7.974939136711084	WR
P01	good	Baseline	cytotoxic CD8	ACKR3	0.14809895890521452	WR
P01	good	Baseline	Treg	CXCR3	4.341635414857852	WR
P01	good	Baseline	NK	ACKR3	0.723333107742698	WR
P01	good	Baseline	Treg	CCR2	0.6571712845989903	WR
P01	good	Baseline	Treg	CXCR2	0	WR
P01	good	Baseline	exhausted CD8	CCR4	3.8174681112776616	WR
P01	good	Baseline	NK	CXCR3	4.703322732460361	WR
P01	good	Baseline	exhausted CD8	CCR2	0.9457827163675046	WR
P01	good	Baseline	NK	CXCR4	7.800343965017336	WR
P01	good	Baseline	Treg	ACKR3	0.5558726039754205	WR
P01	good	Baseline	Treg	CX3CR1	1.1726013308598682	WR
P02	NA	Baseline	NK	CXCR1	0.39668111006966067	NA
P02	NA	Baseline	NK	ACKR3	0.39668111006966067	NA
P02	NA	Baseline	NK	CXCR3	4.613244987671179	NA
P02	NA	Baseline	Treg	ACKR3	1.366606598290819	NA
P02	NA	Baseline	cytotoxic CD8	CCR4	3.4129987654814107	NA
P02	NA	Baseline	NK	CXCR2	0.39668111006966067	NA
P02	NA	Baseline	NK	CCR6	3.5714632515237876	NA
P02	NA	Baseline	NK	CCR5	3.0192177243338243	NA
P02	NA	Baseline	cytotoxic CD8	CXCR2	0	NA
P02	NA	Baseline	NK	CX3CR1	1.233844717018349	NA
P02	NA	Baseline	NK	CXCR4	7.491763452229518	NA
P02	NA	Baseline	cytotoxic CD8	CXCR1	0	NA
P02	NA	Baseline	cytotoxic CD8	CX3CR1	1.3322333866806648	NA
P02	NA	Baseline	exhausted CD8	CXCR3	4.399284461331074	NA
P02	NA	Baseline	cytotoxic CD8	CCR6	3.3590599514123554	NA
P02	NA	Baseline	NK	CCR2	0.9004235548007882	NA
P02	NA	Baseline	NK	CCR4	2.6832579083102575	NA
P02	NA	Baseline	other CD8	CX3CR1	0	NA
P02	NA	Baseline	cytotoxic CD8	CCR5	3.956491809314728	NA
P02	NA	Baseline	exhausted CD8	CX3CR1	0.23955390799688794	NA
P02	NA	Baseline	other CD8	CCR2	1.8614518754009128	NA
P02	NA	Baseline	other CD8	CCR4	3.271632463247933	NA
P02	NA	Baseline	cytotoxic CD8	CXCR3	4.9857927847785835	NA
P02	NA	Baseline	Treg	CXCR3	5.0957995997667735	NA
P02	NA	Baseline	Treg	CXCR4	7.1847468742845555	NA
P02	NA	Baseline	Treg	CXCR2	0	NA
P02	NA	Baseline	exhausted CD8	CXCR1	0	NA
P02	NA	Baseline	exhausted CD8	CXCR2	0	NA
P02	NA	Baseline	Treg	CX3CR1	1.0811312941307127	NA
P02	NA	Baseline	Treg	CCR2	1.8747776558151543	NA
P02	NA	Baseline	exhausted CD8	CXCR4	7.18418188307349	NA
P02	NA	Baseline	cytotoxic CD8	CCR2	1.1395402997212734	NA
P02	NA	Baseline	cytotoxic CD8	CXCR4	7.995183319655345	NA
P02	NA	Baseline	cytotoxic CD8	ACKR3	0.5861181874954808	NA
P02	NA	Baseline	Treg	CCR4	4.7779023314602425	NA
P02	NA	Baseline	other CD8	CCR5	3.980049376350219	NA
P02	NA	Baseline	other CD8	CXCR3	4.7457532713186685	NA
P02	NA	Baseline	other CD8	CXCR4	7.602896375645742	NA
P02	NA	Baseline	other CD8	CXCR1	0	NA
P02	NA	Baseline	other CD8	CXCR2	1.0335485938631526	NA
P02	NA	Baseline	exhausted CD8	ACKR3	0.5168308304305107	NA
P02	NA	Baseline	Treg	CCR6	5.795800809023447	NA
P02	NA	Baseline	Treg	CXCR1	0	NA
P02	NA	Baseline	other CD8	ACKR3	0	NA
P02	NA	Baseline	Treg	CCR5	3.4608343776717225	NA
P02	NA	Baseline	exhausted CD8	CCR2	0.5944568961055332	NA
P02	NA	Baseline	exhausted CD8	CCR5	4.071678021433447	NA
P02	NA	Baseline	exhausted CD8	CCR6	2.9373096287353175	NA
P02	NA	Baseline	other CD8	CCR6	4.045534558095203	NA
P02	NA	Baseline	exhausted CD8	CCR4	1.8153069502272585	NA
P03	poor	Treat	exhausted CD8	CCR6	3.617456421791557	NR
P03	poor	Baseline	Treg	CCR6	4.713520775838385	NR
P03	poor	Treat	NK	CXCR3	4.200959607830632	NR
P03	poor	Treat	exhausted CD8	CCR4	3.8473711831374025	NR
P03	poor	Treat	other CD8	CX3CR1	0	NR
P03	poor	Baseline	NK	CCR2	0	NR
P03	poor	Treat	exhausted CD8	CXCR3	4.297087222743827	NR
P03	poor	Baseline	Treg	CCR4	4.3363106610103745	NR
P03	poor	Treat	exhausted CD8	CCR5	2.9207428665282555	NR
P03	poor	Baseline	NK	ACKR3	0	NR
P03	poor	Treat	exhausted CD8	CXCR1	0	NR
P03	poor	Baseline	NK	CCR4	2.9720667463774713	NR
P03	poor	Treat	exhausted CD8	CXCR2	0	NR
P03	poor	Baseline	cytotoxic CD8	CCR2	1.9119196738870752	NR
P03	poor	Baseline	Treg	CXCR1	0	NR
P03	poor	Treat	exhausted CD8	CCR2	0.44871133658690177	NR
P03	poor	Treat	other CD8	CXCR2	0	NR
P03	poor	Treat	other CD8	CXCR3	4.857829653962201	NR
P03	poor	Baseline	NK	CCR6	0	NR
P03	poor	Treat	NK	CXCR2	2.5205025526430562	NR
P03	poor	Treat	NK	CXCR4	8.236779921365573	NR
P03	poor	Baseline	Treg	CCR5	3.015290537110675	NR
P03	poor	Treat	NK	CXCR1	1.3503332065611817	NR
P03	poor	Baseline	exhausted CD8	CCR5	3.6665134532545385	NR
P03	poor	Baseline	Treg	CXCR2	0	NR
P03	poor	Baseline	NK	CCR5	0	NR
P03	poor	Treat	Treg	CCR5	2.6301674967519437	NR
P03	poor	Baseline	Treg	CXCR4	6.072160728257188	NR
P03	poor	Baseline	NK	CXCR1	0	NR
P03	poor	Baseline	NK	CXCR2	0	NR
P03	poor	Baseline	NK	CXCR3	4.539684342054114	NR
P03	poor	Baseline	NK	CXCR4	6.808347687328937	NR
P03	poor	Baseline	cytotoxic CD8	CXCR4	7.4247634832746385	NR
P03	poor	Baseline	cytotoxic CD8	ACKR3	0	NR
P03	poor	Treat	NK	ACKR3	0	NR
P03	poor	Treat	NK	CX3CR1	3.172609391034027	NR
P03	poor	Treat	other CD8	ACKR3	1.1077999976123325	NR
P03	poor	Baseline	exhausted CD8	CCR6	2.640965855232966	NR
P03	poor	Baseline	cytotoxic CD8	CCR4	3.0531152904417893	NR
P03	poor	Treat	exhausted CD8	CXCR4	7.686863203792797	NR
P03	poor	Treat	other CD8	CCR2	2.2094561925310514	NR
P03	poor	Baseline	Treg	ACKR3	0.7311656646144412	NR
P03	poor	Baseline	Treg	CX3CR1	1.148989044989109	NR
P03	poor	Treat	NK	CCR5	1.3503332065611817	NR
P03	poor	Treat	NK	CCR6	3.7141074087727843	NR
P03	poor	Treat	Treg	CX3CR1	0.7512558587908664	NR
P03	poor	Treat	cytotoxic CD8	CX3CR1	1.2684022039678502	NR
P03	poor	Treat	cytotoxic CD8	CCR2	1.483169252240958	NR
P03	poor	Treat	Treg	CCR4	4.7320306889687	NR
P03	poor	Baseline	Treg	CCR2	0.43097067992715143	NR
P03	poor	Treat	cytotoxic CD8	CCR4	4.016567542512475	NR
P03	poor	Baseline	exhausted CD8	CXCR1	0	NR
P03	poor	Baseline	Treg	CXCR3	5.114372790995461	NR
P03	poor	Treat	cytotoxic CD8	CCR6	2.878698405346221	NR
P03	poor	Treat	exhausted CD8	ACKR3	0	NR
P03	poor	Treat	exhausted CD8	CX3CR1	0	NR
P03	poor	Baseline	cytotoxic CD8	CXCR1	0.27788696403282487	NR
P03	poor	Baseline	cytotoxic CD8	CXCR2	0.6734600697033147	NR
P03	poor	Baseline	cytotoxic CD8	CXCR3	5.016734585029548	NR
P03	poor	Baseline	exhausted CD8	CX3CR1	0.3937109864858013	NR
P03	poor	Treat	cytotoxic CD8	ACKR3	0.8494759657969433	NR
P03	poor	Treat	other CD8	CXCR4	8.33175704521487	NR
P03	poor	Treat	other CD8	CXCR1	0	NR
P03	poor	Treat	Treg	CCR2	1.7981509218553862	NR
P03	poor	Treat	cytotoxic CD8	CCR5	3.646861866535221	NR
P03	poor	Treat	Treg	CCR6	5.515221231865434	NR
P03	poor	Baseline	cytotoxic CD8	CX3CR1	2.2331021575313224	NR
P03	poor	Treat	other CD8	CCR4	4.479501241661133	NR
P03	poor	Treat	other CD8	CCR5	2.8461598279691285	NR
P03	poor	Treat	other CD8	CCR6	4.456240685603943	NR
P03	poor	Baseline	exhausted CD8	CCR2	0	NR
P03	poor	Treat	Treg	ACKR3	0.7512558587908664	NR
P03	poor	Baseline	exhausted CD8	ACKR3	0	NR
P03	poor	Treat	Treg	CXCR4	7.683671246138307	NR
P03	poor	Baseline	cytotoxic CD8	CCR6	2.391552036905048	NR
P03	poor	Treat	NK	CCR2	0	NR
P03	poor	Treat	Treg	CXCR1	0	NR
P03	poor	Baseline	NK	CX3CR1	3.293803116059125	NR
P03	poor	Treat	cytotoxic CD8	CXCR3	4.736511970816613	NR
P03	poor	Treat	cytotoxic CD8	CXCR4	8.630105494126918	NR
P03	poor	Treat	NK	CCR4	2.727431518861069	NR
P03	poor	Baseline	cytotoxic CD8	CCR5	3.9122540249647377	NR
P03	poor	Treat	Treg	CXCR2	0	NR
P03	poor	Treat	Treg	CXCR3	5.092466672570325	NR
P03	poor	Baseline	exhausted CD8	CXCR3	4.529041408708963	NR
P03	poor	Treat	cytotoxic CD8	CXCR2	0.2178087820697965	NR
P03	poor	Treat	cytotoxic CD8	CXCR1	0.2178087820697965	NR
P03	poor	Baseline	exhausted CD8	CXCR2	0	NR
P03	poor	Baseline	exhausted CD8	CCR4	2.674784096071613	NR
P03	poor	Baseline	exhausted CD8	CXCR4	5.884649418459944	NR
P04	poor	Baseline	Treg	CCR2	1.1125082918973974	NR
P04	poor	Baseline	NK	CXCR1	0	NR
P04	poor	Treat	exhausted CD8	CX3CR1	0	NR
P04	poor	Baseline	exhausted CD8	CCR5	3.887527254477262	NR
P04	poor	Baseline	NK	CCR2	0	NR
P04	poor	Baseline	NK	CCR6	2.477698534790947	NR
P04	poor	Treat	cytotoxic CD8	CX3CR1	0.9531302460561346	NR
P04	poor	Baseline	other CD8	ACKR3	0	NR
P04	poor	Baseline	NK	ACKR3	0	NR
P04	poor	Baseline	NK	CCR4	0	NR
P04	poor	Baseline	NK	CCR5	0	NR
P04	poor	Baseline	NK	CX3CR1	3.621119181048474	NR
P04	poor	Treat	exhausted CD8	ACKR3	0.24272979647227982	NR
P04	poor	Treat	cytotoxic CD8	CXCR4	8.210539734974475	NR
P04	poor	Treat	other CD8	CCR2	0	NR
P04	poor	Baseline	cytotoxic CD8	ACKR3	0.6232999168234739	NR
P04	poor	Baseline	Treg	CCR6	6.053809178058724	NR
P04	poor	Baseline	cytotoxic CD8	CXCR3	5.253926229466412	NR
P04	poor	Baseline	cytotoxic CD8	CXCR4	8.391054509588939	NR
P04	poor	Baseline	NK	CXCR3	5.2286179853783965	NR
P04	poor	Baseline	NK	CXCR4	7.890300458024876	NR
P04	poor	Treat	cytotoxic CD8	CXCR3	4.904389681888256	NR
P04	poor	Treat	exhausted CD8	CXCR2	0	NR
P04	poor	Baseline	Treg	CXCR4	6.951246927188415	NR
P04	poor	Treat	exhausted CD8	CXCR3	4.506013392880089	NR
P04	poor	Baseline	Treg	CX3CR1	1.6260900938013108	NR
P04	poor	Treat	other CD8	CCR4	3.2855670665971384	NR
P04	poor	Baseline	other CD8	CX3CR1	0	NR
P04	poor	Treat	Treg	CXCR3	5.016107059421182	NR
P04	poor	Baseline	Treg	CCR5	3.183970820228072	NR
P04	poor	Baseline	Treg	CXCR1	0	NR
P04	poor	Baseline	NK	CXCR2	1.5342698431629875	NR
P04	poor	Treat	cytotoxic CD8	CXCR1	0.14788678090782645	NR
P04	poor	Treat	cytotoxic CD8	CXCR2	0.14788678090782645	NR
P04	poor	Baseline	cytotoxic CD8	CCR4	3.253116228573423	NR
P04	poor	Baseline	Treg	CXCR3	4.608926238643309	NR
P04	poor	Treat	exhausted CD8	CXCR1	0	NR
P04	poor	Baseline	other CD8	CCR6	2.9481508325493024	NR
P04	poor	Treat	exhausted CD8	CXCR4	7.502327907229257	NR
P04	poor	Baseline	cytotoxic CD8	CXCR2	0.19578725312458678	NR
P04	poor	Baseline	exhausted CD8	CCR4	2.502257050876287	NR
P04	poor	Baseline	other CD8	CXCR3	4.638608690378149	NR
P04	poor	Baseline	Treg	CCR4	4.93082160935803	NR
P04	poor	Treat	cytotoxic CD8	CCR5	3.227875484932343	NR
P04	poor	Treat	cytotoxic CD8	CCR6	2.7097542804753707	NR
P04	poor	Baseline	exhausted CD8	CXCR2	0	NR
P04	poor	Baseline	other CD8	CCR2	0	NR
P04	poor	Baseline	Treg	CXCR2	0	NR
P04	poor	Treat	exhausted CD8	CCR6	2.876845843747989	NR
P04	poor	Baseline	other CD8	CCR5	3.895658163042501	NR
P04	poor	Treat	NK	CCR2	1.7983312527303017	NR
P04	poor	Baseline	Treg	ACKR3	1.751738833545776	NR
P04	poor	Treat	cytotoxic CD8	ACKR3	0.6710496939656334	NR
P04	poor	Baseline	other CD8	CXCR4	8.277508464529744	NR
P04	poor	Baseline	exhausted CD8	CX3CR1	0	NR
P04	poor	Treat	other CD8	CXCR1	0	NR
P04	poor	Baseline	exhausted CD8	CCR6	3.2264489341456364	NR
P04	poor	Baseline	exhausted CD8	CXCR1	0	NR
P04	poor	Treat	other CD8	CXCR3	4.310765927629412	NR
P04	poor	Treat	cytotoxic CD8	CCR2	1.172897762044376	NR
P04	poor	Treat	Treg	CX3CR1	0.9989874036845637	NR
P04	poor	Baseline	other CD8	CCR4	3.4377787315320583	NR
P04	poor	Treat	exhausted CD8	CCR2	0.24272979647227982	NR
P04	poor	Treat	exhausted CD8	CCR4	2.460805329120612	NR
P04	poor	Baseline	cytotoxic CD8	CCR5	4.119932282348272	NR
P04	poor	Baseline	cytotoxic CD8	CCR6	2.63734781450583	NR
P04	poor	Baseline	exhausted CD8	CCR2	0	NR
P04	poor	Treat	NK	CXCR4	8.10606539908285	NR
P04	poor	Baseline	other CD8	CXCR2	0	NR
P04	poor	Baseline	cytotoxic CD8	CX3CR1	1.857344788239129	NR
P04	poor	Treat	Treg	CXCR1	0	NR
P04	poor	Treat	Treg	CXCR2	0	NR
P04	poor	Treat	Treg	CXCR4	7.423099244950321	NR
P04	poor	Treat	cytotoxic CD8	CCR4	3.258977499595672	NR
P04	poor	Treat	other CD8	CX3CR1	0	NR
P04	poor	Baseline	cytotoxic CD8	CCR2	1.3932088230144168	NR
P04	poor	Baseline	cytotoxic CD8	CXCR1	0.19578725312458678	NR
P04	poor	Baseline	exhausted CD8	CXCR3	4.074483820485733	NR
P04	poor	Baseline	other CD8	CXCR1	0	NR
P04	poor	Baseline	exhausted CD8	ACKR3	0.7793259160685081	NR
P04	poor	Treat	other CD8	CCR6	3.52853131567577	NR
P04	poor	Treat	NK	CXCR2	1.7983312527303017	NR
P04	poor	Treat	Treg	CCR6	5.359328358868426	NR
P04	poor	Treat	other CD8	CCR5	3.6309527176515135	NR
P04	poor	Treat	NK	CXCR3	4.863748786425948	NR
P04	poor	Treat	other CD8	CXCR2	0	NR
P04	poor	Treat	Treg	ACKR3	1.4886391487775747	NR
P04	poor	Treat	other CD8	ACKR3	0	NR
P04	poor	Treat	NK	CCR5	2.4050623551259696	NR
P04	poor	Treat	NK	ACKR3	0	NR
P04	poor	Treat	NK	CX3CR1	1.7983312527303017	NR
P04	poor	Treat	NK	CCR4	0	NR
P04	poor	Treat	exhausted CD8	CCR5	3.236733373222491	NR
P04	poor	Baseline	exhausted CD8	CXCR4	7.556837541876359	NR
P04	poor	Treat	Treg	CCR2	1.1900891506571423	NR
P04	poor	Treat	NK	CCR6	3.7212615584090902	NR
P04	poor	Treat	NK	CXCR1	1.2583985658321386	NR
P04	poor	Treat	other CD8	CXCR4	8.131607359102066	NR
P04	poor	Treat	Treg	CCR5	2.6498843643751977	NR
P04	poor	Treat	Treg	CCR4	4.183854971149658	NR
P05	good	Treat	cytotoxic CD8	CXCR1	0.4480908157715505	WR
P05	good	Baseline	Treg	CXCR4	7.060394531179682	WR
P05	good	Baseline	exhausted CD8	CXCR3	4.593491477182772	WR
P05	good	Baseline	exhausted CD8	CXCR4	7.244088918618902	WR
P05	good	Baseline	NK	CCR5	2.6181455971158996	WR
P05	good	Treat	Treg	CXCR4	8.02284525773765	WR
P05	good	Treat	NK	ACKR3	1.412096992532981	WR
P05	good	Treat	NK	CX3CR1	3.18982395774892	WR
P05	good	Baseline	Treg	CXCR3	5.000157826007459	WR
P05	good	Baseline	exhausted CD8	ACKR3	0.6773745442371484	WR
P05	good	Baseline	exhausted CD8	CXCR2	0	WR
P05	good	Treat	Treg	CCR5	2.2335244333509423	WR
P05	good	Baseline	other CD8	CCR5	3.0956977814059004	WR
P05	good	Baseline	NK	CCR4	3.489687053252326	WR
P05	good	Baseline	other CD8	CCR4	3.813650848842968	WR
P05	good	Treat	Treg	CXCR3	4.254749531869556	WR
P05	good	Baseline	cytotoxic CD8	CCR2	1.4843806188883313	WR
P05	good	Baseline	NK	CCR6	3.978370269967036	WR
P05	good	Baseline	exhausted CD8	CCR5	3.5799927069817423	WR
P05	good	Baseline	NK	CXCR4	8.073638542915225	WR
P05	good	Baseline	exhausted CD8	CXCR1	0	WR
P05	good	Treat	Treg	CCR6	5.650071602811227	WR
P05	good	Treat	Treg	CXCR1	0	WR
P05	good	Baseline	exhausted CD8	CX3CR1	1.077526334668898	WR
P05	good	Baseline	Treg	CCR4	4.535059398449341	WR
P05	good	Baseline	NK	CCR2	0	WR
P05	good	Baseline	Treg	CCR2	1.1857837727232545	WR
P05	good	Treat	Treg	CXCR2	0	WR
P05	good	Baseline	Treg	CCR5	2.9709661388782225	WR
P05	good	Baseline	other CD8	CCR2	1.6525991584137931	WR
P05	good	Baseline	Treg	CXCR2	0	WR
P05	good	Baseline	other CD8	CCR6	4.943622813695873	WR
P05	good	Baseline	Treg	ACKR3	1.6528330576158736	WR
P05	good	Baseline	NK	ACKR3	0	WR
P05	good	Treat	Treg	CCR4	4.872290722418363	WR
P05	good	Treat	other CD8	CCR4	1.9959758747761327	WR
P05	good	Baseline	Treg	CX3CR1	1.4463310122789372	WR
P05	good	Treat	other CD8	CCR5	0	WR
P05	good	Baseline	cytotoxic CD8	CX3CR1	1.1862632545234078	WR
P05	good	Baseline	cytotoxic CD8	ACKR3	1.1862632545234078	WR
P05	good	Treat	exhausted CD8	ACKR3	0	WR
P05	good	Treat	other CD8	CXCR3	3.818056651629785	WR
P05	good	Treat	other CD8	CX3CR1	0	WR
P05	good	Treat	other CD8	ACKR3	3.490334205970751	WR
P05	good	Baseline	exhausted CD8	CCR4	4.111849395356015	WR
P05	good	Treat	Treg	CCR2	0.6553703518332535	WR
P05	good	Baseline	exhausted CD8	CCR6	4.7967741350569515	WR
P05	good	Baseline	NK	CX3CR1	1.7520398804415955	WR
P05	good	Baseline	cytotoxic CD8	CXCR1	0.45025062025471135	WR
P05	good	Treat	exhausted CD8	CCR4	2.3745757454557537	WR
P05	good	Baseline	cytotoxic CD8	CXCR2	0.45025062025471135	WR
P05	good	Treat	other CD8	CCR6	2.6187644373830037	WR
P05	good	Treat	NK	CCR5	0	WR
P05	good	Treat	cytotoxic CD8	CCR2	1.6741251372295274	WR
P05	good	Treat	cytotoxic CD8	CCR4	2.8881262024432015	WR
P05	good	Treat	cytotoxic CD8	CCR5	3.025183754211126	WR
P05	good	Treat	cytotoxic CD8	CCR6	3.8456906298214353	WR
P05	good	Treat	Treg	ACKR3	0.6553703518332535	WR
P05	good	Baseline	NK	CXCR1	0.9511884422980482	WR
P05	good	Baseline	NK	CXCR2	0	WR
P05	good	Baseline	NK	CXCR3	5.141663184857105	WR
P05	good	Baseline	cytotoxic CD8	CCR6	4.727696985541404	WR
P05	good	Treat	cytotoxic CD8	ACKR3	0.5617626969287233	WR
P05	good	Treat	cytotoxic CD8	CX3CR1	1.5217787660770599	WR
P05	good	Baseline	cytotoxic CD8	CXCR3	5.164922063962037	WR
P05	good	Baseline	cytotoxic CD8	CXCR4	8.405627005906819	WR
P05	good	Treat	other CD8	CXCR1	0	WR
P05	good	Treat	other CD8	CXCR2	0	WR
P05	good	Treat	NK	CXCR1	0	WR
P05	good	Treat	other CD8	CXCR4	7.275573602210325	WR
P05	good	Baseline	Treg	CCR6	6.1238614138748675	WR
P05	good	Treat	cytotoxic CD8	CXCR2	0.17264175975131948	WR
P05	good	Treat	cytotoxic CD8	CXCR3	4.501278072048649	WR
P05	good	Baseline	cytotoxic CD8	CCR5	3.666205689401485	WR
P05	good	Treat	NK	CCR4	2.5966130687413465	WR
P05	good	Treat	Treg	CX3CR1	0.6553703518332535	WR
P05	good	Treat	exhausted CD8	CXCR3	4.420630272602432	WR
P05	good	Treat	NK	CCR2	0	WR
P05	good	Treat	exhausted CD8	CXCR4	8.113266091846167	WR
P05	good	Treat	other CD8	CCR2	0	WR
P05	good	Treat	NK	CXCR4	8.402014506383855	WR
P05	good	Treat	exhausted CD8	CXCR2	0	WR
P05	good	Treat	exhausted CD8	CX3CR1	0	WR
P05	good	Treat	NK	CXCR3	4.384100943082458	WR
P05	good	Treat	NK	CXCR2	2.3334693089134846	WR
P05	good	Baseline	exhausted CD8	CCR2	1.077526334668898	WR
P05	good	Treat	exhausted CD8	CCR5	3.312535847852451	WR
P05	good	Treat	exhausted CD8	CCR6	2.496407215208641	WR
P05	good	Treat	cytotoxic CD8	CXCR4	8.270329631210785	WR
P05	good	Baseline	other CD8	CXCR2	2.245068515362445	WR
P05	good	Treat	NK	CCR6	3.3652586679660477	WR
P05	good	Baseline	other CD8	CXCR3	4.627838787799657	WR
P05	good	Baseline	other CD8	CXCR1	1.1347081238398906	WR
P05	good	Baseline	other CD8	ACKR3	0	WR
P05	good	Baseline	cytotoxic CD8	CCR4	3.474410380032124	WR
P05	good	Treat	exhausted CD8	CXCR1	0	WR
P05	good	Baseline	other CD8	CX3CR1	0	WR
P05	good	Treat	exhausted CD8	CCR2	2.235815023593857	WR
P05	good	Baseline	other CD8	CXCR4	7.741181442946186	WR
P05	good	Baseline	Treg	CXCR1	0.5004724371117315	WR
P06	NA	Baseline	other CD8	CX3CR1	1.6681714597963921	NA
P06	NA	Baseline	other CD8	CXCR2	0	NA
P06	NA	Baseline	other CD8	CXCR4	7.829486578305918	NA
P06	NA	Baseline	other CD8	CXCR3	4.763596045548645	NA
P06	NA	Baseline	NK	CCR5	3.200477262194916	NA
P06	NA	Baseline	other CD8	ACKR3	1.6681714597963921	NA
P06	NA	Baseline	NK	CCR2	1.0335742634011762	NA
P06	NA	Baseline	other CD8	CCR5	3.784749286410675	NA
P06	NA	Baseline	cytotoxic CD8	CX3CR1	1.5738936329545101	NA
P06	NA	Baseline	NK	CX3CR1	1.7097788238811098	NA
P06	NA	Baseline	cytotoxic CD8	ACKR3	0.24156707683828912	NA
P06	NA	Baseline	NK	CCR6	3.6409346959735194	NA
P06	NA	Baseline	Treg	CCR4	4.92856104737859	NA
P06	NA	Baseline	NK	CXCR2	0	NA
P06	NA	Baseline	other CD8	CXCR1	0	NA
P06	NA	Baseline	NK	CXCR4	7.830308796777225	NA
P06	NA	Baseline	NK	CXCR3	4.496957599002251	NA
P06	NA	Baseline	Treg	CCR2	1.5386178524973537	NA
P06	NA	Baseline	cytotoxic CD8	CXCR3	4.91252231398031	NA
P06	NA	Baseline	NK	ACKR3	0	NA
P06	NA	Baseline	other CD8	CCR4	4.114710498840061	NA
P06	NA	Baseline	other CD8	CCR2	1.6681714597963921	NA
P06	NA	Baseline	Treg	CX3CR1	0.7407195901289728	NA
P06	NA	Baseline	Treg	CXCR4	7.144474166930462	NA
P06	NA	Baseline	NK	CCR4	2.6798712931883832	NA
P06	NA	Baseline	Treg	CCR5	3.014955425868237	NA
P06	NA	Baseline	Treg	CXCR1	0	NA
P06	NA	Baseline	other CD8	CCR6	4.8344662250317	NA
P06	NA	Baseline	cytotoxic CD8	CXCR2	0.24156707683828912	NA
P06	NA	Baseline	NK	CXCR1	0.6447694988617827	NA
P06	NA	Baseline	Treg	ACKR3	0.9014852817124963	NA
P06	NA	Baseline	exhausted CD8	CX3CR1	0.7368536438886162	NA
P06	NA	Baseline	Treg	CXCR2	0	NA
P06	NA	Baseline	Treg	CXCR3	4.128602089092197	NA
P06	NA	Baseline	cytotoxic CD8	CCR5	3.824542323582892	NA
P06	NA	Baseline	Treg	CCR6	5.958255606149503	NA
P06	NA	Baseline	cytotoxic CD8	CXCR1	0.4359850756718978	NA
P06	NA	Baseline	cytotoxic CD8	CCR4	2.824237042937517	NA
P06	NA	Baseline	cytotoxic CD8	CXCR4	7.96844320136193	NA
P06	NA	Baseline	exhausted CD8	ACKR3	1.1564731377760091	NA
P06	NA	Baseline	cytotoxic CD8	CCR6	3.551974213248724	NA
P06	NA	Baseline	exhausted CD8	CXCR2	0	NA
P06	NA	Baseline	exhausted CD8	CXCR4	7.4636025085151445	NA
P06	NA	Baseline	exhausted CD8	CCR6	3.8904205028345693	NA
P06	NA	Baseline	exhausted CD8	CCR4	3.516920209308397	NA
P06	NA	Baseline	exhausted CD8	CXCR3	4.491300870731662	NA
P06	NA	Baseline	exhausted CD8	CXCR1	0	NA
P06	NA	Baseline	exhausted CD8	CCR2	1.6784797672189735	NA
P06	NA	Baseline	cytotoxic CD8	CCR2	2.022583922982224	NA
P06	NA	Baseline	exhausted CD8	CCR5	3.8331546684837594	NA
P07	poor	Treat	Treg	ACKR3	2.075161952557749	NR
P07	poor	Baseline	Treg	CXCR3	4.026544325674129	NR
P07	poor	Baseline	Treg	CXCR1	0	NR
P07	poor	Baseline	Treg	CCR6	5.685103181032234	NR
P07	poor	Baseline	Treg	ACKR3	1.2104015261885377	NR
P07	poor	Treat	Treg	CXCR4	7.080920127708376	NR
P07	poor	Treat	Treg	CCR4	4.954873733593001	NR
P07	poor	Treat	exhausted CD8	CCR2	1.3730000921780137	NR
P07	poor	Treat	Treg	CCR2	1.7305737144276572	NR
P07	poor	Baseline	Treg	CXCR4	6.996937177351738	NR
P07	poor	Treat	cytotoxic CD8	CX3CR1	3.1945524704398167	NR
P07	poor	Treat	exhausted CD8	CXCR3	4.42509684569566	NR
P07	poor	Treat	exhausted CD8	CXCR4	6.738024528737146	NR
P07	poor	Baseline	Treg	CXCR2	0	NR
P07	poor	Treat	exhausted CD8	ACKR3	2.9276166437423408	NR
P07	poor	Baseline	cytotoxic CD8	CCR5	3.50336747114227	NR
P07	poor	Baseline	cytotoxic CD8	CXCR1	0	NR
P07	poor	Treat	NK	CXCR4	6.648486196991763	NR
P07	poor	Baseline	exhausted CD8	CXCR3	4.323392024136716	NR
P07	poor	Treat	cytotoxic CD8	ACKR3	0	NR
P07	poor	Treat	Treg	CXCR2	0.5732266397011532	NR
P07	poor	Treat	Treg	CXCR3	4.508459837537941	NR
P07	poor	Baseline	exhausted CD8	CX3CR1	1.0677485846988959	NR
P07	poor	Baseline	Treg	CCR2	0.30916105799458626	NR
P07	poor	Treat	exhausted CD8	CX3CR1	1.3730000921780137	NR
P07	poor	Baseline	exhausted CD8	CXCR4	7.296149826833928	NR
P07	poor	Baseline	cytotoxic CD8	CXCR2	0.4104621063409583	NR
P07	poor	Treat	exhausted CD8	CCR5	3.074091589768121	NR
P07	poor	Treat	exhausted CD8	CCR6	3.93382309234356	NR
P07	poor	Baseline	cytotoxic CD8	CCR6	3.9013181413815463	NR
P07	poor	Treat	cytotoxic CD8	CXCR4	7.955211356985445	NR
P07	poor	Treat	Treg	CXCR1	0	NR
P07	poor	Baseline	exhausted CD8	CXCR2	0	NR
P07	poor	Treat	exhausted CD8	CXCR2	0	NR
P07	poor	Baseline	other CD8	CCR6	4.4688192218149085	NR
P07	poor	Baseline	exhausted CD8	CXCR1	0	NR
P07	poor	Baseline	exhausted CD8	ACKR3	0	NR
P07	poor	Treat	NK	CX3CR1	1.338275920694804	NR
P07	poor	Baseline	NK	CXCR4	7.7269918803669215	NR
P07	poor	Baseline	cytotoxic CD8	CCR2	2.0606972674003448	NR
P07	poor	Treat	Treg	CCR5	3.3625724776255996	NR
P07	poor	Treat	exhausted CD8	CCR4	2.9276166437423408	NR
P07	poor	Treat	cytotoxic CD8	CXCR3	4.676189868981267	NR
P07	poor	Treat	exhausted CD8	CXCR1	0	NR
P07	poor	Treat	NK	CXCR1	0	NR
P07	poor	Treat	NK	CCR4	1.7382604821549759	NR
P07	poor	Baseline	cytotoxic CD8	CXCR4	8.1386924786225	NR
P07	poor	Treat	NK	CXCR2	0	NR
P07	poor	Baseline	Treg	CCR4	4.513144345292336	NR
P07	poor	Baseline	Treg	CCR5	2.7970968523368507	NR
P07	poor	Baseline	NK	CCR6	3.5169633714436572	NR
P07	poor	Baseline	cytotoxic CD8	CCR4	2.705155484922726	NR
P07	poor	Baseline	NK	CXCR1	0	NR
P07	poor	Baseline	NK	CCR5	2.1117471965351555	NR
P07	poor	Baseline	cytotoxic CD8	CXCR3	4.841109745105503	NR
P07	poor	Baseline	cytotoxic CD8	CX3CR1	2.3648808696937884	NR
P07	poor	Treat	cytotoxic CD8	CXCR2	1.1401395431497723	NR
P07	poor	Baseline	cytotoxic CD8	ACKR3	0.22614474565190565	NR
P07	poor	Baseline	Treg	CX3CR1	1.4493949347271988	NR
P07	poor	Baseline	other CD8	CX3CR1	0	NR
P07	poor	Baseline	exhausted CD8	CCR5	3.4512936909345076	NR
P07	poor	Baseline	other CD8	CCR5	3.2443055591628087	NR
P07	poor	Baseline	other CD8	CCR4	3.5221908910984827	NR
P07	poor	Baseline	exhausted CD8	CCR6	4.663300154548834	NR
P07	poor	Baseline	other CD8	CXCR3	4.753631971550984	NR
P07	poor	Baseline	NK	CCR4	1.8636147334078685	NR
P07	poor	Baseline	other CD8	CCR2	0	NR
P07	poor	Treat	Treg	CCR6	4.976462117979837	NR
P07	poor	Treat	cytotoxic CD8	CXCR1	1.4328933340262202	NR
P07	poor	Baseline	exhausted CD8	CCR4	3.618125387417562	NR
P07	poor	Treat	cytotoxic CD8	CCR6	3.1945524704398167	NR
P07	poor	Treat	NK	CCR6	2.8833912879586503	NR
P07	poor	Treat	NK	CXCR3	3.787014298617664	NR
P07	poor	Treat	NK	ACKR3	0	NR
P07	poor	Treat	NK	CCR5	2.64793466206599	NR
P07	poor	Treat	NK	CCR2	0	NR
P07	poor	Baseline	NK	CXCR2	0	NR
P07	poor	Baseline	exhausted CD8	CCR2	0	NR
P07	poor	Baseline	NK	CCR2	0	NR
P07	poor	Treat	cytotoxic CD8	CCR2	2.358248838581186	NR
P07	poor	Treat	cytotoxic CD8	CCR4	2.4541057665575656	NR
P07	poor	Baseline	other CD8	CXCR1	0	NR
P07	poor	Treat	cytotoxic CD8	CCR5	3.3917281445792384	NR
P07	poor	Baseline	NK	CX3CR1	2.310387720698011	NR
P07	poor	Treat	Treg	CX3CR1	1.4099931404183024	NR
P07	poor	Baseline	NK	CXCR3	4.649119880807312	NR
P07	poor	Baseline	other CD8	CXCR2	0	NR
P07	poor	Baseline	other CD8	CXCR4	7.74648174419653	NR
P07	poor	Baseline	other CD8	ACKR3	0	NR
P07	poor	Baseline	NK	ACKR3	1.03519892809913	NR
P08	good	Baseline	NK	CCR6	3.7661352504356262	WR
P08	good	Treat	NK	CCR6	2.3212985133890065	WR
P08	good	Baseline	Treg	CCR5	2.8727157398897725	WR
P08	good	Baseline	cytotoxic CD8	ACKR3	0	WR
P08	good	Baseline	exhausted CD8	CX3CR1	1.3858511248884189	WR
P08	good	Baseline	NK	CXCR1	1.89135812321287	WR
P08	good	Baseline	NK	CXCR2	3.0958656960003985	WR
P08	good	Baseline	NK	CCR5	1.338726317621062	WR
P08	good	Baseline	NK	CX3CR1	4.668443891196138	WR
P08	good	Treat	NK	CCR5	1.7217746897046324	WR
P08	good	Baseline	other CD8	CCR4	3.659282172017116	WR
P08	good	Baseline	exhausted CD8	ACKR3	0	WR
P08	good	Baseline	Treg	CCR6	6.120564751861369	WR
P08	good	Baseline	cytotoxic CD8	CX3CR1	2.427184562455082	WR
P08	good	Baseline	NK	CCR2	0	WR
P08	good	Baseline	NK	CCR4	2.712766512927712	WR
P08	good	Treat	cytotoxic CD8	CCR4	2.898637144819137	WR
P08	good	Treat	NK	CCR2	0	WR
P08	good	Baseline	other CD8	CCR2	0	WR
P08	good	Treat	NK	CCR4	0	WR
P08	good	Treat	Treg	CX3CR1	0	WR
P08	good	Treat	Treg	CXCR3	4.319625055265524	WR
P08	good	Treat	NK	CXCR3	3.6311333998961683	WR
P08	good	Baseline	exhausted CD8	CXCR4	7.2168528401353935	WR
P08	good	Baseline	Treg	CCR2	0.30948048260328	WR
P08	good	Baseline	other CD8	ACKR3	0	WR
P08	good	Baseline	other CD8	CX3CR1	1.0956862069819582	WR
P08	good	Baseline	Treg	CXCR1	0	WR
P08	good	Baseline	cytotoxic CD8	CCR4	2.3884560800445147	WR
P08	good	Baseline	exhausted CD8	CCR2	0	WR
P08	good	Baseline	other CD8	CCR5	3.551081485471561	WR
P08	good	Baseline	other CD8	CCR6	4.944398770211134	WR
P08	good	Baseline	Treg	CCR4	4.570329465014485	WR
P08	good	Treat	Treg	ACKR3	0	WR
P08	good	Baseline	NK	ACKR3	0	WR
P08	good	Treat	Treg	CXCR2	0	WR
P08	good	Baseline	other CD8	CXCR4	7.577839097222077	WR
P08	good	Treat	cytotoxic CD8	CX3CR1	2.2943194894249723	WR
P08	good	Treat	NK	CX3CR1	4.965832401148132	WR
P08	good	Treat	cytotoxic CD8	ACKR3	0	WR
P08	good	Treat	cytotoxic CD8	CXCR4	8.406246832684804	WR
P08	good	Baseline	Treg	CX3CR1	1.607413209165547	WR
P08	good	Baseline	cytotoxic CD8	CCR2	1.334180054576169	WR
P08	good	Treat	cytotoxic CD8	CCR2	2.3283183830446306	WR
P08	good	Baseline	NK	CXCR3	4.4141463327907475	WR
P08	good	Baseline	other CD8	CXCR1	1.6059255855714767	WR
P08	good	Baseline	NK	CXCR4	7.815565174878395	WR
P08	good	Treat	Treg	CXCR4	8.07546417029876	WR
P08	good	Treat	NK	CXCR2	3.1768965086080585	WR
P08	good	Treat	cytotoxic CD8	CXCR1	0.29489688565665656	WR
P08	good	Baseline	other CD8	CXCR2	0	WR
P08	good	Treat	Treg	CCR2	1.6331592350059998	WR
P08	good	Treat	NK	ACKR3	0	WR
P08	good	Treat	cytotoxic CD8	CXCR3	4.882963776376553	WR
P08	good	Treat	cytotoxic CD8	CCR5	3.7890973814154516	WR
P08	good	Baseline	cytotoxic CD8	CXCR4	8.034618142979909	WR
P08	good	Baseline	cytotoxic CD8	CXCR1	0.357876837363127	WR
P08	good	Baseline	cytotoxic CD8	CXCR2	1.0010574535785626	WR
P08	good	Treat	cytotoxic CD8	CCR6	3.087502562799065	WR
P08	good	Baseline	other CD8	CXCR3	4.774768144486135	WR
P08	good	Treat	NK	CXCR1	2.96412768231685	WR
P08	good	Treat	Treg	CXCR1	0	WR
P08	good	Baseline	Treg	CXCR4	6.775014414126776	WR
P08	good	Baseline	cytotoxic CD8	CXCR3	4.538092251838235	WR
P08	good	Treat	NK	CXCR4	8.083355117265949	WR
P08	good	Treat	cytotoxic CD8	CXCR2	0.863713026008853	WR
P08	good	Baseline	cytotoxic CD8	CCR5	3.8042044500182977	WR
P08	good	Treat	Treg	CCR6	5.2279008302950025	WR
P08	good	Baseline	exhausted CD8	CXCR1	0.7881350262261635	WR
P08	good	Baseline	exhausted CD8	CXCR2	0.46978203568729415	WR
P08	good	Baseline	exhausted CD8	CXCR3	4.376430494648307	WR
P08	good	Treat	Treg	CCR5	3.072698998781916	WR
P08	good	Baseline	Treg	ACKR3	1.155717579852686	WR
P08	good	Baseline	Treg	CXCR3	4.583389012449381	WR
P08	good	Baseline	exhausted CD8	CCR6	4.733856691447695	WR
P08	good	Baseline	cytotoxic CD8	CCR6	4.805057233705763	WR
P08	good	Baseline	exhausted CD8	CCR5	3.2183084472784635	WR
P08	good	Treat	Treg	CCR4	4.825114518538046	WR
P08	good	Baseline	Treg	CXCR2	0.16666503689013634	WR
P08	good	Baseline	exhausted CD8	CCR4	3.1940163362036955	WR
P09	poor	Baseline	exhausted CD8	ACKR3	0	NR
P09	poor	Baseline	exhausted CD8	CXCR3	4.746586545675837	NR
P09	poor	Baseline	exhausted CD8	CXCR4	6.98118692987415	NR
P09	poor	Treat	exhausted CD8	CXCR2	0	NR
P09	poor	Treat	exhausted CD8	CCR6	3.591705669572356	NR
P09	poor	Treat	cytotoxic CD8	CXCR2	0	NR
P09	poor	Baseline	exhausted CD8	CXCR2	0.4628596648992534	NR
P09	poor	Treat	cytotoxic CD8	CXCR3	4.770385988111243	NR
P09	poor	Treat	cytotoxic CD8	CCR6	3.5316459237280355	NR
P09	poor	Baseline	NK	CX3CR1	4.689345979602491	NR
P09	poor	Treat	exhausted CD8	CXCR1	0.23380846069691497	NR
P09	poor	Treat	Treg	CCR6	5.364670011747767	NR
P09	poor	Treat	Treg	ACKR3	0	NR
P09	poor	Treat	cytotoxic CD8	CCR4	2.1730791268201783	NR
P09	poor	Treat	NK	CXCR3	4.253865914127864	NR
P09	poor	Treat	cytotoxic CD8	CCR2	0.4421778010324632	NR
P09	poor	Baseline	exhausted CD8	CXCR1	0	NR
P09	poor	Baseline	exhausted CD8	CCR5	3.650005078192902	NR
P09	poor	Treat	other CD8	CXCR3	4.295823900314324	NR
P09	poor	Treat	Treg	CX3CR1	0.5508843629668687	NR
P09	poor	Treat	exhausted CD8	CXCR3	4.280137451479174	NR
P09	poor	Treat	Treg	CXCR3	5.236458821739203	NR
P09	poor	Treat	Treg	CXCR2	0	NR
P09	poor	Treat	Treg	CXCR1	0	NR
P09	poor	Baseline	NK	CXCR3	3.9776989994253538	NR
P09	poor	Baseline	exhausted CD8	CCR6	3.200484356223662	NR
P09	poor	Baseline	NK	CCR6	2.373073418912151	NR
P09	poor	Baseline	NK	CXCR2	2.942524963369361	NR
P09	poor	Baseline	cytotoxic CD8	ACKR3	0.34974366271218726	NR
P09	poor	Treat	cytotoxic CD8	CCR5	3.5997726014128957	NR
P09	poor	Baseline	other CD8	CCR2	2.306472410626041	NR
P09	poor	Baseline	other CD8	CCR4	2.5689361514736353	NR
P09	poor	Baseline	Treg	CCR5	2.4202222960921986	NR
P09	poor	Treat	Treg	CXCR4	7.5235852828352945	NR
P09	poor	Baseline	Treg	CCR6	5.849805384583923	NR
P09	poor	Baseline	Treg	CXCR2	0	NR
P09	poor	Baseline	exhausted CD8	CCR2	2.265189759468585	NR
P09	poor	Treat	Treg	CCR5	2.6550823384906463	NR
P09	poor	Baseline	NK	CXCR1	2.0459333195606515	NR
P09	poor	Baseline	cytotoxic CD8	CXCR4	7.920497469819193	NR
P09	poor	Baseline	NK	CCR5	2.0459333195606515	NR
P09	poor	Baseline	other CD8	CXCR3	4.800073243888464	NR
P09	poor	Treat	cytotoxic CD8	CXCR1	0.17005001027502487	NR
P09	poor	Baseline	exhausted CD8	CX3CR1	0.33103385107538397	NR
P09	poor	Baseline	Treg	CXCR4	6.323369161120458	NR
P09	poor	Baseline	other CD8	CCR5	2.306472410626041	NR
P09	poor	Treat	other CD8	CXCR4	7.640901047316064	NR
P09	poor	Treat	other CD8	CCR6	3.8971483614023352	NR
P09	poor	Treat	other CD8	ACKR3	1.3032413794951627	NR
P09	poor	Treat	other CD8	CX3CR1	0	NR
P09	poor	Treat	NK	ACKR3	0.4197829608108035	NR
P09	poor	Treat	NK	CX3CR1	1.418225976344049	NR
P09	poor	Baseline	exhausted CD8	CCR4	1.5534738949359916	NR
P09	poor	Baseline	NK	CCR2	0	NR
P09	poor	Baseline	cytotoxic CD8	CXCR3	4.841120583126745	NR
P09	poor	Treat	cytotoxic CD8	CX3CR1	0.9094324844845996	NR
P09	poor	Baseline	NK	CXCR4	7.915607703704244	NR
P09	poor	Treat	NK	CXCR1	0.4197829608108035	NR
P09	poor	Treat	cytotoxic CD8	CXCR4	8.132245687187181	NR
P09	poor	Treat	other CD8	CXCR1	0	NR
P09	poor	Treat	NK	CCR4	1.7395326507243714	NR
P09	poor	Treat	other CD8	CXCR2	1.3032413794951627	NR
P09	poor	Baseline	Treg	CXCR1	0	NR
P09	poor	Treat	Treg	CCR4	4.435546904852689	NR
P09	poor	Treat	Treg	CCR2	0.9040452779129886	NR
P09	poor	Baseline	cytotoxic CD8	CCR5	3.294340850779008	NR
P09	poor	Treat	other CD8	CCR5	3.417507151969222	NR
P09	poor	Baseline	NK	CCR4	0.9150789473096581	NR
P09	poor	Treat	NK	CXCR2	1.5371723049109587	NR
P09	poor	Baseline	NK	ACKR3	0.9150789473096581	NR
P09	poor	Baseline	cytotoxic CD8	CCR4	1.6049652118469313	NR
P09	poor	Baseline	Treg	CXCR3	5.152971880584585	NR
P09	poor	Treat	cytotoxic CD8	ACKR3	0.747722853184215	NR
P09	poor	Baseline	Treg	CCR4	4.2110092295743735	NR
P09	poor	Baseline	cytotoxic CD8	CCR6	3.2218900985334566	NR
P09	poor	Treat	other CD8	CCR2	0	NR
P09	poor	Baseline	other CD8	CXCR2	0	NR
P09	poor	Baseline	other CD8	CXCR1	0	NR
P09	poor	Baseline	Treg	CCR2	0.564823769107073	NR
P09	poor	Baseline	cytotoxic CD8	CCR2	2.439525308660385	NR
P09	poor	Baseline	cytotoxic CD8	CX3CR1	2.911056847795805	NR
P09	poor	Treat	NK	CXCR4	7.650210336134039	NR
P09	poor	Baseline	other CD8	CCR6	4.578984865332332	NR
P09	poor	Treat	exhausted CD8	CX3CR1	0.23380846069691497	NR
P09	poor	Treat	NK	CCR5	2.6784437515779467	NR
P09	poor	Treat	NK	CCR2	0	NR
P09	poor	Baseline	Treg	ACKR3	1.2966382426441723	NR
P09	poor	Baseline	cytotoxic CD8	CXCR2	0.9023797912438357	NR
P09	poor	Treat	exhausted CD8	CCR5	3.4966106183617955	NR
P09	poor	Baseline	Treg	CX3CR1	2.350348231129261	NR
P09	poor	Treat	exhausted CD8	CXCR4	7.87734735399764	NR
P09	poor	Baseline	other CD8	CX3CR1	0	NR
P09	poor	Baseline	other CD8	CXCR4	7.406157260194353	NR
P09	poor	Baseline	cytotoxic CD8	CXCR1	0	NR
P09	poor	Treat	exhausted CD8	CCR2	0.12372202171424951	NR
P09	poor	Treat	exhausted CD8	ACKR3	0.4231772876274067	NR
P09	poor	Treat	other CD8	CCR4	3.1112761988508506	NR
P09	poor	Treat	NK	CCR6	2.389770909998172	NR
P09	poor	Treat	exhausted CD8	CCR4	2.3745235120984107	NR
P09	poor	Baseline	other CD8	ACKR3	1.3895348409651458	NR
P10	NA	Baseline	other CD8	CCR6	4.3046790362862515	NA
P10	NA	Baseline	exhausted CD8	CCR2	1.105102833332459	NA
P10	NA	Baseline	cytotoxic CD8	CX3CR1	3.2082786538825787	NA
P10	NA	Baseline	other CD8	CXCR4	7.381619423159778	NA
P10	NA	Baseline	Treg	CXCR3	4.955066972966211	NA
P10	NA	Baseline	NK	CCR6	2.5440740502404986	NA
P10	NA	Baseline	Treg	CCR4	4.214727212730163	NA
P10	NA	Baseline	Treg	CCR2	1.7513801133691103	NA
P10	NA	Baseline	cytotoxic CD8	CXCR2	0.5980114076719502	NA
P10	NA	Baseline	exhausted CD8	CXCR2	1.105102833332459	NA
P10	NA	Baseline	cytotoxic CD8	CCR6	2.8228250438021023	NA
P10	NA	Baseline	Treg	CXCR1	0	NA
P10	NA	Baseline	exhausted CD8	CCR4	2.9536498316264317	NA
P10	NA	Baseline	Treg	CCR5	2.9157516102276757	NA
P10	NA	Baseline	exhausted CD8	CXCR1	0	NA
P10	NA	Baseline	NK	CCR5	2.40292938232595	NA
P10	NA	Baseline	cytotoxic CD8	CCR4	2.0212815139075726	NA
P10	NA	Baseline	cytotoxic CD8	CXCR1	0.5980114076719502	NA
P10	NA	Baseline	exhausted CD8	CX3CR1	1.7998660889835345	NA
P10	NA	Baseline	other CD8	CX3CR1	2.5705970250580563	NA
P10	NA	Baseline	cytotoxic CD8	ACKR3	0.5980114076719502	NA
P10	NA	Baseline	other CD8	CXCR1	0	NA
P10	NA	Baseline	NK	CX3CR1	4.08861433899985	NA
P10	NA	Baseline	cytotoxic CD8	CXCR4	7.53568402520635	NA
P10	NA	Baseline	other CD8	CCR5	3.3381035635601806	NA
P10	NA	Baseline	Treg	CXCR4	6.181268629828598	NA
P10	NA	Baseline	other CD8	CCR4	3.664379934136048	NA
P10	NA	Baseline	NK	CXCR4	7.139891229965085	NA
P10	NA	Baseline	Treg	CXCR2	0.4670735723064862	NA
P10	NA	Baseline	cytotoxic CD8	CCR5	3.370799933782067	NA
P10	NA	Baseline	cytotoxic CD8	CCR2	2.124234506715988	NA
P10	NA	Baseline	other CD8	ACKR3	1.0335559834365162	NA
P10	NA	Baseline	Treg	CCR6	5.681877488832676	NA
P10	NA	Baseline	exhausted CD8	ACKR3	1.3935932697921072	NA
P10	NA	Baseline	NK	CCR2	0.9842929239101761	NA
P10	NA	Baseline	NK	ACKR3	1.9265404735561014	NA
P10	NA	Baseline	NK	CXCR2	2.041697688620476	NA
P10	NA	Baseline	cytotoxic CD8	CXCR3	4.946562352386565	NA
P10	NA	Baseline	exhausted CD8	CCR5	3.341579073564192	NA
P10	NA	Baseline	Treg	CX3CR1	1.939200216841931	NA
P10	NA	Baseline	exhausted CD8	CCR6	4.016877384399012	NA
P10	NA	Baseline	exhausted CD8	CXCR3	4.884843568141446	NA
P10	NA	Baseline	Treg	ACKR3	2.144843489741352	NA
P10	NA	Baseline	NK	CXCR3	4.2076554781393085	NA
P10	NA	Baseline	exhausted CD8	CXCR4	6.175117619957601	NA
P10	NA	Baseline	other CD8	CXCR2	0.47230184241013773	NA
P10	NA	Baseline	other CD8	CXCR3	4.766527728377095	NA
P10	NA	Baseline	NK	CXCR1	0.9842929239101761	NA
P10	NA	Baseline	other CD8	CCR2	1.7629228205984746	NA
P10	NA	Baseline	NK	CCR4	1.9265404735561014	NA
P11	NA	Baseline	cytotoxic CD8	CXCR1	0	NA
P11	NA	Baseline	cytotoxic CD8	CCR6	2.7538622044287426	NA
P11	NA	Baseline	cytotoxic CD8	CCR2	1.8807639191619059	NA
P11	NA	Baseline	NK	CXCR2	1.379524617834295	NA
P11	NA	Baseline	other CD8	CCR5	3.658504082545777	NA
P11	NA	Baseline	Treg	ACKR3	1.7518440446571404	NA
P11	NA	Baseline	NK	CXCR3	4.727241525274062	NA
P11	NA	Baseline	NK	ACKR3	0.9108786085642153	NA
P11	NA	Baseline	NK	CCR6	2.389683612614943	NA
P11	NA	Baseline	NK	CXCR1	0	NA
P11	NA	Baseline	other CD8	CCR6	4.3888078997203275	NA
P11	NA	Baseline	other CD8	ACKR3	0.9459021697841087	NA
P11	NA	Baseline	exhausted CD8	CCR2	2.368636739025967	NA
P11	NA	Baseline	other CD8	CCR4	3.1377480899494827	NA
P11	NA	Baseline	cytotoxic CD8	CX3CR1	1.1479364369616483	NA
P11	NA	Baseline	NK	CX3CR1	3.0118310458699233	NA
P11	NA	Baseline	exhausted CD8	CXCR3	4.78958587247887	NA
P11	NA	Baseline	cytotoxic CD8	CCR4	2.4016323716922994	NA
P11	NA	Baseline	NK	CCR2	1.0925970062380248	NA
P11	NA	Baseline	Treg	CXCR4	6.716260772946136	NA
P11	NA	Baseline	cytotoxic CD8	CCR5	3.8556891070839825	NA
P11	NA	Baseline	Treg	CCR2	1.8634552109979823	NA
P11	NA	Baseline	cytotoxic CD8	ACKR3	0.4304312603831251	NA
P11	NA	Baseline	NK	CXCR4	7.795626451985845	NA
P11	NA	Baseline	other CD8	CCR2	2.0903950735965764	NA
P11	NA	Baseline	Treg	CXCR3	5.169242409714367	NA
P11	NA	Baseline	cytotoxic CD8	CXCR2	0	NA
P11	NA	Baseline	cytotoxic CD8	CXCR4	8.14414321343772	NA
P11	NA	Baseline	exhausted CD8	CX3CR1	1.4006242655262944	NA
P11	NA	Baseline	other CD8	CXCR4	7.9502359110125	NA
P11	NA	Baseline	NK	CCR5	3.126852264835591	NA
P11	NA	Baseline	NK	CCR4	1.7842346954459671	NA
P11	NA	Baseline	other CD8	CX3CR1	0	NA
P11	NA	Baseline	Treg	CCR5	3.1980912297207658	NA
P11	NA	Baseline	Treg	CCR4	4.200085297709065	NA
P11	NA	Baseline	Treg	CX3CR1	1.6909904433272307	NA
P11	NA	Baseline	exhausted CD8	CXCR2	0	NA
P11	NA	Baseline	cytotoxic CD8	CXCR3	5.2441331899624455	NA
P11	NA	Baseline	Treg	CXCR2	0.15716320528404018	NA
P11	NA	Baseline	exhausted CD8	CXCR4	6.5899177855340145	NA
P11	NA	Baseline	Treg	CCR6	5.406827761403543	NA
P11	NA	Baseline	exhausted CD8	ACKR3	0.7027232299464425	NA
P11	NA	Baseline	exhausted CD8	CXCR1	0	NA
P11	NA	Baseline	exhausted CD8	CCR5	3.6294687590326764	NA
P11	NA	Baseline	other CD8	CXCR2	0	NA
P11	NA	Baseline	Treg	CXCR1	0.15716320528404018	NA
P11	NA	Baseline	other CD8	CXCR1	0.5808559082696392	NA
P11	NA	Baseline	exhausted CD8	CCR4	2.9358108970272343	NA
P11	NA	Baseline	exhausted CD8	CCR6	3.8028217010420713	NA
P11	NA	Baseline	other CD8	CXCR3	5.217667297783034	NA
P12	poor	Baseline	other CD8	CXCR4	7.492285321548823	NR
P12	poor	Baseline	Treg	CXCR1	0	NR
P12	poor	Baseline	other CD8	CXCR3	4.873088605482092	NR
P12	poor	Baseline	exhausted CD8	ACKR3	0	NR
P12	poor	Baseline	NK	CXCR3	4.47117293419886	NR
P12	poor	Baseline	exhausted CD8	CX3CR1	0.5837261197922434	NR
P12	poor	Baseline	exhausted CD8	CXCR4	6.90994036329092	NR
P12	poor	Baseline	NK	CXCR2	1.408014326463003	NR
P12	poor	Baseline	other CD8	ACKR3	1.7793882114934862	NR
P12	poor	Baseline	exhausted CD8	CCR2	0.5837261197922434	NR
P12	poor	Baseline	other CD8	CXCR2	0	NR
P12	poor	Baseline	exhausted CD8	CXCR2	1.2173186057865122	NR
P12	poor	Baseline	NK	CXCR1	0.7076794477056252	NR
P12	poor	Baseline	exhausted CD8	CXCR1	0	NR
P12	poor	Treat	exhausted CD8	CXCR2	0	NR
P12	poor	Baseline	other CD8	CCR6	4.957365205190715	NR
P12	poor	Baseline	exhausted CD8	CXCR3	4.5405952166288035	NR
P12	poor	Baseline	Treg	CX3CR1	1.9258195001924956	NR
P12	poor	Baseline	NK	CCR4	1.6325892385860694	NR
P12	poor	Treat	exhausted CD8	CXCR3	4.845222341731757	NR
P12	poor	Baseline	other CD8	CX3CR1	2.220331418366584	NR
P12	poor	Baseline	NK	CCR6	3.0720234124064643	NR
P12	poor	Treat	Treg	CX3CR1	0.9873052903140491	NR
P12	poor	Baseline	Treg	CXCR2	0	NR
P12	poor	Treat	cytotoxic CD8	CX3CR1	1.972230048864796	NR
P12	poor	Baseline	other CD8	CXCR1	0	NR
P12	poor	Baseline	other CD8	CCR4	3.9172552354266608	NR
P12	poor	Baseline	other CD8	CCR2	1.7793882114934862	NR
P12	poor	Baseline	NK	CXCR4	7.643647707977233	NR
P12	poor	Baseline	cytotoxic CD8	CCR2	1.372505620435922	NR
P12	poor	Baseline	cytotoxic CD8	CXCR2	0.6331673547762415	NR
P12	poor	Baseline	Treg	CXCR3	4.293259232775012	NR
P12	poor	Treat	exhausted CD8	CXCR1	0	NR
P12	poor	Baseline	NK	CCR5	2.511389871773026	NR
P12	poor	Treat	cytotoxic CD8	ACKR3	0	NR
P12	poor	Treat	Treg	ACKR3	1.2601607398654475	NR
P12	poor	Baseline	Treg	CCR2	1.2072596484194755	NR
P12	poor	Baseline	exhausted CD8	CCR4	4.075289600264636	NR
P12	poor	Baseline	Treg	CCR4	4.782374748554196	NR
P12	poor	Baseline	NK	CX3CR1	3.3236391982267426	NR
P12	poor	Baseline	other CD8	CCR5	3.777210582824508	NR
P12	poor	Treat	NK	ACKR3	0	NR
P12	poor	Baseline	exhausted CD8	CCR6	4.334765392814975	NR
P12	poor	Treat	Treg	CCR4	4.92903007266844	NR
P12	poor	Baseline	cytotoxic CD8	CX3CR1	2.050786655784675	NR
P12	poor	Treat	Treg	CXCR4	7.727614141480402	NR
P12	poor	Baseline	Treg	ACKR3	2.0539303517065544	NR
P12	poor	Baseline	NK	CCR2	0	NR
P12	poor	Treat	cytotoxic CD8	CXCR2	1.321659277202448	NR
P12	poor	Treat	NK	CX3CR1	3.342207249427381	NR
P12	poor	Baseline	Treg	CCR6	5.87209084080225	NR
P12	poor	Treat	cytotoxic CD8	CCR4	3.2746567590515996	NR
P12	poor	Baseline	NK	ACKR3	0	NR
P12	poor	Baseline	cytotoxic CD8	CXCR3	5.310509198758031	NR
P12	poor	Treat	exhausted CD8	CCR2	1.4431807555912815	NR
P12	poor	Treat	NK	CCR6	1.8650558452903396	NR
P12	poor	Treat	NK	CCR2	0	NR
P12	poor	Baseline	cytotoxic CD8	CXCR4	8.13682501443536	NR
P12	poor	Baseline	Treg	CCR5	3.287930976727202	NR
P12	poor	Baseline	cytotoxic CD8	ACKR3	0.46313302488668295	NR
P12	poor	Baseline	Treg	CXCR4	6.32856474873754	NR
P12	poor	Baseline	exhausted CD8	CCR5	3.899040214849172	NR
P12	poor	Treat	Treg	CCR6	5.733893103447831	NR
P12	poor	Treat	NK	CXCR3	3.7358160734954	NR
P12	poor	Treat	exhausted CD8	CCR5	3.0157727722513177	NR
P12	poor	Treat	cytotoxic CD8	CXCR4	8.502341225157629	NR
P12	poor	Treat	NK	CXCR1	1.627714340828909	NR
P12	poor	Treat	Treg	CXCR1	0.6108498040427535	NR
P12	poor	Treat	NK	CCR5	2.2175112535303065	NR
P12	poor	Treat	exhausted CD8	CXCR4	7.891942235977002	NR
P12	poor	Treat	Treg	CXCR3	4.1998404701019325	NR
P12	poor	Treat	cytotoxic CD8	CCR5	3.3003289878575863	NR
P12	poor	Treat	cytotoxic CD8	CXCR1	0	NR
P12	poor	Treat	exhausted CD8	ACKR3	0	NR
P12	poor	Treat	cytotoxic CD8	CXCR3	4.715574293160058	NR
P12	poor	Baseline	cytotoxic CD8	CCR5	4.163906482690906	NR
P12	poor	Baseline	cytotoxic CD8	CCR4	3.3460573667021154	NR
P12	poor	Treat	Treg	CXCR2	0	NR
P12	poor	Treat	NK	CXCR2	2.2175112535303065	NR
P12	poor	Treat	Treg	CCR5	2.7287630795209	NR
P12	poor	Baseline	cytotoxic CD8	CCR6	3.7077139163787063	NR
P12	poor	Treat	exhausted CD8	CCR6	4.3226119034473625	NR
P12	poor	Treat	cytotoxic CD8	CCR2	1.8716907574817905	NR
P12	poor	Baseline	cytotoxic CD8	CXCR1	0.46313302488668295	NR
P12	poor	Treat	exhausted CD8	CCR4	3.6841107596312708	NR
P12	poor	Treat	NK	CXCR4	7.433933580866051	NR
P12	poor	Treat	exhausted CD8	CX3CR1	0	NR
P12	poor	Treat	cytotoxic CD8	CCR6	3.073724463564815	NR
P12	poor	Treat	NK	CCR4	0.860386447368116	NR
P12	poor	Treat	Treg	CCR2	0.9873052903140491	NR
P13	poor	Baseline	exhausted CD8	CXCR4	7.530464860402754	NR
P13	poor	Baseline	NK	CCR2	0	NR
P13	poor	Baseline	other CD8	CCR5	4.081752179526534	NR
P13	poor	Baseline	NK	CCR4	0.9488631807588124	NR
P13	poor	Baseline	exhausted CD8	CXCR2	0.24571377342965695	NR
P13	poor	Baseline	other CD8	CX3CR1	1.4092482842593206	NR
P13	poor	Baseline	Treg	CCR4	4.393527632602982	NR
P13	poor	Baseline	NK	ACKR3	0.720364033847643	NR
P13	poor	Baseline	NK	CCR5	2.9686524795810625	NR
P13	poor	Baseline	Treg	CCR5	3.7885184299478047	NR
P13	poor	Baseline	other CD8	CCR4	3.3065005220874863	NR
P13	poor	Baseline	exhausted CD8	CCR6	3.342730698767647	NR
P13	poor	Baseline	exhausted CD8	CXCR3	4.805348878633134	NR
P13	poor	Baseline	other CD8	CCR6	3.6269788162545558	NR
P13	poor	Treat	NK	CXCR4	7.565535858087931	NR
P13	poor	Baseline	cytotoxic CD8	CXCR2	0.5556469227822896	NR
P13	poor	Baseline	NK	CXCR4	7.641756529115787	NR
P13	poor	Treat	cytotoxic CD8	CXCR1	0	NR
P13	poor	Baseline	other CD8	ACKR3	0.9346958275670338	NR
P13	poor	Baseline	cytotoxic CD8	CX3CR1	1.6119484690716606	NR
P13	poor	Baseline	cytotoxic CD8	CXCR1	0.5556469227822896	NR
P13	poor	Baseline	Treg	CCR2	1.4150925876157814	NR
P13	poor	Baseline	cytotoxic CD8	CXCR3	5.2162426782989835	NR
P13	poor	Baseline	other CD8	CCR2	1.9721006126571068	NR
P13	poor	Treat	cytotoxic CD8	CCR2	1.226041211130267	NR
P13	poor	Baseline	NK	CXCR1	1.1347392660330429	NR
P13	poor	Baseline	exhausted CD8	CX3CR1	0.24571377342965695	NR
P13	poor	Treat	cytotoxic CD8	CCR4	1.226041211130267	NR
P13	poor	Baseline	other CD8	CXCR4	7.181951549855203	NR
P13	poor	Baseline	exhausted CD8	CCR4	2.584410834487707	NR
P13	poor	Baseline	exhausted CD8	CCR2	1.3672650707670748	NR
P13	poor	Baseline	NK	CCR6	2.1876072818381345	NR
P13	poor	Treat	NK	CXCR3	3.5857905874046976	NR
P13	poor	Baseline	other CD8	CXCR2	2.3300672454110476	NR
P13	poor	Treat	cytotoxic CD8	CXCR2	1.7605138303567924	NR
P13	poor	Baseline	NK	CXCR3	4.969653958179927	NR
P13	poor	Baseline	exhausted CD8	CCR5	3.969282176960694	NR
P13	poor	Treat	cytotoxic CD8	CX3CR1	1.9486607855514566	NR
P13	poor	Treat	NK	CX3CR1	4.485312659048488	NR
P13	poor	Baseline	cytotoxic CD8	CCR6	2.8361662865606974	NR
P13	poor	Baseline	Treg	CX3CR1	1.811654940528313	NR
P13	poor	Baseline	Treg	CCR6	5.448098961657856	NR
P13	poor	Baseline	NK	CXCR2	1.7489068614672383	NR
P13	poor	Baseline	exhausted CD8	ACKR3	0.8124406611349606	NR
P13	poor	Treat	cytotoxic CD8	CXCR3	4.387691915152188	NR
P13	poor	Treat	cytotoxic CD8	CCR6	3.676892854733494	NR
P13	poor	Baseline	Treg	ACKR3	1.4677593693049988	NR
P13	poor	Baseline	NK	CX3CR1	3.021441576713107	NR
P13	poor	Baseline	exhausted CD8	CXCR1	0.24571377342965695	NR
P13	poor	Baseline	other CD8	CXCR3	5.136253080685734	NR
P13	poor	Baseline	cytotoxic CD8	CCR5	4.106646702199717	NR
P13	poor	Treat	NK	CCR4	1.6836607711199583	NR
P13	poor	Baseline	cytotoxic CD8	CXCR4	8.028519338633293	NR
P13	poor	Baseline	cytotoxic CD8	ACKR3	0.4665317345233763	NR
P13	poor	Baseline	Treg	CXCR1	0.20100705819474557	NR
P13	poor	Treat	cytotoxic CD8	CCR5	2.81241805411413	NR
P13	poor	Baseline	cytotoxic CD8	CCR4	2.9894090020956923	NR
P13	poor	Treat	cytotoxic CD8	CXCR4	8.071547637619904	NR
P13	poor	Treat	cytotoxic CD8	ACKR3	0	NR
P13	poor	Baseline	Treg	CXCR4	6.749302534718627	NR
P13	poor	Baseline	Treg	CXCR3	5.435562534995733	NR
P13	poor	Treat	NK	CXCR2	3.803375769961771	NR
P13	poor	Baseline	cytotoxic CD8	CCR2	1.5187968878470903	NR
P13	poor	Treat	NK	CCR5	0	NR
P13	poor	Treat	NK	CXCR1	2.2793643748232633	NR
P13	poor	Baseline	other CD8	CXCR1	1.8172316063370757	NR
P13	poor	Treat	NK	ACKR3	1.6836607711199583	NR
P13	poor	Treat	NK	CCR2	0	NR
P13	poor	Baseline	Treg	CXCR2	0.20100705819474557	NR
P13	poor	Treat	NK	CCR6	0	NR
P14	good	Baseline	NK	CXCR3	5.235379492121223	WR
P14	good	Baseline	NK	CXCR1	0.9648336160497211	WR
P14	good	Baseline	NK	CCR6	3.535121881314531	WR
P14	good	Baseline	NK	ACKR3	0	WR
P14	good	Baseline	NK	CCR4	1.7703745856597406	WR
P14	good	Baseline	Treg	CX3CR1	1.10966492783359	WR
P14	good	Baseline	NK	CCR5	1.8999003754046944	WR
P14	good	Baseline	NK	CXCR2	1.621539872547935	WR
P14	good	Baseline	NK	CCR2	0.5945280490312428	WR
P14	good	Baseline	NK	CX3CR1	3.096326767356798	WR
P14	good	Baseline	NK	CXCR4	7.762435967028841	WR
P14	good	Baseline	exhausted CD8	CXCR2	0.7542365948827756	WR
P14	good	Baseline	cytotoxic CD8	CXCR4	8.28362824043104	WR
P14	good	Baseline	Treg	CCR6	6.3274315687728855	WR
P14	good	Baseline	Treg	ACKR3	1.4262302484965825	WR
P14	good	Baseline	cytotoxic CD8	CCR4	2.8339761368055703	WR
P14	good	Baseline	exhausted CD8	CXCR1	0	WR
P14	good	Baseline	exhausted CD8	CCR6	3.64172498166674	WR
P14	good	Baseline	Treg	CXCR2	0.20369718698696204	WR
P14	good	Baseline	cytotoxic CD8	CX3CR1	2.249765028893218	WR
P14	good	Baseline	Treg	CXCR4	7.142160881632287	WR
P14	good	Baseline	Treg	CXCR1	0	WR
P14	good	Baseline	other CD8	CXCR3	5.089055379354227	WR
P14	good	Baseline	Treg	CCR5	2.9601090607439686	WR
P14	good	Baseline	exhausted CD8	CXCR3	4.633776167303401	WR
P14	good	Baseline	exhausted CD8	CXCR4	7.560501934923189	WR
P14	good	Baseline	cytotoxic CD8	CXCR3	5.235473470643626	WR
P14	good	Baseline	cytotoxic CD8	CCR6	4.008439660256996	WR
P14	good	Baseline	cytotoxic CD8	CXCR2	0.24194648248267173	WR
P14	good	Baseline	cytotoxic CD8	CCR2	1.8887929358838151	WR
P14	good	Baseline	other CD8	CX3CR1	0	WR
P14	good	Baseline	Treg	CXCR3	4.458991808903456	WR
P14	good	Baseline	Treg	CCR2	0.6438032914465475	WR
P14	good	Baseline	cytotoxic CD8	ACKR3	0.8027936974616934	WR
P14	good	Baseline	cytotoxic CD8	CCR5	3.505547513208675	WR
P14	good	Baseline	other CD8	CXCR2	2.1197354203999694	WR
P14	good	Baseline	other CD8	CXCR1	0	WR
P14	good	Baseline	other CD8	CCR5	2.4843565231090654	WR
P14	good	Baseline	Treg	CCR4	4.8121885028668565	WR
P14	good	Baseline	other CD8	CXCR4	7.632447050334643	WR
P14	good	Baseline	other CD8	CCR2	2.1197354203999694	WR
P14	good	Baseline	exhausted CD8	CCR4	2.551230536623842	WR
P14	good	Baseline	other CD8	ACKR3	0	WR
P14	good	Baseline	exhausted CD8	CCR2	0.9891626351548892	WR
P14	good	Baseline	exhausted CD8	ACKR3	1.3389327444204775	WR
P14	good	Baseline	exhausted CD8	CCR5	3.792124764497141	WR
P14	good	Baseline	other CD8	CCR6	4.889753488790662	WR
P14	good	Baseline	exhausted CD8	CX3CR1	0	WR
P14	good	Baseline	cytotoxic CD8	CXCR1	0	WR
P14	good	Baseline	other CD8	CCR4	3.411666855656323	WR
P15	good	Baseline	NK	CXCR2	1.605076750421678	WR
P15	good	Baseline	Treg	CX3CR1	1.1232861667915943	WR
P15	good	Baseline	Treg	ACKR3	0.9923921958845973	WR
P15	good	Treat	NK	CX3CR1	3.857656342449832	WR
P15	good	Treat	exhausted CD8	CXCR2	0	WR
P15	good	Baseline	exhausted CD8	CCR5	3.571978483128135	WR
P15	good	Treat	exhausted CD8	ACKR3	0	WR
P15	good	Baseline	cytotoxic CD8	CCR5	3.464506625255514	WR
P15	good	Baseline	NK	CCR4	2.8280805869609886	WR
P15	good	Treat	NK	CXCR1	0	WR
P15	good	Baseline	Treg	CXCR2	0.32009765411871005	WR
P15	good	Baseline	Treg	CXCR1	0.32009765411871005	WR
P15	good	Treat	NK	ACKR3	0	WR
P15	good	Baseline	Treg	CCR6	5.659359517815618	WR
P15	good	Treat	NK	CXCR2	0	WR
P15	good	Baseline	cytotoxic CD8	CXCR1	0	WR
P15	good	Treat	NK	CCR6	2.031043283739473	WR
P15	good	Treat	NK	CCR2	0	WR
P15	good	Baseline	other CD8	CCR4	3.9079896371093192	WR
P15	good	Baseline	Treg	CXCR4	6.677802534386778	WR
P15	good	Treat	exhausted CD8	CXCR1	0	WR
P15	good	Baseline	Treg	CXCR3	4.614867980716007	WR
P15	good	Treat	NK	CXCR4	7.737277724957245	WR
P15	good	Baseline	cytotoxic CD8	CXCR2	0.5660682833975376	WR
P15	good	Baseline	NK	CXCR4	7.871944829582334	WR
P15	good	Treat	cytotoxic CD8	CXCR2	0.307056361971466	WR
P15	good	Baseline	exhausted CD8	CXCR3	4.488207359466384	WR
P15	good	Baseline	Treg	CCR4	4.603596050811032	WR
P15	good	Treat	cytotoxic CD8	ACKR3	0	WR
P15	good	Baseline	cytotoxic CD8	CCR6	2.87634181185819	WR
P15	good	Treat	NK	CXCR3	4.207975903577144	WR
P15	good	Baseline	exhausted CD8	CXCR2	0.6173445574093397	WR
P15	good	Treat	exhausted CD8	CCR6	1.8199722335885262	WR
P15	good	Treat	exhausted CD8	CX3CR1	0	WR
P15	good	Baseline	NK	CXCR3	4.933843359548958	WR
P15	good	Baseline	exhausted CD8	CCR4	3.747594446633994	WR
P15	good	Baseline	Treg	CCR5	3.0352543012972655	WR
P15	good	Treat	NK	CCR5	3.0381259508626535	WR
P15	good	Baseline	cytotoxic CD8	CX3CR1	1.2634941126818031	WR
P15	good	Baseline	cytotoxic CD8	CCR2	1.0211669660437357	WR
P15	good	Baseline	NK	CCR2	0	WR
P15	good	Treat	cytotoxic CD8	CX3CR1	2.2264170194300412	WR
P15	good	Baseline	exhausted CD8	CCR6	4.292687880692625	WR
P15	good	Treat	exhausted CD8	CXCR3	4.696886905403389	WR
P15	good	Baseline	other CD8	CXCR1	0	WR
P15	good	Baseline	other CD8	CXCR3	4.743746394282189	WR
P15	good	Baseline	NK	CXCR1	0	WR
P15	good	Treat	cytotoxic CD8	CCR6	0.731527519593897	WR
P15	good	Baseline	other CD8	CXCR4	7.297484477374424	WR
P15	good	Baseline	other CD8	CCR2	0	WR
P15	good	Baseline	exhausted CD8	ACKR3	0	WR
P15	good	Baseline	Treg	CCR2	0.4484565107367567	WR
P15	good	Baseline	cytotoxic CD8	ACKR3	0	WR
P15	good	Baseline	exhausted CD8	CXCR4	7.3714036701610555	WR
P15	good	Baseline	exhausted CD8	CXCR1	0	WR
P15	good	Treat	cytotoxic CD8	CXCR3	4.892344665251831	WR
P15	good	Treat	exhausted CD8	CXCR4	7.641374337001866	WR
P15	good	Baseline	exhausted CD8	CX3CR1	0	WR
P15	good	Baseline	exhausted CD8	CCR2	0.35557374751811655	WR
P15	good	Treat	cytotoxic CD8	CCR5	3.178167384881629	WR
P15	good	Treat	exhausted CD8	CCR4	1.8199722335885262	WR
P15	good	Baseline	NK	CCR5	2.1923776656199268	WR
P15	good	Treat	cytotoxic CD8	CXCR4	7.573063383140517	WR
P15	good	Baseline	NK	CX3CR1	2.8280805869609886	WR
P15	good	Baseline	other CD8	CXCR2	0	WR
P15	good	Treat	cytotoxic CD8	CXCR1	0	WR
P15	good	Baseline	cytotoxic CD8	CXCR4	8.238949994057762	WR
P15	good	Baseline	other CD8	ACKR3	1.201093487917449	WR
P15	good	Treat	NK	CCR4	0	WR
P15	good	Baseline	NK	CCR6	3.158844229422713	WR
P15	good	Treat	cytotoxic CD8	CCR2	1.149465565127772	WR
P15	good	Treat	cytotoxic CD8	CCR4	1.028578849850077	WR
P15	good	Baseline	other CD8	CCR6	5.039335873583739	WR
P15	good	Baseline	cytotoxic CD8	CCR4	2.6707037322259852	WR
P15	good	Treat	exhausted CD8	CCR2	1.2769937437098282	WR
P15	good	Baseline	other CD8	CX3CR1	1.201093487917449	WR
P15	good	Baseline	NK	ACKR3	0	WR
P15	good	Baseline	other CD8	CCR5	2.975018993531902	WR
P15	good	Baseline	cytotoxic CD8	CXCR3	5.444271928806456	WR
P15	good	Treat	exhausted CD8	CCR5	3.4666767878850164	WR
P16	good	Baseline	other CD8	CXCR4	8.049547497158018	WR
P16	good	Baseline	Treg	CX3CR1	0.6113958818976695	WR
P16	good	Baseline	other CD8	CCR5	4.139322276191313	WR
P16	good	Baseline	other CD8	ACKR3	1.2887081909977247	WR
P16	good	Baseline	other CD8	CX3CR1	0	WR
P16	good	Baseline	other CD8	CCR4	3.3981615753072343	WR
P16	good	Baseline	other CD8	CXCR1	0	WR
P16	good	Baseline	NK	CX3CR1	2.4553317769673524	WR
P16	good	Baseline	cytotoxic CD8	CXCR4	8.165881122518813	WR
P16	good	Baseline	exhausted CD8	CCR4	2.6123664532828417	WR
P16	good	Baseline	cytotoxic CD8	CXCR3	5.434718132134264	WR
P16	good	Baseline	Treg	CCR5	4.168936555900958	WR
P16	good	Baseline	exhausted CD8	CXCR1	0.24740282087074775	WR
P16	good	Baseline	NK	CXCR3	4.687238638770627	WR
P16	good	Baseline	Treg	CCR4	4.2886213013431265	WR
P16	good	Baseline	cytotoxic CD8	ACKR3	0.5060963361538127	WR
P16	good	Baseline	Treg	ACKR3	0.9880547492667215	WR
P16	good	Baseline	cytotoxic CD8	CCR5	3.9782208899889966	WR
P16	good	Baseline	exhausted CD8	CCR5	4.091098991879716	WR
P16	good	Baseline	exhausted CD8	ACKR3	0.24740282087074775	WR
P16	good	Baseline	exhausted CD8	CCR6	3.3840692728978046	WR
P16	good	Baseline	NK	CXCR4	7.5639811506288455	WR
P16	good	Baseline	Treg	CXCR3	5.724818175703893	WR
P16	good	Baseline	cytotoxic CD8	CCR6	3.3525537918582704	WR
P16	good	Baseline	cytotoxic CD8	CXCR2	0.6135803488221963	WR
P16	good	Baseline	Treg	CXCR4	7.172437566261914	WR
P16	good	Baseline	exhausted CD8	CXCR2	0.4455763214702748	WR
P16	good	Baseline	Treg	CXCR2	0.1912404601820244	WR
P16	good	Baseline	NK	CXCR2	0.7178541349124602	WR
P16	good	Baseline	NK	ACKR3	0.47001412948461607	WR
P16	good	Baseline	Treg	CXCR1	0.1912404601820244	WR
P16	good	Baseline	other CD8	CCR6	4.257661150177902	WR
P16	good	Baseline	cytotoxic CD8	CX3CR1	2.1323972907268476	WR
P16	good	Baseline	cytotoxic CD8	CCR4	2.582858433474537	WR
P16	good	Baseline	exhausted CD8	CX3CR1	0.3513906511209676	WR
P16	good	Baseline	cytotoxic CD8	CCR2	1.9886530995329768	WR
P16	good	Baseline	NK	CCR4	1.3863153614873978	WR
P16	good	Baseline	NK	CCR2	0.7884726334025578	WR
P16	good	Baseline	Treg	CCR2	2.743532412461451	WR
P16	good	Baseline	other CD8	CXCR3	5.169167400456773	WR
P16	good	Baseline	exhausted CD8	CXCR3	5.0512926634514335	WR
P16	good	Baseline	other CD8	CXCR2	0.8389985272599942	WR
P16	good	Baseline	other CD8	CCR2	2.81950691603767	WR
P16	good	Baseline	cytotoxic CD8	CXCR1	0.3856525723638245	WR
P16	good	Baseline	Treg	CCR6	5.409646667920989	WR
P16	good	Baseline	NK	CCR6	2.4553317769673524	WR
P16	good	Baseline	exhausted CD8	CCR2	2.181485497118212	WR
P16	good	Baseline	NK	CXCR1	0.13976559464466592	WR
P16	good	Baseline	exhausted CD8	CXCR4	7.599693138754989	WR
P16	good	Baseline	NK	CCR5	3.3586647937218492	WR
P17	poor	Baseline	Treg	CXCR2	0	NR
P17	poor	Treat	NK	CCR4	0	NR
P17	poor	Treat	Treg	CX3CR1	2.299676183715735	NR
P17	poor	Baseline	exhausted CD8	CCR2	0.7696240621681478	NR
P17	poor	Baseline	exhausted CD8	CCR6	3.5441333998095788	NR
P17	poor	Treat	NK	CCR2	0	NR
P17	poor	Baseline	Treg	CXCR1	0	NR
P17	poor	Baseline	Treg	CCR6	5.788638226739167	NR
P17	poor	Treat	Treg	ACKR3	2.1803704554423025	NR
P17	poor	Baseline	Treg	CCR4	4.555351040597486	NR
P17	poor	Treat	Treg	CXCR4	5.594738242076662	NR
P17	poor	Treat	NK	CCR5	4.106973922348753	NR
P17	poor	Baseline	Treg	CCR2	1.0501323053339893	NR
P17	poor	Treat	NK	CX3CR1	4.820608760320061	NR
P17	poor	Baseline	exhausted CD8	CXCR1	0	NR
P17	poor	Baseline	cytotoxic CD8	CCR6	3.1246442457774712	NR
P17	poor	Baseline	NK	ACKR3	0.8773802562090142	NR
P17	poor	Treat	Treg	CXCR1	0	NR
P17	poor	Treat	Treg	CCR5	3.6950583290033587	NR
P17	poor	Treat	exhausted CD8	CCR2	0.48121430113056307	NR
P17	poor	Treat	cytotoxic CD8	CXCR3	5.098330725864168	NR
P17	poor	Baseline	NK	CX3CR1	3.901132420285782	NR
P17	poor	Treat	exhausted CD8	CCR4	1.0487614570677206	NR
P17	poor	Treat	NK	CXCR4	5.78204190074658	NR
P17	poor	Baseline	cytotoxic CD8	CXCR4	7.947626541288035	NR
P17	poor	Baseline	NK	CCR5	2.2436364867455683	NR
P17	poor	Baseline	exhausted CD8	CXCR2	0	NR
P17	poor	Treat	NK	CXCR2	2.4463680986773575	NR
P17	poor	Baseline	exhausted CD8	CCR5	3.6989399751937557	NR
P17	poor	Baseline	Treg	CCR5	3.574680331979923	NR
P17	poor	Baseline	cytotoxic CD8	CCR4	2.669409097560187	NR
P17	poor	Baseline	cytotoxic CD8	CCR2	1.7499807180132299	NR
P17	poor	Baseline	other CD8	CX3CR1	0.7993494570224766	NR
P17	poor	Baseline	cytotoxic CD8	CXCR3	4.951425610368648	NR
P17	poor	Treat	cytotoxic CD8	CCR2	1.8734417670975418	NR
P17	poor	Baseline	cytotoxic CD8	CXCR1	0.46644195940630157	NR
P17	poor	Treat	exhausted CD8	CCR6	1.5159441457812308	NR
P17	poor	Baseline	cytotoxic CD8	CCR5	3.481194169034639	NR
P17	poor	Baseline	Treg	ACKR3	0.48202055785940545	NR
P17	poor	Baseline	NK	CCR4	1.7776727345247905	NR
P17	poor	Treat	NK	CXCR1	3.242909322986013	NR
P17	poor	Treat	other CD8	CXCR3	4.627257685537103	NR
P17	poor	Treat	exhausted CD8	CXCR4	5.508678013799964	NR
P17	poor	Treat	Treg	CCR2	1.4734136874250272	NR
P17	poor	Baseline	cytotoxic CD8	ACKR3	0.6682899554042083	NR
P17	poor	Treat	cytotoxic CD8	CXCR1	0.5508664680492108	NR
P17	poor	Baseline	Treg	CX3CR1	1.3039502552223603	NR
P17	poor	Treat	other CD8	CCR6	1.148639940298303	NR
P17	poor	Treat	cytotoxic CD8	CCR6	1.2730260415008372	NR
P17	poor	Baseline	exhausted CD8	CCR4	2.4857452523250863	NR
P17	poor	Treat	Treg	CXCR3	5.705133435747995	NR
P17	poor	Treat	Treg	CXCR2	0	NR
P17	poor	Baseline	Treg	CXCR3	4.689195982153357	NR
P17	poor	Treat	exhausted CD8	CCR5	4.08696909752356	NR
P17	poor	Baseline	other CD8	ACKR3	0	NR
P17	poor	Treat	NK	CCR6	2.7121604379822433	NR
P17	poor	Treat	Treg	CCR4	4.389712143197899	NR
P17	poor	Baseline	NK	CXCR4	7.349798753494474	NR
P17	poor	Baseline	NK	CXCR3	4.562366669230509	NR
P17	poor	Treat	NK	CXCR3	4.634223114028782	NR
P17	poor	Baseline	NK	CCR2	0	NR
P17	poor	Treat	other CD8	CCR2	1.148639940298303	NR
P17	poor	Baseline	Treg	CXCR4	7.11257133417714	NR
P17	poor	Treat	other CD8	CXCR2	0	NR
P17	poor	Baseline	exhausted CD8	ACKR3	0.45709392790577086	NR
P17	poor	Treat	other CD8	CX3CR1	0	NR
P17	poor	Treat	other CD8	CXCR4	5.9174704915765695	NR
P17	poor	Baseline	NK	CXCR1	1.5066252774657316	NR
P17	poor	Treat	cytotoxic CD8	CXCR4	6.059731211415705	NR
P17	poor	Treat	cytotoxic CD8	CCR5	4.201113313791107	NR
P17	poor	Treat	NK	ACKR3	2.4463680986773575	NR
P17	poor	Treat	other CD8	CXCR1	0	NR
P17	poor	Treat	exhausted CD8	CX3CR1	0.48121430113056307	NR
P17	poor	Treat	exhausted CD8	ACKR3	0.48121430113056307	NR
P17	poor	Baseline	other CD8	CXCR3	4.910080212511653	NR
P17	poor	Treat	exhausted CD8	CXCR1	0	NR
P17	poor	Baseline	NK	CCR6	3.4844141462672953	NR
P17	poor	Treat	cytotoxic CD8	CCR4	2.2063285928015186	NR
P17	poor	Treat	Treg	CCR6	4.223648368028796	NR
P17	poor	Baseline	cytotoxic CD8	CX3CR1	2.0810496582709215	NR
P17	poor	Treat	other CD8	ACKR3	1.148639940298303	NR
P17	poor	Treat	other CD8	CCR4	1.6691776245887677	NR
P17	poor	Baseline	cytotoxic CD8	CXCR2	0.46644195940630157	NR
P17	poor	Baseline	exhausted CD8	CX3CR1	0.17660447713533242	NR
P17	poor	Baseline	other CD8	CCR2	1.9629734460868913	NR
P17	poor	Treat	exhausted CD8	CXCR2	0	NR
P17	poor	Baseline	exhausted CD8	CXCR3	3.9323784450993493	NR
P17	poor	Baseline	other CD8	CXCR1	0.7993494570224766	NR
P17	poor	Treat	exhausted CD8	CXCR3	4.559752368224215	NR
P17	poor	Treat	other CD8	CCR5	4.30720363506855	NR
P17	poor	Baseline	NK	CXCR2	2.166221829265398	NR
P17	poor	Treat	cytotoxic CD8	ACKR3	0	NR
P17	poor	Baseline	other CD8	CCR6	3.6302648897507988	NR
P17	poor	Baseline	other CD8	CCR4	3.3297034911108967	NR
P17	poor	Treat	cytotoxic CD8	CXCR2	0.31289484621694763	NR
P17	poor	Baseline	other CD8	CCR5	4.169032445202694	NR
P17	poor	Baseline	other CD8	CXCR2	0	NR
P17	poor	Baseline	exhausted CD8	CXCR4	7.3602031672975565	NR
P17	poor	Treat	cytotoxic CD8	CX3CR1	2.705403639643889	NR
P17	poor	Baseline	other CD8	CXCR4	7.7255830479400736	NR
P18	NA	Baseline	cytotoxic CD8	CX3CR1	2.8701226043873302	NA
P18	NA	Baseline	cytotoxic CD8	CXCR2	0.7292358447155046	NA
P18	NA	Baseline	other CD8	CCR2	0	NA
P18	NA	Baseline	other CD8	CCR6	4.555735566831247	NA
P18	NA	Baseline	exhausted CD8	CXCR4	6.942565476772146	NA
P18	NA	Baseline	NK	CXCR4	7.753269646612517	NA
P18	NA	Baseline	cytotoxic CD8	ACKR3	0.9594434332136426	NA
P18	NA	Baseline	cytotoxic CD8	CXCR3	5.424821414378952	NA
P18	NA	Baseline	cytotoxic CD8	CXCR4	8.171136713850638	NA
P18	NA	Baseline	cytotoxic CD8	CCR4	2.8852226679788493	NA
P18	NA	Baseline	NK	CXCR2	2.3025369894081615	NA
P18	NA	Baseline	other CD8	CCR5	2.6709587231318204	NA
P18	NA	Baseline	NK	CCR6	2.5763723746826965	NA
P18	NA	Baseline	other CD8	CXCR1	2.29950166167934	NA
P18	NA	Baseline	cytotoxic CD8	CXCR1	0.9594434332136426	NA
P18	NA	Baseline	NK	CCR5	1.5260144744211606	NA
P18	NA	Baseline	other CD8	CCR4	3.918614681850566	NA
P18	NA	Baseline	exhausted CD8	CCR4	3.355211103945003	NA
P18	NA	Baseline	NK	CCR2	0	NA
P18	NA	Baseline	cytotoxic CD8	CCR2	0.5906279840688033	NA
P18	NA	Baseline	NK	CCR4	2.047646291544067	NA
P18	NA	Baseline	cytotoxic CD8	CCR5	3.4781505289304016	NA
P18	NA	Baseline	exhausted CD8	CCR5	3.2390477503956845	NA
P18	NA	Baseline	cytotoxic CD8	CCR6	2.7910001430570417	NA
P18	NA	Baseline	NK	CX3CR1	3.9307923601642973	NA
P18	NA	Baseline	NK	CXCR1	1.6193453788180727	NA
P18	NA	Baseline	exhausted CD8	CCR6	4.311178335783775	NA
P18	NA	Baseline	other CD8	CX3CR1	0	NA
P18	NA	Baseline	other CD8	CXCR2	2.941192998326603	NA
P18	NA	Baseline	exhausted CD8	CXCR3	4.576280215316432	NA
P18	NA	Baseline	exhausted CD8	CXCR1	0	NA
P18	NA	Baseline	exhausted CD8	CCR2	0.8139892100757318	NA
P18	NA	Baseline	exhausted CD8	ACKR3	1.256694244635875	NA
P18	NA	Baseline	other CD8	CXCR3	4.287079838173003	NA
P18	NA	Baseline	other CD8	CXCR4	7.269668355605154	NA
P18	NA	Baseline	exhausted CD8	CX3CR1	1.56248881511198	NA
P18	NA	Baseline	other CD8	ACKR3	1.7019453660658708	NA
P18	NA	Baseline	NK	ACKR3	1.178617993788656	NA
P18	NA	Baseline	Treg	CXCR1	0	NA
P18	NA	Baseline	Treg	CCR6	5.7831717887573335	NA
P18	NA	Baseline	Treg	ACKR3	1.2378814468662598	NA
P18	NA	Baseline	Treg	CXCR4	6.789200124651017	NA
P18	NA	Baseline	Treg	CXCR3	4.680343529892006	NA
P18	NA	Baseline	Treg	CCR5	3.110070616055411	NA
P18	NA	Baseline	exhausted CD8	CXCR2	0.48762657702098616	NA
P18	NA	Baseline	Treg	CX3CR1	1.0424740254950484	NA
P18	NA	Baseline	Treg	CXCR2	0	NA
P18	NA	Baseline	Treg	CCR4	4.8663168170821	NA
P18	NA	Baseline	Treg	CCR2	0.7993748906139304	NA
P18	NA	Baseline	NK	CXCR3	4.844134058753045	NA
P19	good	Baseline	Treg	CXCR3	4.14909047460376	WR
P19	good	Baseline	NK	CCR4	3.1591416119817515	WR
P19	good	Baseline	NK	CCR2	0	WR
P19	good	Baseline	NK	CX3CR1	3.981876149234828	WR
P19	good	Baseline	NK	CCR5	1.5599104928212268	WR
P19	good	Baseline	Treg	CXCR4	5.970704341903718	WR
P19	good	Baseline	other CD8	CCR6	5.271965432308195	WR
P19	good	Baseline	NK	ACKR3	0	WR
P19	good	Baseline	exhausted CD8	CCR2	0.8928482658608755	WR
P19	good	Baseline	other CD8	CXCR3	5.408508194704354	WR
P19	good	Baseline	other CD8	CX3CR1	0	WR
P19	good	Baseline	NK	CXCR4	7.404533956463543	WR
P19	good	Baseline	exhausted CD8	CCR5	3.8684357669005847	WR
P19	good	Baseline	exhausted CD8	CX3CR1	0.8928482658608755	WR
P19	good	Baseline	other CD8	CXCR4	6.835284115881647	WR
P19	good	Baseline	other CD8	CCR5	3.9569885240665363	WR
P19	good	Baseline	Treg	CXCR1	0	WR
P19	good	Baseline	exhausted CD8	CCR6	4.602989482934333	WR
P19	good	Baseline	exhausted CD8	CCR4	3.650501379877762	WR
P19	good	Baseline	other CD8	CXCR2	1.902100720458058	WR
P19	good	Baseline	other CD8	CXCR1	1.902100720458058	WR
P19	good	Baseline	cytotoxic CD8	CCR5	4.046831107482753	WR
P19	good	Baseline	cytotoxic CD8	CX3CR1	3.1056290361226773	WR
P19	good	Baseline	other CD8	CCR2	1.902100720458058	WR
P19	good	Baseline	cytotoxic CD8	CCR4	2.8792064144639764	WR
P19	good	Baseline	exhausted CD8	CXCR3	3.705172854346584	WR
P19	good	Baseline	Treg	CCR6	6.071899729199531	WR
P19	good	Baseline	cytotoxic CD8	CXCR1	0.49844487386259695	WR
P19	good	Baseline	Treg	CCR5	3.0559486322138536	WR
P19	good	Baseline	exhausted CD8	ACKR3	0.5429274330165603	WR
P19	good	Baseline	NK	CXCR1	1.5599104928212268	WR
P19	good	Baseline	exhausted CD8	CXCR4	6.381492535143967	WR
P19	good	Baseline	cytotoxic CD8	ACKR3	0	WR
P19	good	Baseline	cytotoxic CD8	CXCR4	7.81666102033621	WR
P19	good	Baseline	NK	CXCR3	4.113073493191334	WR
P19	good	Baseline	cytotoxic CD8	CXCR2	0.49844487386259695	WR
P19	good	Baseline	Treg	CCR4	4.951946427704647	WR
P19	good	Baseline	other CD8	ACKR3	1.902100720458058	WR
P19	good	Baseline	cytotoxic CD8	CCR2	0.8295637889954797	WR
P19	good	Baseline	exhausted CD8	CXCR2	0	WR
P19	good	Baseline	cytotoxic CD8	CXCR3	5.016676715606386	WR
P19	good	Baseline	NK	CXCR2	1.5599104928212268	WR
P19	good	Baseline	exhausted CD8	CXCR1	0.5429274330165603	WR
P19	good	Baseline	Treg	CXCR2	0	WR
P19	good	Baseline	Treg	CX3CR1	1.9144542817478065	WR
P19	good	Baseline	NK	CCR6	3.3072077938132303	WR
P19	good	Baseline	other CD8	CCR4	3.384382534564178	WR
P19	good	Baseline	Treg	ACKR3	1.358825016013176	WR
P19	good	Baseline	cytotoxic CD8	CCR6	4.295512964298564	WR
P19	good	Baseline	Treg	CCR2	0	WR
P20	poor	Treat	exhausted CD8	CXCR2	0	NR
P20	poor	Treat	Treg	CXCR1	0	NR
P20	poor	Treat	Treg	CXCR4	7.124264979916891	NR
P20	poor	Treat	cytotoxic CD8	CX3CR1	2.41072489052409	NR
P20	poor	Treat	Treg	CCR5	2.687226240588388	NR
P20	poor	Treat	exhausted CD8	CCR6	1.6665674608716292	NR
P20	poor	Baseline	NK	CCR2	0	NR
P20	poor	Baseline	cytotoxic CD8	ACKR3	0.39988784636582564	NR
P20	poor	Treat	cytotoxic CD8	ACKR3	0.35247549197780326	NR
P20	poor	Treat	exhausted CD8	CXCR1	0	NR
P20	poor	Baseline	NK	CCR4	2.683588288328518	NR
P20	poor	Treat	exhausted CD8	CXCR3	4.23185243496481	NR
P20	poor	Treat	cytotoxic CD8	CXCR4	7.8176690127396515	NR
P20	poor	Baseline	cytotoxic CD8	CXCR2	0.39988784636582564	NR
P20	poor	Baseline	Treg	CXCR2	0	NR
P20	poor	Baseline	Treg	CXCR4	7.0073101067284105	NR
P20	poor	Treat	Treg	CCR6	4.914104902631385	NR
P20	poor	Treat	Treg	CXCR2	0	NR
P20	poor	Baseline	Treg	CX3CR1	1.430462246636419	NR
P20	poor	Baseline	exhausted CD8	CCR6	3.439947086856224	NR
P20	poor	Baseline	cytotoxic CD8	CCR5	3.4751349487945893	NR
P20	poor	Baseline	cytotoxic CD8	CXCR3	4.686833887175409	NR
P20	poor	Baseline	Treg	ACKR3	1.4833800485354658	NR
P20	poor	Baseline	cytotoxic CD8	CXCR1	0	NR
P20	poor	Baseline	exhausted CD8	CCR5	3.741222304459388	NR
P20	poor	Treat	exhausted CD8	CCR2	0	NR
P20	poor	Treat	exhausted CD8	CCR5	2.6305854369233823	NR
P20	poor	Treat	cytotoxic CD8	CXCR3	4.197211609873386	NR
P20	poor	Treat	Treg	CCR4	4.1638749107084765	NR
P20	poor	Baseline	cytotoxic CD8	CXCR4	8.120087366496467	NR
P20	poor	Baseline	Treg	CCR6	5.615076155205795	NR
P20	poor	Baseline	cytotoxic CD8	CCR6	3.4442208742045946	NR
P20	poor	Baseline	Treg	CXCR1	0	NR
P20	poor	Baseline	cytotoxic CD8	CCR4	2.836783914119852	NR
P20	poor	Baseline	cytotoxic CD8	CCR2	0.970346239554067	NR
P20	poor	Baseline	other CD8	CXCR4	7.570487310713738	NR
P20	poor	Treat	exhausted CD8	CXCR4	7.475397035460377	NR
P20	poor	Baseline	other CD8	CXCR1	1.026805015415237	NR
P20	poor	Treat	NK	CCR5	1.7117985217114278	NR
P20	poor	Treat	cytotoxic CD8	CCR5	2.9534063359184417	NR
P20	poor	Treat	NK	CCR6	2.9525981043623135	NR
P20	poor	Baseline	NK	CXCR3	4.624165319809429	NR
P20	poor	Baseline	Treg	CXCR3	4.880018266170024	NR
P20	poor	Treat	NK	CX3CR1	3.734097279408437	NR
P20	poor	Baseline	cytotoxic CD8	CX3CR1	1.4143545066139311	NR
P20	poor	Treat	cytotoxic CD8	CCR4	1.8035262165561432	NR
P20	poor	Treat	cytotoxic CD8	CCR2	1.1355624622850264	NR
P20	poor	Treat	cytotoxic CD8	CXCR2	1.5692955026179907	NR
P20	poor	Baseline	exhausted CD8	CCR4	2.790900913063855	NR
P20	poor	Treat	exhausted CD8	CCR4	0.6199273343209486	NR
P20	poor	Baseline	NK	CXCR4	8.033241995536352	NR
P20	poor	Baseline	exhausted CD8	CX3CR1	0.23958386666627743	NR
P20	poor	Baseline	NK	CXCR1	1.315738992380558	NR
P20	poor	Baseline	exhausted CD8	CCR2	0.5945199198475404	NR
P20	poor	Treat	NK	CCR2	0	NR
P20	poor	Treat	Treg	CCR2	0	NR
P20	poor	Treat	exhausted CD8	ACKR3	0.9997439615817825	NR
P20	poor	Baseline	Treg	CCR5	3.292104937469604	NR
P20	poor	Baseline	Treg	CCR2	0.9517797269887304	NR
P20	poor	Treat	cytotoxic CD8	CCR6	2.3318395181213525	NR
P20	poor	Treat	NK	CCR4	2.3103378391352933	NR
P20	poor	Treat	NK	ACKR3	1.7117985217114278	NR
P20	poor	Treat	NK	CXCR4	7.42948359336388	NR
P20	poor	Baseline	NK	CCR5	2.477379916585434	NR
P20	poor	Treat	NK	CXCR1	0	NR
P20	poor	Treat	cytotoxic CD8	CXCR1	0.989667268315468	NR
P20	poor	Baseline	exhausted CD8	ACKR3	1.1086952457798052	NR
P20	poor	Baseline	Treg	CCR4	4.371378304813454	NR
P20	poor	Treat	exhausted CD8	CX3CR1	0	NR
P20	poor	Baseline	exhausted CD8	CXCR2	0	NR
P20	poor	Treat	Treg	ACKR3	1.813859521650523	NR
P20	poor	Baseline	other CD8	CCR2	1.5226290257171178	NR
P20	poor	Baseline	NK	CX3CR1	3.1276389448395783	NR
P20	poor	Baseline	other CD8	CCR6	4.526112567795424	NR
P20	poor	Baseline	NK	CXCR2	1.864856438754853	NR
P20	poor	Baseline	other CD8	CXCR3	5.100377873850221	NR
P20	poor	Baseline	exhausted CD8	CXCR1	0	NR
P20	poor	Treat	NK	CXCR2	2.9525981043623135	NR
P20	poor	Baseline	NK	CCR6	3.240541072740409	NR
P20	poor	Baseline	other CD8	CXCR2	2.1002881110649834	NR
P20	poor	Baseline	NK	ACKR3	0.860250306650723	NR
P20	poor	Baseline	other CD8	CX3CR1	1.026805015415237	NR
P20	poor	Treat	NK	CXCR3	1.7117985217114278	NR
P20	poor	Treat	Treg	CX3CR1	0	NR
P20	poor	Treat	Treg	CXCR3	4.938924897364219	NR
P20	poor	Baseline	exhausted CD8	CXCR4	7.701456236451177	NR
P20	poor	Baseline	other CD8	CCR4	3.3902743439621807	NR
P20	poor	Baseline	other CD8	ACKR3	1.026805015415237	NR
P20	poor	Baseline	other CD8	CCR5	3.261545604456685	NR
P20	poor	Baseline	exhausted CD8	CXCR3	4.407703095357492	NR
P21	good	Baseline	other CD8	CX3CR1	0	WR
P21	good	Baseline	other CD8	CCR6	4.8426841974319	WR
P21	good	Treat	other CD8	CCR6	3.91078876795224	WR
P21	good	Baseline	NK	CCR4	1.6108887340791591	WR
P21	good	Baseline	exhausted CD8	CXCR4	7.636367810766865	WR
P21	good	Treat	cytotoxic CD8	CXCR4	8.673486949773745	WR
P21	good	Treat	cytotoxic CD8	CCR2	0.8792433497472631	WR
P21	good	Treat	Treg	CCR6	6.005632812035965	WR
P21	good	Baseline	NK	CCR5	2.337012787026863	WR
P21	good	Baseline	other CD8	CCR5	3.7467858062021233	WR
P21	good	Baseline	other CD8	CXCR3	4.624761989115594	WR
P21	good	Baseline	other CD8	CXCR1	0	WR
P21	good	Baseline	cytotoxic CD8	CXCR3	5.012842518350117	WR
P21	good	Baseline	cytotoxic CD8	CXCR2	0.20651631127471887	WR
P21	good	Baseline	exhausted CD8	ACKR3	1.0821850556772792	WR
P21	good	Baseline	other CD8	CCR4	3.821997654832604	WR
P21	good	Baseline	NK	ACKR3	0.368283037576754	WR
P21	good	Baseline	cytotoxic CD8	CCR5	3.267005068311897	WR
P21	good	Baseline	other CD8	CXCR2	0	WR
P21	good	Baseline	NK	CCR2	0.368283037576754	WR
P21	good	Treat	Treg	ACKR3	0.9225745341857121	WR
P21	good	Treat	other CD8	ACKR3	0	WR
P21	good	Treat	cytotoxic CD8	ACKR3	0.6623704616823056	WR
P21	good	Baseline	exhausted CD8	CXCR3	4.098388453624084	WR
P21	good	Treat	Treg	CX3CR1	0.5641082437392123	WR
P21	good	Baseline	other CD8	CXCR4	7.691391607782502	WR
P21	good	Treat	cytotoxic CD8	CXCR3	4.63169849416494	WR
P21	good	Baseline	cytotoxic CD8	CXCR4	8.184245162414662	WR
P21	good	Baseline	Treg	CX3CR1	1.6844782855410192	WR
P21	good	Treat	other CD8	CCR2	0	WR
P21	good	Treat	cytotoxic CD8	CXCR2	0.21094629139217647	WR
P21	good	Treat	other CD8	CCR5	2.905389011346038	WR
P21	good	Baseline	other CD8	ACKR3	0.976589735098341	WR
P21	good	Baseline	exhausted CD8	CCR4	2.697004133790832	WR
P21	good	Baseline	exhausted CD8	CXCR2	0.1632870656246663	WR
P21	good	Treat	exhausted CD8	CCR4	2.859776263825774	WR
P21	good	Baseline	NK	CXCR1	0.848334376301746	WR
P21	good	Baseline	exhausted CD8	CCR5	3.305106528680549	WR
P21	good	Treat	Treg	CCR4	4.7999376195426144	WR
P21	good	Baseline	cytotoxic CD8	CCR2	1.2593883027863944	WR
P21	good	Treat	NK	CCR2	0	WR
P21	good	Treat	cytotoxic CD8	CCR4	3.188406601271146	WR
P21	good	Treat	NK	CXCR3	4.2039844353234175	WR
P21	good	Treat	exhausted CD8	CXCR1	0	WR
P21	good	Baseline	Treg	CXCR2	0	WR
P21	good	Baseline	cytotoxic CD8	CXCR1	0.5236411692199798	WR
P21	good	Baseline	NK	CXCR2	1.5177629501510783	WR
P21	good	Baseline	cytotoxic CD8	CCR4	2.6279758756455376	WR
P21	good	Treat	exhausted CD8	CCR2	0	WR
P21	good	Treat	Treg	CXCR3	4.360594949501303	WR
P21	good	Baseline	exhausted CD8	CX3CR1	0.30361638180241246	WR
P21	good	Baseline	Treg	CXCR4	6.9306191853636205	WR
P21	good	Baseline	NK	CXCR4	7.740784559049148	WR
P21	good	Baseline	exhausted CD8	CCR6	3.421704413386001	WR
P21	good	Treat	Treg	CCR2	0	WR
P21	good	Treat	Treg	CXCR4	7.925612981457918	WR
P21	good	Baseline	cytotoxic CD8	ACKR3	0.9577069211082451	WR
P21	good	Baseline	Treg	CCR5	2.7256493977936262	WR
P21	good	Treat	NK	CCR5	2.170096094227185	WR
P21	good	Baseline	NK	CCR6	2.4957869141300693	WR
P21	good	Baseline	exhausted CD8	CCR2	0.42665492633321445	WR
P21	good	Baseline	other CD8	CCR2	0	WR
P21	good	Treat	exhausted CD8	CCR6	3.428469991148439	WR
P21	good	Treat	other CD8	CXCR4	8.34992113147801	WR
P21	good	Treat	exhausted CD8	CX3CR1	0.7073465345831256	WR
P21	good	Baseline	Treg	CXCR3	4.337314002776121	WR
P21	good	Baseline	Treg	CXCR1	0	WR
P21	good	Baseline	cytotoxic CD8	CCR6	3.5406873129173944	WR
P21	good	Treat	cytotoxic CD8	CXCR1	0	WR
P21	good	Treat	NK	CCR6	3.106271163843751	WR
P21	good	Baseline	NK	CXCR3	4.576505500905216	WR
P21	good	Treat	cytotoxic CD8	CCR6	3.0085189038670634	WR
P21	good	Treat	Treg	CXCR2	0	WR
P21	good	Baseline	exhausted CD8	CXCR1	0	WR
P21	good	Baseline	cytotoxic CD8	CX3CR1	2.004564162826905	WR
P21	good	Treat	NK	CXCR2	1.5850556361103307	WR
P21	good	Treat	exhausted CD8	CXCR2	0	WR
P21	good	Baseline	Treg	ACKR3	1.161530489432207	WR
P21	good	Treat	Treg	CCR5	2.149293441536582	WR
P21	good	Treat	other CD8	CX3CR1	1.3555065094935115	WR
P21	good	Baseline	Treg	CCR4	4.807077845658594	WR
P21	good	Treat	other CD8	CCR4	3.720914580532623	WR
P21	good	Baseline	NK	CX3CR1	2.8858917138463394	WR
P21	good	Treat	NK	ACKR3	0	WR
P21	good	Treat	other CD8	CXCR3	4.070299472275989	WR
P21	good	Treat	cytotoxic CD8	CCR5	3.188406601271146	WR
P21	good	Baseline	Treg	CCR2	1.2279728133838208	WR
P21	good	Treat	exhausted CD8	ACKR3	1.1175003065930746	WR
P21	good	Treat	NK	CXCR4	8.281079692981914	WR
P21	good	Treat	exhausted CD8	CCR5	2.734394653438402	WR
P21	good	Baseline	Treg	CCR6	5.906818013300473	WR
P21	good	Treat	NK	CCR4	1.9197633200609334	WR
P21	good	Treat	other CD8	CXCR2	0	WR
P21	good	Treat	cytotoxic CD8	CX3CR1	1.455784145094476	WR
P21	good	Treat	exhausted CD8	CXCR4	8.194124141573216	WR
P21	good	Treat	NK	CX3CR1	3.6337854483528713	WR
P21	good	Treat	other CD8	CXCR1	1.3555065094935115	WR
P21	good	Treat	exhausted CD8	CXCR3	4.053054937665646	WR
P21	good	Treat	NK	CXCR1	0	WR
P21	good	Treat	Treg	CXCR1	0	WR
P22	NA	Baseline	other CD8	CXCR1	0	NA
P22	NA	Baseline	Treg	CX3CR1	1.1419858136172056	NA
P22	NA	Baseline	cytotoxic CD8	CX3CR1	3.51940385822826	NA
P22	NA	Baseline	other CD8	CXCR2	1.7501464122586	NA
P22	NA	Baseline	other CD8	CCR6	4.297564830461442	NA
P22	NA	Baseline	cytotoxic CD8	CCR4	2.8412770635603226	NA
P22	NA	Baseline	other CD8	CX3CR1	1.5187654333919272	NA
P22	NA	Baseline	other CD8	CXCR4	7.257927212873829	NA
P22	NA	Baseline	other CD8	CXCR3	4.959163016263233	NA
P22	NA	Baseline	cytotoxic CD8	CCR6	3.6159707839365844	NA
P22	NA	Baseline	cytotoxic CD8	CXCR3	5.350858992164214	NA
P22	NA	Baseline	Treg	CCR6	5.840801181289652	NA
P22	NA	Baseline	cytotoxic CD8	ACKR3	0.39811772593066286	NA
P22	NA	Baseline	Treg	ACKR3	1.5162195715294584	NA
P22	NA	Baseline	exhausted CD8	CX3CR1	1.3331791999145635	NA
P22	NA	Baseline	NK	CXCR1	1.8219478616021856	NA
P22	NA	Baseline	cytotoxic CD8	CCR2	1.6866163080887986	NA
P22	NA	Baseline	cytotoxic CD8	CXCR1	0	NA
P22	NA	Baseline	Treg	CXCR3	5.18796742485666	NA
P22	NA	Baseline	cytotoxic CD8	CXCR2	0.39811772593066286	NA
P22	NA	Baseline	cytotoxic CD8	CCR5	4.113319655052411	NA
P22	NA	Baseline	NK	CCR4	0	NA
P22	NA	Baseline	exhausted CD8	CCR6	4.134331497654686	NA
P22	NA	Baseline	NK	CCR5	2.4307834061146285	NA
P22	NA	Baseline	NK	CCR2	0	NA
P22	NA	Baseline	NK	CX3CR1	4.560235900503573	NA
P22	NA	Baseline	exhausted CD8	CCR2	1.4332006318055701	NA
P22	NA	Baseline	NK	CXCR4	7.322114396450676	NA
P22	NA	Baseline	NK	CCR6	1.2786941297400343	NA
P22	NA	Baseline	other CD8	CCR5	3.83247599543424	NA
P22	NA	Baseline	cytotoxic CD8	CXCR4	7.801248708768977	NA
P22	NA	Baseline	Treg	CXCR2	0	NA
P22	NA	Baseline	other CD8	ACKR3	0.7833814636402071	NA
P22	NA	Baseline	Treg	CXCR4	6.306476585188231	NA
P22	NA	Baseline	other CD8	CCR4	3.664678003706644	NA
P22	NA	Baseline	exhausted CD8	CXCR2	0.5866881583904051	NA
P22	NA	Baseline	exhausted CD8	ACKR3	0	NA
P22	NA	Baseline	Treg	CXCR1	0.3041683874466296	NA
P22	NA	Baseline	exhausted CD8	CXCR3	4.580476559009236	NA
P22	NA	Baseline	Treg	CCR5	3.7177388194000103	NA
P22	NA	Baseline	NK	ACKR3	0	NA
P22	NA	Baseline	exhausted CD8	CXCR4	6.386764269019361	NA
P22	NA	Baseline	Treg	CCR2	1.3465078419775753	NA
P22	NA	Baseline	exhausted CD8	CXCR1	0	NA
P22	NA	Baseline	Treg	CCR4	4.802947330017386	NA
P22	NA	Baseline	NK	CXCR2	2.724953416960612	NA
P22	NA	Baseline	NK	CXCR3	4.841896143254804	NA
P22	NA	Baseline	other CD8	CCR2	0	NA
P22	NA	Baseline	exhausted CD8	CCR5	3.469570017651124	NA
P22	NA	Baseline	exhausted CD8	CCR4	3.8646041069124695	NA
P23	good	Baseline	cytotoxic CD8	CCR4	2.7978530407320408	WR
P23	good	Baseline	cytotoxic CD8	CCR2	1.3000121322613787	WR
P23	good	Baseline	cytotoxic CD8	CXCR1	0.11451877170903428	WR
P23	good	Baseline	exhausted CD8	CX3CR1	0	WR
P23	good	Baseline	exhausted CD8	CCR5	3.3655209669759394	WR
P23	good	Baseline	exhausted CD8	CCR6	4.964304569732075	WR
P23	good	Baseline	exhausted CD8	CCR4	3.637342986215696	WR
P23	good	Baseline	Treg	CCR4	4.854729185640188	WR
P23	good	Baseline	exhausted CD8	CXCR3	3.815267860156833	WR
P23	good	Baseline	other CD8	CXCR4	7.747571931339753	WR
P23	good	Baseline	cytotoxic CD8	CCR6	3.4676535846013232	WR
P23	good	Baseline	exhausted CD8	CCR2	0	WR
P23	good	Baseline	cytotoxic CD8	CX3CR1	2.2246982443778816	WR
P23	good	Baseline	Treg	CCR5	2.4755558668911815	WR
P23	good	Baseline	cytotoxic CD8	ACKR3	0.5469659095575805	WR
P23	good	Baseline	Treg	CXCR1	0.3875760073624836	WR
P23	good	Baseline	Treg	CCR6	6.178883139727451	WR
P23	good	Baseline	exhausted CD8	CXCR1	0.5999440746824942	WR
P23	good	Baseline	NK	CXCR3	4.019357160612235	WR
P23	good	Baseline	NK	CCR4	3.0264285249460654	WR
P23	good	Baseline	exhausted CD8	ACKR3	0	WR
P23	good	Baseline	exhausted CD8	CXCR2	0.5999440746824942	WR
P23	good	Baseline	cytotoxic CD8	CCR5	3.2149777160077155	WR
P23	good	Baseline	Treg	CXCR2	0.3875760073624836	WR
P23	good	Baseline	other CD8	CXCR3	4.2061280897427675	WR
P23	good	Baseline	NK	CCR2	0.8761662554481843	WR
P23	good	Baseline	Treg	CCR2	0.9771665358649466	WR
P23	good	Baseline	cytotoxic CD8	CXCR2	0.31042234435386734	WR
P23	good	Baseline	cytotoxic CD8	CXCR3	4.625668296380433	WR
P23	good	Baseline	Treg	CXCR3	3.8584889713135038	WR
P23	good	Baseline	other CD8	CX3CR1	0.9453523747307144	WR
P23	good	Baseline	other CD8	ACKR3	0.9453523747307144	WR
P23	good	Baseline	other CD8	CXCR1	0	WR
P23	good	Baseline	exhausted CD8	CXCR4	7.208416568963201	WR
P23	good	Baseline	NK	ACKR3	1.6496242903752392	WR
P23	good	Baseline	cytotoxic CD8	CXCR4	8.16132124879381	WR
P23	good	Baseline	NK	CXCR1	0.38337277698371525	WR
P23	good	Baseline	NK	CCR5	1.555572683224188	WR
P23	good	Baseline	NK	CCR6	4.486817600485871	WR
P23	good	Baseline	NK	CX3CR1	3.003512921048468	WR
P23	good	Baseline	NK	CXCR2	1.814739011090017	WR
P23	good	Baseline	Treg	ACKR3	0.7809347488237434	WR
P23	good	Baseline	Treg	CXCR4	6.831421229421563	WR
P23	good	Baseline	NK	CXCR4	7.721272036375136	WR
P23	good	Baseline	other CD8	CCR2	0.9453523747307144	WR
P23	good	Baseline	other CD8	CCR4	3.9690225116182942	WR
P23	good	Baseline	other CD8	CCR5	2.8176338663526423	WR
P23	good	Baseline	other CD8	CCR6	5.013985759095361	WR
P23	good	Baseline	other CD8	CXCR2	0	WR
P23	good	Baseline	Treg	CX3CR1	0.3875760073624836	WR
P24	poor	Treat	exhausted CD8	ACKR3	0	NR
P24	poor	Baseline	Treg	CXCR3	4.696701250866399	NR
P24	poor	Baseline	Treg	CXCR1	0	NR
P24	poor	Baseline	Treg	CCR6	5.793374025896095	NR
P24	poor	Treat	exhausted CD8	CXCR1	0	NR
P24	poor	Baseline	Treg	CXCR4	6.350890229883274	NR
P24	poor	Treat	exhausted CD8	CX3CR1	0	NR
P24	poor	Treat	cytotoxic CD8	CXCR2	0	NR
P24	poor	Baseline	Treg	CCR2	0.8599288917149128	NR
P24	poor	Treat	exhausted CD8	CCR5	2.7808247963099393	NR
P24	poor	Treat	Treg	CCR5	1.6868450735833658	NR
P24	poor	Treat	cytotoxic CD8	CXCR4	8.389355013531294	NR
P24	poor	Treat	cytotoxic CD8	CXCR1	0	NR
P24	poor	Treat	Treg	CXCR3	4.420986643929931	NR
P24	poor	Baseline	exhausted CD8	CCR5	3.7327902796616397	NR
P24	poor	Baseline	NK	CX3CR1	3.6643396422615018	NR
P24	poor	Baseline	Treg	CCR4	4.741297021662688	NR
P24	poor	Treat	cytotoxic CD8	CX3CR1	2.210874472646517	NR
P24	poor	Treat	cytotoxic CD8	CCR4	2.49898011656426	NR
P24	poor	Baseline	Treg	CCR5	3.1271062020887763	NR
P24	poor	Baseline	NK	ACKR3	0.8579100299933746	NR
P24	poor	Baseline	Treg	CXCR2	0	NR
P24	poor	Treat	exhausted CD8	CXCR4	7.6445653804564095	NR
P24	poor	Treat	exhausted CD8	CCR4	2.845676614837415	NR
P24	poor	Treat	exhausted CD8	CCR2	0	NR
P24	poor	Treat	exhausted CD8	CXCR3	2.711473750431733	NR
P24	poor	Treat	cytotoxic CD8	CCR6	2.8476604014260833	NR
P24	poor	Treat	exhausted CD8	CXCR2	0	NR
P24	poor	Treat	Treg	CXCR2	0	NR
P24	poor	Treat	other CD8	CCR6	2.7364045716627334	NR
P24	poor	Baseline	other CD8	CCR2	0	NR
P24	poor	Baseline	Treg	CX3CR1	1.4303868908550728	NR
P24	poor	Baseline	exhausted CD8	CX3CR1	0	NR
P24	poor	Baseline	NK	CXCR4	7.444043634709564	NR
P24	poor	Baseline	NK	CXCR3	4.620145413477738	NR
P24	poor	Treat	exhausted CD8	CCR6	1.8569853289452816	NR
P24	poor	Baseline	cytotoxic CD8	ACKR3	0.7727795997178868	NR
P24	poor	Baseline	cytotoxic CD8	CXCR3	5.33624531780326	NR
P24	poor	Treat	Treg	CXCR1	0	NR
P24	poor	Treat	cytotoxic CD8	CCR5	3.3106158867725446	NR
P24	poor	Treat	Treg	CXCR4	7.751047179625916	NR
P24	poor	Treat	other CD8	CCR5	1.7596610456718538	NR
P24	poor	Baseline	other CD8	CXCR3	5.062346041361693	NR
P24	poor	Treat	other CD8	CCR2	1.7596610456718538	NR
P24	poor	Treat	cytotoxic CD8	ACKR3	0.7008481595131939	NR
P24	poor	Baseline	exhausted CD8	ACKR3	0.9262679624497234	NR
P24	poor	Treat	Treg	CCR2	0.9031932782033746	NR
P24	poor	Baseline	exhausted CD8	CXCR4	6.623370722299835	NR
P24	poor	Treat	Treg	CCR4	4.641722826929321	NR
P24	poor	Baseline	cytotoxic CD8	CCR6	3.158631963959972	NR
P24	poor	Treat	other CD8	CXCR1	1.7596610456718538	NR
P24	poor	Baseline	cytotoxic CD8	CCR5	3.655671242918145	NR
P24	poor	Treat	Treg	CCR6	5.456720597301912	NR
P24	poor	Baseline	exhausted CD8	CXCR1	0	NR
P24	poor	Baseline	exhausted CD8	CCR4	3.9675014080924838	NR
P24	poor	Treat	other CD8	CCR4	3.3966137416390816	NR
P24	poor	Baseline	other CD8	CXCR2	0	NR
P24	poor	Baseline	other CD8	CXCR4	7.440800262687727	NR
P24	poor	Baseline	Treg	ACKR3	1.9324342591733958	NR
P24	poor	Treat	cytotoxic CD8	CCR2	1.6217311721382397	NR
P24	poor	Treat	other CD8	CX3CR1	0	NR
P24	poor	Treat	other CD8	CXCR3	1.7596610456718538	NR
P24	poor	Treat	other CD8	CXCR2	1.7596610456718538	NR
P24	poor	Baseline	NK	CCR4	1.624263616301526	NR
P24	poor	Baseline	NK	CCR5	2.679806349761711	NR
P24	poor	Baseline	cytotoxic CD8	CXCR2	0.5750307983082565	NR
P24	poor	Baseline	exhausted CD8	CXCR2	0	NR
P24	poor	Baseline	other CD8	CCR4	4.2677609894186945	NR
P24	poor	Baseline	cytotoxic CD8	CX3CR1	2.732933190162174	NR
P24	poor	Baseline	exhausted CD8	CCR6	4.366639660758931	NR
P24	poor	Baseline	other CD8	CXCR1	0	NR
P24	poor	Baseline	other CD8	CCR6	4.874422066500289	NR
P24	poor	Baseline	other CD8	CX3CR1	2.1061543394826305	NR
P24	poor	Baseline	cytotoxic CD8	CXCR4	7.882328488689484	NR
P24	poor	Baseline	cytotoxic CD8	CXCR1	0.5750307983082565	NR
P24	poor	Baseline	NK	CCR6	1.8614266389942473	NR
P24	poor	Baseline	other CD8	ACKR3	1.8582393386419178	NR
P24	poor	Baseline	NK	CCR2	0.8579100299933746	NR
P24	poor	Baseline	cytotoxic CD8	CCR2	1.2034393964228283	NR
P24	poor	Baseline	exhausted CD8	CCR2	0	NR
P24	poor	Treat	other CD8	CXCR4	7.0227245334849036	NR
P24	poor	Treat	cytotoxic CD8	CXCR3	4.768802029630678	NR
P24	poor	Treat	Treg	CX3CR1	1.6868450735833658	NR
P24	poor	Treat	other CD8	ACKR3	3.7908539280305984	NR
P24	poor	Baseline	cytotoxic CD8	CCR4	2.3346865942472452	NR
P24	poor	Baseline	other CD8	CCR5	3.5632812460576746	NR
P24	poor	Treat	Treg	ACKR3	1.6868450735833658	NR
P24	poor	Baseline	exhausted CD8	CXCR3	4.0571406693502885	NR
P24	poor	Baseline	NK	CXCR2	1.624263616301526	NR
P24	poor	Baseline	NK	CXCR1	0.8579100299933746	NR
P25	good	Treat	cytotoxic CD8	CCR2	2.0851315786326943	WR
P25	good	Baseline	Treg	ACKR3	1.857194941333008	WR
P25	good	Baseline	Treg	CXCR4	6.824347931062753	WR
P25	good	Baseline	other CD8	CXCR3	5.24726752468234	WR
P25	good	Baseline	other CD8	CCR4	4.184698861871002	WR
P25	good	Baseline	Treg	CXCR3	4.990126843843914	WR
P25	good	Baseline	Treg	CCR6	6.030783667664573	WR
P25	good	Treat	cytotoxic CD8	CCR4	3.373572647786281	WR
P25	good	Baseline	NK	CXCR3	4.4843210047068585	WR
P25	good	Baseline	other CD8	CCR2	2.393321487392475	WR
P25	good	Treat	cytotoxic CD8	CXCR1	0.4950093883486374	WR
P25	good	Treat	cytotoxic CD8	CXCR2	0.8246259035102094	WR
P25	good	Treat	cytotoxic CD8	CCR6	2.2328788237869857	WR
P25	good	Baseline	exhausted CD8	CCR6	4.356405809694139	WR
P25	good	Baseline	NK	CX3CR1	3.107718158946551	WR
P25	good	Baseline	Treg	CCR5	3.5789811817355672	WR
P25	good	Treat	cytotoxic CD8	CXCR3	4.6455699744559	WR
P25	good	Baseline	Treg	CX3CR1	1.758737693107372	WR
P25	good	Baseline	cytotoxic CD8	CX3CR1	2.1227070616499226	WR
P25	good	Baseline	cytotoxic CD8	ACKR3	0.17690606295276415	WR
P25	good	Baseline	Treg	CCR2	0.47040237344700875	WR
P25	good	Baseline	NK	CXCR2	1.1432650633391026	WR
P25	good	Baseline	other CD8	CXCR1	0	WR
P25	good	Baseline	NK	CCR6	3.560816122880355	WR
P25	good	Baseline	cytotoxic CD8	CXCR4	8.024066109605945	WR
P25	good	Baseline	NK	CCR2	0	WR
P25	good	Baseline	exhausted CD8	CXCR2	0	WR
P25	good	Baseline	Treg	CXCR2	0	WR
P25	good	Baseline	NK	ACKR3	0	WR
P25	good	Treat	cytotoxic CD8	CX3CR1	2.2328788237869857	WR
P25	good	Treat	cytotoxic CD8	CCR5	3.125771616603843	WR
P25	good	Baseline	cytotoxic CD8	CXCR2	0	WR
P25	good	Baseline	cytotoxic CD8	CCR6	2.4712354942748886	WR
P25	good	Baseline	cytotoxic CD8	CXCR1	0	WR
P25	good	Baseline	other CD8	ACKR3	0	WR
P25	good	Baseline	NK	CXCR1	1.1432650633391026	WR
P25	good	Baseline	other CD8	CCR6	4.559368425542336	WR
P25	good	Baseline	NK	CXCR4	7.748245011615361	WR
P25	good	Baseline	Treg	CCR4	5.17267664871889	WR
P25	good	Baseline	cytotoxic CD8	CXCR3	5.076835646946886	WR
P25	good	Treat	cytotoxic CD8	CXCR4	7.615232387159236	WR
P25	good	Baseline	Treg	CXCR1	0	WR
P25	good	Baseline	NK	CCR5	2.7700203660480804	WR
P25	good	Baseline	exhausted CD8	CXCR3	4.4775272976338485	WR
P25	good	Baseline	other CD8	CCR5	3.9747436318934826	WR
P25	good	Baseline	exhausted CD8	ACKR3	0.6079702952855421	WR
P25	good	Baseline	other CD8	CXCR2	0	WR
P25	good	Treat	cytotoxic CD8	ACKR3	0.8246259035102094	WR
P25	good	Baseline	exhausted CD8	CX3CR1	0.6079702952855421	WR
P25	good	Baseline	other CD8	CXCR4	8.027978819422678	WR
P25	good	Baseline	cytotoxic CD8	CCR2	1.0085674973136383	WR
P25	good	Baseline	NK	CCR4	1.6627868682748703	WR
P25	good	Baseline	exhausted CD8	CCR4	3.3537943564320525	WR
P25	good	Baseline	exhausted CD8	CCR5	4.058640983323043	WR
P25	good	Baseline	exhausted CD8	CXCR1	0	WR
P25	good	Baseline	exhausted CD8	CXCR4	7.050239967716461	WR
P25	good	Baseline	other CD8	CX3CR1	0	WR
P25	good	Baseline	cytotoxic CD8	CCR4	2.519116380239611	WR
P25	good	Baseline	exhausted CD8	CCR2	0.6079702952855421	WR
P25	good	Baseline	cytotoxic CD8	CCR5	3.9677052607291143	WR
P26	good	Baseline	exhausted CD8	CXCR2	0.1913161703875907	WR
P26	good	Baseline	other CD8	ACKR3	1.1694830757243881	WR
P26	good	Baseline	Treg	CCR5	3.183176743480701	WR
P26	good	Baseline	NK	ACKR3	0.6029298841564533	WR
P26	good	Baseline	Treg	CCR6	5.902178975370463	WR
P26	good	Baseline	NK	CXCR4	7.680857392217473	WR
P26	good	Baseline	Treg	CXCR1	0.18034856746018407	WR
P26	good	Baseline	Treg	CCR4	4.864917338160439	WR
P26	good	Baseline	cytotoxic CD8	CXCR4	7.81876873565818	WR
P26	good	Baseline	exhausted CD8	CCR4	3.094863435113775	WR
P26	good	Treat	cytotoxic CD8	CCR4	2.5750614177888456	WR
P26	good	Baseline	NK	CXCR2	0.9764184590768917	WR
P26	good	Baseline	other CD8	CX3CR1	0	WR
P26	good	Baseline	exhausted CD8	CCR6	3.853852370168359	WR
P26	good	Treat	Treg	CX3CR1	1.1863944257385841	WR
P26	good	Baseline	other CD8	CXCR4	6.889983058373994	WR
P26	good	Baseline	cytotoxic CD8	CXCR1	0	WR
P26	good	Treat	NK	CXCR1	0	WR
P26	good	Baseline	NK	CCR2	0	WR
P26	good	Baseline	cytotoxic CD8	ACKR3	0.33437545171319905	WR
P26	good	Baseline	NK	CCR5	2.3914731229863135	WR
P26	good	Baseline	cytotoxic CD8	CX3CR1	1.5627952559035068	WR
P26	good	Treat	Treg	CXCR2	0	WR
P26	good	Treat	NK	CX3CR1	1.6850852615507075	WR
P26	good	Treat	cytotoxic CD8	CCR5	3.2609024287778556	WR
P26	good	Baseline	NK	CCR6	3.4271493027097013	WR
P26	good	Baseline	Treg	CCR2	0.4655589165215791	WR
P26	good	Treat	cytotoxic CD8	CX3CR1	1.8550558080460793	WR
P26	good	Baseline	Treg	CXCR3	5.209604188897313	WR
P26	good	Baseline	other CD8	CXCR2	0	WR
P26	good	Baseline	cytotoxic CD8	CXCR3	4.737638282494724	WR
P26	good	Baseline	exhausted CD8	CCR2	0.4901289202086086	WR
P26	good	Baseline	NK	CCR4	2.816715606971472	WR
P26	good	Baseline	exhausted CD8	CCR5	3.7844580910771004	WR
P26	good	Baseline	exhausted CD8	CXCR1	0	WR
P26	good	Treat	exhausted CD8	CX3CR1	0	WR
P26	good	Baseline	NK	CX3CR1	1.4609056305311918	WR
P26	good	Baseline	NK	CXCR3	5.139499645494415	WR
P26	good	Treat	cytotoxic CD8	CCR2	1.7197704572648107	WR
P26	good	Baseline	cytotoxic CD8	CCR6	4.476857145602056	WR
P26	good	Baseline	cytotoxic CD8	CCR4	3.0748906201304274	WR
P26	good	Treat	cytotoxic CD8	ACKR3	0.8535697546707388	WR
P26	good	Baseline	other CD8	CXCR3	4.757522382840181	WR
P26	good	Baseline	Treg	CXCR2	0.18034856746018407	WR
P26	good	Baseline	other CD8	CCR6	4.569274416183216	WR
P26	good	Baseline	Treg	CX3CR1	1.4724240509099518	WR
P26	good	Baseline	Treg	CXCR4	6.305650474749613	WR
P26	good	Baseline	Treg	ACKR3	1.0219877707810008	WR
P26	good	Treat	exhausted CD8	CXCR2	0	WR
P26	good	Treat	Treg	CCR6	5.820019698437753	WR
P26	good	Treat	NK	CXCR4	7.878965672407777	WR
P26	good	Baseline	NK	CXCR1	0.9764184590768917	WR
P26	good	Treat	Treg	CXCR3	4.471176147387627	WR
P26	good	Treat	Treg	CXCR4	7.754641733626014	WR
P26	good	Treat	cytotoxic CD8	CXCR3	4.775307805137699	WR
P26	good	Treat	cytotoxic CD8	CXCR4	8.043436649746772	WR
P26	good	Baseline	other CD8	CCR5	3.5352885841701553	WR
P26	good	Baseline	other CD8	CCR4	3.6570163809033063	WR
P26	good	Treat	NK	CCR5	1.1620424959588167	WR
P26	good	Treat	NK	CCR4	4.235411683936893	WR
P26	good	Treat	exhausted CD8	CXCR3	3.3919670576496963	WR
P26	good	Treat	exhausted CD8	CXCR1	0	WR
P26	good	Treat	Treg	CCR2	0.9230016916270937	WR
P26	good	Treat	NK	ACKR3	0	WR
P26	good	Baseline	cytotoxic CD8	CCR5	3.9817627372390354	WR
P26	good	Treat	NK	CXCR2	1.6850852615507075	WR
P26	good	Treat	cytotoxic CD8	CCR6	3.554489015564257	WR
P26	good	Baseline	cytotoxic CD8	CCR2	1.429483299162778	WR
P26	good	Treat	Treg	ACKR3	0.564413921816671	WR
P26	good	Baseline	other CD8	CXCR1	0	WR
P26	good	Baseline	cytotoxic CD8	CXCR2	0.18109896662414907	WR
P26	good	Treat	NK	CCR6	5.269341963401995	WR
P26	good	Treat	NK	CCR2	0	WR
P26	good	Treat	exhausted CD8	CXCR4	7.890469457579377	WR
P26	good	Baseline	exhausted CD8	CX3CR1	0.3518423996151091	WR
P26	good	Baseline	exhausted CD8	CXCR4	6.774879151906115	WR
P26	good	Baseline	exhausted CD8	ACKR3	0.4901289202086086	WR
P26	good	Treat	NK	CXCR3	3.5247954889715767	WR
P26	good	Treat	Treg	CCR4	4.762496851579028	WR
P26	good	Treat	cytotoxic CD8	CXCR2	0.7316036564472652	WR
P26	good	Treat	Treg	CCR5	3.0310434159583526	WR
P26	good	Treat	cytotoxic CD8	CXCR1	0.43126637217846164	WR
P26	good	Treat	exhausted CD8	CCR2	1.9476338422387645	WR
P26	good	Treat	exhausted CD8	CCR4	1.9476338422387645	WR
P26	good	Baseline	other CD8	CCR2	1.1694830757243881	WR
P26	good	Treat	exhausted CD8	ACKR3	0	WR
P26	good	Treat	Treg	CXCR1	0	WR
P26	good	Treat	exhausted CD8	CCR6	3.3692372499628864	WR
P26	good	Treat	exhausted CD8	CCR5	3.9337969330708926	WR
P26	good	Baseline	exhausted CD8	CXCR3	4.320370127953955	WR
P27	good	Treat	Treg	CXCR3	4.170284209274509	WR
P27	good	Baseline	cytotoxic CD8	CXCR1	0	WR
P27	good	Treat	Treg	CXCR2	0	WR
P27	good	Baseline	Treg	ACKR3	1.5352019149540752	WR
P27	good	Baseline	other CD8	CCR6	4.9457851367590004	WR
P27	good	Baseline	cytotoxic CD8	ACKR3	0.696110168383657	WR
P27	good	Treat	exhausted CD8	CCR6	0	WR
P27	good	Baseline	NK	CCR5	1.1212447719343719	WR
P27	good	Baseline	cytotoxic CD8	CX3CR1	1.3907355571091604	WR
P27	good	Treat	exhausted CD8	CCR5	1.69659771598918	WR
P27	good	Baseline	other CD8	CCR5	3.4139659227051915	WR
P27	good	Treat	exhausted CD8	CCR2	0	WR
P27	good	Treat	exhausted CD8	CCR4	0	WR
P27	good	Baseline	cytotoxic CD8	CCR6	4.18021372267191	WR
P27	good	Baseline	cytotoxic CD8	CXCR4	7.632849984793715	WR
P27	good	Baseline	other CD8	CXCR2	0	WR
P27	good	Baseline	NK	CCR2	0	WR
P27	good	Treat	exhausted CD8	ACKR3	1.69659771598918	WR
P27	good	Treat	NK	CXCR1	0	WR
P27	good	Baseline	NK	CCR4	0	WR
P27	good	Baseline	other CD8	CXCR3	4.6429407397784965	WR
P27	good	Baseline	exhausted CD8	ACKR3	0.44066743149609955	WR
P27	good	Baseline	exhausted CD8	CXCR4	7.21447836516686	WR
P27	good	Baseline	cytotoxic CD8	CCR2	0.919845265201835	WR
P27	good	Baseline	cytotoxic CD8	CCR4	1.8375542802178106	WR
P27	good	Treat	Treg	CX3CR1	0	WR
P27	good	Baseline	cytotoxic CD8	CXCR2	0.40744140848001403	WR
P27	good	Baseline	cytotoxic CD8	CXCR3	4.650251391447188	WR
P27	good	Treat	Treg	CXCR1	0	WR
P27	good	Baseline	Treg	CX3CR1	1.4534941426116024	WR
P27	good	Baseline	Treg	CXCR4	6.181257742463792	WR
P27	good	Baseline	exhausted CD8	CCR4	1.5843677109001808	WR
P27	good	Baseline	other CD8	CXCR1	0	WR
P27	good	Treat	exhausted CD8	CXCR4	8.166423786866321	WR
P27	good	Baseline	NK	CXCR4	7.584928915909272	WR
P27	good	Baseline	other CD8	CCR2	0	WR
P27	good	Baseline	other CD8	CCR4	3.4139659227051915	WR
P27	good	Treat	Treg	ACKR3	0	WR
P27	good	Baseline	Treg	CXCR3	4.728994434937012	WR
P27	good	Baseline	Treg	CCR6	6.015332145436408	WR
P27	good	Baseline	cytotoxic CD8	CCR5	3.596193838611362	WR
P27	good	Baseline	Treg	CXCR2	0	WR
P27	good	Treat	Treg	CCR5	2.4976108835403035	WR
P27	good	Treat	NK	CXCR2	0	WR
P27	good	Baseline	exhausted CD8	CCR2	0.31419930727359946	WR
P27	good	Treat	NK	CCR5	2.233388874130849	WR
P27	good	Treat	exhausted CD8	CXCR2	0	WR
P27	good	Baseline	exhausted CD8	CCR6	3.0675190221506545	WR
P27	good	Baseline	exhausted CD8	CX3CR1	0	WR
P27	good	Baseline	exhausted CD8	CXCR3	4.192033693990654	WR
P27	good	Treat	NK	CX3CR1	3.5358955820033677	WR
P27	good	Baseline	Treg	CCR5	2.672517822221846	WR
P27	good	Baseline	Treg	CCR4	4.192627647637602	WR
P27	good	Treat	exhausted CD8	CXCR1	0	WR
P27	good	Treat	Treg	CCR6	5.801582463129423	WR
P27	good	Baseline	Treg	CXCR1	0	WR
P27	good	Baseline	exhausted CD8	CCR5	3.2899447839279308	WR
P27	good	Treat	cytotoxic CD8	CX3CR1	1.1373142656695399	WR
P27	good	Treat	NK	CCR6	3.875596928414976	WR
P27	good	Treat	NK	CCR4	1.3289684877396135	WR
P27	good	Baseline	other CD8	CX3CR1	0	WR
P27	good	Baseline	NK	ACKR3	0	WR
P27	good	Treat	Treg	CCR2	0	WR
P27	good	Treat	Treg	CXCR4	7.620160709432369	WR
P27	good	Treat	NK	ACKR3	0	WR
P27	good	Treat	cytotoxic CD8	ACKR3	0.3532425347637179	WR
P27	good	Treat	NK	CXCR3	4.46695930596633	WR
P27	good	Treat	Treg	CCR4	4.21833848993511	WR
P27	good	Treat	cytotoxic CD8	CXCR4	8.179147404225072	WR
P27	good	Treat	NK	CCR2	0	WR
P27	good	Baseline	Treg	CCR2	0.7384449836633507	WR
P27	good	Treat	cytotoxic CD8	CXCR2	0	WR
P27	good	Treat	exhausted CD8	CXCR3	4.45028962348219	WR
P27	good	Treat	cytotoxic CD8	CXCR3	4.643942369696022	WR
P27	good	Treat	NK	CXCR4	7.98495408769281	WR
P27	good	Baseline	NK	CXCR3	4.648551282350041	WR
P27	good	Baseline	exhausted CD8	CXCR1	0	WR
P27	good	Treat	cytotoxic CD8	CCR2	0.9912889480504954	WR
P27	good	Baseline	exhausted CD8	CXCR2	0.16938937603901486	WR
P27	good	Baseline	other CD8	ACKR3	0	WR
P27	good	Treat	cytotoxic CD8	CCR4	2.1548011932289373	WR
P27	good	Baseline	NK	CX3CR1	2.227288806608529	WR
P27	good	Baseline	NK	CXCR2	0	WR
P27	good	Treat	cytotoxic CD8	CXCR1	0	WR
P27	good	Treat	exhausted CD8	CX3CR1	0	WR
P27	good	Treat	cytotoxic CD8	CCR5	2.9989988158999843	WR
P27	good	Baseline	NK	CCR6	2.596152045960848	WR
P27	good	Baseline	NK	CXCR1	0	WR
P27	good	Treat	cytotoxic CD8	CCR6	2.933559404769965	WR
P27	good	Baseline	other CD8	CXCR4	7.113015988928163	WR
P28	good	Baseline	cytotoxic CD8	CCR2	2.4360840628683746	WR
P28	good	Baseline	NK	CXCR1	1.2135060594082214	WR
P28	good	Baseline	exhausted CD8	CX3CR1	0.48920521763255154	WR
P28	good	Baseline	NK	CXCR3	4.329416536897261	WR
P28	good	Baseline	exhausted CD8	CCR4	2.5143318821016236	WR
P28	good	Treat	exhausted CD8	CXCR2	0	WR
P28	good	Baseline	cytotoxic CD8	CCR4	2.31886943432487	WR
P28	good	Treat	cytotoxic CD8	CX3CR1	0.42905890403603303	WR
P28	good	Treat	cytotoxic CD8	CXCR4	8.633333755302564	WR
P28	good	Treat	cytotoxic CD8	CXCR3	4.38577088608093	WR
P28	good	Baseline	cytotoxic CD8	CCR5	3.454819993313586	WR
P28	good	Baseline	exhausted CD8	CCR5	3.7821265788031146	WR
P28	good	Baseline	NK	CXCR2	2.3476589523825955	WR
P28	good	Treat	exhausted CD8	CCR4	2.1520283068910726	WR
P28	good	Baseline	other CD8	CCR6	5.006693495358244	WR
P28	good	Treat	exhausted CD8	CXCR1	0	WR
P28	good	Treat	cytotoxic CD8	ACKR3	0.9583667845422443	WR
P28	good	Treat	exhausted CD8	CX3CR1	0	WR
P28	good	Baseline	other CD8	CXCR3	4.531230723691236	WR
P28	good	Baseline	exhausted CD8	CCR2	0.6105039940062345	WR
P28	good	Treat	exhausted CD8	ACKR3	1.2624576132687066	WR
P28	good	Treat	exhausted CD8	CCR5	2.8605781778654467	WR
P28	good	Treat	exhausted CD8	CCR2	0	WR
P28	good	Baseline	cytotoxic CD8	CXCR4	8.105532066811097	WR
P28	good	Treat	Treg	CXCR4	7.870731133096407	WR
P28	good	Treat	Treg	CXCR3	4.4158320995983384	WR
P28	good	Baseline	Treg	CCR4	4.81710268148339	WR
P28	good	Baseline	exhausted CD8	CXCR3	3.7724997441569554	WR
P28	good	Baseline	cytotoxic CD8	ACKR3	0	WR
P28	good	Baseline	Treg	CCR5	3.3602855378974543	WR
P28	good	Baseline	other CD8	CCR2	1.5115094669723987	WR
P28	good	Baseline	Treg	CCR6	6.078392728607143	WR
P28	good	Baseline	exhausted CD8	CXCR4	7.525831694939756	WR
P28	good	Baseline	other CD8	CCR5	3.8487934034892657	WR
P28	good	Treat	NK	CCR2	0	WR
P28	good	Treat	Treg	CXCR2	0	WR
P28	good	Baseline	Treg	CCR2	1.7857118279233097	WR
P28	good	Baseline	cytotoxic CD8	CXCR3	4.907513656982389	WR
P28	good	Baseline	other CD8	ACKR3	2.451066019858355	WR
P28	good	Baseline	other CD8	CX3CR1	0	WR
P28	good	Baseline	other CD8	CXCR2	0	WR
P28	good	Baseline	other CD8	CXCR1	0	WR
P28	good	Treat	exhausted CD8	CXCR4	8.340120414443168	WR
P28	good	Baseline	Treg	CXCR1	0.22169544944924693	WR
P28	good	Treat	Treg	CCR6	6.126208150679257	WR
P28	good	Baseline	NK	CCR6	2.5514988436447195	WR
P28	good	Treat	Treg	CXCR1	0.4791285481892654	WR
P28	good	Baseline	other CD8	CXCR4	7.6361109894938455	WR
P28	good	Baseline	exhausted CD8	ACKR3	0.48920521763255154	WR
P28	good	Treat	NK	CX3CR1	3.771970971154038	WR
P28	good	Baseline	exhausted CD8	CXCR1	0	WR
P28	good	Baseline	other CD8	CCR4	3.770524573895857	WR
P28	good	Treat	cytotoxic CD8	CCR4	2.5484957312122667	WR
P28	good	Treat	Treg	CCR2	1.87671319995084	WR
P28	good	Treat	Treg	CCR4	4.541321233861608	WR
P28	good	Treat	Treg	CCR5	2.4902258381674574	WR
P28	good	Baseline	NK	CCR5	3.1723797258840785	WR
P28	good	Baseline	cytotoxic CD8	CXCR2	1.1669070627427434	WR
P28	good	Baseline	NK	CCR4	1.423995588500109	WR
P28	good	Baseline	cytotoxic CD8	CCR6	3.594367705106007	WR
P28	good	Treat	cytotoxic CD8	CXCR1	0	WR
P28	good	Treat	cytotoxic CD8	CCR6	3.959629683534389	WR
P28	good	Baseline	cytotoxic CD8	CXCR1	0.2746014586836654	WR
P28	good	Treat	exhausted CD8	CCR6	3.486647085629795	WR
P28	good	Baseline	exhausted CD8	CXCR2	0.35113534830758936	WR
P28	good	Baseline	NK	CX3CR1	4.31897457979292	WR
P28	good	Baseline	Treg	CX3CR1	1.9747446344684336	WR
P28	good	Treat	cytotoxic CD8	CCR5	3.1571741457871525	WR
P28	good	Baseline	cytotoxic CD8	CX3CR1	2.6130245042831564	WR
P28	good	Treat	cytotoxic CD8	CXCR2	0	WR
P28	good	Treat	Treg	CX3CR1	0	WR
P28	good	Baseline	exhausted CD8	CCR6	3.8692360679619333	WR
P28	good	Treat	NK	CCR6	4.273551319531893	WR
P28	good	Baseline	NK	CCR2	0	WR
P28	good	Treat	NK	ACKR3	1.2117036774288215	WR
P28	good	Treat	exhausted CD8	CXCR3	4.310648666982905	WR
P28	good	Treat	cytotoxic CD8	CCR2	1.4386185075478717	WR
P28	good	Baseline	NK	ACKR3	0.5813330711822446	WR
P28	good	Treat	NK	CXCR2	2.8630245100755776	WR
P28	good	Treat	Treg	ACKR3	0.4791285481892654	WR
P28	good	Treat	NK	CXCR3	3.6570596423329196	WR
P28	good	Baseline	Treg	CXCR4	6.9891978322725254	WR
P28	good	Treat	NK	CXCR4	8.275558075831634	WR
P28	good	Baseline	Treg	ACKR3	1.441370766973899	WR
P28	good	Treat	NK	CCR5	1.2117036774288215	WR
P28	good	Baseline	NK	CXCR4	7.706509532201059	WR
P28	good	Treat	NK	CXCR1	1.743690017651915	WR
P28	good	Baseline	Treg	CXCR3	4.498168806989531	WR
P28	good	Treat	NK	CCR4	2.5491337076592018	WR
P28	good	Baseline	Treg	CXCR2	0	WR
P29	NA	Baseline	Treg	CCR6	5.802048532462879	NA
P29	NA	Baseline	other CD8	ACKR3	1.190214103408157	NA
P29	NA	Baseline	Treg	CCR2	1.209538646483304	NA
P29	NA	Baseline	NK	CCR2	0.443005151337492	NA
P29	NA	Baseline	other CD8	CCR5	3.07223327936065	NA
P29	NA	Baseline	exhausted CD8	ACKR3	0.6456050296670055	NA
P29	NA	Baseline	cytotoxic CD8	CX3CR1	1.3081806765562267	NA
P29	NA	Baseline	cytotoxic CD8	CXCR4	8.235390772510037	NA
P29	NA	Baseline	Treg	CXCR1	0.21122787011430766	NA
P29	NA	Baseline	NK	CXCR2	0.9828800502159275	NA
P29	NA	Baseline	exhausted CD8	CXCR3	4.123554069031344	NA
P29	NA	Baseline	cytotoxic CD8	CXCR1	0	NA
P29	NA	Baseline	Treg	CXCR2	0.21122787011430766	NA
P29	NA	Baseline	NK	CCR6	2.5419946325269906	NA
P29	NA	Baseline	other CD8	CCR4	2.8340656516875375	NA
P29	NA	Baseline	exhausted CD8	CXCR1	0	NA
P29	NA	Baseline	exhausted CD8	CXCR2	0	NA
P29	NA	Baseline	exhausted CD8	CXCR4	7.261650502842439	NA
P29	NA	Baseline	exhausted CD8	CCR6	3.9647484968474904	NA
P29	NA	Baseline	other CD8	CXCR2	0	NA
P29	NA	Baseline	Treg	ACKR3	1.3408589915744054	NA
P29	NA	Baseline	NK	CX3CR1	1.9644772691749568	NA
P29	NA	Baseline	NK	CXCR1	0	NA
P29	NA	Baseline	NK	CCR4	2.109721520688099	NA
P29	NA	Baseline	NK	ACKR3	0	NA
P29	NA	Baseline	other CD8	CXCR4	7.886718049627073	NA
P29	NA	Baseline	Treg	CXCR3	5.066258170721105	NA
P29	NA	Baseline	other CD8	CCR2	1.190214103408157	NA
P29	NA	Baseline	Treg	CCR4	4.3279877876614625	NA
P29	NA	Baseline	other CD8	CXCR1	0	NA
P29	NA	Baseline	cytotoxic CD8	ACKR3	0.4317093115941096	NA
P29	NA	Baseline	NK	CCR5	2.809803217164754	NA
P29	NA	Baseline	other CD8	CXCR3	4.748311220628995	NA
P29	NA	Baseline	NK	CXCR4	7.388232403376662	NA
P29	NA	Baseline	exhausted CD8	CX3CR1	0.26419350241514766	NA
P29	NA	Baseline	other CD8	CCR6	4.9291873468994405	NA
P29	NA	Baseline	Treg	CXCR4	7.101395178045146	NA
P29	NA	Baseline	other CD8	CX3CR1	0	NA
P29	NA	Baseline	cytotoxic CD8	CXCR3	4.821042021303151	NA
P29	NA	Baseline	cytotoxic CD8	CXCR2	0.23897257770661656	NA
P29	NA	Baseline	exhausted CD8	CCR2	0.6456050296670055	NA
P29	NA	Baseline	exhausted CD8	CCR5	3.4889005037965775	NA
P29	NA	Baseline	Treg	CCR5	3.264450737334048	NA
P29	NA	Baseline	NK	CXCR3	4.3339695216618965	NA
P29	NA	Baseline	cytotoxic CD8	CCR2	1.4444039490171634	NA
P29	NA	Baseline	cytotoxic CD8	CCR6	3.209029371166026	NA
P29	NA	Baseline	cytotoxic CD8	CCR4	2.655158567280513	NA
P29	NA	Baseline	exhausted CD8	CCR4	2.3680137747146883	NA
P29	NA	Baseline	cytotoxic CD8	CCR5	3.2825884767087605	NA
P29	NA	Baseline	Treg	CX3CR1	0.7774740521101168	NA
P30	NA	Baseline	cytotoxic CD8	CXCR3	5.039990012487182	NA
P30	NA	Baseline	NK	CCR4	2.5059597676550207	NA
P30	NA	Baseline	other CD8	CXCR3	4.470465005000365	NA
P30	NA	Baseline	cytotoxic CD8	ACKR3	0.6140455905339959	NA
P30	NA	Baseline	Treg	CCR6	5.678722548696298	NA
P30	NA	Baseline	exhausted CD8	CX3CR1	0.47137562082039164	NA
P30	NA	Baseline	exhausted CD8	CCR4	2.0313226278303995	NA
P30	NA	Baseline	NK	CCR6	2.660380969953644	NA
P30	NA	Baseline	NK	CXCR3	4.801878093227357	NA
P30	NA	Baseline	other CD8	CCR6	4.138559124300043	NA
P30	NA	Baseline	other CD8	CXCR2	0	NA
P30	NA	Baseline	NK	CXCR1	1.8109168779122446	NA
P30	NA	Baseline	cytotoxic CD8	CXCR4	7.880643899892586	NA
P30	NA	Baseline	NK	CX3CR1	3.4233862024510486	NA
P30	NA	Baseline	exhausted CD8	ACKR3	0.7904523627476099	NA
P30	NA	Baseline	Treg	CCR5	2.8011897552197182	NA
P30	NA	Baseline	Treg	ACKR3	1.5022805477983172	NA
P30	NA	Baseline	Treg	CCR4	4.301785528249762	NA
P30	NA	Baseline	NK	CXCR4	7.685872430765504	NA
P30	NA	Baseline	NK	CCR5	1.8109168779122446	NA
P30	NA	Baseline	other CD8	CXCR1	0	NA
P30	NA	Baseline	Treg	CXCR2	0	NA
P30	NA	Baseline	other CD8	CCR5	3.3593532676743614	NA
P30	NA	Baseline	exhausted CD8	CXCR4	7.296533603703993	NA
P30	NA	Baseline	exhausted CD8	CXCR1	0	NA
P30	NA	Baseline	Treg	CCR2	0.8096470822009341	NA
P30	NA	Baseline	NK	CCR2	0	NA
P30	NA	Baseline	other CD8	CCR2	0	NA
P30	NA	Baseline	NK	CXCR2	1.9656095557393218	NA
P30	NA	Baseline	Treg	CXCR4	6.752295967892045	NA
P30	NA	Baseline	Treg	CXCR3	4.516781873896408	NA
P30	NA	Baseline	Treg	CX3CR1	1.6075896774422358	NA
P30	NA	Baseline	other CD8	CX3CR1	1.407473437143508	NA
P30	NA	Baseline	other CD8	CCR4	3.8561782459532954	NA
P30	NA	Baseline	exhausted CD8	CCR2	1.3890364644870725	NA
P30	NA	Baseline	cytotoxic CD8	CCR2	0.9916891541991368	NA
P30	NA	Baseline	NK	ACKR3	1.1139674636636332	NA
P30	NA	Baseline	exhausted CD8	CCR6	2.915806864407376	NA
P30	NA	Baseline	other CD8	CXCR4	7.221053606704579	NA
P30	NA	Baseline	cytotoxic CD8	CCR5	3.20846094316202	NA
P30	NA	Baseline	exhausted CD8	CXCR3	3.581500463806939	NA
P30	NA	Baseline	cytotoxic CD8	CCR6	3.2640072145222505	NA
P30	NA	Baseline	cytotoxic CD8	CXCR1	0	NA
P30	NA	Baseline	cytotoxic CD8	CXCR2	0	NA
P30	NA	Baseline	cytotoxic CD8	CCR4	2.4136527726674015	NA
P30	NA	Baseline	exhausted CD8	CXCR2	0	NA
P30	NA	Baseline	other CD8	ACKR3	1.407473437143508	NA
P30	NA	Baseline	Treg	CXCR1	0	NA
P30	NA	Baseline	cytotoxic CD8	CX3CR1	1.3419001186664286	NA
P30	NA	Baseline	exhausted CD8	CCR5	2.915806864407376	NA
P31	poor	Baseline	NK	CXCR3	5.032250906949423	NR
P31	poor	Baseline	NK	CXCR1	0	NR
P31	poor	Baseline	Treg	CXCR2	0	NR
P31	poor	Baseline	exhausted CD8	CCR5	3.8512327980230396	NR
P31	poor	Baseline	NK	CCR5	3.124738683816275	NR
P31	poor	Baseline	Treg	CCR2	2.601726681881807	NR
P31	poor	Baseline	NK	ACKR3	0	NR
P31	poor	Baseline	NK	CCR4	0	NR
P31	poor	Baseline	Treg	CXCR1	0	NR
P31	poor	Baseline	cytotoxic CD8	CX3CR1	1.8672610041138666	NR
P31	poor	Baseline	exhausted CD8	CXCR2	0	NR
P31	poor	Baseline	exhausted CD8	CXCR3	5.0120033138858995	NR
P31	poor	Baseline	NK	CCR2	0	NR
P31	poor	Baseline	Treg	CCR6	5.524417001114381	NR
P31	poor	Baseline	exhausted CD8	ACKR3	1.0445225533065703	NR
P31	poor	Baseline	exhausted CD8	CXCR1	0	NR
P31	poor	Baseline	exhausted CD8	CCR4	1.0445225533065703	NR
P31	poor	Baseline	cytotoxic CD8	CCR2	1.317821349730697	NR
P31	poor	Baseline	cytotoxic CD8	ACKR3	0	NR
P31	poor	Baseline	NK	CXCR2	1.5316186434242274	NR
P31	poor	Baseline	cytotoxic CD8	CCR5	4.1994039061461725	NR
P31	poor	Baseline	Treg	CCR4	3.800074614715291	NR
P31	poor	Baseline	Treg	CXCR3	5.66365860903557	NR
P31	poor	Baseline	NK	CX3CR1	2.741009830652341	NR
P31	poor	Baseline	exhausted CD8	CX3CR1	0	NR
P31	poor	Baseline	cytotoxic CD8	CCR4	1.317821349730697	NR
P31	poor	Baseline	Treg	CX3CR1	1.980104909124111	NR
P31	poor	Baseline	Treg	ACKR3	1.4162781767733603	NR
P31	poor	Baseline	Treg	CCR5	3.9308059530027806	NR
P31	poor	Baseline	cytotoxic CD8	CXCR2	0	NR
P31	poor	Baseline	NK	CCR6	0	NR
P31	poor	Baseline	exhausted CD8	CXCR4	7.423816485317114	NR
P31	poor	Baseline	NK	CXCR4	6.948478576479375	NR
P31	poor	Baseline	cytotoxic CD8	CXCR4	8.005075313240932	NR
P31	poor	Baseline	cytotoxic CD8	CCR6	1.8672610041138666	NR
P31	poor	Baseline	Treg	CXCR4	5.992923938452872	NR
P31	poor	Baseline	exhausted CD8	CCR2	2.124434637749777	NR
P31	poor	Baseline	cytotoxic CD8	CXCR3	5.216366263719572	NR
P31	poor	Baseline	exhausted CD8	CCR6	3.216734998693935	NR
P31	poor	Baseline	cytotoxic CD8	CXCR1	0	NR
P32	good	Baseline	Treg	ACKR3	1.5299844842821448	WR
P32	good	Baseline	Treg	CCR6	5.63028941791289	WR
P32	good	Baseline	cytotoxic CD8	ACKR3	0.38925136756347867	WR
P32	good	Baseline	NK	CXCR1	0.42029412471008293	WR
P32	good	Baseline	other CD8	CXCR2	2.0292121053152474	WR
P32	good	Baseline	Treg	CXCR4	6.553717218430437	WR
P32	good	Baseline	NK	CCR4	1.8284276774437938	WR
P32	good	Baseline	cytotoxic CD8	CXCR2	0.5387208515225209	WR
P32	good	Baseline	exhausted CD8	CCR5	3.6514879582252195	WR
P32	good	Baseline	cytotoxic CD8	CXCR4	8.038280841346426	WR
P32	good	Baseline	NK	CXCR3	5.0508526423900335	WR
P32	good	Baseline	cytotoxic CD8	CXCR1	0.21344688702721876	WR
P32	good	Baseline	other CD8	CXCR1	0.7425791723105588	WR
P32	good	Baseline	other CD8	CCR6	3.7577344493198823	WR
P32	good	Baseline	Treg	CXCR3	4.904310545088922	WR
P32	good	Baseline	other CD8	CCR2	0.7425791723105588	WR
P32	good	Baseline	NK	CCR2	0	WR
P32	good	Baseline	NK	CXCR4	7.677434096430692	WR
P32	good	Baseline	NK	CX3CR1	2.178850018726896	WR
P32	good	Baseline	Treg	CX3CR1	1.3262221990265397	WR
P32	good	Baseline	Treg	CXCR2	0	WR
P32	good	Baseline	exhausted CD8	CXCR3	4.5145260722124805	WR
P32	good	Baseline	other CD8	CCR5	3.7577344493198823	WR
P32	good	Baseline	NK	CXCR2	1.6446649197474628	WR
P32	good	Baseline	NK	ACKR3	1.2842744648721398	WR
P32	good	Baseline	other CD8	ACKR3	1.1639931240549166	WR
P32	good	Baseline	cytotoxic CD8	CCR2	0.8869140210862099	WR
P32	good	Baseline	Treg	CCR2	0	WR
P32	good	Baseline	exhausted CD8	CXCR4	6.514320659385335	WR
P32	good	Baseline	other CD8	CCR4	3.0876556856615762	WR
P32	good	Baseline	NK	CCR5	2.9318290231536874	WR
P32	good	Baseline	Treg	CXCR1	0.1929562374162532	WR
P32	good	Baseline	cytotoxic CD8	CX3CR1	1.8301193009194578	WR
P32	good	Baseline	exhausted CD8	CCR2	0.652273578266665	WR
P32	good	Baseline	Treg	CCR5	2.637814605148576	WR
P32	good	Baseline	cytotoxic CD8	CCR5	3.8279940998199615	WR
P32	good	Baseline	NK	CCR6	2.4824531947876065	WR
P32	good	Baseline	exhausted CD8	CCR6	3.7470431964125646	WR
P32	good	Baseline	cytotoxic CD8	CCR4	2.439670484652999	WR
P32	good	Baseline	exhausted CD8	ACKR3	0.4395061152151919	WR
P32	good	Baseline	Treg	CCR4	4.027543864577619	WR
P32	good	Baseline	other CD8	CX3CR1	1.1639931240549166	WR
P32	good	Baseline	exhausted CD8	CXCR1	0	WR
P32	good	Baseline	other CD8	CXCR3	5.058736042377914	WR
P32	good	Baseline	exhausted CD8	CXCR2	0.1688817990975179	WR
P32	good	Baseline	exhausted CD8	CCR4	2.5329625394415243	WR
P32	good	Baseline	other CD8	CXCR4	7.473611291208594	WR
P32	good	Baseline	cytotoxic CD8	CXCR3	5.129804323802752	WR
P32	good	Baseline	cytotoxic CD8	CCR6	3.2105925973370613	WR
P32	good	Baseline	exhausted CD8	CX3CR1	0.4395061152151919	WR
P33	poor	Treat	NK	CCR2	0	NR
P33	poor	Baseline	other CD8	CXCR1	0	NR
P33	poor	Baseline	cytotoxic CD8	CXCR4	7.534808464512538	NR
P33	poor	Baseline	other CD8	CCR6	4.794078459190905	NR
P33	poor	Baseline	other CD8	CCR5	3.7291587074730304	NR
P33	poor	Treat	Treg	CXCR3	5.202899124060109	NR
P33	poor	Baseline	other CD8	CXCR3	5.18487069698622	NR
P33	poor	Baseline	cytotoxic CD8	CX3CR1	2.6079856219497892	NR
P33	poor	Baseline	cytotoxic CD8	CXCR1	0.4212204711469328	NR
P33	poor	Treat	cytotoxic CD8	CXCR4	8.375836169979586	NR
P33	poor	Baseline	cytotoxic CD8	ACKR3	0.9444740640435905	NR
P33	poor	Treat	cytotoxic CD8	ACKR3	0.5000543957687739	NR
P33	poor	Treat	exhausted CD8	CCR6	3.9375457369587648	NR
P33	poor	Treat	exhausted CD8	CXCR1	0	NR
P33	poor	Baseline	Treg	CX3CR1	1.6365371783751144	NR
P33	poor	Treat	exhausted CD8	CX3CR1	0	NR
P33	poor	Baseline	NK	CCR6	2.857545815251399	NR
P33	poor	Baseline	Treg	CXCR2	0	NR
P33	poor	Baseline	other CD8	CCR4	4.036330231047781	NR
P33	poor	Treat	Treg	CXCR1	0	NR
P33	poor	Treat	cytotoxic CD8	CCR5	3.0498955791106965	NR
P33	poor	Treat	cytotoxic CD8	CCR6	3.109541270627325	NR
P33	poor	Treat	Treg	ACKR3	0.6018890282087779	NR
P33	poor	Treat	Treg	CXCR2	0.9749852756678885	NR
P33	poor	Baseline	cytotoxic CD8	CXCR2	1.5404610547507487	NR
P33	poor	Treat	exhausted CD8	CCR4	3.014730230054944	NR
P33	poor	Treat	exhausted CD8	ACKR3	0.4212602694603358	NR
P33	poor	Baseline	other CD8	CXCR2	0	NR
P33	poor	Baseline	other CD8	CCR2	1.1439555598456372	NR
P33	poor	Treat	cytotoxic CD8	CXCR3	4.645937223153048	NR
P33	poor	Treat	cytotoxic CD8	CCR2	1.0805952420059728	NR
P33	poor	Treat	exhausted CD8	CCR2	0.7167473395130194	NR
P33	poor	Baseline	cytotoxic CD8	CXCR3	4.854280141535383	NR
P33	poor	Baseline	exhausted CD8	CXCR3	4.503799371873844	NR
P33	poor	Treat	Treg	CXCR4	7.071789290381922	NR
P33	poor	Baseline	NK	CXCR1	1.4548276581024044	NR
P33	poor	Baseline	cytotoxic CD8	CCR6	3.8957199982290027	NR
P33	poor	Treat	Treg	CCR2	0.9749852756678885	NR
P33	poor	Baseline	other CD8	ACKR3	0	NR
P33	poor	Baseline	exhausted CD8	CXCR2	0	NR
P33	poor	Treat	cytotoxic CD8	CCR4	2.637357251873673	NR
P33	poor	Baseline	Treg	CXCR1	0.37823466135339595	NR
P33	poor	Treat	other CD8	CX3CR1	0	NR
P33	poor	Treat	Treg	CCR6	5.5710272214229155	NR
P33	poor	Baseline	Treg	ACKR3	0	NR
P33	poor	Treat	Treg	CCR4	4.217604292945276	NR
P33	poor	Baseline	Treg	CXCR3	4.748981781321789	NR
P33	poor	Treat	exhausted CD8	CXCR4	7.7398891065231075	NR
P33	poor	Baseline	other CD8	CX3CR1	2.257236610316528	NR
P33	poor	Baseline	other CD8	CXCR4	7.013217882383934	NR
P33	poor	Baseline	Treg	CCR6	5.781277088594197	NR
P33	poor	Baseline	Treg	CCR5	2.5612765762590075	NR
P33	poor	Treat	other CD8	ACKR3	1.962117456538257	NR
P33	poor	Treat	NK	CX3CR1	4.091719451032862	NR
P33	poor	Treat	Treg	CX3CR1	0	NR
P33	poor	Treat	exhausted CD8	CCR5	3.158143444123782	NR
P33	poor	Treat	exhausted CD8	CXCR3	4.421839635032619	NR
P33	poor	Baseline	NK	CX3CR1	4.508171284482544	NR
P33	poor	Treat	Treg	CCR5	2.653877354030512	NR
P33	poor	Treat	cytotoxic CD8	CXCR2	0.5000543957687739	NR
P33	poor	Baseline	NK	CXCR3	4.337632356514026	NR
P33	poor	Treat	NK	CXCR1	2.949973431486867	NR
P33	poor	Baseline	NK	CXCR2	1.4548276581024044	NR
P33	poor	Baseline	NK	CCR5	2.1589539523289285	NR
P33	poor	Treat	other CD8	CXCR4	7.86193984534734	NR
P33	poor	Treat	NK	ACKR3	0	NR
P33	poor	Treat	NK	CXCR2	3.1625935862730126	NR
P33	poor	Treat	NK	CCR4	0	NR
P33	poor	Baseline	Treg	CXCR4	6.0375659669390105	NR
P33	poor	Baseline	exhausted CD8	CCR2	1.2411078166656564	NR
P33	poor	Treat	exhausted CD8	CXCR2	0	NR
P33	poor	Treat	cytotoxic CD8	CXCR1	0	NR
P33	poor	Baseline	NK	CXCR4	7.128202387920922	NR
P33	poor	Baseline	exhausted CD8	CCR6	3.979085846665724	NR
P33	poor	Baseline	Treg	CCR4	4.481238663232656	NR
P33	poor	Treat	other CD8	CXCR2	1.4004900622091079	NR
P33	poor	Treat	NK	CXCR4	8.247147419614722	NR
P33	poor	Treat	other CD8	CCR6	4.025876188417852	NR
P33	poor	Treat	NK	CCR5	1.7095296477321988	NR
P33	poor	Baseline	NK	CCR4	1.1597586322915947	NR
P33	poor	Treat	other CD8	CCR2	0	NR
P33	poor	Baseline	exhausted CD8	CXCR1	0	NR
P33	poor	Baseline	exhausted CD8	CX3CR1	0.5987346226751867	NR
P33	poor	Treat	other CD8	CCR4	3.2370104749234407	NR
P33	poor	Baseline	NK	ACKR3	1.1597586322915947	NR
P33	poor	Baseline	exhausted CD8	CCR4	2.9023061700583526	NR
P33	poor	Baseline	Treg	CCR2	0.37823466135339595	NR
P33	poor	Baseline	cytotoxic CD8	CCR5	3.039996381568296	NR
P33	poor	Treat	NK	CCR6	3.1625935862730126	NR
P33	poor	Treat	other CD8	CXCR3	4.129450331533626	NR
P33	poor	Baseline	exhausted CD8	ACKR3	0	NR
P33	poor	Treat	other CD8	CCR5	3.109074989070656	NR
P33	poor	Treat	other CD8	CXCR1	0	NR
P33	poor	Treat	NK	CXCR3	3.9276990285230116	NR
P33	poor	Treat	cytotoxic CD8	CX3CR1	0.8318746372569854	NR
P33	poor	Baseline	NK	CCR2	0	NR
P33	poor	Baseline	exhausted CD8	CXCR4	7.067605285105274	NR
P33	poor	Baseline	exhausted CD8	CCR5	3.105267135648581	NR
P33	poor	Baseline	cytotoxic CD8	CCR4	2.9618500488506374	NR
P33	poor	Baseline	cytotoxic CD8	CCR2	1.4214011425389053	NR
P34	good	Baseline	other CD8	CCR4	3.6212956033084467	WR
P34	good	Baseline	NK	CCR6	1.6096606696443858	WR
P34	good	Baseline	exhausted CD8	CX3CR1	0.3574190523385394	WR
P34	good	Treat	cytotoxic CD8	CXCR1	0	WR
P34	good	Baseline	cytotoxic CD8	CCR5	3.4670509954230706	WR
P34	good	Baseline	other CD8	CCR5	3.5623413356258085	WR
P34	good	Baseline	NK	CXCR1	0	WR
P34	good	Baseline	NK	CCR5	2.5652063806080827	WR
P34	good	Baseline	NK	CCR4	0.5879104250338041	WR
P34	good	Baseline	cytotoxic CD8	ACKR3	0	WR
P34	good	Baseline	exhausted CD8	CXCR3	4.287015402729465	WR
P34	good	Baseline	Treg	CCR2	1.614412339600774	WR
P34	good	Treat	cytotoxic CD8	CCR6	2.8871210547361166	WR
P34	good	Baseline	other CD8	CXCR1	0	WR
P34	good	Baseline	cytotoxic CD8	CXCR2	0.5157107674009176	WR
P34	good	Baseline	cytotoxic CD8	CCR2	1.7446328237587032	WR
P34	good	Treat	NK	CXCR4	7.943227625642483	WR
P34	good	Treat	Treg	CX3CR1	1.4407088038452398	WR
P34	good	Baseline	NK	CCR2	0.5879104250338041	WR
P34	good	Treat	Treg	CCR5	2.3675359261896287	WR
P34	good	Baseline	exhausted CD8	CXCR2	0.1945937923182045	WR
P34	good	Baseline	cytotoxic CD8	CXCR3	4.970255149000321	WR
P34	good	Baseline	NK	CX3CR1	2.734627870094572	WR
P34	good	Baseline	Treg	CCR5	3.7545022327512125	WR
P34	good	Baseline	Treg	ACKR3	2.0263381628924537	WR
P34	good	Baseline	other CD8	CCR6	4.52140735899213	WR
P34	good	Baseline	cytotoxic CD8	CCR4	2.208048223994878	WR
P34	good	Baseline	exhausted CD8	CCR5	3.696638958871895	WR
P34	good	Treat	cytotoxic CD8	ACKR3	0.9322207130628597	WR
P34	good	Treat	cytotoxic CD8	CXCR2	0	WR
P34	good	Treat	cytotoxic CD8	CXCR3	4.503451290101949	WR
P34	good	Treat	exhausted CD8	CX3CR1	0	WR
P34	good	Treat	exhausted CD8	CXCR4	7.9751904305533845	WR
P34	good	Treat	Treg	CCR4	4.477786601022139	WR
P34	good	Treat	exhausted CD8	ACKR3	0	WR
P34	good	Baseline	Treg	CX3CR1	1.8119939315517577	WR
P34	good	Treat	NK	ACKR3	1.1332669134533608	WR
P34	good	Baseline	other CD8	CXCR3	4.965173163919977	WR
P34	good	Baseline	exhausted CD8	ACKR3	0.6201837613357741	WR
P34	good	Baseline	other CD8	CCR2	1.4375878427881714	WR
P34	good	Treat	Treg	ACKR3	0.7297504524371813	WR
P34	good	Treat	cytotoxic CD8	CX3CR1	0.41434640778088655	WR
P34	good	Baseline	other CD8	CX3CR1	0.727633483601105	WR
P34	good	Baseline	cytotoxic CD8	CXCR4	7.5971046976104715	WR
P34	good	Baseline	NK	ACKR3	0	WR
P34	good	Treat	Treg	CCR2	0.7297504524371813	WR
P34	good	Baseline	NK	CXCR3	4.479882245305653	WR
P34	good	Treat	exhausted CD8	CXCR1	0	WR
P34	good	Treat	NK	CCR6	3.71381445955014	WR
P34	good	Baseline	Treg	CCR4	3.955588765387141	WR
P34	good	Baseline	Treg	CCR6	5.35372502739641	WR
P34	good	Baseline	other CD8	CXCR2	0	WR
P34	good	Baseline	exhausted CD8	CXCR4	5.771683937712575	WR
P34	good	Baseline	cytotoxic CD8	CXCR1	0	WR
P34	good	Baseline	cytotoxic CD8	CX3CR1	1.856083582805308	WR
P34	good	Treat	cytotoxic CD8	CXCR4	8.285214950698334	WR
P34	good	Treat	cytotoxic CD8	CCR5	3.3576838964476505	WR
P34	good	Treat	NK	CXCR3	3.6054534624552477	WR
P34	good	Treat	NK	CXCR2	2.2431689095258225	WR
P34	good	Treat	exhausted CD8	CXCR2	0	WR
P34	good	Treat	NK	CCR5	2.2431689095258225	WR
P34	good	Treat	exhausted CD8	CCR4	1.2501672594510826	WR
P34	good	Baseline	Treg	CXCR4	5.824118273745495	WR
P34	good	Baseline	other CD8	ACKR3	0.727633483601105	WR
P34	good	Treat	NK	CCR2	0	WR
P34	good	Treat	Treg	CXCR2	0	WR
P34	good	Baseline	NK	CXCR4	7.036426687656099	WR
P34	good	Baseline	other CD8	CXCR4	7.166970435402338	WR
P34	good	Treat	Treg	CXCR4	7.56686158164443	WR
P34	good	Treat	Treg	CXCR1	0	WR
P34	good	Baseline	exhausted CD8	CCR4	2.9239692266821757	WR
P34	good	Baseline	exhausted CD8	CCR2	0.8280733225388666	WR
P34	good	Treat	exhausted CD8	CCR6	2.914331722433184	WR
P34	good	Treat	exhausted CD8	CCR2	0	WR
P34	good	Baseline	cytotoxic CD8	CCR6	1.9563492474362367	WR
P34	good	Treat	exhausted CD8	CCR5	3.7100250220592312	WR
P34	good	Baseline	Treg	CXCR3	5.1467776370158695	WR
P34	good	Baseline	exhausted CD8	CXCR1	0.49740735262927505	WR
P34	good	Treat	exhausted CD8	CXCR3	4.25909529637995	WR
P34	good	Treat	NK	CX3CR1	3.9423362940205307	WR
P34	good	Treat	Treg	CCR6	5.935347947635421	WR
P34	good	Treat	NK	CXCR1	0	WR
P34	good	Treat	Treg	CXCR3	4.021822342936119	WR
P34	good	Treat	cytotoxic CD8	CCR4	2.1634056943327784	WR
P34	good	Treat	NK	CCR4	1.650881644978152	WR
P34	good	Baseline	Treg	CXCR1	0	WR
P34	good	Treat	cytotoxic CD8	CCR2	1.813816551932061	WR
P34	good	Baseline	exhausted CD8	CCR6	3.6418772903910743	WR
P34	good	Baseline	Treg	CXCR2	0.7408459399505941	WR
P34	good	Baseline	NK	CXCR2	0	WR
P35	NA	Baseline	exhausted CD8	CXCR2	0	NA
P35	NA	Baseline	exhausted CD8	CCR6	4.180142653402914	NA
P35	NA	Baseline	exhausted CD8	CXCR1	0.7652616625848171	NA
P35	NA	Baseline	other CD8	CXCR3	5.088175747365393	NA
P35	NA	Baseline	NK	CCR2	0.3709367690778135	NA
P35	NA	Baseline	exhausted CD8	CCR5	4.007863366546292	NA
P35	NA	Baseline	other CD8	ACKR3	2.007375516983945	NA
P35	NA	Baseline	other CD8	CXCR4	7.408895017875075	NA
P35	NA	Baseline	other CD8	CXCR2	0	NA
P35	NA	Baseline	cytotoxic CD8	CCR4	2.439638378615326	NA
P35	NA	Baseline	Treg	ACKR3	0.9422798783301882	NA
P35	NA	Baseline	other CD8	CX3CR1	0	NA
P35	NA	Baseline	exhausted CD8	CCR2	1.3542596603959374	NA
P35	NA	Baseline	cytotoxic CD8	CCR2	1.535006122472987	NA
P35	NA	Baseline	other CD8	CXCR1	0	NA
P35	NA	Baseline	Treg	CXCR3	4.583130585025073	NA
P35	NA	Baseline	exhausted CD8	CXCR3	4.51349565116982	NA
P35	NA	Baseline	cytotoxic CD8	CCR5	3.7583022088135447	NA
P35	NA	Baseline	NK	CXCR2	0.8532547951275703	NA
P35	NA	Baseline	other CD8	CCR6	4.54790602073553	NA
P35	NA	Baseline	other CD8	CCR5	3.961765961803605	NA
P35	NA	Baseline	exhausted CD8	CX3CR1	1.1936538018710963	NA
P35	NA	Baseline	Treg	CXCR2	0	NA
P35	NA	Baseline	exhausted CD8	ACKR3	0.7652616625848171	NA
P35	NA	Baseline	exhausted CD8	CCR4	3.177684395158833	NA
P35	NA	Baseline	cytotoxic CD8	CXCR4	7.898701152257491	NA
P35	NA	Baseline	NK	CXCR1	0	NA
P35	NA	Baseline	Treg	CCR5	3.2994258024697953	NA
P35	NA	Baseline	other CD8	CCR4	3.2874694646710347	NA
P35	NA	Baseline	exhausted CD8	CXCR4	6.977642190692298	NA
P35	NA	Baseline	Treg	CXCR1	0	NA
P35	NA	Baseline	NK	CCR4	2.0459327981710347	NA
P35	NA	Baseline	cytotoxic CD8	CX3CR1	2.552129091447515	NA
P35	NA	Baseline	Treg	CCR6	5.844183123883446	NA
P35	NA	Baseline	NK	ACKR3	1.0283206357030301	NA
P35	NA	Baseline	NK	CCR6	3.297587321946628	NA
P35	NA	Baseline	NK	CCR5	2.6722671075427207	NA
P35	NA	Baseline	Treg	CXCR4	6.304358884174336	NA
P35	NA	Baseline	cytotoxic CD8	CXCR2	0.37512221228091125	NA
P35	NA	Baseline	NK	CX3CR1	2.608197482742518	NA
P35	NA	Baseline	Treg	CX3CR1	1.2836267546322921	NA
P35	NA	Baseline	cytotoxic CD8	ACKR3	1.1865762224346135	NA
P35	NA	Baseline	NK	CXCR4	7.405570902432426	NA
P35	NA	Baseline	other CD8	CCR2	0	NA
P35	NA	Baseline	cytotoxic CD8	CXCR1	0.37512221228091125	NA
P35	NA	Baseline	NK	CXCR3	4.404722862621973	NA
P35	NA	Baseline	cytotoxic CD8	CXCR3	4.953340138066832	NA
P35	NA	Baseline	Treg	CCR2	1.0391436588743947	NA
P35	NA	Baseline	Treg	CCR4	4.6526867776857355	NA
P35	NA	Baseline	cytotoxic CD8	CCR6	3.327011957711721	NA
P36	good	Baseline	cytotoxic CD8	CCR5	3.8140166265625495	WR
P36	good	Baseline	exhausted CD8	CXCR1	0	WR
P36	good	Baseline	exhausted CD8	CX3CR1	0	WR
P36	good	Baseline	cytotoxic CD8	CCR4	2.3751916973336815	WR
P36	good	Baseline	exhausted CD8	CCR2	0	WR
P36	good	Baseline	exhausted CD8	CXCR3	4.669877384698846	WR
P36	good	Baseline	exhausted CD8	CXCR2	0	WR
P36	good	Baseline	cytotoxic CD8	CXCR1	0.366947096401081	WR
P36	good	Baseline	cytotoxic CD8	CXCR2	0.8458531089096268	WR
P36	good	Baseline	other CD8	CXCR1	0	WR
P36	good	Baseline	exhausted CD8	CCR6	3.986059965033914	WR
P36	good	Baseline	NK	CXCR1	1.687587491295135	WR
P36	good	Baseline	Treg	CCR2	1.771307184419656	WR
P36	good	Baseline	NK	CCR6	2.6545977885775445	WR
P36	good	Baseline	Treg	CCR4	4.477342487604269	WR
P36	good	Baseline	exhausted CD8	CCR5	3.621737390913118	WR
P36	good	Baseline	NK	CXCR3	4.439375502553792	WR
P36	good	Baseline	cytotoxic CD8	ACKR3	1.2974438469927605	WR
P36	good	Baseline	NK	CCR4	1.8730363994173043	WR
P36	good	Baseline	cytotoxic CD8	CX3CR1	2.3751916973336815	WR
P36	good	Baseline	cytotoxic CD8	CCR2	1.2974438469927605	WR
P36	good	Baseline	NK	CXCR2	2.573959435150112	WR
P36	good	Baseline	NK	CX3CR1	4.026784128436849	WR
P36	good	Baseline	Treg	CX3CR1	1.4474729733718055	WR
P36	good	Baseline	other CD8	CXCR4	7.671945416315971	WR
P36	good	Baseline	exhausted CD8	CCR4	2.0851308307614396	WR
P36	good	Baseline	NK	CCR5	2.573959435150112	WR
P36	good	Baseline	other CD8	CCR5	3.5506900497405014	WR
P36	good	Baseline	Treg	ACKR3	2.015530853186157	WR
P36	good	Baseline	cytotoxic CD8	CXCR4	7.882424212516202	WR
P36	good	Baseline	other CD8	CCR6	4.720103476174746	WR
P36	good	Baseline	other CD8	CX3CR1	0	WR
P36	good	Baseline	NK	ACKR3	0	WR
P36	good	Baseline	exhausted CD8	CXCR4	6.843825272466662	WR
P36	good	Baseline	exhausted CD8	ACKR3	1.5091361386909337	WR
P36	good	Baseline	NK	CCR2	0	WR
P36	good	Baseline	Treg	CXCR4	6.836445685176506	WR
P36	good	Baseline	Treg	CXCR2	1.2352581735615933	WR
P36	good	Baseline	Treg	CCR6	5.956883663177935	WR
P36	good	Baseline	cytotoxic CD8	CXCR3	5.042344413079354	WR
P36	good	Baseline	Treg	CXCR1	0	WR
P36	good	Baseline	other CD8	CCR4	3.0123744131307104	WR
P36	good	Baseline	Treg	CXCR3	4.811886072570979	WR
P36	good	Baseline	other CD8	ACKR3	2.367231162777846	WR
P36	good	Baseline	other CD8	CXCR3	4.802771690221154	WR
P36	good	Baseline	NK	CXCR4	7.2355624385235355	WR
P36	good	Baseline	other CD8	CCR2	2.367231162777846	WR
P36	good	Baseline	cytotoxic CD8	CCR6	2.690766248162568	WR
P36	good	Baseline	Treg	CCR5	3.133465943139317	WR
P36	good	Baseline	other CD8	CXCR2	1.7636869229054097	WR
P37	NA	Baseline	Treg	CXCR2	0.3203976762343258	NA
P37	NA	Baseline	cytotoxic CD8	CXCR4	8.188826542968053	NA
P37	NA	Baseline	NK	CXCR1	1.5335145700007917	NA
P37	NA	Baseline	other CD8	ACKR3	1.204560191213654	NA
P37	NA	Baseline	other CD8	CXCR3	5.021419107724834	NA
P37	NA	Baseline	Treg	CCR4	4.634460909013239	NA
P37	NA	Baseline	Treg	CXCR1	0.17297615937751598	NA
P37	NA	Baseline	exhausted CD8	CX3CR1	0.7390481259117357	NA
P37	NA	Baseline	Treg	CCR5	3.5277304202902298	NA
P37	NA	Baseline	cytotoxic CD8	CXCR3	5.312955530677109	NA
P37	NA	Baseline	NK	CCR6	0.4735843237952594	NA
P37	NA	Baseline	exhausted CD8	CCR6	4.1269284426055775	NA
P37	NA	Baseline	cytotoxic CD8	CCR6	2.2974119442980268	NA
P37	NA	Baseline	other CD8	CXCR1	0.7736417549211033	NA
P37	NA	Baseline	Treg	CCR6	5.477773387394912	NA
P37	NA	Baseline	other CD8	CX3CR1	1.204560191213654	NA
P37	NA	Baseline	Treg	CX3CR1	1.8080624467296835	NA
P37	NA	Baseline	exhausted CD8	CXCR4	7.299618488200548	NA
P37	NA	Baseline	other CD8	CCR5	3.305861762421537	NA
P37	NA	Baseline	Treg	ACKR3	1.8681486032303842	NA
P37	NA	Baseline	Treg	CCR2	1.6758375497362477	NA
P37	NA	Baseline	cytotoxic CD8	CCR5	3.3765226384304587	NA
P37	NA	Baseline	exhausted CD8	CXCR3	4.775745526797261	NA
P37	NA	Baseline	exhausted CD8	CXCR1	0.24175751105482557	NA
P37	NA	Baseline	other CD8	CCR4	4.064137053076626	NA
P37	NA	Baseline	cytotoxic CD8	CXCR2	1.1097921431207336	NA
P37	NA	Baseline	cytotoxic CD8	CCR4	2.625572879592001	NA
P37	NA	Baseline	other CD8	CXCR4	7.883342282553833	NA
P37	NA	Baseline	NK	CCR5	2.1831946102601183	NA
P37	NA	Baseline	NK	CX3CR1	4.059399393397769	NA
P37	NA	Baseline	exhausted CD8	ACKR3	0.8618036042120687	NA
P37	NA	Baseline	other CD8	CCR6	4.669758301656811	NA
P37	NA	Baseline	Treg	CXCR4	6.704443498269304	NA
P37	NA	Baseline	other CD8	CCR2	1.204560191213654	NA
P37	NA	Baseline	cytotoxic CD8	CX3CR1	2.66879663809647	NA
P37	NA	Baseline	exhausted CD8	CXCR2	0.43629863056228946	NA
P37	NA	Baseline	cytotoxic CD8	CXCR1	0.18512825995783908	NA
P37	NA	Baseline	NK	CCR2	0	NA
P37	NA	Baseline	cytotoxic CD8	ACKR3	0.8852579262638177	NA
P37	NA	Baseline	NK	ACKR3	0.7936614145102734	NA
P37	NA	Baseline	Treg	CXCR3	4.894581579830984	NA
P37	NA	Baseline	exhausted CD8	CCR4	3.5912558769435727	NA
P37	NA	Baseline	other CD8	CXCR2	0.4598415233799837	NA
P37	NA	Baseline	NK	CCR4	0	NA
P37	NA	Baseline	cytotoxic CD8	CCR2	1.5391677854359005	NA
P37	NA	Baseline	exhausted CD8	CCR2	0.8618036042120687	NA
P37	NA	Baseline	NK	CXCR4	7.885927307795448	NA
P37	NA	Baseline	NK	CXCR3	4.672869876708536	NA
P37	NA	Baseline	exhausted CD8	CCR5	3.877699959849201	NA
P37	NA	Baseline	NK	CXCR2	2.476816416204127	NA
P38	good	Treat	cytotoxic CD8	CX3CR1	2.051330707595888	WR
P38	good	Treat	exhausted CD8	CX3CR1	1.907175793869012	WR
P38	good	Treat	cytotoxic CD8	ACKR3	0	WR
P38	good	Treat	cytotoxic CD8	CCR6	3.291403758881298	WR
P38	good	Treat	cytotoxic CD8	CXCR3	4.712234010183551	WR
P38	good	Treat	cytotoxic CD8	CXCR2	0	WR
P38	good	Treat	Treg	CXCR3	2.8203435156829566	WR
P38	good	Treat	NK	CXCR1	1.5375913456728196	WR
P38	good	Treat	cytotoxic CD8	CXCR4	8.187901860241526	WR
P38	good	Treat	cytotoxic CD8	CCR2	1.4063470453842066	WR
P38	good	Treat	cytotoxic CD8	CXCR1	0	WR
P38	good	Treat	exhausted CD8	CXCR4	7.70529619925583	WR
P38	good	Treat	cytotoxic CD8	CCR4	3.668795425059598	WR
P38	good	Treat	exhausted CD8	CXCR3	3.716939685792201	WR
P38	good	Treat	NK	CXCR2	2.958385588786282	WR
P38	good	Treat	exhausted CD8	CCR2	2.9015386625375594	WR
P38	good	Treat	exhausted CD8	CXCR2	0	WR
P38	good	Treat	NK	CCR6	4.637582344202466	WR
P38	good	Treat	Treg	ACKR3	0	WR
P38	good	Treat	Treg	CXCR1	0	WR
P38	good	Treat	Treg	CCR4	4.561173246666409	WR
P38	good	Treat	Treg	CXCR4	7.666766186387645	WR
P38	good	Treat	Treg	CXCR2	0	WR
P38	good	Treat	Treg	CX3CR1	1.1800875861092033	WR
P38	good	Treat	Treg	CCR6	5.237168922083182	WR
P38	good	Treat	NK	CCR2	0	WR
P38	good	Treat	NK	CXCR3	2.4815765458926586	WR
P38	good	Treat	NK	CX3CR1	4.201113555041022	WR
P38	good	Treat	cytotoxic CD8	CCR5	3.620494618663776	WR
P38	good	Treat	exhausted CD8	CXCR1	0	WR
P38	good	Treat	exhausted CD8	ACKR3	0	WR
P38	good	Treat	NK	ACKR3	0	WR
P38	good	Treat	exhausted CD8	CCR6	3.1753908862239864	WR
P38	good	Treat	NK	CCR5	1.5375913456728196	WR
P38	good	Treat	NK	CCR4	3.7181239463431837	WR
P38	good	Treat	Treg	CCR5	1.7064409325198215	WR
P38	good	Treat	Treg	CCR2	1.7064409325198215	WR
P38	good	Treat	exhausted CD8	CCR4	2.5231723542129147	WR
P38	good	Treat	exhausted CD8	CCR5	4.0662954361633545	WR
P38	good	Treat	NK	CXCR4	7.9187498399813245	WR
P39	good	Treat	Treg	CCR5	3.030229577203135	WR
P39	good	Treat	Treg	ACKR3	0.564045188861943	WR
P39	good	Treat	other CD8	CCR5	2.829776546561026	WR
P39	good	Treat	Treg	CX3CR1	0.9224864142460256	WR
P39	good	Treat	exhausted CD8	CCR6	3.125623715189525	WR
P39	good	Treat	Treg	CCR4	4.96605977152206	WR
P39	good	Treat	other CD8	ACKR3	0	WR
P39	good	Treat	NK	CCR6	4.470696856372079	WR
P39	good	Treat	other CD8	CCR2	2.453397333633211	WR
P39	good	Treat	other CD8	CCR4	4.2496458723864725	WR
P39	good	Treat	other CD8	CCR6	4.675422025375449	WR
P39	good	Treat	NK	CX3CR1	3.162651911220135	WR
P39	good	Treat	NK	ACKR3	1.63220178413669	WR
P39	good	Treat	other CD8	CX3CR1	2.453397333633211	WR
P39	good	Treat	Treg	CCR2	1.5662888834469777	WR
P39	good	Treat	other CD8	CXCR4	8.260883955590556	WR
P39	good	Treat	cytotoxic CD8	CXCR2	0.21789576278025002	WR
P39	good	Treat	exhausted CD8	CXCR3	4.053742119219918	WR
P39	good	Treat	exhausted CD8	CXCR2	0	WR
P39	good	Treat	exhausted CD8	CXCR1	0	WR
P39	good	Treat	exhausted CD8	ACKR3	0	WR
P39	good	Treat	other CD8	CXCR2	0	WR
P39	good	Treat	NK	CXCR2	2.85994112490138	WR
P39	good	Treat	NK	CCR5	2.85994112490138	WR
P39	good	Treat	Treg	CXCR3	4.350724714708173	WR
P39	good	Treat	NK	CXCR1	1.117617985661528	WR
P39	good	Treat	cytotoxic CD8	CX3CR1	0.9004640187283375	WR
P39	good	Treat	NK	CXCR3	4.470696856372079	WR
P39	good	Treat	NK	CXCR4	8.36235931048716	WR
P39	good	Treat	cytotoxic CD8	CCR6	3.478343917161586	WR
P39	good	Treat	cytotoxic CD8	CCR5	3.6117743580827972	WR
P39	good	Treat	Treg	CXCR4	7.946067506847733	WR
P39	good	Treat	cytotoxic CD8	CCR4	3.315525530688256	WR
P39	good	Treat	exhausted CD8	CXCR4	8.110151365540574	WR
P39	good	Treat	NK	CCR4	1.63220178413669	WR
P39	good	Treat	cytotoxic CD8	CXCR3	4.6181305157347685	WR
P39	good	Treat	NK	CCR2	0	WR
P39	good	Treat	other CD8	CXCR3	3.642763288593071	WR
P39	good	Treat	cytotoxic CD8	CXCR1	0.3967034315649107	WR
P39	good	Treat	Treg	CCR6	5.856714058271182	WR
P39	good	Treat	Treg	CXCR2	0	WR
P39	good	Treat	cytotoxic CD8	ACKR3	0.5483366101783018	WR
P39	good	Treat	cytotoxic CD8	CXCR4	8.508028362931556	WR
P39	good	Treat	exhausted CD8	CCR4	2.590666132432864	WR
P39	good	Treat	cytotoxic CD8	CCR2	1.6368150331166529	WR
P39	good	Treat	exhausted CD8	CX3CR1	0	WR
P39	good	Treat	Treg	CXCR1	0	WR
P39	good	Treat	exhausted CD8	CCR2	1.532344290204975	WR
P39	good	Treat	other CD8	CXCR1	2.453397333633211	WR
P39	good	Treat	exhausted CD8	CCR5	3.4494710092517242	WR
P40	poor	Baseline	cytotoxic CD8	CCR2	2.5285171163606153	NR
P40	poor	Treat	exhausted CD8	CCR4	2.471768010946228	NR
P40	poor	Baseline	exhausted CD8	CX3CR1	0.2165873815628259	NR
P40	poor	Baseline	exhausted CD8	CXCR2	0.2794801220267687	NR
P40	poor	Baseline	Treg	CXCR3	4.677442539934973	NR
P40	poor	Treat	exhausted CD8	CCR5	3.476527149869921	NR
P40	poor	Treat	exhausted CD8	CXCR1	0	NR
P40	poor	Baseline	other CD8	CXCR4	7.81812747338562	NR
P40	poor	Baseline	Treg	CXCR1	0	NR
P40	poor	Treat	NK	CCR5	1.8191630049921623	NR
P40	poor	Baseline	other CD8	CX3CR1	1.6561936198837128	NR
P40	poor	Treat	Treg	CCR2	2.4329651645906765	NR
P40	poor	Baseline	cytotoxic CD8	CXCR4	8.190562038714738	NR
P40	poor	Treat	NK	CCR4	2.065460054023278	NR
P40	poor	Baseline	cytotoxic CD8	ACKR3	0.660242991971519	NR
P40	poor	Treat	NK	CCR6	2.427753200015045	NR
P40	poor	Baseline	Treg	ACKR3	1.6552495435362564	NR
P40	poor	Treat	cytotoxic CD8	CCR2	2.678527970963141	NR
P40	poor	Baseline	Treg	CXCR2	0.19204025877694117	NR
P40	poor	Baseline	other CD8	ACKR3	0	NR
P40	poor	Baseline	other CD8	CXCR3	4.652660305602206	NR
P40	poor	Baseline	exhausted CD8	CXCR1	0	NR
P40	poor	Treat	NK	ACKR3	1.0014519846717274	NR
P40	poor	Baseline	Treg	CCR5	3.967859298431826	NR
P40	poor	Baseline	NK	CCR6	2.6360224411917343	NR
P40	poor	Baseline	exhausted CD8	CXCR3	4.026368902748884	NR
P40	poor	Treat	exhausted CD8	CXCR4	7.51898537076437	NR
P40	poor	Treat	other CD8	CCR2	2.6436862705933546	NR
P40	poor	Baseline	NK	CXCR3	4.702422611234239	NR
P40	poor	Baseline	other CD8	CCR4	4.001830427163013	NR
P40	poor	Baseline	Treg	CX3CR1	1.377271319761749	NR
P40	poor	Baseline	NK	CCR2	0.6552070403216301	NR
P40	poor	Baseline	NK	CCR4	1.7277018464549743	NR
P40	poor	Baseline	cytotoxic CD8	CCR6	3.8597054466541483	NR
P40	poor	Treat	NK	CX3CR1	3.289650137317102	NR
P40	poor	Treat	Treg	CCR5	3.606077758570097	NR
P40	poor	Treat	NK	CCR2	1.4916590962362322	NR
P40	poor	Baseline	exhausted CD8	ACKR3	0.4474216388709553	NR
P40	poor	Baseline	Treg	CCR2	2.503165832579316	NR
P40	poor	Treat	Treg	CXCR2	0	NR
P40	poor	Treat	other CD8	CXCR4	7.5961091849849955	NR
P40	poor	Baseline	Treg	CCR6	5.886902738090384	NR
P40	poor	Treat	exhausted CD8	CCR6	2.740238688133733	NR
P40	poor	Treat	other CD8	CXCR2	0.7828613764355394	NR
P40	poor	Baseline	NK	CX3CR1	2.4937419771763807	NR
P40	poor	Baseline	NK	ACKR3	0	NR
P40	poor	Baseline	exhausted CD8	CCR5	3.928237011563412	NR
P40	poor	Baseline	other CD8	CXCR1	0	NR
P40	poor	Baseline	Treg	CCR4	4.958840058161993	NR
P40	poor	Treat	Treg	CCR4	4.665821600356374	NR
P40	poor	Baseline	cytotoxic CD8	CX3CR1	2.137958089450353	NR
P40	poor	Treat	exhausted CD8	ACKR3	0.2590728583926218	NR
P40	poor	Treat	Treg	CXCR1	0	NR
P40	poor	Treat	Treg	CCR6	5.309349674249714	NR
P40	poor	Baseline	other CD8	CXCR2	1.1377256178137487	NR
P40	poor	Treat	cytotoxic CD8	CCR4	2.9518518416706065	NR
P40	poor	Baseline	other CD8	CCR2	2.3880074495541406	NR
P40	poor	Treat	other CD8	CXCR3	5.0611982652201615	NR
P40	poor	Treat	NK	CXCR2	1.0014519846717274	NR
P40	poor	Baseline	cytotoxic CD8	CCR5	4.170591292195259	NR
P40	poor	Treat	other CD8	ACKR3	0.7828613764355394	NR
P40	poor	Treat	exhausted CD8	CXCR2	0	NR
P40	poor	Baseline	NK	CCR5	2.9709693277759386	NR
P40	poor	Baseline	exhausted CD8	CXCR4	7.744063649767029	NR
P40	poor	Treat	Treg	CXCR4	6.91086368124398	NR
P40	poor	Baseline	NK	CXCR4	7.830672336430203	NR
P40	poor	Baseline	cytotoxic CD8	CXCR2	0.14485943970261006	NR
P40	poor	Treat	cytotoxic CD8	ACKR3	0.29199101453663745	NR
P40	poor	Treat	exhausted CD8	CCR2	0.9077104383392158	NR
P40	poor	Treat	cytotoxic CD8	CXCR4	7.859463044468694	NR
P40	poor	Baseline	other CD8	CCR5	3.8023512002648645	NR
P40	poor	Treat	other CD8	CXCR1	0	NR
P40	poor	Baseline	exhausted CD8	CCR4	3.0706396088004717	NR
P40	poor	Baseline	exhausted CD8	CCR6	3.7072347579298417	NR
P40	poor	Treat	NK	CXCR4	7.768068818261448	NR
P40	poor	Treat	other CD8	CX3CR1	1.2165275927512955	NR
P40	poor	Treat	Treg	ACKR3	1.8059494463680232	NR
P40	poor	Baseline	NK	CXCR1	0	NR
P40	poor	Treat	other CD8	CCR4	3.4985819804548086	NR
P40	poor	Baseline	Treg	CXCR4	7.249084373980231	NR
P40	poor	Treat	NK	CXCR3	5.049861416808517	NR
P40	poor	Treat	NK	CXCR1	1.0014519846717274	NR
P40	poor	Treat	cytotoxic CD8	CXCR3	5.108724202610954	NR
P40	poor	Treat	cytotoxic CD8	CXCR1	0.411206248079024	NR
P40	poor	Treat	cytotoxic CD8	CX3CR1	2.051790206039665	NR
P40	poor	Treat	exhausted CD8	CXCR3	4.304671218900752	NR
P40	poor	Treat	Treg	CXCR3	5.161108534342819	NR
P40	poor	Baseline	cytotoxic CD8	CXCR3	5.2899847159510784	NR
P40	poor	Baseline	cytotoxic CD8	CCR4	3.249771870816528	NR
P40	poor	Treat	other CD8	CCR6	3.929555904815207	NR
P40	poor	Baseline	other CD8	CCR6	5.19553667747895	NR
P40	poor	Treat	cytotoxic CD8	CCR6	3.1944715679213753	NR
P40	poor	Treat	cytotoxic CD8	CCR5	3.59553006950482	NR
P40	poor	Baseline	exhausted CD8	CCR2	0.5455138391497953	NR
P40	poor	Baseline	cytotoxic CD8	CXCR1	0	NR
P40	poor	Treat	other CD8	CCR5	3.9526292652390733	NR
P40	poor	Treat	Treg	CX3CR1	0.9352443641976957	NR
P40	poor	Treat	cytotoxic CD8	CXCR2	0.5177110470189894	NR
P40	poor	Treat	exhausted CD8	CX3CR1	0.17994551739303108	NR
P40	poor	Baseline	NK	CXCR2	0.6552070403216301	NR
P41	good	Treat	Treg	CCR6	5.984406377304604	WR
P41	good	Treat	cytotoxic CD8	CX3CR1	1.630751089112806	WR
P41	good	Baseline	Treg	CCR5	3.923888286011756	WR
P41	good	Baseline	NK	CXCR4	7.602060208434015	WR
P41	good	Baseline	exhausted CD8	CXCR4	6.75428266854374	WR
P41	good	Treat	exhausted CD8	CX3CR1	1.0854516070320945	WR
P41	good	Baseline	NK	CXCR3	4.712369784935852	WR
P41	good	Baseline	cytotoxic CD8	CXCR4	7.772154428724269	WR
P41	good	Treat	Treg	CXCR1	0	WR
P41	good	Baseline	NK	CXCR1	1.0069553012469183	WR
P41	good	Treat	exhausted CD8	CXCR3	4.469054559664312	WR
P41	good	Baseline	cytotoxic CD8	CCR5	4.513601190179836	WR
P41	good	Baseline	NK	ACKR3	1.0069553012469183	WR
P41	good	Treat	cytotoxic CD8	CXCR4	8.247834037892911	WR
P41	good	Baseline	cytotoxic CD8	CXCR3	5.336789127461939	WR
P41	good	Treat	cytotoxic CD8	CXCR3	5.26109884957468	WR
P41	good	Baseline	Treg	CCR4	3.793176357344237	WR
P41	good	Baseline	NK	CCR2	0	WR
P41	good	Treat	exhausted CD8	CCR6	3.199869116053737	WR
P41	good	Baseline	Treg	CCR2	0.8351582806195298	WR
P41	good	Baseline	exhausted CD8	CX3CR1	0.12169939250269701	WR
P41	good	Treat	exhausted CD8	ACKR3	0	WR
P41	good	Treat	Treg	CCR5	0.8073524858765913	WR
P41	good	Baseline	cytotoxic CD8	CCR4	2.747713752001219	WR
P41	good	Treat	Treg	CXCR3	3.6113764616239736	WR
P41	good	Baseline	other CD8	CXCR1	0.48881256672678935	WR
P41	good	Baseline	cytotoxic CD8	CXCR1	0	WR
P41	good	Baseline	exhausted CD8	ACKR3	0.9867078241069391	WR
P41	good	Treat	cytotoxic CD8	ACKR3	0	WR
P41	good	Baseline	cytotoxic CD8	CXCR2	0.4198119317937782	WR
P41	good	Baseline	other CD8	CXCR4	7.430116122048057	WR
P41	good	Treat	exhausted CD8	CCR5	3.7418586679624712	WR
P41	good	Baseline	cytotoxic CD8	CCR2	1.2082254713419194	WR
P41	good	Baseline	NK	CXCR2	1.0069553012469183	WR
P41	good	Baseline	NK	CCR5	3.1230553250082322	WR
P41	good	Treat	exhausted CD8	CXCR4	8.124878441250125	WR
P41	good	Treat	Treg	CXCR2	0	WR
P41	good	Treat	NK	CCR6	2.013924313829291	WR
P41	good	Baseline	other CD8	CCR5	4.410600782106595	WR
P41	good	Treat	NK	CCR2	1.4460554679182596	WR
P41	good	Treat	exhausted CD8	CXCR1	0	WR
P41	good	Treat	cytotoxic CD8	CXCR2	0	WR
P41	good	Treat	exhausted CD8	CXCR2	0	WR
P41	good	Treat	cytotoxic CD8	CCR5	3.508713516476179	WR
P41	good	Baseline	exhausted CD8	CCR2	1.2409437574376838	WR
P41	good	Treat	cytotoxic CD8	CCR4	3.131476794165737	WR
P41	good	Baseline	NK	CCR6	1.8264446883197083	WR
P41	good	Baseline	other CD8	CX3CR1	0.48881256672678935	WR
P41	good	Treat	Treg	CX3CR1	0.8073524858765913	WR
P41	good	Treat	NK	CCR5	1.4460554679182596	WR
P41	good	Baseline	other CD8	CCR6	3.915408669349522	WR
P41	good	Treat	NK	CCR4	2.013924313829291	WR
P41	good	Baseline	other CD8	CCR4	2.5631942003890535	WR
P41	good	Baseline	NK	CX3CR1	2.862424564615565	WR
P41	good	Baseline	exhausted CD8	CXCR3	4.442534033542021	WR
P41	good	Baseline	other CD8	ACKR3	2.1476315027519726	WR
P41	good	Treat	Treg	CXCR4	7.215026096879543	WR
P41	good	Baseline	cytotoxic CD8	CCR6	2.7966361769806714	WR
P41	good	Treat	cytotoxic CD8	CCR2	1.630751089112806	WR
P41	good	Treat	exhausted CD8	CCR4	2.1796382286762963	WR
P41	good	Baseline	NK	CCR4	0	WR
P41	good	Treat	cytotoxic CD8	CCR6	3.739503560171124	WR
P41	good	Treat	Treg	CCR4	5.082729072128401	WR
P41	good	Treat	Treg	CCR2	0	WR
P41	good	Baseline	other CD8	CCR2	0.8157002470104252	WR
P41	good	Baseline	Treg	CX3CR1	1.449960754733714	WR
P41	good	Treat	NK	CXCR1	0	WR
P41	good	Baseline	Treg	CXCR4	5.991610646316678	WR
P41	good	Treat	exhausted CD8	CCR2	1.5936241816589516	WR
P41	good	Treat	NK	CXCR4	7.979151257478483	WR
P41	good	Treat	NK	CXCR3	4.084865941937326	WR
P41	good	Baseline	cytotoxic CD8	CX3CR1	2.0176913793754747	WR
P41	good	Baseline	exhausted CD8	CXCR1	0.23018198773208925	WR
P41	good	Baseline	Treg	ACKR3	2.5951949591475394	WR
P41	good	Baseline	Treg	CXCR2	0.28238913036906144	WR
P41	good	Treat	Treg	ACKR3	1.248160674024338	WR
P41	good	Baseline	other CD8	CXCR2	1.2588916964892611	WR
P41	good	Baseline	exhausted CD8	CCR6	2.125445541813938	WR
P41	good	Baseline	exhausted CD8	CCR4	0.9372591433820111	WR
P41	good	Baseline	exhausted CD8	CXCR2	0	WR
P41	good	Treat	NK	CXCR2	2.3738815032978544	WR
P41	good	Treat	NK	ACKR3	0	WR
P41	good	Treat	cytotoxic CD8	CXCR1	0.3759760006205735	WR
P41	good	Baseline	Treg	CCR6	5.344734845780976	WR
P41	good	Baseline	Treg	CXCR1	0	WR
P41	good	Baseline	cytotoxic CD8	ACKR3	1.127103012565372	WR
P41	good	Baseline	exhausted CD8	CCR5	4.408460617363474	WR
P41	good	Baseline	other CD8	CXCR3	5.116733763021085	WR
P41	good	Treat	NK	CX3CR1	2.846748286547681	WR
P41	good	Baseline	Treg	CXCR3	5.204520677115139	WR
P42	good	Treat	NK	CX3CR1	3.769454142798336	WR
P42	good	Treat	NK	CCR6	0	WR
P42	good	Treat	cytotoxic CD8	CCR4	2.0768489268317905	WR
P42	good	Treat	NK	CCR2	1.2939801759368295	WR
P42	good	Treat	cytotoxic CD8	CXCR1	0.6578160519812853	WR
P42	good	Treat	cytotoxic CD8	CX3CR1	1.552292969893774	WR
P42	good	Treat	cytotoxic CD8	ACKR3	0.38205026074875587	WR
P42	good	Treat	cytotoxic CD8	CCR5	2.822551698857944	WR
P42	good	Treat	cytotoxic CD8	CXCR2	1.051221166878533	WR
P42	good	Treat	NK	CXCR3	4.167201327591177	WR
P42	good	Treat	NK	CCR5	2.190739538813586	WR
P42	good	Treat	NK	CXCR2	2.45006482810735	WR
P42	good	Treat	NK	ACKR3	1.2939801759368295	WR
P42	good	Treat	NK	CXCR1	2.45006482810735	WR
P42	good	Treat	cytotoxic CD8	CCR2	2.5362446164238484	WR
P42	good	Treat	NK	CCR4	3.769454142798336	WR
P42	good	Treat	cytotoxic CD8	CCR6	3.1092012866684526	WR
P42	good	Treat	NK	CXCR4	7.829337386449653	WR
P42	good	Treat	cytotoxic CD8	CXCR4	8.08457521897325	WR
P42	good	Treat	cytotoxic CD8	CXCR3	4.89140982276305	WR
P43	good	Baseline	Treg	CCR5	3.510545712802545	WR
P43	good	Baseline	Treg	CCR4	5.112095197996261	WR
P43	good	Baseline	exhausted CD8	CXCR4	7.273070857423627	WR
P43	good	Baseline	other CD8	CXCR4	7.414071659449696	WR
P43	good	Treat	cytotoxic CD8	CXCR4	8.298961994159118	WR
P43	good	Treat	cytotoxic CD8	CXCR2	0	WR
P43	good	Baseline	exhausted CD8	ACKR3	0	WR
P43	good	Baseline	cytotoxic CD8	CCR2	1.1589980557886685	WR
P43	good	Baseline	cytotoxic CD8	CCR5	4.210974181473284	WR
P43	good	Treat	cytotoxic CD8	ACKR3	0	WR
P43	good	Baseline	cytotoxic CD8	CCR4	2.357734233510551	WR
P43	good	Baseline	NK	ACKR3	0	WR
P43	good	Baseline	other CD8	CXCR3	4.892555869940692	WR
P43	good	Baseline	NK	CXCR4	7.477835864248313	WR
P43	good	Treat	cytotoxic CD8	CCR4	0.6251531182491858	WR
P43	good	Baseline	NK	CX3CR1	2.800547338928622	WR
P43	good	Baseline	Treg	CXCR2	0.5494659678720692	WR
P43	good	Baseline	exhausted CD8	CCR5	3.9726790668629826	WR
P43	good	Baseline	cytotoxic CD8	CCR6	2.8406677390707338	WR
P43	good	Baseline	NK	CCR6	2.3758541436902667	WR
P43	good	Treat	cytotoxic CD8	CXCR3	4.569942147406324	WR
P43	good	Treat	cytotoxic CD8	CCR6	2.356490955420629	WR
P43	good	Treat	cytotoxic CD8	CCR5	3.2652794946577424	WR
P43	good	Treat	cytotoxic CD8	CCR2	1.2824871178575215	WR
P43	good	Baseline	Treg	CCR6	5.626972891135676	WR
P43	good	Baseline	Treg	CXCR3	4.774208354306633	WR
P43	good	Baseline	Treg	CXCR1	0	WR
P43	good	Baseline	other CD8	CCR4	4.654311604089963	WR
P43	good	Baseline	cytotoxic CD8	CXCR4	7.634608707557777	WR
P43	good	Treat	cytotoxic CD8	CX3CR1	0	WR
P43	good	Treat	cytotoxic CD8	CXCR1	0	WR
P43	good	Baseline	cytotoxic CD8	CXCR2	0.9707993927749963	WR
P43	good	Baseline	NK	CCR2	0	WR
P43	good	Baseline	NK	CCR4	1.7715737701870156	WR
P43	good	Baseline	other CD8	CCR2	1.2722327821144217	WR
P43	good	Baseline	exhausted CD8	CCR4	2.7209082991986198	WR
P43	good	Baseline	other CD8	CX3CR1	0	WR
P43	good	Baseline	cytotoxic CD8	CXCR3	5.373303027428284	WR
P43	good	Baseline	Treg	CX3CR1	0.6812956627297909	WR
P43	good	Baseline	NK	CXCR1	0.9657283066841098	WR
P43	good	Baseline	cytotoxic CD8	CX3CR1	1.8235010833951613	WR
P43	good	Baseline	cytotoxic CD8	ACKR3	0	WR
P43	good	Baseline	exhausted CD8	CX3CR1	0.7991413361577977	WR
P43	good	Baseline	exhausted CD8	CXCR2	0.398408470418185	WR
P43	good	Baseline	NK	CXCR3	4.998673032600237	WR
P43	good	Baseline	cytotoxic CD8	CXCR1	0.43611372754135075	WR
P43	good	Baseline	NK	CXCR2	0.9657283066841098	WR
P43	good	Baseline	Treg	CCR2	1.9604792784056573	WR
P43	good	Baseline	exhausted CD8	CCR2	1.4306556773272185	WR
P43	good	Baseline	NK	CCR5	2.7498509183442006	WR
P43	good	Baseline	exhausted CD8	CXCR3	4.637594115755944	WR
P43	good	Baseline	other CD8	CXCR2	1.2722327821144217	WR
P43	good	Baseline	other CD8	CXCR1	0	WR
P43	good	Baseline	Treg	CXCR4	6.571626722712406	WR
P43	good	Baseline	other CD8	CCR5	4.00633365150483	WR
P43	good	Baseline	exhausted CD8	CXCR1	0.21891554703670332	WR
P43	good	Baseline	exhausted CD8	CCR6	3.338065969973361	WR
P43	good	Baseline	Treg	ACKR3	1.3043251757965	WR
P43	good	Baseline	other CD8	ACKR3	0	WR
P43	good	Baseline	other CD8	CCR6	4.271686120686126	WR
P44	good	Treat	Treg	CXCR2	0	WR
P44	good	Treat	Treg	CXCR4	7.132453084148101	WR
P44	good	Treat	Treg	CCR5	2.48267047298099	WR
P44	good	Treat	NK	CCR5	2.8980393986064072	WR
P44	good	Treat	Treg	CCR6	5.983631808418284	WR
P44	good	Treat	Treg	ACKR3	0.9888658646229971	WR
P44	good	Treat	Treg	CXCR3	3.9444034415354157	WR
P44	good	Treat	NK	CCR4	1.2378999165951357	WR
P44	good	Treat	Treg	CXCR1	0	WR
P44	good	Baseline	Treg	CXCR3	4.936019221684502	WR
P44	good	Baseline	Treg	CXCR4	5.718614181469659	WR
P44	good	Treat	NK	CX3CR1	3.413796611579993	WR
P44	good	Baseline	Treg	ACKR3	2.336551216680344	WR
P44	good	Treat	NK	CXCR1	1.7743976218824062	WR
P44	good	Treat	Treg	CX3CR1	1.2619424131648012	WR
P44	good	Baseline	exhausted CD8	CCR4	1.003918152627939	WR
P44	good	Treat	Treg	CCR4	4.407119544670138	WR
P44	good	Treat	NK	CCR2	1.2378999165951357	WR
P44	good	Treat	cytotoxic CD8	CXCR2	0	WR
P44	good	Baseline	NK	CXCR2	1.176353757709275	WR
P44	good	Baseline	other CD8	CCR5	3.9259454846972894	WR
P44	good	Treat	NK	CXCR3	4.20627089692225	WR
P44	good	Baseline	Treg	CX3CR1	1.5963416319534394	WR
P44	good	Baseline	cytotoxic CD8	ACKR3	0.4054812754282606	WR
P44	good	Baseline	NK	CXCR4	7.315547553237641	WR
P44	good	Treat	NK	ACKR3	0	WR
P44	good	Baseline	other CD8	CXCR2	0	WR
P44	good	Treat	other CD8	CX3CR1	1.4493776068576516	WR
P44	good	Baseline	other CD8	CCR4	3.4984800511260343	WR
P44	good	Baseline	Treg	CXCR1	0	WR
P44	good	Baseline	exhausted CD8	CCR2	0.79311348331436	WR
P44	good	Treat	exhausted CD8	CCR2	0	WR
P44	good	Treat	exhausted CD8	CXCR3	3.7593158836459097	WR
P44	good	Treat	NK	CXCR2	1.7743976218824062	WR
P44	good	Treat	NK	CXCR4	8.025845514780512	WR
P44	good	Baseline	NK	CCR6	2.04479687604218	WR
P44	good	Treat	cytotoxic CD8	CXCR1	0.24654917322915945	WR
P44	good	Baseline	Treg	CCR6	5.49911204646911	WR
P44	good	Treat	other CD8	ACKR3	0	WR
P44	good	Baseline	Treg	CXCR2	0	WR
P44	good	Baseline	Treg	CCR5	3.9635932988274507	WR
P44	good	Treat	NK	CCR6	3.563233916084788	WR
P44	good	Treat	exhausted CD8	CXCR1	0	WR
P44	good	Baseline	exhausted CD8	ACKR3	0.6229804143234382	WR
P44	good	Baseline	other CD8	CX3CR1	0.956763668318494	WR
P44	good	Treat	cytotoxic CD8	CX3CR1	1.7497624383116004	WR
P44	good	Treat	cytotoxic CD8	ACKR3	0.7506650592565705	WR
P44	good	Baseline	NK	CXCR1	0	WR
P44	good	Treat	Treg	CCR2	1.6525855102207272	WR
P44	good	Baseline	NK	CCR5	2.2995924488416737	WR
P44	good	Baseline	other CD8	CCR2	1.7595415786526953	WR
P44	good	Treat	other CD8	CXCR2	1.4493776068576516	WR
P44	good	Baseline	Treg	CCR4	4.3720652099795885	WR
P44	good	Treat	other CD8	CXCR4	7.451545901161212	WR
P44	good	Baseline	cytotoxic CD8	CCR2	1.7047877751938898	WR
P44	good	Baseline	exhausted CD8	CCR5	4.233350671418597	WR
P44	good	Treat	other CD8	CCR4	2.6420420159945355	WR
P44	good	Baseline	exhausted CD8	CX3CR1	0.29698170118621614	WR
P44	good	Baseline	other CD8	ACKR3	2.199032841379797	WR
P44	good	Treat	cytotoxic CD8	CXCR4	8.163930595331943	WR
P44	good	Baseline	other CD8	CXCR4	7.0225803585104325	WR
P44	good	Baseline	NK	CCR4	0	WR
P44	good	Treat	cytotoxic CD8	CXCR3	4.786081533330442	WR
P44	good	Treat	other CD8	CXCR3	4.192820032497681	WR
P44	good	Treat	cytotoxic CD8	CCR6	3.4403228086896904	WR
P44	good	Baseline	Treg	CCR2	1.374021642191395	WR
P44	good	Baseline	exhausted CD8	CXCR4	6.808775800590798	WR
P44	good	Baseline	cytotoxic CD8	CXCR4	7.373108858167222	WR
P44	good	Baseline	NK	ACKR3	0	WR
P44	good	Baseline	exhausted CD8	CXCR3	4.513617957981464	WR
P44	good	Baseline	cytotoxic CD8	CX3CR1	1.7917998870382144	WR
P44	good	Treat	exhausted CD8	ACKR3	0	WR
P44	good	Treat	exhausted CD8	CX3CR1	0.837234730974252	WR
P44	good	Baseline	other CD8	CXCR3	4.874157725075631	WR
P44	good	Treat	exhausted CD8	CCR4	1.2864576981169324	WR
P44	good	Treat	exhausted CD8	CXCR2	0	WR
P44	good	Baseline	other CD8	CXCR1	0	WR
P44	good	Treat	other CD8	CCR5	3.0234822585802617	WR
P44	good	Treat	cytotoxic CD8	CCR5	3.4668550739822637	WR
P44	good	Treat	cytotoxic CD8	CCR2	1.533598949110438	WR
P44	good	Treat	other CD8	CCR2	0	WR
P44	good	Treat	other CD8	CXCR1	0	WR
P44	good	Baseline	exhausted CD8	CXCR2	0.15947533843112763	WR
P44	good	Baseline	NK	CX3CR1	3.1538164527443677	WR
P44	good	Baseline	other CD8	CCR6	4.29246567245753	WR
P44	good	Baseline	exhausted CD8	CXCR1	0.15947533843112763	WR
P44	good	Treat	cytotoxic CD8	CCR4	2.545004729962492	WR
P44	good	Treat	other CD8	CCR6	4.55968523485269	WR
P44	good	Baseline	exhausted CD8	CCR6	2.266415469937568	WR
P44	good	Baseline	NK	CCR2	0	WR
P44	good	Treat	exhausted CD8	CCR5	3.438150149410586	WR
P44	good	Treat	exhausted CD8	CCR6	2.440585796300757	WR
P44	good	Baseline	cytotoxic CD8	CXCR3	5.225794914136642	WR
P44	good	Baseline	NK	CXCR3	4.9419054847785775	WR
P44	good	Baseline	cytotoxic CD8	CXCR2	0.4054812754282606	WR
P44	good	Treat	exhausted CD8	CXCR4	7.642602299659028	WR
P44	good	Baseline	cytotoxic CD8	CCR6	2.4423913191451696	WR
P44	good	Baseline	cytotoxic CD8	CCR4	1.7047877751938898	WR
P44	good	Baseline	cytotoxic CD8	CCR5	3.9608607469637906	WR
P44	good	Baseline	cytotoxic CD8	CXCR1	0	WR
P45	poor	Treat	exhausted CD8	ACKR3	0	NR
P45	poor	Treat	cytotoxic CD8	CXCR1	0	NR
P45	poor	Treat	cytotoxic CD8	CXCR2	0	NR
P45	poor	Baseline	cytotoxic CD8	CCR2	0.8034297294240543	NR
P45	poor	Treat	cytotoxic CD8	CCR6	3.505206277365427	NR
P45	poor	Treat	NK	CX3CR1	2.252726565428	NR
P45	poor	Treat	cytotoxic CD8	CCR4	3.2987592372285546	NR
P45	poor	Treat	cytotoxic CD8	CCR5	2.8416572924595758	NR
P45	poor	Baseline	other CD8	CXCR3	4.9861407916729235	NR
P45	poor	Baseline	other CD8	CXCR4	7.685466840312443	NR
P45	poor	Baseline	other CD8	ACKR3	0.9896728440568281	NR
P45	poor	Treat	Treg	CCR4	5.120880059260616	NR
P45	poor	Treat	Treg	CCR2	0.9971105012429662	NR
P45	poor	Treat	exhausted CD8	CXCR3	4.365154484085054	NR
P45	poor	Baseline	cytotoxic CD8	CXCR4	7.985721958777157	NR
P45	poor	Treat	cytotoxic CD8	CCR2	1.4419255900651524	NR
P45	poor	Treat	NK	ACKR3	1.233279708071676	NR
P45	poor	Baseline	exhausted CD8	CX3CR1	0.530746866425635	NR
P45	poor	Baseline	NK	CCR5	1.617831806947217	NR
P45	poor	Baseline	cytotoxic CD8	ACKR3	0.6863992790944378	NR
P45	poor	Treat	NK	CXCR4	8.006445488745625	NR
P45	poor	Baseline	Treg	CXCR2	0	NR
P45	poor	Treat	cytotoxic CD8	CXCR3	4.534166744466313	NR
P45	poor	Baseline	Treg	CXCR1	0	NR
P45	poor	Baseline	other CD8	CXCR1	0	NR
P45	poor	Treat	Treg	ACKR3	1.1880217371133235	NR
P45	poor	Treat	Treg	CX3CR1	0.7609424842804494	NR
P45	poor	Treat	exhausted CD8	CXCR4	8.12674218769889	NR
P45	poor	Baseline	cytotoxic CD8	CXCR3	5.310753524588744	NR
P45	poor	Treat	NK	CXCR3	3.975900208589	NR
P45	poor	Baseline	other CD8	CCR5	3.27166986548499	NR
P45	poor	Baseline	cytotoxic CD8	CXCR2	0.22044985236171613	NR
P45	poor	Baseline	NK	CCR4	1.306916702133066	NR
P45	poor	Baseline	Treg	CCR6	5.793673401732137	NR
P45	poor	Baseline	exhausted CD8	CXCR2	0	NR
P45	poor	Baseline	other CD8	CXCR2	0.9896728440568281	NR
P45	poor	Baseline	cytotoxic CD8	CXCR1	0.22044985236171613	NR
P45	poor	Baseline	cytotoxic CD8	CCR6	3.9570074744083814	NR
P45	poor	Baseline	cytotoxic CD8	CCR5	3.3964051387912373	NR
P45	poor	Treat	cytotoxic CD8	CXCR4	8.222177697252958	NR
P45	poor	Treat	exhausted CD8	CXCR1	0	NR
P45	poor	Treat	exhausted CD8	CX3CR1	0.9136838828470227	NR
P45	poor	Treat	cytotoxic CD8	ACKR3	0.556820364849859	NR
P45	poor	Treat	exhausted CD8	CCR4	4.106596772826938	NR
P45	poor	Baseline	exhausted CD8	CXCR4	7.139948149054692	NR
P45	poor	Baseline	exhausted CD8	CXCR3	4.125803568494101	NR
P45	poor	Baseline	Treg	CCR4	4.9877232563000264	NR
P45	poor	Baseline	NK	CX3CR1	2.5746283895457815	NR
P45	poor	Baseline	cytotoxic CD8	CX3CR1	1.1692995752307906	NR
P45	poor	Treat	Treg	CCR5	1.6076410225414888	NR
P45	poor	Baseline	cytotoxic CD8	CCR4	3.3368407034525998	NR
P45	poor	Baseline	NK	CXCR2	0	NR
P45	poor	Treat	Treg	CCR6	5.382913849201243	NR
P45	poor	Treat	cytotoxic CD8	CX3CR1	1.248099579230804	NR
P45	poor	Baseline	other CD8	CX3CR1	0	NR
P45	poor	Treat	exhausted CD8	CCR6	3.721449902354045	NR
P45	poor	Treat	exhausted CD8	CCR5	2.9403197898691573	NR
P45	poor	Baseline	NK	CCR2	0.8533006802317926	NR
P45	poor	Baseline	Treg	CCR5	3.169640687197544	NR
P45	poor	Treat	NK	CCR5	1.9574393568533759	NR
P45	poor	Baseline	NK	CCR6	2.6723415256322856	NR
P45	poor	Baseline	exhausted CD8	CXCR1	0	NR
P45	poor	Treat	Treg	CXCR4	7.892551556241017	NR
P45	poor	Baseline	NK	CXCR1	0	NR
P45	poor	Treat	Treg	CXCR2	0	NR
P45	poor	Baseline	NK	CXCR3	5.396456595283122	NR
P45	poor	Treat	NK	CXCR1	0	NR
P45	poor	Treat	exhausted CD8	CXCR2	0	NR
P45	poor	Treat	exhausted CD8	CCR2	0	NR
P45	poor	Baseline	NK	CXCR4	7.771654169959726	NR
P45	poor	Baseline	exhausted CD8	CCR2	0	NR
P45	poor	Baseline	exhausted CD8	ACKR3	0.530746866425635	NR
P45	poor	Baseline	other CD8	CCR6	5.1360067465312955	NR
P45	poor	Treat	NK	CXCR2	1.7689917713061591	NR
P45	poor	Baseline	Treg	ACKR3	1.2783715871181607	NR
P45	poor	Baseline	other CD8	CCR2	0	NR
P45	poor	Baseline	Treg	CCR2	0.8309044360178843	NR
P45	poor	Treat	Treg	CXCR3	4.03076885595784	NR
P45	poor	Treat	NK	CCR4	3.278687700603966	NR
P45	poor	Baseline	other CD8	CCR4	4.276594933790472	NR
P45	poor	Baseline	exhausted CD8	CCR4	3.058981592977172	NR
P45	poor	Treat	NK	CCR6	3.591012860026601	NR
P45	poor	Treat	Treg	CXCR1	0	NR
P45	poor	Baseline	Treg	CXCR4	6.912673390128992	NR
P45	poor	Baseline	NK	ACKR3	0	NR
P45	poor	Baseline	exhausted CD8	CCR6	3.883905646442928	NR
P45	poor	Baseline	Treg	CX3CR1	1.7787580807124754	NR
P45	poor	Baseline	exhausted CD8	CCR5	3.824565844370726	NR
P45	poor	Treat	NK	CCR2	0.7958094922558094	NR
P45	poor	Baseline	Treg	CXCR3	4.359339629500033	NR
P46	good	Baseline	other CD8	CX3CR1	0	WR
P46	good	Treat	other CD8	CXCR2	0	WR
P46	good	Baseline	exhausted CD8	ACKR3	1.6996646315234831	WR
P46	good	Treat	other CD8	CCR6	0	WR
P46	good	Baseline	exhausted CD8	CX3CR1	0	WR
P46	good	Baseline	other CD8	CXCR4	7.380149687840834	WR
P46	good	Treat	other CD8	CXCR1	2.064002621504825	WR
P46	good	Baseline	exhausted CD8	CXCR4	6.646654439162217	WR
P46	good	Baseline	other CD8	ACKR3	2.7771803337351377	WR
P46	good	Treat	cytotoxic CD8	CXCR1	2.3127987354343817	WR
P46	good	Treat	cytotoxic CD8	CXCR2	2.9551873028666673	WR
P46	good	Treat	cytotoxic CD8	CCR6	1.3948129577279733	WR
P46	good	Baseline	NK	CXCR4	7.527514212523545	WR
P46	good	Baseline	NK	ACKR3	1.529046233972347	WR
P46	good	Baseline	other CD8	CXCR2	1.7958419415604097	WR
P46	good	Treat	other CD8	CXCR3	0	WR
P46	good	Treat	other CD8	CCR5	0	WR
P46	good	Baseline	other CD8	CCR6	3.2628056063662787	WR
P46	good	Baseline	other CD8	CXCR3	5.116855330825403	WR
P46	good	Baseline	other CD8	CCR5	4.030161425400054	WR
P46	good	Baseline	other CD8	CXCR1	0	WR
P46	good	Baseline	exhausted CD8	CXCR3	4.906484101015644	WR
P46	good	Baseline	NK	CXCR3	3.398199361949307	WR
P46	good	Baseline	exhausted CD8	CCR6	3.475215311242376	WR
P46	good	Treat	NK	CCR4	0	WR
P46	good	Treat	cytotoxic CD8	CCR5	3.101871764437058	WR
P46	good	Treat	other CD8	CCR2	0	WR
P46	good	Baseline	exhausted CD8	CXCR2	1.6996646315234831	WR
P46	good	Baseline	cytotoxic CD8	CCR5	3.9795171454614713	WR
P46	good	Treat	NK	CCR6	0	WR
P46	good	Treat	NK	CCR2	0	WR
P46	good	Baseline	other CD8	CCR4	4.030161425400054	WR
P46	good	Baseline	other CD8	CCR2	3.0491867622285036	WR
P46	good	Treat	other CD8	CCR4	0	WR
P46	good	Treat	NK	CXCR1	3.5341538793525737	WR
P46	good	Baseline	NK	CCR5	0	WR
P46	good	Baseline	NK	CCR6	0	WR
P46	good	Baseline	Treg	CX3CR1	1.7427049305536544	WR
P46	good	Baseline	exhausted CD8	CCR4	3.4034856753810745	WR
P46	good	Treat	NK	CCR5	0	WR
P46	good	Baseline	NK	CXCR2	3.121600119846044	WR
P46	good	Baseline	cytotoxic CD8	CCR2	2.30477518478132	WR
P46	good	Baseline	exhausted CD8	CXCR1	0	WR
P46	good	Treat	cytotoxic CD8	CX3CR1	3.5373708425925665	WR
P46	good	Baseline	NK	CCR4	0	WR
P46	good	Treat	cytotoxic CD8	ACKR3	0	WR
P46	good	Baseline	exhausted CD8	CCR5	4.2843282255470765	WR
P46	good	Baseline	Treg	CXCR4	6.4392129684540045	WR
P46	good	Baseline	Treg	CXCR1	0	WR
P46	good	Baseline	Treg	ACKR3	2.144812566660141	WR
P46	good	Baseline	Treg	CXCR2	0.6640041377367938	WR
P46	good	Baseline	NK	CXCR1	2.1074880995941925	WR
P46	good	Treat	other CD8	ACKR3	2.6915734948791434	WR
P46	good	Treat	other CD8	CX3CR1	0	WR
P46	good	Treat	NK	CXCR2	4.06091607893615	WR
P46	good	Treat	cytotoxic CD8	CXCR3	3.444965410725234	WR
P46	good	Treat	NK	CXCR4	7.959232911306699	WR
P46	good	Baseline	NK	CCR2	0	WR
P46	good	Treat	NK	CX3CR1	4.65918775713229	WR
P46	good	Baseline	exhausted CD8	CCR2	2.4998182320771467	WR
P46	good	Treat	cytotoxic CD8	CCR4	1.9556397857970953	WR
P46	good	Baseline	Treg	CCR4	4.769640223524728	WR
P46	good	Baseline	cytotoxic CD8	CCR4	2.5243236494057775	WR
P46	good	Baseline	Treg	CCR5	3.8133089508883566	WR
P46	good	Baseline	Treg	CXCR3	4.384207048369977	WR
P46	good	Baseline	cytotoxic CD8	CCR6	3.105686961092119	WR
P46	good	Treat	cytotoxic CD8	CXCR4	8.02103368977737	WR
P46	good	Baseline	cytotoxic CD8	CXCR4	7.610580801247228	WR
P46	good	Treat	other CD8	CXCR4	4.979668610980295	WR
P46	good	Baseline	cytotoxic CD8	CX3CR1	2.946744206182563	WR
P46	good	Treat	cytotoxic CD8	CCR2	1.3948129577279733	WR
P46	good	Treat	NK	ACKR3	0	WR
P46	good	Baseline	cytotoxic CD8	ACKR3	1.9082416514012934	WR
P46	good	Baseline	Treg	CCR6	5.575846280814614	WR
P46	good	Baseline	cytotoxic CD8	CXCR2	1.4541165406483227	WR
P46	good	Baseline	Treg	CCR2	1.0595630555590543	WR
P46	good	Baseline	cytotoxic CD8	CXCR3	5.355571482028316	WR
P46	good	Baseline	NK	CX3CR1	4.474270553385414	WR
P46	good	Treat	NK	CXCR3	2.996189576602432	WR
P46	good	Baseline	cytotoxic CD8	CXCR1	0	WR
P47	good	Treat	exhausted CD8	CXCR2	0	WR
P47	good	Baseline	exhausted CD8	CXCR1	0	WR
P47	good	Baseline	exhausted CD8	CXCR2	0	WR
P47	good	Baseline	Treg	CXCR4	6.993929255709877	WR
P47	good	Baseline	other CD8	CCR6	4.346962905480533	WR
P47	good	Baseline	exhausted CD8	CXCR3	4.667544680116786	WR
P47	good	Baseline	exhausted CD8	ACKR3	0.322544039521942	WR
P47	good	Baseline	exhausted CD8	CXCR4	7.3982756478495135	WR
P47	good	Treat	NK	CCR5	1.0081443028363417	WR
P47	good	Baseline	other CD8	CCR5	3.467676859646404	WR
P47	good	Treat	other CD8	ACKR3	2.1333372165603617	WR
P47	good	Treat	other CD8	CX3CR1	0	WR
P47	good	Treat	exhausted CD8	CX3CR1	0	WR
P47	good	Treat	other CD8	CXCR2	2.4985213750493753	WR
P47	good	Treat	exhausted CD8	CXCR1	0	WR
P47	good	Treat	Treg	CCR4	3.9474501213042985	WR
P47	good	Treat	exhausted CD8	CCR5	2.8254216495269486	WR
P47	good	Baseline	exhausted CD8	CCR6	3.7930698355568246	WR
P47	good	Treat	Treg	CCR2	0.5282330128483846	WR
P47	good	Baseline	other CD8	CXCR3	4.795897425491856	WR
P47	good	Baseline	Treg	ACKR3	0	WR
P47	good	Baseline	Treg	CXCR2	0	WR
P47	good	Baseline	other CD8	ACKR3	0.8804218092358662	WR
P47	good	Treat	other CD8	CXCR1	1.5521261173328509	WR
P47	good	Baseline	Treg	CX3CR1	1.3856032593397685	WR
P47	good	Treat	exhausted CD8	CCR4	2.119109042653723	WR
P47	good	Treat	NK	CCR4	2.2723891165672994	WR
P47	good	Treat	cytotoxic CD8	ACKR3	0.3339078028278861	WR
P47	good	Treat	cytotoxic CD8	CX3CR1	1.7842614126391054	WR
P47	good	Treat	exhausted CD8	CCR6	3.6903740839590813	WR
P47	good	Baseline	other CD8	CXCR4	7.507894639929113	WR
P47	good	Treat	exhausted CD8	ACKR3	0	WR
P47	good	Treat	exhausted CD8	CXCR3	4.184989989004197	WR
P47	good	Treat	other CD8	CXCR4	7.4261892384934205	WR
P47	good	Treat	NK	CXCR4	7.490107781121514	WR
P47	good	Baseline	Treg	CXCR3	4.819367425842186	WR
P47	good	Baseline	cytotoxic CD8	CX3CR1	1.718473091560098	WR
P47	good	Treat	Treg	CX3CR1	0.5282330128483846	WR
P47	good	Treat	other CD8	CXCR3	3.9721952271976395	WR
P47	good	Treat	exhausted CD8	CCR2	1.2358316880118765	WR
P47	good	Baseline	exhausted CD8	CCR5	3.5734082185446705	WR
P47	good	Baseline	other CD8	CCR2	1.6555102117073173	WR
P47	good	Baseline	other CD8	CCR4	3.273913234012456	WR
P47	good	Treat	NK	CXCR2	2.578971747852036	WR
P47	good	Baseline	exhausted CD8	CX3CR1	0	WR
P47	good	Treat	NK	CXCR3	3.2998163828446923	WR
P47	good	Treat	exhausted CD8	CXCR4	7.706949539679305	WR
P47	good	Baseline	Treg	CXCR1	0	WR
P47	good	Baseline	cytotoxic CD8	ACKR3	0.8100418913493682	WR
P47	good	Treat	Treg	CXCR2	0	WR
P47	good	Treat	other CD8	CCR6	4.582504728298136	WR
P47	good	Baseline	other CD8	CX3CR1	0	WR
P47	good	Treat	NK	CCR2	1.0081443028363417	WR
P47	good	Baseline	NK	CCR4	1.7868122988971427	WR
P47	good	Baseline	exhausted CD8	CCR2	0.322544039521942	WR
P47	good	Treat	cytotoxic CD8	CXCR3	4.360557902756612	WR
P47	good	Treat	cytotoxic CD8	CXCR4	7.803296486520091	WR
P47	good	Treat	NK	CXCR1	1.828016211851292	WR
P47	good	Treat	Treg	CCR5	2.158167534222278	WR
P47	good	Baseline	other CD8	CXCR1	0	WR
P47	good	Baseline	other CD8	CXCR2	0.8804218092358662	WR
P47	good	Treat	Treg	CXCR1	0	WR
P47	good	Baseline	Treg	CCR6	5.735653696449239	WR
P47	good	Treat	NK	ACKR3	0	WR
P47	good	Treat	NK	CX3CR1	4.257319471178562	WR
P47	good	Baseline	exhausted CD8	CCR4	2.388444205783727	WR
P47	good	Treat	cytotoxic CD8	CXCR1	0.4024726285886312	WR
P47	good	Treat	Treg	ACKR3	0.5282330128483846	WR
P47	good	Baseline	NK	CCR5	2.5335045193846297	WR
P47	good	Treat	Treg	CCR6	5.959051878978825	WR
P47	good	Baseline	cytotoxic CD8	CCR5	3.7321321827383587	WR
P47	good	Baseline	cytotoxic CD8	CCR2	1.1249307639478576	WR
P47	good	Treat	NK	CCR6	4.281666653177334	WR
P47	good	Treat	cytotoxic CD8	CCR6	4.002122362273555	WR
P47	good	Baseline	cytotoxic CD8	CXCR4	7.7872343650177696	WR
P47	good	Baseline	NK	CX3CR1	1.9565563415633536	WR
P47	good	Treat	other CD8	CCR5	2.4985213750493753	WR
P47	good	Treat	cytotoxic CD8	CXCR2	0.4024726285886312	WR
P47	good	Treat	Treg	CXCR4	7.241613817376487	WR
P47	good	Baseline	NK	CCR2	0	WR
P47	good	Baseline	NK	ACKR3	0	WR
P47	good	Baseline	cytotoxic CD8	CCR6	3.775975849369662	WR
P47	good	Baseline	Treg	CCR5	3.525466066676465	WR
P47	good	Baseline	cytotoxic CD8	CXCR2	0.18896639704951693	WR
P47	good	Treat	cytotoxic CD8	CCR4	2.4341288185579457	WR
P47	good	Baseline	cytotoxic CD8	CXCR3	5.1351882029705624	WR
P47	good	Treat	Treg	CXCR3	3.906312888527699	WR
P47	good	Treat	other CD8	CCR4	2.7654377089236015	WR
P47	good	Baseline	NK	CCR6	3.0649703613929393	WR
P47	good	Baseline	NK	CXCR3	4.598178545712797	WR
P47	good	Treat	cytotoxic CD8	CCR2	0.9108978044186175	WR
P47	good	Baseline	cytotoxic CD8	CCR4	2.317672288200799	WR
P47	good	Treat	other CD8	CCR2	1.5521261173328509	WR
P47	good	Baseline	NK	CXCR4	7.115945770239756	WR
P47	good	Baseline	NK	CXCR2	0	WR
P47	good	Treat	cytotoxic CD8	CCR5	2.451357190504075	WR
P47	good	Baseline	Treg	CCR4	4.4592334976214865	WR
P47	good	Baseline	Treg	CCR2	0.9157378886650724	WR
P47	good	Baseline	NK	CXCR1	0.4397155325909148	WR
P47	good	Baseline	cytotoxic CD8	CXCR1	0.18896639704951693	WR
P48	poor	Treat	exhausted CD8	CXCR3	5.208752848011272	NR
P48	poor	Treat	exhausted CD8	CX3CR1	0	NR
P48	poor	Baseline	other CD8	CXCR1	0	NR
P48	poor	Baseline	other CD8	CXCR2	1.3750169775944916	NR
P48	poor	Baseline	cytotoxic CD8	CCR2	1.557570528713664	NR
P48	poor	Treat	Treg	CXCR1	0	NR
P48	poor	Baseline	other CD8	CCR6	4.495961343179817	NR
P48	poor	Baseline	other CD8	CCR5	3.4194117781844664	NR
P48	poor	Treat	NK	CXCR3	4.342646230415533	NR
P48	poor	Treat	exhausted CD8	CXCR4	7.083901017834059	NR
P48	poor	Baseline	other CD8	ACKR3	1.9330112783538043	NR
P48	poor	Treat	Treg	CXCR2	0	NR
P48	poor	Baseline	cytotoxic CD8	CX3CR1	3.8279299760812773	NR
P48	poor	Baseline	NK	CCR2	0	NR
P48	poor	Baseline	cytotoxic CD8	CXCR4	8.267139024040782	NR
P48	poor	Treat	NK	CXCR4	6.763701094131074	NR
P48	poor	Baseline	other CD8	CXCR4	7.537705096356072	NR
P48	poor	Treat	NK	CXCR1	1.3113282706252538	NR
P48	poor	Treat	NK	CXCR2	1.3113282706252538	NR
P48	poor	Baseline	NK	CCR5	2.628230233365908	NR
P48	poor	Baseline	cytotoxic CD8	ACKR3	0.810526261788555	NR
P48	poor	Baseline	other CD8	CX3CR1	1.9330112783538043	NR
P48	poor	Treat	other CD8	CCR2	3.0558614055701554	NR
P48	poor	Baseline	NK	CXCR3	4.018349782608537	NR
P48	poor	Baseline	NK	CXCR4	7.967506840983931	NR
P48	poor	Baseline	NK	CXCR1	1.4380110887868212	NR
P48	poor	Treat	Treg	CCR6	3.9079715899561336	NR
P48	poor	Treat	Treg	CXCR3	4.962546333201169	NR
P48	poor	Baseline	cytotoxic CD8	CCR4	2.5048580874823054	NR
P48	poor	Treat	exhausted CD8	ACKR3	1.172941126668642	NR
P48	poor	Baseline	NK	CXCR2	3.085573535450168	NR
P48	poor	Treat	Treg	CCR5	2.9934563111488193	NR
P48	poor	Treat	cytotoxic CD8	CCR2	2.0527648422079303	NR
P48	poor	Baseline	NK	CCR6	3.0093322443636987	NR
P48	poor	Baseline	other CD8	CXCR3	4.275602399415586	NR
P48	poor	Treat	exhausted CD8	CXCR2	0	NR
P48	poor	Baseline	cytotoxic CD8	CXCR3	4.76890367722658	NR
P48	poor	Treat	other CD8	CX3CR1	0	NR
P48	poor	Treat	exhausted CD8	CXCR1	0	NR
P48	poor	Treat	NK	CX3CR1	3.1218713347584806	NR
P48	poor	Treat	cytotoxic CD8	CXCR3	5.212025744088808	NR
P48	poor	Treat	Treg	CX3CR1	0.5914332588796009	NR
P48	poor	Treat	Treg	CXCR4	6.701499781436202	NR
P48	poor	Treat	Treg	CCR4	3.947665760913987	NR
P48	poor	Treat	Treg	CCR2	1.532468599021823	NR
P48	poor	Baseline	exhausted CD8	ACKR3	2.264410478913898	NR
P48	poor	Baseline	cytotoxic CD8	CCR6	2.4524932946603446	NR
P48	poor	Baseline	cytotoxic CD8	CXCR1	0.4852281724049423	NR
P48	poor	Baseline	cytotoxic CD8	CXCR2	1.9803745731598146	NR
P48	poor	Treat	cytotoxic CD8	CCR6	1.2658280874314571	NR
P48	poor	Treat	other CD8	ACKR3	0	NR
P48	poor	Baseline	Treg	CCR2	1.634760455486314	NR
P48	poor	Treat	Treg	ACKR3	2.368270788928239	NR
P48	poor	Treat	cytotoxic CD8	CXCR1	0.614469696703911	NR
P48	poor	Baseline	NK	ACKR3	0	NR
P48	poor	Baseline	exhausted CD8	CX3CR1	2.570750034239676	NR
P48	poor	Baseline	exhausted CD8	CXCR4	7.068223957447072	NR
P48	poor	Treat	exhausted CD8	CCR2	0.7494053128053774	NR
P48	poor	Baseline	NK	CCR4	2.5049611649620545	NR
P48	poor	Treat	other CD8	CXCR2	0	NR
P48	poor	Treat	cytotoxic CD8	CCR4	1.8069856082698907	NR
P48	poor	Treat	cytotoxic CD8	CCR5	3.9332341081130324	NR
P48	poor	Baseline	other CD8	CCR4	3.4194117781844664	NR
P48	poor	Treat	NK	CCR6	1.3113282706252538	NR
P48	poor	Treat	other CD8	CCR4	3.378790301935512	NR
P48	poor	Treat	NK	ACKR3	0	NR
P48	poor	Treat	other CD8	CCR6	3.230304988039556	NR
P48	poor	Treat	cytotoxic CD8	CXCR2	0.614469696703911	NR
P48	poor	Treat	exhausted CD8	CCR4	2.0404991115039834	NR
P48	poor	Treat	other CD8	CCR5	3.7251859948933683	NR
P48	poor	Baseline	other CD8	CCR2	1.3750169775944916	NR
P48	poor	Treat	cytotoxic CD8	CX3CR1	1.9374072248979106	NR
P48	poor	Baseline	Treg	CX3CR1	1.634760455486314	NR
P48	poor	Treat	exhausted CD8	CCR6	1.8838382504096078	NR
P48	poor	Baseline	NK	CX3CR1	4.249418469470537	NR
P48	poor	Treat	other CD8	CXCR4	6.993826246227302	NR
P48	poor	Treat	NK	CCR2	0	NR
P48	poor	Baseline	cytotoxic CD8	CCR5	3.2811507120998096	NR
P48	poor	Baseline	Treg	CCR4	4.483211157441142	NR
P48	poor	Treat	cytotoxic CD8	ACKR3	0	NR
P48	poor	Baseline	exhausted CD8	CXCR3	4.488406848314303	NR
P48	poor	Baseline	Treg	ACKR3	2.2689540318763575	NR
P48	poor	Treat	NK	CCR5	2.6779688551187406	NR
P48	poor	Treat	other CD8	CXCR3	5.141731255841495	NR
P48	poor	Baseline	Treg	CCR5	2.8146462587945114	NR
P48	poor	Baseline	exhausted CD8	CCR4	3.99779292761596	NR
P48	poor	Treat	other CD8	CXCR1	0	NR
P48	poor	Baseline	exhausted CD8	CCR6	4.728544943703523	NR
P48	poor	Treat	exhausted CD8	CCR5	3.7443717092261477	NR
P48	poor	Baseline	exhausted CD8	CXCR2	1.4929444120686626	NR
P48	poor	Treat	cytotoxic CD8	CXCR4	7.369711242299166	NR
P48	poor	Treat	NK	CCR4	0	NR
P48	poor	Baseline	Treg	CXCR2	0.6019338324415623	NR
P48	poor	Baseline	exhausted CD8	CXCR1	0	NR
P48	poor	Baseline	Treg	CXCR4	6.51553114947679	NR
P48	poor	Baseline	exhausted CD8	CCR5	2.994530889746929	NR
P48	poor	Baseline	exhausted CD8	CCR2	2.066908178524878	NR
P48	poor	Baseline	Treg	CXCR3	4.610061491992619	NR
P48	poor	Baseline	Treg	CXCR1	0	NR
P48	poor	Baseline	Treg	CCR6	5.082492599559724	NR
P49	poor	Baseline	exhausted CD8	CX3CR1	1.192344652261938	NR
P49	poor	Baseline	other CD8	CCR5	2.709153349501419	NR
P49	poor	Baseline	Treg	CX3CR1	1.5657126119080804	NR
P49	poor	Baseline	Treg	CCR6	6.079642443066917	NR
P49	poor	Baseline	NK	CCR2	0	NR
P49	poor	Baseline	other CD8	CCR4	3.6228210192005927	NR
P49	poor	Baseline	Treg	CCR4	4.988827538518417	NR
P49	poor	Baseline	exhausted CD8	CCR5	3.45307159458432	NR
P49	poor	Baseline	exhausted CD8	CXCR4	6.8198626356767695	NR
P49	poor	Baseline	Treg	CCR5	2.4752764682714674	NR
P49	poor	Baseline	cytotoxic CD8	CXCR3	5.414633691653303	NR
P49	poor	Baseline	other CD8	CXCR2	2.2417659199722215	NR
P49	poor	Baseline	cytotoxic CD8	CXCR4	8.143548612298057	NR
P49	poor	Baseline	exhausted CD8	ACKR3	0.9281658920976685	NR
P49	poor	Baseline	Treg	CCR2	1.4615928633527573	NR
P49	poor	Baseline	Treg	ACKR3	1.8989872173939502	NR
P49	poor	Baseline	NK	CCR4	1.4579343976714776	NR
P49	poor	Baseline	exhausted CD8	CXCR2	0	NR
P49	poor	Baseline	exhausted CD8	CXCR1	0	NR
P49	poor	Baseline	exhausted CD8	CXCR3	4.522081578073896	NR
P49	poor	Baseline	NK	CXCR2	2.6978457856481537	NR
P49	poor	Baseline	NK	CCR5	1.6006976614325037	NR
P49	poor	Baseline	other CD8	CXCR3	4.677731082043039	NR
P49	poor	Baseline	cytotoxic CD8	CCR4	2.841967574675007	NR
P49	poor	Baseline	other CD8	CXCR1	1.8880725614849798	NR
P49	poor	Baseline	NK	CXCR3	4.848960348991671	NR
P49	poor	Baseline	other CD8	CCR6	4.339763554428672	NR
P49	poor	Baseline	exhausted CD8	CCR6	4.398366237333642	NR
P49	poor	Baseline	Treg	CXCR4	6.69269080843678	NR
P49	poor	Baseline	other CD8	CXCR4	7.406433652473738	NR
P49	poor	Baseline	cytotoxic CD8	CCR2	1.0592147805540395	NR
P49	poor	Baseline	cytotoxic CD8	ACKR3	1.1484379054078584	NR
P49	poor	Baseline	cytotoxic CD8	CX3CR1	2.671240703392804	NR
P49	poor	Baseline	exhausted CD8	CCR4	3.2961221167847543	NR
P49	poor	Baseline	exhausted CD8	CCR2	1.4011164072035378	NR
P49	poor	Baseline	other CD8	ACKR3	2.2417659199722215	NR
P49	poor	Baseline	other CD8	CX3CR1	0	NR
P49	poor	Baseline	NK	CX3CR1	3.996595814377616	NR
P49	poor	Baseline	Treg	CXCR1	0	NR
P49	poor	Baseline	Treg	CXCR2	0.6660437204852173	NR
P49	poor	Baseline	Treg	CXCR3	4.321505436012552	NR
P49	poor	Baseline	cytotoxic CD8	CXCR2	1.1484379054078584	NR
P49	poor	Baseline	NK	CXCR1	2.0273780318424848	NR
P49	poor	Baseline	cytotoxic CD8	CCR5	3.598102236688082	NR
P49	poor	Baseline	NK	CXCR4	7.698675006332641	NR
P49	poor	Baseline	NK	ACKR3	0.5064650472332445	NR
P49	poor	Baseline	other CD8	CCR2	1.335872074472213	NR
P49	poor	Baseline	cytotoxic CD8	CCR6	3.6895766731909316	NR
P49	poor	Baseline	cytotoxic CD8	CXCR1	0.7307471976413602	NR
P49	poor	Baseline	NK	CCR6	2.0273780318424848	NR
P50	poor	Baseline	Treg	CCR6	5.911349055584185	NR
P50	poor	Baseline	cytotoxic CD8	CCR2	0.7827943212490901	NR
P50	poor	Baseline	cytotoxic CD8	CCR4	2.5706021705784194	NR
P50	poor	Baseline	cytotoxic CD8	CCR5	3.6431163950056376	NR
P50	poor	Baseline	Treg	CX3CR1	1.6165647750481542	NR
P50	poor	Baseline	Treg	CXCR2	0	NR
P50	poor	Baseline	exhausted CD8	ACKR3	0.4991260688798679	NR
P50	poor	Baseline	Treg	CCR4	4.551475143021903	NR
P50	poor	Baseline	Treg	CXCR3	4.373758226715933	NR
P50	poor	Baseline	Treg	CXCR4	6.3861126304881415	NR
P50	poor	Baseline	exhausted CD8	CCR4	1.920669888496275	NR
P50	poor	Baseline	other CD8	CCR4	3.6038378435975176	NR
P50	poor	Baseline	Treg	ACKR3	1.5682749962169718	NR
P50	poor	Baseline	cytotoxic CD8	CCR6	3.1763779604567555	NR
P50	poor	Baseline	NK	CCR2	0	NR
P50	poor	Baseline	exhausted CD8	CXCR1	0.4991260688798679	NR
P50	poor	Baseline	other CD8	CCR5	3.536787303081242	NR
P50	poor	Baseline	Treg	CXCR1	0.38851932380263804	NR
P50	poor	Baseline	Treg	CCR5	2.908540976055243	NR
P50	poor	Baseline	Treg	CCR2	0.9789966447336247	NR
P50	poor	Baseline	NK	CCR6	3.338738682289349	NR
P50	poor	Baseline	NK	CXCR1	1.3708666627179986	NR
P50	poor	Baseline	NK	CXCR2	1.5418983046861239	NR
P50	poor	Baseline	exhausted CD8	CCR2	0.9204111936464451	NR
P50	poor	Baseline	other CD8	CCR2	0	NR
P50	poor	Baseline	NK	ACKR3	1.5418983046861239	NR
P50	poor	Baseline	exhausted CD8	CCR5	3.64049715886105	NR
P50	poor	Baseline	exhausted CD8	CCR6	3.097589776832869	NR
P50	poor	Baseline	cytotoxic CD8	CXCR1	0	NR
P50	poor	Baseline	exhausted CD8	CXCR2	0.1953696784018097	NR
P50	poor	Baseline	exhausted CD8	CXCR3	4.201806441201082	NR
P50	poor	Baseline	exhausted CD8	CXCR4	6.951627219103468	NR
P50	poor	Baseline	NK	CCR5	2.356218659934493	NR
P50	poor	Baseline	cytotoxic CD8	CXCR4	8.020461581633933	NR
P50	poor	Baseline	other CD8	ACKR3	1.2186439077878906	NR
P50	poor	Baseline	cytotoxic CD8	CX3CR1	2.0950022369913066	NR
P50	poor	Baseline	exhausted CD8	CX3CR1	0.35873729709902813	NR
P50	poor	Baseline	NK	CXCR4	7.36926199158449	NR
P50	poor	Baseline	NK	CXCR3	4.711362798857439	NR
P50	poor	Baseline	other CD8	CXCR2	0	NR
P50	poor	Baseline	NK	CCR4	2.2840430862222254	NR
P50	poor	Baseline	other CD8	CCR6	4.615804395098913	NR
P50	poor	Baseline	other CD8	CXCR1	0	NR
P50	poor	Baseline	other CD8	CX3CR1	1.2186439077878906	NR
P50	poor	Baseline	cytotoxic CD8	CXCR3	5.068575077331779	NR
P50	poor	Baseline	other CD8	CXCR4	7.457694911077566	NR
P50	poor	Baseline	cytotoxic CD8	CXCR2	0.46611373731086514	NR
P50	poor	Baseline	NK	CX3CR1	3.2573071404612555	NR
P50	poor	Baseline	cytotoxic CD8	ACKR3	0.8694112381972912	NR
P50	poor	Baseline	other CD8	CXCR3	4.46330139399355	NR
P51	good	Baseline	Treg	CXCR1	0	WR
P51	good	Baseline	Treg	CCR4	4.574756570591867	WR
P51	good	Baseline	Treg	CXCR2	0	WR
P51	good	Baseline	Treg	CCR6	5.976982396690024	WR
P51	good	Baseline	cytotoxic CD8	CXCR3	5.276171045722741	WR
P51	good	Baseline	exhausted CD8	CX3CR1	0	WR
P51	good	Baseline	Treg	CXCR3	4.643061951922294	WR
P51	good	Baseline	exhausted CD8	CXCR2	0	WR
P51	good	Baseline	Treg	CCR5	3.1307489892552334	WR
P51	good	Baseline	exhausted CD8	CCR6	4.047635825043376	WR
P51	good	Treat	NK	CX3CR1	4.4627598619042805	WR
P51	good	Baseline	cytotoxic CD8	CXCR4	8.123470150038669	WR
P51	good	Baseline	other CD8	CCR4	3.668776810162106	WR
P51	good	Baseline	other CD8	CCR5	3.8931051764005447	WR
P51	good	Baseline	cytotoxic CD8	CXCR2	0.3807485385067713	WR
P51	good	Baseline	exhausted CD8	CXCR3	4.416856949555916	WR
P51	good	Baseline	exhausted CD8	CXCR4	7.2326553965264315	WR
P51	good	Baseline	exhausted CD8	ACKR3	0.8235963249017588	WR
P51	good	Baseline	cytotoxic CD8	ACKR3	0.8713514088519183	WR
P51	good	Baseline	cytotoxic CD8	CX3CR1	2.6591083736542034	WR
P51	good	Baseline	NK	CXCR4	7.76199225214892	WR
P51	good	Baseline	Treg	CCR2	1.9919703215165863	WR
P51	good	Treat	NK	CXCR4	8.016992671242726	WR
P51	good	Treat	NK	ACKR3	1.9633744339319705	WR
P51	good	Baseline	exhausted CD8	CXCR1	0	WR
P51	good	Baseline	cytotoxic CD8	CCR4	2.7014543137028544	WR
P51	good	Baseline	cytotoxic CD8	CCR5	3.8670536124974415	WR
P51	good	Baseline	other CD8	CCR6	4.489933270919701	WR
P51	good	Baseline	cytotoxic CD8	CXCR1	0.14363257961815004	WR
P51	good	Baseline	other CD8	CXCR1	0	WR
P51	good	Baseline	other CD8	CXCR2	0	WR
P51	good	Baseline	NK	CXCR2	1.924532666240419	WR
P51	good	Baseline	NK	CXCR3	4.194894442109007	WR
P51	good	Baseline	other CD8	ACKR3	1.242646022969971	WR
P51	good	Baseline	NK	ACKR3	1.0820250074252435	WR
P51	good	Baseline	NK	CX3CR1	4.069780887318453	WR
P51	good	Baseline	exhausted CD8	CCR2	1.070905300524125	WR
P51	good	Baseline	exhausted CD8	CCR5	3.7203398399582985	WR
P51	good	Baseline	other CD8	CCR2	2.051314061314999	WR
P51	good	Treat	cytotoxic CD8	CCR5	2.6148467122670174	WR
P51	good	Baseline	cytotoxic CD8	CCR6	3.2470191543978153	WR
P51	good	Treat	cytotoxic CD8	CXCR1	0.6801835734641646	WR
P51	good	Baseline	NK	CCR4	1.589499900961705	WR
P51	good	Baseline	NK	CCR5	2.68475019425016	WR
P51	good	Baseline	other CD8	CXCR3	5.156372648733285	WR
P51	good	Baseline	other CD8	CXCR4	7.975711661132476	WR
P51	good	Treat	NK	CCR5	1.9633744339319705	WR
P51	good	Baseline	Treg	CXCR4	6.609173073568485	WR
P51	good	Baseline	Treg	ACKR3	2.6888617754700075	WR
P51	good	Baseline	Treg	CX3CR1	2.0614632402180413	WR
P51	good	Baseline	exhausted CD8	CCR4	3.4147596581663193	WR
P51	good	Baseline	cytotoxic CD8	CCR2	1.8810751887549333	WR
P51	good	Treat	cytotoxic CD8	CCR4	0	WR
P51	good	Treat	cytotoxic CD8	CCR6	2.056643737797481	WR
P51	good	Baseline	NK	CCR2	0.680732585039889	WR
P51	good	Treat	cytotoxic CD8	ACKR3	1.3667853802598655	WR
P51	good	Treat	cytotoxic CD8	CXCR2	1.0812898627321652	WR
P51	good	Treat	NK	CCR2	0	WR
P51	good	Treat	NK	CCR4	3.630719014787064	WR
P51	good	Treat	NK	CXCR3	1.9633744339319705	WR
P51	good	Treat	NK	CCR6	2.9637239916345495	WR
P51	good	Treat	NK	CXCR1	1.9633744339319705	WR
P51	good	Treat	NK	CXCR2	2.9637239916345495	WR
P51	good	Treat	cytotoxic CD8	CXCR4	8.280134267303357	WR
P51	good	Treat	cytotoxic CD8	CCR2	1.7700591419427196	WR
P51	good	Treat	cytotoxic CD8	CX3CR1	2.9709559714534945	WR
P51	good	Treat	cytotoxic CD8	CXCR3	5.080008230585146	WR
P51	good	Baseline	NK	CCR6	3.5866162100604835	WR
P51	good	Baseline	other CD8	CX3CR1	1.5469567524657841	WR
P51	good	Baseline	NK	CXCR1	0.680732585039889	WR
P52	NA	Baseline	Treg	CCR2	0.7380623618028559	NA
P52	NA	Baseline	exhausted CD8	CXCR1	0	NA
P52	NA	Baseline	exhausted CD8	CXCR3	4.9082799303391536	NA
P52	NA	Baseline	exhausted CD8	CXCR4	7.002184321088367	NA
P52	NA	Baseline	Treg	CCR4	4.702186438510237	NA
P52	NA	Baseline	Treg	CXCR3	3.5110491629559397	NA
P52	NA	Baseline	Treg	CXCR4	6.077902519767765	NA
P52	NA	Baseline	Treg	ACKR3	1.7299696465199375	NA
P52	NA	Baseline	exhausted CD8	CXCR2	0	NA
P52	NA	Baseline	other CD8	CXCR4	7.308478868465082	NA
P52	NA	Baseline	other CD8	ACKR3	1.6705293696269954	NA
P52	NA	Baseline	other CD8	CX3CR1	1.1497775098249992	NA
P52	NA	Baseline	Treg	CX3CR1	2.218016596648472	NA
P52	NA	Baseline	exhausted CD8	CX3CR1	0	NA
P52	NA	Baseline	Treg	CCR5	2.806945795033723	NA
P52	NA	Baseline	cytotoxic CD8	CX3CR1	1.8260468115956965	NA
P52	NA	Baseline	exhausted CD8	ACKR3	0.7603554888766585	NA
P52	NA	Baseline	Treg	CXCR2	0.7380623618028559	NA
P52	NA	Baseline	exhausted CD8	CCR2	1.4854855154410438	NA
P52	NA	Baseline	exhausted CD8	CCR4	3.06817649971365	NA
P52	NA	Baseline	exhausted CD8	CCR5	4.28715671656579	NA
P52	NA	Baseline	exhausted CD8	CCR6	4.153352299496571	NA
P52	NA	Baseline	cytotoxic CD8	CCR2	1.6605392425781154	NA
P52	NA	Baseline	cytotoxic CD8	CCR4	3.176729626192638	NA
P52	NA	Baseline	cytotoxic CD8	CCR5	4.397782450788821	NA
P52	NA	Baseline	cytotoxic CD8	CCR6	3.775549610173342	NA
P52	NA	Baseline	cytotoxic CD8	CXCR1	0.5367026715707013	NA
P52	NA	Baseline	cytotoxic CD8	CXCR2	1.2822235102367197	NA
P52	NA	Baseline	Treg	CCR6	5.879130492192357	NA
P52	NA	Baseline	Treg	CXCR1	0.43563158385890627	NA
P52	NA	Baseline	cytotoxic CD8	ACKR3	1.2822235102367197	NA
P52	NA	Baseline	NK	CCR2	0	NA
P52	NA	Baseline	NK	CCR4	0	NA
P52	NA	Baseline	NK	CCR5	2.2432419467141793	NA
P52	NA	Baseline	NK	CCR6	2.2432419467141793	NA
P52	NA	Baseline	NK	CXCR1	1.474656219269717	NA
P52	NA	Baseline	NK	CXCR2	2.6726394707272076	NA
P52	NA	Baseline	NK	CXCR3	5.132715263459174	NA
P52	NA	Baseline	NK	CXCR4	7.634438155228918	NA
P52	NA	Baseline	NK	ACKR3	0.9875938253629137	NA
P52	NA	Baseline	NK	CX3CR1	3.2022070077653098	NA
P52	NA	Baseline	cytotoxic CD8	CXCR3	5.513298810009746	NA
P52	NA	Baseline	cytotoxic CD8	CXCR4	7.787505402349574	NA
P52	NA	Baseline	other CD8	CCR2	1.8553171661393957	NA
P52	NA	Baseline	other CD8	CCR4	3.762851339085215	NA
P52	NA	Baseline	other CD8	CCR5	4.308846494236261	NA
P52	NA	Baseline	other CD8	CCR6	4.870985559733371	NA
P52	NA	Baseline	other CD8	CXCR1	0.7317644234306602	NA
P52	NA	Baseline	other CD8	CXCR2	0.7317644234306602	NA
P52	NA	Baseline	other CD8	CXCR3	5.156749341828767	NA
