patient	response	patient_id	mandard_group	response_degree	treatment_group	patient_gp	patient_gp_v2	sample_post	clonotype	clone_frac_new_post	n_cell_per_sample_clone_post	sample_pre	clone_frac_new_pre	n_cell_per_sample_clone_pre	is_expand_pre	is_expand_post	share_type	xlab
P01	R	025	good	severe	A	good	good	P01-Treat	TRAV12-1;TRBV20-1_;_TRAJ33;TRBJ2-7_TRA:CVVRRGNYQLIW;TRB:CSAARTGSYEQYF_P01	0.04651162790697674	2	P01-Baseline	8.441193021947102e-4	3	No	Yes	pre_post_share	R-pre_existing
P01	R	025	good	severe	A	good	good	P01-Treat	TRAV19;TRBV28_;_TRAJ13;TRBJ2-7_TRA:CALIGYYQKVTF;TRB:CASSSRRGDSYEQYF_P01	0.04651162790697674	2	P01-Baseline	2.813731007315701e-4	1	No	Yes	pre_post_share	R-pre_existing
P01	R	025	good	severe	A	good	good	P01-Treat	TRAV24;TRBV20-1_;_TRAJ36;TRBJ2-5_TRA:CAFRTGANNLFF;TRB:CSARFGSASETQYF_P01	0.04651162790697674	2	P01-Baseline	5.627462014631402e-4	2	No	Yes	pre_post_share	R-pre_existing
P01	R	025	good	severe	A	good	good	P01-Treat	TRAV41;TRBV5-6_;_TRAJ49;TRBJ1-5_TRA:CAADGVNTGNQFYF;TRB:CASSLSGEWSNQPQHF_P01	0.04651162790697674	2	P01-Baseline	5.627462014631402e-4	2	No	Yes	pre_post_share	R-pre_existing
P03	NR	028	poor	moderate	C	pEKD	pEKD	P03-Treat	TRAV17;TRBV7-9_;_TRAJ20;TRBJ1-2_TRA:CATDRGRELSF;TRB:CASSRENRDGYTF_P03	8.223684210526315e-4	3	NA	NA	NA	NA	No	post_specific	NR-post_novel
P03	NR	028	poor	moderate	C	pEKD	pEKD	P03-Treat	TRAV21;TRBV11-2_;_TRAJ15;TRBJ2-1_TRA:CAVSGGTALIF;TRB:CASSSYGRGQVIEQFF_P03	0.00109649122807017	4	P03-Baseline	5.219206680584551e-4	1	No	No	pre_post_share	NR-pre_existing
P03	NR	028	poor	moderate	C	pEKD	pEKD	P03-Treat	TRAV38-2/DV8;TRBV6-1_;_TRAJ32;TRBJ2-7_TRA:CALGGATNKLIF;TRB:CASRGGTAFYEQYF_P03	0.00164473684210526	6	P03-Baseline	0.00156576200417536	3	No	No	pre_post_share	NR-pre_existing
P03	NR	028	poor	moderate	C	pEKD	pEKD	P03-Treat	TRAV21;TRBV4-1_;_TRAJ28;TRBJ1-2_TRA:CAVTGAYSGAGSYQLTF;TRB:CASSYGTVPTNYGYTF_P03	8.223684210526315e-4	3	P03-Baseline	5.219206680584551e-4	1	No	No	pre_post_share	NR-pre_existing
P03	NR	028	poor	moderate	C	pEKD	pEKD	P03-Treat	TRAV29/DV5;TRBV27_;_TRAJ54;TRBJ2-3_TRA:CAASLYLGAQKLVF;TRB:CATRGGPPDTQYF_P03	0.00575657894736842	21	P03-Baseline	0.07881002087682672	151	Yes	No	pre_post_share	NR-pre_existing
P03	NR	028	poor	moderate	C	pEKD	pEKD	P03-Treat	TRAV12-2;TRBV6-2_;_TRAJ22;TRBJ1-4_TRA:CALLSGSARQLTF;TRB:CASSYRDEKLFF_P03	0.00164473684210526	6	NA	NA	NA	NA	No	post_specific	NR-post_novel
P03	NR	028	poor	moderate	C	pEKD	pEKD	P03-Treat	TRAV17;TRBV6-5_;_TRAJ9;TRBJ2-7_TRA:CATDYGGFKTIF;TRB:CASSYSVGASSEQYF_P03	5.482456140350877e-4	2	NA	NA	NA	NA	No	post_specific	NR-post_novel
P03	NR	028	poor	moderate	C	pEKD	pEKD	P03-Treat	TRAV23/DV6;TRBV6-2_;_TRAJ48;TRBJ1-2_TRA:CATQFGNEKLTF;TRB:CASSATRRAGYGYTF_P03	8.223684210526315e-4	3	NA	NA	NA	NA	No	post_specific	NR-post_novel
P03	NR	028	poor	moderate	C	pEKD	pEKD	P03-Treat	TRAV25;TRBV30_;TRBD1_TRAJ4;TRBJ2-1_TRA:CAGGDLGVSGGYNKLIF;TRB:CAWSQGTGVDEQFF_P03	5.482456140350877e-4	2	NA	NA	NA	NA	No	post_specific	NR-post_novel
P03	NR	028	poor	moderate	C	pEKD	pEKD	P03-Treat	TRAV1-2;TRBV5-1_;_TRAJ13;TRBJ1-1_TRA:CAVGSHSGGYQKVTF;TRB:CASSLSGASEAFF_P03	0.00383771929824561	14	P03-Baseline	0.00365344467640918	7	No	No	pre_post_share	NR-pre_existing
P03	NR	028	poor	moderate	C	pEKD	pEKD	P03-Treat	TRAV3;TRBV6-6_;_TRAJ21;TRBJ2-3_TRA:CAVRDIYNFNKFYF;TRB:CASSAGRTDTQYF_P03	8.223684210526315e-4	3	P03-Baseline	0.00104384133611691	2	No	No	pre_post_share	NR-pre_existing
P03	NR	028	poor	moderate	C	pEKD	pEKD	P03-Treat	TRAV17;TRBV7-8_;_TRAJ28;TRBJ1-2_TRA:CATGEAGSYQLTF;TRB:CASSWNSGTGYTF_P03	8.223684210526315e-4	3	NA	NA	NA	NA	No	post_specific	NR-post_novel
P03	NR	028	poor	moderate	C	pEKD	pEKD	P03-Treat	TRAV20;TRBV7-9_;TRBD1_TRAJ39;TRBJ1-1_TRA:CAVQAEGNAGNMLTF;TRB:CASSLVTGGEAFF_P03	5.482456140350877e-4	2	NA	NA	NA	NA	No	post_specific	NR-post_novel
P03	NR	028	poor	moderate	C	pEKD	pEKD	P03-Treat	TRAV13-2;TRBV20-1_;_TRAJ12;TRBJ1-4_TRA:CAENPHDSSYKLIF;TRB:CSASRGDNEKLFF_P03	0.00137061403508771	5	P03-Baseline	0.00104384133611691	2	No	No	pre_post_share	NR-pre_existing
P03	NR	028	poor	moderate	C	pEKD	pEKD	P03-Treat	TRAV5;TRBV6-5_;_TRAJ23;TRBJ1-2_TRA:CAERKTNQGGKLIF;TRB:CASSHPDRVNYGYTF_P03	5.482456140350877e-4	2	NA	NA	NA	NA	No	post_specific	NR-post_novel
P03	NR	028	poor	moderate	C	pEKD	pEKD	P03-Treat	TRAV39;TRBV7-2_;_TRAJ39;TRBJ1-2_TRA:CAVGANAGNMLTF;TRB:CASSLGGGVYGYTF_P03	5.482456140350877e-4	2	NA	NA	NA	NA	No	post_specific	NR-post_novel
P03	NR	028	poor	moderate	C	pEKD	pEKD	P03-Treat	TRAV9-2;TRBV9_;TRBD1_TRAJ12;TRBJ1-6_TRA:CALDSSYKLIF;TRB:CASSATGQGDSPLHF_P03	5.482456140350877e-4	2	P03-Baseline	0.00104384133611691	2	No	No	pre_post_share	NR-pre_existing
P03	NR	028	poor	moderate	C	pEKD	pEKD	P03-Treat	TRAV10;TRBV6-1_;_TRAJ30;TRBJ2-3_TRA:CVVSKPSGDDKIIF;TRB:CASRFIAGGYTDTQYF_P03	5.482456140350877e-4	2	NA	NA	NA	NA	No	post_specific	NR-post_novel
P03	NR	028	poor	moderate	C	pEKD	pEKD	P03-Treat	TRAV12-3;TRBV9_;TRBD1_TRAJ31;TRBJ2-2_TRA:CAMKGSNARLMF;TRB:CASSVEGAGELFF_P03	5.482456140350877e-4	2	NA	NA	NA	NA	No	post_specific	NR-post_novel
P03	NR	028	poor	moderate	C	pEKD	pEKD	P03-Treat	TRAV29/DV5;TRBV2_;TRBD1_TRAJ31;TRBJ1-5_TRA:CAATGNARLMF;TRB:CASTPGQGAGQPQHF_P03	5.482456140350877e-4	2	NA	NA	NA	NA	No	post_specific	NR-post_novel
P03	NR	028	poor	moderate	C	pEKD	pEKD	P03-Treat	TRAV6;TRBV7-2_;TRBD1_TRAJ6;TRBJ1-1_TRA:CALPKGGSYIPTF;TRB:CASSLDRGLMNTEAFF_P03	0.00109649122807017	4	P03-Baseline	0.00104384133611691	2	No	No	pre_post_share	NR-pre_existing
P03	NR	028	poor	moderate	C	pEKD	pEKD	P03-Treat	TRAV38-2/DV8;TRBV5-8_;_TRAJ43;TRBJ1-5_TRA:CAYRIGNDMRF;TRB:CASSAWGDNQPQHF_P03	0.00246710526315789	9	P03-Baseline	0.00104384133611691	2	No	No	pre_post_share	NR-pre_existing
P03	NR	028	poor	moderate	C	pEKD	pEKD	P03-Treat	TRAV12-3;TRBV2_;_TRAJ11;TRBJ2-4_TRA:CAMSDSGYSTLTF;TRB:CASSESQLAKNIQYF_P03	0.00109649122807017	4	P03-Baseline	0.00104384133611691	2	No	No	pre_post_share	NR-pre_existing
P03	NR	028	poor	moderate	C	pEKD	pEKD	P03-Treat	TRAV23/DV6;TRBV5-5_;_TRAJ31;TRBJ1-2_TRA:CAATYTRLMF;TRB:CASSLDREDYTF_P03	5.482456140350877e-4	2	NA	NA	NA	NA	No	post_specific	NR-post_novel
P03	NR	028	poor	moderate	C	pEKD	pEKD	P03-Treat	TRAV17;TRBV7-2_;_TRAJ34;TRBJ2-3_TRA:CATDGNTDKLIF;TRB:CASSRSDATDTQYF_P03	5.482456140350877e-4	2	P03-Baseline	0.00104384133611691	2	No	No	pre_post_share	NR-pre_existing
P03	NR	028	poor	moderate	C	pEKD	pEKD	P03-Treat	TRAV20;TRBV5-4_;_TRAJ22;TRBJ1-2_TRA:CAVQPVGSARQLTF;TRB:CATSATQGTYGYTF_P03	8.223684210526315e-4	3	P03-Baseline	5.219206680584551e-4	1	No	No	pre_post_share	NR-pre_existing
P03	NR	028	poor	moderate	C	pEKD	pEKD	P03-Treat	TRAV13-1;TRBV9_;_TRAJ16;TRBJ2-1_TRA:CAASKGGQKLLF;TRB:CASSDRTSGVNNEQFF_P03	0.00109649122807017	4	NA	NA	NA	NA	No	post_specific	NR-post_novel
P03	NR	028	poor	moderate	C	pEKD	pEKD	P03-Treat	TRAV12-2;TRBV3-1_;_TRAJ8;TRBJ2-1_TRA:CAVNRGFQKLVF;TRB:CASSQRETRGEQFF_P03	8.223684210526315e-4	3	P03-Baseline	5.219206680584551e-4	1	No	No	pre_post_share	NR-pre_existing
P03	NR	028	poor	moderate	C	pEKD	pEKD	P03-Treat	TRAV17;TRBV7-9_;_TRAJ22;TRBJ1-1_TRA:CATALSGSARQLTF;TRB:CASSHRDLTTHTEAFF_P03	0.01260964912280701	46	P03-Baseline	0.00417536534446764	8	No	Yes	pre_post_share	NR-pre_existing
P03	NR	028	poor	moderate	C	pEKD	pEKD	P03-Treat	TRAV1-2;TRBV7-2_;_TRAJ9;TRBJ2-7_TRA:CAVRFFTGGFKTIF;TRB:CASSLLTDSEQYF_P03	5.482456140350877e-4	2	NA	NA	NA	NA	No	post_specific	NR-post_novel
P03	NR	028	poor	moderate	C	pEKD	pEKD	P03-Treat	TRAV38-2/DV8;TRBV20-1_;_TRAJ37;TRBJ2-7_TRA:CAYERGSSNTGKLIF;TRB:CSAGFSGRLHEQYV_P03	0.00109649122807017	4	NA	NA	NA	NA	No	post_specific	NR-post_novel
P03	NR	028	poor	moderate	C	pEKD	pEKD	P03-Treat	TRAV12-2;TRBV7-9_;_TRAJ30;TRBJ2-1_TRA:CAVNSRGRDDKIIF;TRB:CATLGRSEQFF_P03	5.482456140350877e-4	2	P03-Baseline	0.00104384133611691	2	No	No	pre_post_share	NR-pre_existing
P03	NR	028	poor	moderate	C	pEKD	pEKD	P03-Treat	TRAV8-6;TRBV6-2_;_TRAJ17;TRBJ1-6_TRA:CAVKGAAGNKLTF;TRB:CASRPGGGRTPLHF_P03	5.482456140350877e-4	2	NA	NA	NA	NA	No	post_specific	NR-post_novel
P03	NR	028	poor	moderate	C	pEKD	pEKD	P03-Treat	TRAV21;TRBV7-3_;_TRAJ31;TRBJ2-3_TRA:CAPMGNARLMF;TRB:CASSQQGDGHYTQYF_P03	0.00328947368421052	12	P03-Baseline	0.00260960334029227	5	No	No	pre_post_share	NR-pre_existing
P03	NR	028	poor	moderate	C	pEKD	pEKD	P03-Treat	TRAV3;TRBV29-1_;_TRAJ13;TRBJ2-7_TRA:CAVRDNALRGGYQKVTF;TRB:CSVQVGGAEQYV_P03	0.00137061403508771	5	P03-Baseline	0.00104384133611691	2	No	No	pre_post_share	NR-pre_existing
P03	NR	028	poor	moderate	C	pEKD	pEKD	P03-Treat	TRAV9-2;TRBV11-1_;_TRAJ49;TRBJ2-3_TRA:CALRGTGNQFYF;TRB:CASSLAATDTQYF_P03	0.0243969298245614	89	P03-Baseline	0.01670146137787056	32	Yes	Yes	pre_post_share	NR-pre_existing
P03	NR	028	poor	moderate	C	pEKD	pEKD	P03-Treat	TRAV29/DV5;TRBV13_;_TRAJ29;TRBJ2-7_TRA:CAASPVGGGNTPLVF;TRB:CASSLRLAGEQYF_P03	0.00109649122807017	4	NA	NA	NA	NA	No	post_specific	NR-post_novel
P03	NR	028	poor	moderate	C	pEKD	pEKD	P03-Treat	TRAV25;TRBV5-6_;TRBD1_TRAJ36;TRBJ1-6_TRA:CAGKISRANNLFF;TRB:CASSPGTGVRNSPLHF_P03	5.482456140350877e-4	2	NA	NA	NA	NA	No	post_specific	NR-post_novel
P03	NR	028	poor	moderate	C	pEKD	pEKD	P03-Treat	TRAV4;TRBV24-1_;_TRAJ4;TRBJ1-5_TRA:CLVGGFSGGYNKLIF;TRB:CATSLGGSQPQHF_P03	0.00137061403508771	5	P03-Baseline	0.00417536534446764	8	No	No	pre_post_share	NR-pre_existing
P03	NR	028	poor	moderate	C	pEKD	pEKD	P03-Treat	TRAV12-1;TRBV6-1_;_TRAJ45;TRBJ2-6_TRA:CVVTHSGGGADGLTF;TRB:CASIWTSGGSGANVLTF_P03	5.482456140350877e-4	2	NA	NA	NA	NA	No	post_specific	NR-post_novel
P03	NR	028	poor	moderate	C	pEKD	pEKD	P03-Treat	TRAV12-2;TRBV5-4_;_TRAJ45;TRBJ2-6_TRA:CAVSIGGGADGLTF;TRB:CASRPWNGANVLTF_P03	5.482456140350877e-4	2	NA	NA	NA	NA	No	post_specific	NR-post_novel
P03	NR	028	poor	moderate	C	pEKD	pEKD	P03-Treat	TRAV36/DV7;TRBV7-2_;_TRAJ40;TRBJ2-5_TRA:CAVEGGSGTYKYIF;TRB:CASSLALSGTQYF_P03	5.482456140350877e-4	2	NA	NA	NA	NA	No	post_specific	NR-post_novel
P03	NR	028	poor	moderate	C	pEKD	pEKD	P03-Treat	TRAV3;TRBV12-4_;_TRAJ26;TRBJ1-1_TRA:CAVRDSRRNYGQNFVF;TRB:CASSPLVNTEAFF_P03	5.482456140350877e-4	2	NA	NA	NA	NA	No	post_specific	NR-post_novel
P03	NR	028	poor	moderate	C	pEKD	pEKD	P03-Treat	TRAV35;TRBV27_;_TRAJ31;TRBJ2-2_TRA:CAGPRNNNARLMF;TRB:CASSLNGELFF_P03	5.482456140350877e-4	2	P03-Baseline	0.01409185803757828	27	Yes	No	pre_post_share	NR-pre_existing
P03	NR	028	poor	moderate	C	pEKD	pEKD	P03-Treat	TRAV1-2;TRBV19_;TRBD1_TRAJ31;TRBJ1-5_TRA:CAVNNNARLMF;TRB:CASRPPTGGNQPQHF_P03	8.223684210526315e-4	3	P03-Baseline	5.219206680584551e-4	1	No	No	pre_post_share	NR-pre_existing
P03	NR	028	poor	moderate	C	pEKD	pEKD	P03-Treat	TRAV14/DV4;TRBV4-3_;_TRAJ58;TRBJ1-6_TRA:CAMRAKETEGSRLTF;TRB:CASRGPMFGPLHF_P03	8.223684210526315e-4	3	NA	NA	NA	NA	No	post_specific	NR-post_novel
P03	NR	028	poor	moderate	C	pEKD	pEKD	P03-Treat	TRAV4;TRBV7-9_;_TRAJ36;TRBJ1-1_TRA:CLVGGTGANNLFF;TRB:CASSVGSTEAFF_P03	0.00137061403508771	5	P03-Baseline	5.219206680584551e-4	1	No	No	pre_post_share	NR-pre_existing
P03	NR	028	poor	moderate	C	pEKD	pEKD	P03-Treat	TRAV8-3;TRBV5-1_;_TRAJ42;TRBJ2-2_TRA:CAVGPSPYGGSQGNLIF;TRB:CASSLAGETGELFF_P03	8.223684210526315e-4	3	NA	NA	NA	NA	No	post_specific	NR-post_novel
P03	NR	028	poor	moderate	C	pEKD	pEKD	P03-Treat	TRAV29/DV5;TRBV5-1_;TRBD2_TRAJ39;TRBJ2-3_TRA:CAASGEGNAGNMLTF;TRB:CASSHPPGLAGVPDTQYF_P03	5.482456140350877e-4	2	P03-Baseline	5.219206680584551e-4	1	No	No	pre_post_share	NR-pre_existing
P03	NR	028	poor	moderate	C	pEKD	pEKD	P03-Treat	TRAV8-3;TRBV12-3_;_TRAJ44;TRBJ2-1_TRA:CAVGGTASKLTF;TRB:CASMGSIDEQFF_P03	5.482456140350877e-4	2	P03-Baseline	5.219206680584551e-4	1	No	No	pre_post_share	NR-pre_existing
P03	NR	028	poor	moderate	C	pEKD	pEKD	P03-Treat	TRAV38-1;TRBV7-9_;TRBD2_TRAJ20;TRBJ2-5_TRA:CAFLPLGDYKLSF;TRB:CASSRMVASGRVLGETQYF_P03	0.00109649122807017	4	P03-Baseline	5.219206680584551e-4	1	No	No	pre_post_share	NR-pre_existing
P03	NR	028	poor	moderate	C	pEKD	pEKD	P03-Treat	TRAV10;TRBV6-5_;_TRAJ24;TRBJ1-4_TRA:CVVSQRGTTDSWGKFQF;TRB:CASSYGPETNEKLFF_P03	0.01370614035087719	50	P03-Baseline	0.00469728601252609	9	No	Yes	pre_post_share	NR-pre_existing
P03	NR	028	poor	moderate	C	pEKD	pEKD	P03-Treat	TRAV12-2;TRBV29-1_;TRBD1_TRAJ21;TRBJ1-2_TRA:CAVKGDFNKFYF;TRB:CSVEWGLGGYTF_P03	0.00383771929824561	14	P03-Baseline	5.219206680584551e-4	1	No	No	pre_post_share	NR-pre_existing
P03	NR	028	poor	moderate	C	pEKD	pEKD	P03-Treat	TRAV5;TRBV20-1_;TRBD1_TRAJ45;TRBJ2-7_TRA:CAEAYSGGGADGLTF;TRB:CSASGTGGGYEQYF_P03	0.00164473684210526	6	P03-Baseline	5.219206680584551e-4	1	No	No	pre_post_share	NR-pre_existing
P03	NR	028	poor	moderate	C	pEKD	pEKD	P03-Treat	TRAV26-1;TRBV6-1_;_TRAJ24;TRBJ1-1_TRA:CIVSLLTDSWGKFQF;TRB:CASSENFKNTEAFF_P03	0.00822368421052631	30	P03-Baseline	0.00208768267223382	4	No	No	pre_post_share	NR-pre_existing
P03	NR	028	poor	moderate	C	pEKD	pEKD	P03-Treat	TRAV12-2;TRBV3-1_;TRBD1_TRAJ9;TRBJ2-5_TRA:CAVDRAGGFKTIF;TRB:CASSQGTGRETQYF_P03	0.00356359649122807	13	P03-Baseline	0.00417536534446764	8	No	No	pre_post_share	NR-pre_existing
P03	NR	028	poor	moderate	C	pEKD	pEKD	P03-Treat	TRAV12-2;TRBV30_;_TRAJ9;TRBJ2-7_TRA:CAGGTGGFKTIF;TRB:CAWSPGTDEQYF_P03	0.00164473684210526	6	P03-Baseline	5.219206680584551e-4	1	No	No	pre_post_share	NR-pre_existing
P03	NR	028	poor	moderate	C	pEKD	pEKD	P03-Treat	TRAV13-1;TRBV29-1_;_TRAJ8;TRBJ2-5_TRA:CAVNTGFQKLVF;TRB:CSVPQETQYF_P03	5.482456140350877e-4	2	NA	NA	NA	NA	No	post_specific	NR-post_novel
P03	NR	028	poor	moderate	C	pEKD	pEKD	P03-Treat	TRAV21;TRBV5-6_;TRBD1_TRAJ36;TRBJ1-2_TRA:CAVIAGANNLFF;TRB:CASSTGGNYGYTF_P03	0.00219298245614035	8	P03-Baseline	5.219206680584551e-4	1	No	No	pre_post_share	NR-pre_existing
P03	NR	028	poor	moderate	C	pEKD	pEKD	P03-Treat	TRAV29/DV5;TRBV10-3_;_TRAJ29;TRBJ2-7_TRA:CAASAFNSGNTPLVF;TRB:CATSGSF_P03	5.482456140350877e-4	2	NA	NA	NA	NA	No	post_specific	NR-post_novel
P03	NR	028	poor	moderate	C	pEKD	pEKD	P03-Treat	TRAV21;TRBV20-1_;_TRAJ15;TRBJ1-2_TRA:CAVRQAGTALIF;TRB:CSAREGTYGYTF_P03	5.482456140350877e-4	2	NA	NA	NA	NA	No	post_specific	NR-post_novel
P03	NR	028	poor	moderate	C	pEKD	pEKD	P03-Treat	TRAV21;TRBV7-9_;_TRAJ31;TRBJ2-1_TRA:CAVITNNARLMF;TRB:CASSPRGEQFF_P03	8.223684210526315e-4	3	NA	NA	NA	NA	No	post_specific	NR-post_novel
P03	NR	028	poor	moderate	C	pEKD	pEKD	P03-Treat	TRAV5;TRBV9_;_TRAJ37;TRBJ2-1_TRA:CAETPGRSNTGKLIF;TRB:CASSRTAEQFF_P03	0.00274122807017543	10	P03-Baseline	5.219206680584551e-4	1	No	No	pre_post_share	NR-pre_existing
P03	NR	028	poor	moderate	C	pEKD	pEKD	P03-Treat	TRAV6;TRBV12-3_;_TRAJ13;TRBJ2-7_TRA:CALPRRGGYQKVTF;TRB:CASSLDVGYEQYV_P03	5.482456140350877e-4	2	P03-Baseline	5.219206680584551e-4	1	No	No	pre_post_share	NR-pre_existing
P03	NR	028	poor	moderate	C	pEKD	pEKD	P03-Treat	TRAV13-2;TRBV3-1_;_TRAJ40;TRBJ2-2_TRA:CAENYGSGTYKYIF;TRB:CASSQGEYKGTGELFF_P03	8.223684210526315e-4	3	NA	NA	NA	NA	No	post_specific	NR-post_novel
P03	NR	028	poor	moderate	C	pEKD	pEKD	P03-Treat	TRAV26-1;TRBV12-4_;_TRAJ45;TRBJ1-5_TRA:CIVRAMYSGGGADGLTF;TRB:CASSGGGGYSNQPQHF_P03	5.482456140350877e-4	2	NA	NA	NA	NA	No	post_specific	NR-post_novel
P03	NR	028	poor	moderate	C	pEKD	pEKD	P03-Treat	TRAV13-1;TRBV4-1_;_TRAJ34;TRBJ1-5_TRA:CAASRDTDKLIF;TRB:CASSQEPYSNQPQHF_P03	0.00246710526315789	9	NA	NA	NA	NA	No	post_specific	NR-post_novel
P03	NR	028	poor	moderate	C	pEKD	pEKD	P03-Treat	TRAV6;TRBV30_;_TRAJ10;TRBJ2-1_TRA:CALEGLRGGGNKLTF;TRB:CAWSVGGGLGEQFF_P03	0.00109649122807017	4	P03-Baseline	5.219206680584551e-4	1	No	No	pre_post_share	NR-pre_existing
P03	NR	028	poor	moderate	C	pEKD	pEKD	P03-Treat	TRAV36/DV7;TRBV5-6_;TRBD1_TRAJ49;TRBJ2-7_TRA:CAVEGREGNQFYF;TRB:CASRFGTGGFYEQYV_P03	5.482456140350877e-4	2	NA	NA	NA	NA	No	post_specific	NR-post_novel
P03	NR	028	poor	moderate	C	pEKD	pEKD	P03-Treat	TRAV1-2;TRBV6-5_;_TRAJ32;TRBJ1-2_TRA:CAEESGATNKLIF;TRB:CASSLTRGAEGYTF_P03	5.482456140350877e-4	2	NA	NA	NA	NA	No	post_specific	NR-post_novel
P03	NR	028	poor	moderate	C	pEKD	pEKD	P03-Treat	TRAV2;TRBV6-2_;_TRAJ4;TRBJ1-5_TRA:CAVEDKFSGGYNKLIF;TRB:CASMAGDYSNQPQHF_P03	0.00219298245614035	8	P03-Baseline	0.00365344467640918	7	No	No	pre_post_share	NR-pre_existing
P03	NR	028	poor	moderate	C	pEKD	pEKD	P03-Treat	TRAV17;TRBV9_;_TRAJ33;TRBJ2-1_TRA:CAANSNYQLIW;TRB:CASSVSGGWEEQFF_P03	0.00164473684210526	6	P03-Baseline	0.00313152400835073	6	No	No	pre_post_share	NR-pre_existing
P03	NR	028	poor	moderate	C	pEKD	pEKD	P03-Treat	TRAV12-3;TRBV28_;TRBD1_TRAJ47;TRBJ1-2_TRA:CAMWPASTAGYGNKLVF;TRB:CASSSSGQGNGYTF_P03	5.482456140350877e-4	2	P03-Baseline	0.00104384133611691	2	No	No	pre_post_share	NR-pre_existing
P03	NR	028	poor	moderate	C	pEKD	pEKD	P03-Treat	TRAV41;TRBV5-1_;TRBD1_TRAJ32;TRBJ2-7_TRA:CAAQRVVGGATNKLIF;TRB:CASSLIGTGYSYEQYF_P03	0.0019188596491228	7	NA	NA	NA	NA	No	post_specific	NR-post_novel
P03	NR	028	poor	moderate	C	pEKD	pEKD	P03-Treat	TRAV20;TRBV5-1_;TRBD1_TRAJ54;TRBJ2-1_TRA:CAVQADQGAQKLVF;TRB:CASRSQGANEQFF_P03	5.482456140350877e-4	2	NA	NA	NA	NA	No	post_specific	NR-post_novel
P03	NR	028	poor	moderate	C	pEKD	pEKD	P03-Treat	TRAV23/DV6;TRBV6-2_;_TRAJ18;TRBJ2-1_TRA:CAADRGSTLGRLYF;TRB:CASSRKGAGRKDEQFF_P03	5.482456140350877e-4	2	NA	NA	NA	NA	No	post_specific	NR-post_novel
P03	NR	028	poor	moderate	C	pEKD	pEKD	P03-Treat	TRAV21;TRBV11-2_;TRBD1_TRAJ21;TRBJ2-5_TRA:CAPYNFNKFYF;TRB:CASSSWGTGETQYF_P03	0.00383771929824561	14	P03-Baseline	0.00104384133611691	2	No	No	pre_post_share	NR-pre_existing
P03	NR	028	poor	moderate	C	pEKD	pEKD	P03-Treat	TRAV13-2;TRBV5-1_;TRBD2_TRAJ23;TRBJ2-1_TRA:CAENRYNQGGKLIF;TRB:CASSLELAGGNEQFF_P03	5.482456140350877e-4	2	P03-Baseline	0.00104384133611691	2	No	No	pre_post_share	NR-pre_existing
P03	NR	028	poor	moderate	C	pEKD	pEKD	P03-Treat	TRAV38-2/DV8;TRBV5-6_;_TRAJ58;TRBJ2-1_TRA:CATSGSRLTF;TRB:CASTDWRGSSYNEQFF_P03	8.223684210526315e-4	3	NA	NA	NA	NA	No	post_specific	NR-post_novel
P03	NR	028	poor	moderate	C	pEKD	pEKD	P03-Treat	TRAV1-1;TRBV10-1_;TRBD2_TRAJ11;TRBJ2-3_TRA:CAVKGGSGYSTLTF;TRB:CASSEGTSGRADTQYF_P03	0.00109649122807017	4	NA	NA	NA	NA	No	post_specific	NR-post_novel
P03	NR	028	poor	moderate	C	pEKD	pEKD	P03-Treat	TRAV12-2;TRBV5-5_;_TRAJ30;TRBJ2-3_TRA:CAVKGDDKIIF;TRB:CASSLNPPRAGTPDTQYF_P03	8.223684210526315e-4	3	P03-Baseline	0.00104384133611691	2	No	No	pre_post_share	NR-pre_existing
P03	NR	028	poor	moderate	C	pEKD	pEKD	P03-Treat	TRAV12-2;TRBV29-1_;_TRAJ6;TRBJ1-1_TRA:CAVKKGGGSYIPTF;TRB:CSAPGGGGQNTEAFF_P03	0.00164473684210526	6	NA	NA	NA	NA	No	post_specific	NR-post_novel
P03	NR	028	poor	moderate	C	pEKD	pEKD	P03-Treat	TRAV8-3;TRBV24-1_;TRBD1_TRAJ9;TRBJ2-2_TRA:CAGDTGGFKTIF;TRB:CATSDSTSGTGVVTGELFF_P03	5.482456140350877e-4	2	P03-Baseline	5.219206680584551e-4	1	No	No	pre_post_share	NR-pre_existing
P03	NR	028	poor	moderate	C	pEKD	pEKD	P03-Treat	TRAV21;TRBV10-2_;_TRAJ48;TRBJ2-5_TRA:CAVWISNFGNEKLTF;TRB:CASSPGLMETQYF_P03	0.00164473684210526	6	P03-Baseline	5.219206680584551e-4	1	No	No	pre_post_share	NR-pre_existing
P03	NR	028	poor	moderate	C	pEKD	pEKD	P03-Treat	TRAV13-1;TRBV29-1_;_TRAJ32;TRBJ1-3_TRA:CAASLYGGATNKLIF;TRB:CSAERQGRNTIYF_P03	5.482456140350877e-4	2	NA	NA	NA	NA	No	post_specific	NR-post_novel
P03	NR	028	poor	moderate	C	pEKD	pEKD	P03-Treat	TRAV35;TRBV9_;_TRAJ49;TRBJ2-7_TRA:CAGPFGGNQFYF;TRB:CASSPVWGHTYEQYV_P03	5.482456140350877e-4	2	NA	NA	NA	NA	No	post_specific	NR-post_novel
P03	NR	028	poor	moderate	C	pEKD	pEKD	P03-Treat	TRAV36/DV7;TRBV20-1_;_TRAJ40;TRBJ1-2_TRA:CAVEDAGTYKYIF;TRB:CSAASGGNYGYTF_P03	0.00137061403508771	5	P03-Baseline	0.00104384133611691	2	No	No	pre_post_share	NR-pre_existing
P03	NR	028	poor	moderate	C	pEKD	pEKD	P03-Treat	TRAV6;TRBV4-2_;_TRAJ13;TRBJ1-2_TRA:CALPYSGGYQKVTF;TRB:CASSQDKLNNYGYTF_P03	5.482456140350877e-4	2	P03-Baseline	5.219206680584551e-4	1	No	No	pre_post_share	NR-pre_existing
P03	NR	028	poor	moderate	C	pEKD	pEKD	P03-Treat	TRAV6;TRBV5-4_;_TRAJ13;TRBJ1-2_TRA:CALPNSGGYQKVTF;TRB:CASSLDAGHYGYTF_P03	0.00137061403508771	5	P03-Baseline	0.00208768267223382	4	No	No	pre_post_share	NR-pre_existing
P03	NR	028	poor	moderate	C	pEKD	pEKD	P03-Treat	TRAV8-3;TRBV9_;_TRAJ47;TRBJ2-1_TRA:CAVGPKFYGNKLVF;TRB:CASSPSWASNEQFF_P03	5.482456140350877e-4	2	NA	NA	NA	NA	No	post_specific	NR-post_novel
P03	NR	028	poor	moderate	C	pEKD	pEKD	P03-Treat	TRAV21;TRBV7-9_;_TRAJ40;TRBJ2-1_TRA:CAVGGTSGTYKYIF;TRB:CASSFSSDNEQFF_P03	0.00109649122807017	4	P03-Baseline	5.219206680584551e-4	1	No	No	pre_post_share	NR-pre_existing
P03	NR	028	poor	moderate	C	pEKD	pEKD	P03-Treat	TRAV21;TRBV9_;TRBD1_TRAJ39;TRBJ2-3_TRA:CAVRPRNNAGNMLTF;TRB:CASSAGGSTDTQYF_P03	0.00219298245614035	8	NA	NA	NA	NA	No	post_specific	NR-post_novel
P03	NR	028	poor	moderate	C	pEKD	pEKD	P03-Treat	TRAV4;TRBV9_;_TRAJ23;TRBJ1-3_TRA:CLGPSRDQGGKLIF;TRB:CASSLTGAGNTIYF_P03	5.482456140350877e-4	2	P03-Baseline	0.00104384133611691	2	No	No	pre_post_share	NR-pre_existing
P03	NR	028	poor	moderate	C	pEKD	pEKD	P03-Treat	TRAV8-4;TRBV27_;_TRAJ22;TRBJ2-1_TRA:CAVSKLTSGSARQLTF;TRB:CASSFRGGRQFF_P03	8.223684210526315e-4	3	P03-Baseline	0.00104384133611691	2	No	No	pre_post_share	NR-pre_existing
P03	NR	028	poor	moderate	C	pEKD	pEKD	P03-Treat	TRAV8-4;TRBV6-1_;_TRAJ40;TRBJ2-3_TRA:CAVSSSGTYKYIF;TRB:CASSGPKPTGGTDTQYF_P03	5.482456140350877e-4	2	NA	NA	NA	NA	No	post_specific	NR-post_novel
P03	NR	028	poor	moderate	C	pEKD	pEKD	P03-Treat	TRAV8-4;TRBV6-1_;_TRAJ9;TRBJ2-2_TRA:CATFTGGFKTIF;TRB:CASRTEGVELFF_P03	5.482456140350877e-4	2	NA	NA	NA	NA	No	post_specific	NR-post_novel
P03	NR	028	poor	moderate	C	pEKD	pEKD	P03-Treat	TRAV12-3;TRBV5-5_;TRBD1_TRAJ43;TRBJ1-2_TRA:CAMVNNDMRF;TRB:CASSLFGEGALGYTF_P03	8.223684210526315e-4	3	NA	NA	NA	NA	No	post_specific	NR-post_novel
P03	NR	028	poor	moderate	C	pEKD	pEKD	P03-Treat	TRAV12-2;TRBV29-1_;_TRAJ52;TRBJ2-7_TRA:CAVNIVQNAGGTSYGKLTF;TRB:CSGEDSLTYEQYF_P03	5.482456140350877e-4	2	P03-Baseline	5.219206680584551e-4	1	No	No	pre_post_share	NR-pre_existing
P03	NR	028	poor	moderate	C	pEKD	pEKD	P03-Treat	TRAV8-2;TRBV11-2_;_TRAJ8;TRBJ2-5_TRA:CVVSEGTGFQKLVF;TRB:CASSSLLEETQYF_P03	0.00246710526315789	9	P03-Baseline	5.219206680584551e-4	1	No	No	pre_post_share	NR-pre_existing
P03	NR	028	poor	moderate	C	pEKD	pEKD	P03-Treat	TRAV12-1;TRBV20-1_;_TRAJ28;TRBJ2-7_TRA:CVVNTRSGSGAGSYQLTF;TRB:CSALPPGGSYEQYV_P03	0.00219298245614035	8	NA	NA	NA	NA	No	post_specific	NR-post_novel
P03	NR	028	poor	moderate	C	pEKD	pEKD	P03-Treat	TRAV12-1;TRBV20-1_;_TRAJ23;TRBJ2-5_TRA:CVVNKDNQGGKLIF;TRB:CSALGLGGEETQYF_P03	8.223684210526315e-4	3	NA	NA	NA	NA	No	post_specific	NR-post_novel
P03	NR	028	poor	moderate	C	pEKD	pEKD	P03-Treat	TRAV38-2/DV8;TRBV7-9_;_TRAJ40;TRBJ1-2_TRA:CAYLRSGTYKYIF;TRB:CASSAKATGYTF_P03	5.482456140350877e-4	2	NA	NA	NA	NA	No	post_specific	NR-post_novel
P03	NR	028	poor	moderate	C	pEKD	pEKD	P03-Treat	TRAV39;TRBV12-3_;_TRAJ39;TRBJ2-6_TRA:CAGDNNAGNMLTF;TRB:CASSFRGANVLTF_P03	5.482456140350877e-4	2	P03-Baseline	0.00313152400835073	6	No	No	pre_post_share	NR-pre_existing
P03	NR	028	poor	moderate	C	pEKD	pEKD	P03-Treat	TRAV12-1;TRBV27_;_TRAJ42;TRBJ2-7_TRA:CVVDASYGGSQGNLIF;TRB:CASSSPGTLYEQYF_P03	0.00109649122807017	4	NA	NA	NA	NA	No	post_specific	NR-post_novel
P03	NR	028	poor	moderate	C	pEKD	pEKD	P03-Treat	TRAV14/DV4;TRBV15_;_TRAJ42;TRBJ1-5_TRA:CAMRERSHGGSQGNLIF;TRB:CATSRDRGGNQPQHF_P03	0.00137061403508771	5	P03-Baseline	5.219206680584551e-4	1	No	No	pre_post_share	NR-pre_existing
P03	NR	028	poor	moderate	C	pEKD	pEKD	P03-Treat	TRAV25;TRBV7-8_;_TRAJ23;TRBJ1-1_TRA:CAGTPFMIYNQGGKLIF;TRB:CASSLEGRVLGTEAFF_P03	0.00109649122807017	4	NA	NA	NA	NA	No	post_specific	NR-post_novel
P03	NR	028	poor	moderate	C	pEKD	pEKD	P03-Treat	TRAV13-1;TRBV29-1_;TRBD1_TRAJ13;TRBJ2-7_TRA:CAASLSGGYQKVTF;TRB:CSVHRGRTYEQYF_P03	0.00109649122807017	4	NA	NA	NA	NA	No	post_specific	NR-post_novel
P03	NR	028	poor	moderate	C	pEKD	pEKD	P03-Treat	TRAV12-1;TRBV5-4_;TRBD2_TRAJ49;TRBJ2-3_TRA:CVAGFSTGNQFYF;TRB:CASSLATGLAGATDTQYF_P03	8.223684210526315e-4	3	P03-Baseline	5.219206680584551e-4	1	No	No	pre_post_share	NR-pre_existing
P03	NR	028	poor	moderate	C	pEKD	pEKD	P03-Treat	TRAV12-1;TRBV6-1_;_TRAJ39;TRBJ1-4_TRA:CVVNPSNAGNMLTF;TRB:CASSERAGIYSIGKLFF_P03	0.00246710526315789	9	P03-Baseline	0.00104384133611691	2	No	No	pre_post_share	NR-pre_existing
P03	NR	028	poor	moderate	C	pEKD	pEKD	P03-Treat	TRAV12-2;TRBV9_;_TRAJ4;TRBJ2-3_TRA:CAVRSGGYNKLIF;TRB:CASSPGGSYTDTQYF_P03	0.00164473684210526	6	P03-Baseline	0.00104384133611691	2	No	No	pre_post_share	NR-pre_existing
P03	NR	028	poor	moderate	C	pEKD	pEKD	P03-Treat	TRAV16;TRBV28_;_TRAJ36;TRBJ2-2_TRA:CALSTGANNLFF;TRB:CASSLWGTSLTGELFF_P03	5.482456140350877e-4	2	NA	NA	NA	NA	No	post_specific	NR-post_novel
P03	NR	028	poor	moderate	C	pEKD	pEKD	P03-Treat	TRAV4;TRBV5-5_;_TRAJ9;TRBJ1-4_TRA:CLVGAYTGGFKTIF;TRB:CASSLEGSLNEKLFF_P03	0.00164473684210526	6	P03-Baseline	0.00260960334029227	5	No	No	pre_post_share	NR-pre_existing
P03	NR	028	poor	moderate	C	pEKD	pEKD	P03-Treat	TRAV16;TRBV6-6_;_TRAJ21;TRBJ2-2_TRA:CALYNFNKFYF;TRB:CASSYRQDTGELFF_P03	8.223684210526315e-4	3	NA	NA	NA	NA	No	post_specific	NR-post_novel
P03	NR	028	poor	moderate	C	pEKD	pEKD	P03-Treat	TRAV12-2;TRBV2_;_TRAJ6;TRBJ1-1_TRA:CAVNEEGGSYIPTF;TRB:CASSEGQLNTEAFF_P03	0.00164473684210526	6	P03-Baseline	5.219206680584551e-4	1	No	No	pre_post_share	NR-pre_existing
P03	NR	028	poor	moderate	C	pEKD	pEKD	P03-Treat	TRAV12-2;TRBV20-1_;_TRAJ32;TRBJ2-7_TRA:CAVSGGGATNKLIF;TRB:CSALSIAFNYEQYF_P03	5.482456140350877e-4	2	NA	NA	NA	NA	No	post_specific	NR-post_novel
P03	NR	028	poor	moderate	C	pEKD	pEKD	P03-Treat	TRAV17;TRBV2_;_TRAJ53;TRBJ2-5_TRA:CATDATPERGSNYKLTF;TRB:CASNQRGGRETQYF_P03	8.223684210526315e-4	3	NA	NA	NA	NA	No	post_specific	NR-post_novel
P03	NR	028	poor	moderate	C	pEKD	pEKD	P03-Treat	TRAV8-4;TRBV6-5_;_TRAJ52;TRBJ1-1_TRA:CAVTYRTSYGKLTF;TRB:CASSMPLGTEAFF_P03	0.00137061403508771	5	P03-Baseline	0.00208768267223382	4	No	No	pre_post_share	NR-pre_existing
P03	NR	028	poor	moderate	C	pEKD	pEKD	P03-Treat	TRAV17;TRBV30_;_TRAJ37;TRBJ1-3_TRA:CATAQTSSNTGKLIF;TRB:CAWSEFRRPSGGNTIYF_P03	5.482456140350877e-4	2	NA	NA	NA	NA	No	post_specific	NR-post_novel
P03	NR	028	poor	moderate	C	pEKD	pEKD	P03-Treat	TRAV29/DV5;TRBV2_;_TRAJ10;TRBJ2-1_TRA:CAASILTGGGNKLTF;TRB:CASRTEAGLVNNEQFF_P03	0.0087719298245614	32	P03-Baseline	0.0104384133611691	20	Yes	No	pre_post_share	NR-pre_existing
P03	NR	028	poor	moderate	C	pEKD	pEKD	P03-Treat	TRAV29/DV5;TRBV28_;_TRAJ34;TRBJ2-7_TRA:CAASVENTDKLIF;TRB:CASSFPTETSYEQYF_P03	0.00109649122807017	4	P03-Baseline	5.219206680584551e-4	1	No	No	pre_post_share	NR-pre_existing
P03	NR	028	poor	moderate	C	pEKD	pEKD	P03-Treat	TRAV17;TRBV7-9_;_TRAJ5;TRBJ2-5_TRA:CGDTGRRALTF;TRB:CASSLASAETQYF_P03	5.482456140350877e-4	2	P03-Baseline	0.00104384133611691	2	No	No	pre_post_share	NR-pre_existing
P03	NR	028	poor	moderate	C	pEKD	pEKD	P03-Treat	TRAV2;TRBV24-1_;_TRAJ8;TRBJ2-3_TRA:CAVEPTGFQKLVF;TRB:CATSISGTHTDTQYF_P03	5.482456140350877e-4	2	NA	NA	NA	NA	No	post_specific	NR-post_novel
P03	NR	028	poor	moderate	C	pEKD	pEKD	P03-Treat	TRAV12-2;TRBV9_;_TRAJ21;TRBJ1-1_TRA:CAVNEGNFNKFYF;TRB:CASSVGQLNTEAFF_P03	5.482456140350877e-4	2	NA	NA	NA	NA	No	post_specific	NR-post_novel
P03	NR	028	poor	moderate	C	pEKD	pEKD	P03-Treat	TRAV8-3;TRBV7-7_;_TRAJ54;TRBJ2-5_TRA:CAVQGAQKLVF;TRB:CASSLAPGPETQYF_P03	5.482456140350877e-4	2	NA	NA	NA	NA	No	post_specific	NR-post_novel
P03	NR	028	poor	moderate	C	pEKD	pEKD	P03-Treat	TRAV2;TRBV5-5_;_TRAJ34;TRBJ2-7_TRA:CAVHNTDKLIF;TRB:CASSLSGSGQYF_P03	8.223684210526315e-4	3	P03-Baseline	0.00104384133611691	2	No	No	pre_post_share	NR-pre_existing
P03	NR	028	poor	moderate	C	pEKD	pEKD	P03-Treat	TRAV12-3;TRBV4-1_;_TRAJ5;TRBJ2-1_TRA:CAMETGRRALTF;TRB:CASSQVVAVHEQFF_P03	0.00164473684210526	6	NA	NA	NA	NA	No	post_specific	NR-post_novel
P03	NR	028	poor	moderate	C	pEKD	pEKD	P03-Treat	TRAV8-4;TRBV6-2_;_TRAJ54;TRBJ2-4_TRA:CAVSPQGAQKLVF;TRB:CASSYSLVGGDIQYF_P03	0.00712719298245614	26	P03-Baseline	0.00156576200417536	3	No	No	pre_post_share	NR-pre_existing
P03	NR	028	poor	moderate	C	pEKD	pEKD	P03-Treat	TRAV8-1;TRBV7-9_;_TRAJ40;TRBJ2-3_TRA:CAVNSASGTYKYIF;TRB:CASSPGGDSYYTDTQYF_P03	5.482456140350877e-4	2	NA	NA	NA	NA	No	post_specific	NR-post_novel
P03	NR	028	poor	moderate	C	pEKD	pEKD	P03-Treat	TRAV8-1;TRBV9_;_TRAJ3;TRBJ2-1_TRA:CAVNARSSASKIIF;TRB:CASNQDGVLGSEQFF_P03	8.223684210526315e-4	3	NA	NA	NA	NA	No	post_specific	NR-post_novel
P03	NR	028	poor	moderate	C	pEKD	pEKD	P03-Treat	TRAV3;TRBV6-5_;TRBD1_TRAJ40;TRBJ1-2_TRA:CAVRDSTSGTYKYIF;TRB:CASSYGQGNVGYTF_P03	8.223684210526315e-4	3	P03-Baseline	5.219206680584551e-4	1	No	No	pre_post_share	NR-pre_existing
P03	NR	028	poor	moderate	C	pEKD	pEKD	P03-Treat	TRAV21;TRBV19_;_TRAJ15;TRBJ2-3_TRA:CAVTGGTALIF;TRB:CASSIGADTQYF_P03	8.223684210526315e-4	3	P03-Baseline	0.00104384133611691	2	No	No	pre_post_share	NR-pre_existing
P03	NR	028	poor	moderate	C	pEKD	pEKD	P03-Treat	TRAV21;TRBV19_;_TRAJ34;TRBJ2-3_TRA:CAGGSYNTDKLIF;TRB:CASTLTGGTDTQYF_P03	0.00411184210526315	15	P03-Baseline	0.00208768267223382	4	No	No	pre_post_share	NR-pre_existing
P03	NR	028	poor	moderate	C	pEKD	pEKD	P03-Treat	TRAV1-1;TRBV5-5_;_TRAJ33;TRBJ1-3_TRA:CAVRDRGNYQLIW;TRB:CASSTSPTSGNTIYF_P03	5.482456140350877e-4	2	NA	NA	NA	NA	No	post_specific	NR-post_novel
P03	NR	028	poor	moderate	C	pEKD	pEKD	P03-Treat	TRAV35;TRBV10-3_;TRBD1_TRAJ53;TRBJ2-2_TRA:CAGRNSGGSNYKLTF;TRB:CATRGWAGELFF_P03	5.482456140350877e-4	2	NA	NA	NA	NA	No	post_specific	NR-post_novel
P03	NR	028	poor	moderate	C	pEKD	pEKD	P03-Treat	TRAV21;TRBV3-1_;_TRAJ15;TRBJ2-1_TRA:CAVDNQAGTALIF;TRB:CASRGGGSYNEQFF_P03	5.482456140350877e-4	2	P03-Baseline	5.219206680584551e-4	1	No	No	pre_post_share	NR-pre_existing
P03	NR	028	poor	moderate	C	pEKD	pEKD	P03-Treat	TRAV21;TRBV4-1_;TRBD1_TRAJ26;TRBJ1-4_TRA:CAVKGQNFVF;TRB:CASSQVSGGKFNEKLFF_P03	5.482456140350877e-4	2	NA	NA	NA	NA	No	post_specific	NR-post_novel
P03	NR	028	poor	moderate	C	pEKD	pEKD	P03-Treat	TRAV21;TRBV4-3_;_TRAJ23;TRBJ2-7_TRA:CAVQGNQGGKLIF;TRB:CASSQDLQREQYF_P03	5.482456140350877e-4	2	NA	NA	NA	NA	No	post_specific	NR-post_novel
P03	NR	028	poor	moderate	C	pEKD	pEKD	P03-Treat	TRAV35;TRBV20-1_;_TRAJ40;TRBJ2-1_TRA:CAGQGYSGTYKYIF;TRB:CSAARGAYNEQFF_P03	0.00109649122807017	4	P03-Baseline	0.00208768267223382	4	No	No	pre_post_share	NR-pre_existing
P03	NR	028	poor	moderate	C	pEKD	pEKD	P03-Treat	TRAV6;TRBV2_;TRBD1_TRAJ23;TRBJ2-7_TRA:CALDNKGGKLIF;TRB:CASHRDRGLSSYEQYV_P03	5.482456140350877e-4	2	P03-Baseline	5.219206680584551e-4	1	No	No	pre_post_share	NR-pre_existing
P03	NR	028	poor	moderate	C	pEKD	pEKD	P03-Treat	TRAV4;TRBV28_;_TRAJ34;TRBJ2-7_TRA:CLVGEPDKLIF;TRB:CASSSVRDIPYEQYF_P03	0.00109649122807017	4	NA	NA	NA	NA	No	post_specific	NR-post_novel
P03	NR	028	poor	moderate	C	pEKD	pEKD	P03-Treat	TRAV1-2;TRBV30_;_TRAJ4;TRBJ2-2_TRA:CAPGGYNKLIF;TRB:CAWSLEGELFF_P03	5.482456140350877e-4	2	NA	NA	NA	NA	No	post_specific	NR-post_novel
P03	NR	028	poor	moderate	C	pEKD	pEKD	P03-Treat	TRAV1-2;TRBV30_;TRBD1_TRAJ29;TRBJ1-1_TRA:CAVEYTPLVF;TRB:CAWEGQGVAEAFF_P03	0.00137061403508771	5	NA	NA	NA	NA	No	post_specific	NR-post_novel
P03	NR	028	poor	moderate	C	pEKD	pEKD	P03-Treat	TRAV21;TRBV7-8_;TRBD1_TRAJ5;TRBJ2-7_TRA:CAVRRTGRRALTF;TRB:CASSLGAGGGYEQYF_P03	5.482456140350877e-4	2	NA	NA	NA	NA	No	post_specific	NR-post_novel
P03	NR	028	poor	moderate	C	pEKD	pEKD	P03-Treat	TRAV20;TRBV12-3_;_TRAJ42;TRBJ2-5_TRA:CAVLPGNLIF;TRB:CASSLGSLEETQYF_P03	5.482456140350877e-4	2	NA	NA	NA	NA	No	post_specific	NR-post_novel
P03	NR	028	poor	moderate	C	pEKD	pEKD	P03-Treat	TRAV10;TRBV29-1_;_TRAJ42;TRBJ1-2_TRA:CVVSPYGGSQGNLIF;TRB:CSSTGRDYGYTF_P03	5.482456140350877e-4	2	NA	NA	NA	NA	No	post_specific	NR-post_novel
P03	NR	028	poor	moderate	C	pEKD	pEKD	P03-Treat	TRAV12-2;TRBV28_;_TRAJ12;TRBJ2-5_TRA:CAVNPDSSYKLIF;TRB:CASSLPPVGAGQETQYF_P03	0.01233552631578947	45	P03-Baseline	0.00521920668058455	10	No	Yes	pre_post_share	NR-pre_existing
P03	NR	028	poor	moderate	C	pEKD	pEKD	P03-Treat	TRAV13-2;TRBV11-2_;_TRAJ15;TRBJ2-3_TRA:CAEKGNQAGTALIF;TRB:CASSSQAGGNTDTQYF_P03	5.482456140350877e-4	2	NA	NA	NA	NA	No	post_specific	NR-post_novel
P03	NR	028	poor	moderate	C	pEKD	pEKD	P03-Treat	TRAV13-2;TRBV2_;_TRAJ41;TRBJ2-1_TRA:CAEKPYSGYALNF;TRB:CASSDATGINEQFF_P03	8.223684210526315e-4	3	NA	NA	NA	NA	No	post_specific	NR-post_novel
P03	NR	028	poor	moderate	C	pEKD	pEKD	P03-Treat	TRAV13-2;TRBV28_;_TRAJ30;TRBJ2-2_TRA:CAENFNRDDKIIF;TRB:CASSLGLINGELFF_P03	5.482456140350877e-4	2	NA	NA	NA	NA	No	post_specific	NR-post_novel
P03	NR	028	poor	moderate	C	pEKD	pEKD	P03-Treat	TRAV9-2;TRBV11-3_;_TRAJ37;TRBJ2-3_TRA:CALKGSSNTGKLIF;TRB:CASSWDSYTDTQYF_P03	5.482456140350877e-4	2	NA	NA	NA	NA	No	post_specific	NR-post_novel
P03	NR	028	poor	moderate	C	pEKD	pEKD	P03-Treat	TRAV38-2/DV8;TRBV7-9_;_TRAJ57;TRBJ2-1_TRA:CAYSSQGGSEKLVF;TRB:CASSLFREIYNEQFF_P03	5.482456140350877e-4	2	NA	NA	NA	NA	No	post_specific	NR-post_novel
P03	NR	028	poor	moderate	C	pEKD	pEKD	P03-Treat	TRAV25;TRBV7-2_;_TRAJ22;TRBJ2-3_TRA:CAGISSGSARQLTF;TRB:CASSPGLTDTQYF_P03	5.482456140350877e-4	2	NA	NA	NA	NA	No	post_specific	NR-post_novel
P03	NR	028	poor	moderate	C	pEKD	pEKD	P03-Treat	TRAV9-2;TRBV29-1_;_TRAJ48;TRBJ1-1_TRA:CALSPNFGNEKLTF;TRB:CSVASTNTEAFF_P03	5.482456140350877e-4	2	P03-Baseline	5.219206680584551e-4	1	No	No	pre_post_share	NR-pre_existing
P03	NR	028	poor	moderate	C	pEKD	pEKD	P03-Treat	TRAV21;TRBV7-6_;_TRAJ6;TRBJ2-3_TRA:CAVSGETGGSYIPTF;TRB:CASSLGLGGSYVGSTDTQYF_P03	5.482456140350877e-4	2	P03-Baseline	0.00156576200417536	3	No	No	pre_post_share	NR-pre_existing
P03	NR	028	poor	moderate	C	pEKD	pEKD	P03-Treat	TRAV12-2;TRBV12-3_;_TRAJ13;TRBJ2-7_TRA:CAVNSFSGGYQKVTF;TRB:CASSWPWGEQYF_P03	8.223684210526315e-4	3	NA	NA	NA	NA	No	post_specific	NR-post_novel
P03	NR	028	poor	moderate	C	pEKD	pEKD	P03-Treat	TRAV16;TRBV7-9_;_TRAJ38;TRBJ2-1_TRA:CALKRGIFSAGNNRKLIW;TRB:CASSFGGSNDNEQFF_P03	0.00109649122807017	4	NA	NA	NA	NA	No	post_specific	NR-post_novel
P03	NR	028	poor	moderate	C	pEKD	pEKD	P03-Treat	TRAV40;TRBV5-6_;_TRAJ40;TRBJ1-1_TRA:CLLLASGTYKYIF;TRB:CASSLSSYTEAFF_P03	8.223684210526315e-4	3	NA	NA	NA	NA	No	post_specific	NR-post_novel
P03	NR	028	poor	moderate	C	pEKD	pEKD	P03-Treat	TRAV12-2;TRBV2_;TRBD1_TRAJ43;TRBJ1-5_TRA:CAVNMDNNDMRF;TRB:CASSEWTGNNQPQHF_P03	5.482456140350877e-4	2	NA	NA	NA	NA	No	post_specific	NR-post_novel
P03	NR	028	poor	moderate	C	pEKD	pEKD	P03-Treat	TRAV26-2;TRBV7-9_;_TRAJ35;TRBJ1-6_TRA:CILRDMGFGNVLHC;TRB:CASTGQGNSPLHF_P03	5.482456140350877e-4	2	NA	NA	NA	NA	No	post_specific	NR-post_novel
P03	NR	028	poor	moderate	C	pEKD	pEKD	P03-Treat	TRAV17;TRBV20-1_;_TRAJ6;TRBJ1-6_TRA:CATAPGGSYIPTF;TRB:CSARTSAGGNSPLHF_P03	5.482456140350877e-4	2	NA	NA	NA	NA	No	post_specific	NR-post_novel
P03	NR	028	poor	moderate	C	pEKD	pEKD	P03-Treat	TRAV27;TRBV20-1_;TRBD2_TRAJ49;TRBJ2-3_TRA:CAVFTGNQFYF;TRB:CSALAGGIDTQYF_P03	0.01699561403508772	62	P03-Baseline	0.02661795407098121	51	Yes	Yes	pre_post_share	NR-pre_existing
P03	NR	028	poor	moderate	C	pEKD	pEKD	P03-Treat	TRAV12-2;TRBV4-2_;_TRAJ39;TRBJ1-1_TRA:CAVNHNAGNMLTF;TRB:CASSQERNTEAFF_P03	0.00740131578947368	27	P03-Baseline	0.00730688935281837	14	No	No	pre_post_share	NR-pre_existing
P03	NR	028	poor	moderate	C	pEKD	pEKD	P03-Treat	TRAV17;TRBV5-1_;_TRAJ18;TRBJ2-5_TRA:CATDSLDRGSTLGRLYF;TRB:CASSLDGNQETQYF_P03	8.223684210526315e-4	3	NA	NA	NA	NA	No	post_specific	NR-post_novel
P03	NR	028	poor	moderate	C	pEKD	pEKD	P03-Treat	TRAV17;TRBV5-1_;_TRAJ52;TRBJ2-2_TRA:CATDAGTSYGKLTF;TRB:CASSLVGGSGTGELFF_P03	0.01864035087719298	68	P03-Baseline	0.00521920668058455	10	No	Yes	pre_post_share	NR-pre_existing
P03	NR	028	poor	moderate	C	pEKD	pEKD	P03-Treat	TRAV27;TRBV6-2_;_TRAJ6;TRBJ2-1_TRA:CAREEVYIPTF;TRB:CASETPDLGPGEQFF_P03	8.223684210526315e-4	3	NA	NA	NA	NA	No	post_specific	NR-post_novel
P03	NR	028	poor	moderate	C	pEKD	pEKD	P03-Treat	TRAV29/DV5;TRBV10-2_;_TRAJ52;TRBJ2-3_TRA:CAASAFPGGTSYGKLTF;TRB:CASSEQAGGPGEYSTDTQYF_P03	5.482456140350877e-4	2	P03-Baseline	0.00104384133611691	2	No	No	pre_post_share	NR-pre_existing
P03	NR	028	poor	moderate	C	pEKD	pEKD	P03-Treat	TRAV21;TRBV20-1_;_TRAJ34;TRBJ2-7_TRA:CAVKGGYNTDKLIF;TRB:CSARDELAIHYEQYF_P03	8.223684210526315e-4	3	NA	NA	NA	NA	No	post_specific	NR-post_novel
P03	NR	028	poor	moderate	C	pEKD	pEKD	P03-Treat	TRAV29/DV5;TRBV18_;_TRAJ6;TRBJ2-1_TRA:CAASIAGGSYIPTF;TRB:CASSIANNEQFF_P03	5.482456140350877e-4	2	NA	NA	NA	NA	No	post_specific	NR-post_novel
P03	NR	028	poor	moderate	C	pEKD	pEKD	P03-Treat	TRAV5;TRBV7-9_;TRBD1_TRAJ29;TRBJ2-5_TRA:CASVRGGNTPLVF;TRB:CASSLTRGQGTQYF_P03	5.482456140350877e-4	2	P03-Baseline	5.219206680584551e-4	1	No	No	pre_post_share	NR-pre_existing
P03	NR	028	poor	moderate	C	pEKD	pEKD	P03-Treat	TRAV12-2;TRBV6-5_;_TRAJ10;TRBJ2-1_TRA:CAVNRGLTGGGNKLTF;TRB:CASAAGNSYNEQFF_P03	8.223684210526315e-4	3	NA	NA	NA	NA	No	post_specific	NR-post_novel
P03	NR	028	poor	moderate	C	pEKD	pEKD	P03-Treat	TRAV12-2;TRBV6-5_;_TRAJ42;TRBJ2-1_TRA:CAVNIRGNLIF;TRB:CASSYGSDNEQFF_P03	0.0019188596491228	7	P03-Baseline	0.00104384133611691	2	No	No	pre_post_share	NR-pre_existing
P03	NR	028	poor	moderate	C	pEKD	pEKD	P03-Treat	TRAV29/DV5;TRBV28_;_TRAJ57;TRBJ1-5_TRA:CAAQGGSEKLVF;TRB:CASSLQGGNQPQHF_P03	5.482456140350877e-4	2	NA	NA	NA	NA	No	post_specific	NR-post_novel
P03	NR	028	poor	moderate	C	pEKD	pEKD	P03-Treat	TRAV29/DV5;TRBV4-2_;_TRAJ52;TRBJ2-7_TRA:CAASGNAGGTSYGKLTF;TRB:CASSHLDRYEQYF_P03	5.482456140350877e-4	2	P03-Baseline	5.219206680584551e-4	1	No	No	pre_post_share	NR-pre_existing
P03	NR	028	poor	moderate	C	pEKD	pEKD	P03-Treat	TRAV6;TRBV2_;_TRAJ8;TRBJ2-6_TRA:CALGFQKLVF;TRB:CASLQTPTVGANVLTF_P03	5.482456140350877e-4	2	NA	NA	NA	NA	No	post_specific	NR-post_novel
P03	NR	028	poor	moderate	C	pEKD	pEKD	P03-Treat	TRAV2;TRBV27_;_TRAJ3;TRBJ1-1_TRA:CAVYSSASKIIF;TRB:CASRGRMPEAFF_P03	5.482456140350877e-4	2	P03-Baseline	5.219206680584551e-4	1	No	No	pre_post_share	NR-pre_existing
P03	NR	028	poor	moderate	C	pEKD	pEKD	P03-Treat	TRAV12-2;TRBV9_;_TRAJ27;TRBJ2-7_TRA:CAVNEGNAGKSTF;TRB:CASSVGQTSYEQYF_P03	0.00301535087719298	11	P03-Baseline	0.00156576200417536	3	No	No	pre_post_share	NR-pre_existing
P03	NR	028	poor	moderate	C	pEKD	pEKD	P03-Treat	TRAV8-1;TRBV3-1_;_TRAJ47;TRBJ1-6_TRA:CAVNLGEYGNKLVF;TRB:CASSQGGINSPLHF_P03	0.0063048245614035	23	P03-Baseline	0.00417536534446764	8	No	No	pre_post_share	NR-pre_existing
P03	NR	028	poor	moderate	C	pEKD	pEKD	P03-Treat	TRAV3;TRBV29-1_;_TRAJ21;TRBJ2-1_TRA:CAVSSGNFNKFYF;TRB:CSVRAVTNDHNEQFF_P03	5.482456140350877e-4	2	P03-Baseline	0.00104384133611691	2	No	No	pre_post_share	NR-pre_existing
P03	NR	028	poor	moderate	C	pEKD	pEKD	P03-Treat	TRAV8-2;TRBV10-1_;_TRAJ10;TRBJ2-2_TRA:CVVRISRGGGNKLTF;TRB:CASSESSGANTGELFF_P03	5.482456140350877e-4	2	NA	NA	NA	NA	No	post_specific	NR-post_novel
P03	NR	028	poor	moderate	C	pEKD	pEKD	P03-Treat	TRAV27;TRBV5-1_;_TRAJ53;TRBJ2-6_TRA:CAGGNSGGSNYKLTF;TRB:CASSHGRGANVLTF_P03	8.223684210526315e-4	3	P03-Baseline	5.219206680584551e-4	1	No	No	pre_post_share	NR-pre_existing
P03	NR	028	poor	moderate	C	pEKD	pEKD	P03-Treat	TRAV1-1;TRBV12-3_;_TRAJ31;TRBJ2-7_TRA:CAVRDKSRNNNARLMF;TRB:CASSLDVGYEQYV_P03	8.223684210526315e-4	3	P03-Baseline	5.219206680584551e-4	1	No	No	pre_post_share	NR-pre_existing
P03	NR	028	poor	moderate	C	pEKD	pEKD	P03-Treat	TRAV8-3;TRBV11-2_;_TRAJ13;TRBJ2-5_TRA:CAVQSGGYQKVTF;TRB:CASSLAGGLETQYF_P03	8.223684210526315e-4	3	P03-Baseline	0.00260960334029227	5	No	No	pre_post_share	NR-pre_existing
P03	NR	028	poor	moderate	C	pEKD	pEKD	P03-Treat	TRAV1-1;TRBV13_;TRBD1_TRAJ10;TRBJ2-1_TRA:CAVRDDTGGGNKLTF;TRB:CASSSGTGSNEQFF_P03	5.482456140350877e-4	2	NA	NA	NA	NA	No	post_specific	NR-post_novel
P03	NR	028	poor	moderate	C	pEKD	pEKD	P03-Treat	TRAV1-1;TRBV2_;_TRAJ30;TRBJ1-2_TRA:CAVRVPNRDDKIIF;TRB:CASSEAGGRGDYGYTF_P03	5.482456140350877e-4	2	P03-Baseline	5.219206680584551e-4	1	No	No	pre_post_share	NR-pre_existing
P03	NR	028	poor	moderate	C	pEKD	pEKD	P03-Treat	TRAV1-2;TRBV13_;_TRAJ6;TRBJ2-1_TRA:CAVRGEGGSYIPTF;TRB:CASSLGETGLANEQFF_P03	0.00657894736842105	24	P03-Baseline	0.00208768267223382	4	No	No	pre_post_share	NR-pre_existing
P03	NR	028	poor	moderate	C	pEKD	pEKD	P03-Treat	TRAV8-3;TRBV30_;_TRAJ40;TRBJ2-3_TRA:CAASSGTYKYIF;TRB:CAWRGTVVEEGTQYF_P03	5.482456140350877e-4	2	NA	NA	NA	NA	No	post_specific	NR-post_novel
P03	NR	028	poor	moderate	C	pEKD	pEKD	P03-Treat	TRAV1-2;TRBV20-1_;TRBD2_TRAJ34;TRBJ2-7_TRA:CAVSRTHNTDKLIF;TRB:CSARLAGGLNYEQYV_P03	0.00219298245614035	8	P03-Baseline	0.00208768267223382	4	No	No	pre_post_share	NR-pre_existing
P03	NR	028	poor	moderate	C	pEKD	pEKD	P03-Treat	TRAV36/DV7;TRBV13_;_TRAJ6;TRBJ2-7_TRA:CAAHASGGSYIPTF;TRB:CASSLRLAGEQYF_P03	5.482456140350877e-4	2	P03-Baseline	5.219206680584551e-4	1	No	No	pre_post_share	NR-pre_existing
P03	NR	028	poor	moderate	C	pEKD	pEKD	P03-Treat	TRAV13-1;TRBV5-1_;_TRAJ49;TRBJ2-2_TRA:CAASDDTGNQFYF;TRB:CASSFKAGSTGELFF_P03	0.00164473684210526	6	P03-Baseline	0.00104384133611691	2	No	No	pre_post_share	NR-pre_existing
P03	NR	028	poor	moderate	C	pEKD	pEKD	P03-Treat	TRAV1-2;TRBV6-2_;TRBD1_TRAJ20;TRBJ2-1_TRA:CAALYNDYKLSF;TRB:CASSYSSTGATIANEQFF_P03	5.482456140350877e-4	2	NA	NA	NA	NA	No	post_specific	NR-post_novel
P03	NR	028	poor	moderate	C	pEKD	pEKD	P03-Treat	TRAV1-2;TRBV6-5_;_TRAJ33;TRBJ1-5_TRA:CAVSSNYQLIW;TRB:CASSQGMGNQPQHF_P03	5.482456140350877e-4	2	NA	NA	NA	NA	No	post_specific	NR-post_novel
P03	NR	028	poor	moderate	C	pEKD	pEKD	P03-Treat	TRAV36/DV7;TRBV7-3_;_TRAJ38;TRBJ2-2_TRA:CAVNAGNNRKLIW;TRB:CASSFSGTNTGELFF_P03	5.482456140350877e-4	2	NA	NA	NA	NA	No	post_specific	NR-post_novel
P03	NR	028	poor	moderate	C	pEKD	pEKD	P03-Treat	TRAV3;TRBV2_;_TRAJ34;TRBJ1-3_TRA:CAVYNTDKLIF;TRB:CASSETPSSGNTIYF_P03	5.482456140350877e-4	2	NA	NA	NA	NA	No	post_specific	NR-post_novel
P03	NR	028	poor	moderate	C	pEKD	pEKD	P03-Treat	TRAV8-4;TRBV4-1_;TRBD1_TRAJ52;TRBJ2-1_TRA:CAVSVAGGTSYGKLTF;TRB:CASSQEIQGAIDEQFF_P03	5.482456140350877e-4	2	NA	NA	NA	NA	No	post_specific	NR-post_novel
P03	NR	028	poor	moderate	C	pEKD	pEKD	P03-Treat	TRAV10;TRBV29-1_;TRBD1_TRAJ9;TRBJ2-2_TRA:CVVTYYTGGFKTIF;TRB:CSVESGTGVGTGELFF_P03	0.00328947368421052	12	P03-Baseline	5.219206680584551e-4	1	No	No	pre_post_share	NR-pre_existing
P03	NR	028	poor	moderate	C	pEKD	pEKD	P03-Treat	TRAV10;TRBV5-6_;_TRAJ42;TRBJ1-2_TRA:CVVSTGHGGSQGNLIF;TRB:CASSLAGGRYGYTF_P03	5.482456140350877e-4	2	NA	NA	NA	NA	No	post_specific	NR-post_novel
P03	NR	028	poor	moderate	C	pEKD	pEKD	P03-Treat	TRAV38-2/DV8;TRBV10-1_;_TRAJ42;TRBJ2-3_TRA:CAYRSGGSQGNLIF;TRB:CASSELSRVDTQYF_P03	0.0019188596491228	7	P03-Baseline	0.00104384133611691	2	No	No	pre_post_share	NR-pre_existing
P03	NR	028	poor	moderate	C	pEKD	pEKD	P03-Treat	TRAV12-1;TRBV10-2_;_TRAJ9;TRBJ1-4_TRA:CVVTLNTGGFKTIF;TRB:CASSESRGADHEKLFF_P03	5.482456140350877e-4	2	NA	NA	NA	NA	No	post_specific	NR-post_novel
P03	NR	028	poor	moderate	C	pEKD	pEKD	P03-Treat	TRAV5;TRBV20-1_;_TRAJ39;TRBJ2-5_TRA:CAVLPYNAGNMLTF;TRB:CSALGLGGEETQYF_P03	8.223684210526315e-4	3	NA	NA	NA	NA	No	post_specific	NR-post_novel
P03	NR	028	poor	moderate	C	pEKD	pEKD	P03-Treat	TRAV3;TRBV7-9_;_TRAJ38;TRBJ2-1_TRA:CAVRSYNAGNNRKLIW;TRB:CASSPPVRDISSYNEQFF_P03	0.00219298245614035	8	P03-Baseline	5.219206680584551e-4	1	No	No	pre_post_share	NR-pre_existing
P03	NR	028	poor	moderate	C	pEKD	pEKD	P03-Treat	TRAV12-1;TRBV20-1_;_TRAJ22;TRBJ2-7_TRA:CVVNLPSSGSARQLTF;TRB:CSAPGGLLSPYEQYF_P03	0.01452850877192982	53	P03-Baseline	0.00156576200417536	3	No	Yes	pre_post_share	NR-pre_existing
P03	NR	028	poor	moderate	C	pEKD	pEKD	P03-Treat	TRAV12-1;TRBV24-1_;_TRAJ42;TRBJ1-5_TRA:CVVRNYGGSQGNLIF;TRB:CATSDSDMTQGSRQHF_P03	0.01014254385964912	37	P03-Baseline	0.00417536534446764	8	No	Yes	pre_post_share	NR-pre_existing
P03	NR	028	poor	moderate	C	pEKD	pEKD	P03-Treat	TRAV12-1;TRBV28_;_TRAJ37;TRBJ2-5_TRA:CVVVPSSNTGKLIF;TRB:CASSVRRETQYF_P03	8.223684210526315e-4	3	NA	NA	NA	NA	No	post_specific	NR-post_novel
P03	NR	028	poor	moderate	C	pEKD	pEKD	P03-Treat	TRAV12-1;TRBV3-1_;_TRAJ16;TRBJ1-1_TRA:CVVNARFSDGQKLLF;TRB:CASSQDLVGFGTEAFF_P03	0.00164473684210526	6	NA	NA	NA	NA	No	post_specific	NR-post_novel
P03	NR	028	poor	moderate	C	pEKD	pEKD	P03-Treat	TRAV12-1;TRBV4-1_;_TRAJ34;TRBJ1-4_TRA:CVGDNTDKLIF;TRB:CASSQRGGLNEKLFF_P03	5.482456140350877e-4	2	NA	NA	NA	NA	No	post_specific	NR-post_novel
P03	NR	028	poor	moderate	C	pEKD	pEKD	P03-Treat	TRAV12-1;TRBV5-1_;TRBD1_TRAJ3;TRBJ2-3_TRA:CVVNDIYSSASKIIF;TRB:CASSPGQEGTDTQYF_P03	0.00411184210526315	15	P03-Baseline	0.00104384133611691	2	No	No	pre_post_share	NR-pre_existing
P03	NR	028	poor	moderate	C	pEKD	pEKD	P03-Treat	TRAV12-1;TRBV5-6_;_TRAJ11;TRBJ2-1_TRA:CVVNRRYSTLTF;TRB:CASSPWGQRHEQFF_P03	5.482456140350877e-4	2	NA	NA	NA	NA	No	post_specific	NR-post_novel
P03	NR	028	poor	moderate	C	pEKD	pEKD	P03-Treat	TRAV29/DV5;TRBV7-9_;_TRAJ36;TRBJ2-5_TRA:CAARGGANNLFF;TRB:CASSLSRGFETQYF_P03	5.482456140350877e-4	2	P03-Baseline	0.00156576200417536	3	No	No	pre_post_share	NR-pre_existing
P03	NR	028	poor	moderate	C	pEKD	pEKD	P03-Treat	TRAV4;TRBV7-9_;_TRAJ36;TRBJ1-1_TRA:CLVGGTGANNLFF;TRB:CASSIGSTEAFF_P03	0.00411184210526315	15	P03-Baseline	0.00104384133611691	2	No	No	pre_post_share	NR-pre_existing
P03	NR	028	poor	moderate	C	pEKD	pEKD	P03-Treat	TRAV12-2;TRBV25-1_;_TRAJ34;TRBJ1-3_TRA:CASRSYNTDKLIF;TRB:CASRAGTGNTIYF_P03	8.223684210526315e-4	3	P03-Baseline	0.00208768267223382	4	No	No	pre_post_share	NR-pre_existing
P03	NR	028	poor	moderate	C	pEKD	pEKD	P03-Treat	TRAV5;TRBV19_;_TRAJ48;TRBJ1-5_TRA:CAESRTNFGNEKLTF;TRB:CASRGQANQPQHF_P03	0.00109649122807017	4	P03-Baseline	5.219206680584551e-4	1	No	No	pre_post_share	NR-pre_existing
P03	NR	028	poor	moderate	C	pEKD	pEKD	P03-Treat	TRAV12-2;TRBV3-1_;_TRAJ5;TRBJ1-2_TRA:CAVKSNTGRRALTF;TRB:CASSQVSWDGYTF_P03	5.482456140350877e-4	2	NA	NA	NA	NA	No	post_specific	NR-post_novel
P03	NR	028	poor	moderate	C	pEKD	pEKD	P03-Treat	TRAV12-2;TRBV3-1_;TRBD1_TRAJ37;TRBJ2-4_TRA:CAVSSNTGKLIF;TRB:CASSQRRDRAKNIQYF_P03	5.482456140350877e-4	2	P03-Baseline	5.219206680584551e-4	1	No	No	pre_post_share	NR-pre_existing
P03	NR	028	poor	moderate	C	pEKD	pEKD	P03-Treat	TRAV27;TRBV24-1_;_TRAJ43;TRBJ2-2_TRA:CAAKSDYNNDMRF;TRB:CATRQGYTGELFF_P03	5.482456140350877e-4	2	NA	NA	NA	NA	No	post_specific	NR-post_novel
P03	NR	028	poor	moderate	C	pEKD	pEKD	P03-Treat	TRAV12-2;TRBV4-1_;_TRAJ34;TRBJ2-7_TRA:CAVRTDKLIF;TRB:CASSPRDGYEQYV_P03	0.00685307017543859	25	P03-Baseline	0.02922755741127348	56	Yes	No	pre_post_share	NR-pre_existing
P03	NR	028	poor	moderate	C	pEKD	pEKD	P03-Treat	TRAV27;TRBV5-5_;TRBD1_TRAJ43;TRBJ2-3_TRA:CAGSYNNNDMRF;TRB:CASSLIQGAVDTQYF_P03	0.00137061403508771	5	P03-Baseline	0.00365344467640918	7	No	No	pre_post_share	NR-pre_existing
P03	NR	028	poor	moderate	C	pEKD	pEKD	P03-Treat	TRAV27;TRBV6-1_;_TRAJ41;TRBJ2-2_TRA:CAGEGSNSGYALNF;TRB:CASRIDRLNTGELFF_P03	5.482456140350877e-4	2	NA	NA	NA	NA	No	post_specific	NR-post_novel
P03	NR	028	poor	moderate	C	pEKD	pEKD	P03-Treat	TRAV13-1;TRBV13_;_TRAJ33;TRBJ1-3_TRA:CAASQVDSNYQLIW;TRB:CASSLRLQDGNTIYF_P03	5.482456140350877e-4	2	P03-Baseline	5.219206680584551e-4	1	No	No	pre_post_share	NR-pre_existing
P03	NR	028	poor	moderate	C	pEKD	pEKD	P03-Treat	TRAV12-2;TRBV5-1_;_TRAJ11;TRBJ2-1_TRA:CAALNSGYSTLTF;TRB:CASSLDPGGFQFF_P03	8.223684210526315e-4	3	NA	NA	NA	NA	No	post_specific	NR-post_novel
P03	NR	028	poor	moderate	C	pEKD	pEKD	P03-Treat	TRAV13-1;TRBV19_;TRBD1_TRAJ42;TRBJ2-1_TRA:CAASAYGGSQGNLIF;TRB:CASNQKTGKGEQFF_P03	8.223684210526315e-4	3	NA	NA	NA	NA	No	post_specific	NR-post_novel
P03	NR	028	poor	moderate	C	pEKD	pEKD	P03-Treat	TRAV5;TRBV7-8_;_TRAJ7;TRBJ2-3_TRA:CAEVYYGNNRLAF;TRB:CASSETDTQYF_P03	0.00109649122807017	4	NA	NA	NA	NA	No	post_specific	NR-post_novel
P03	NR	028	poor	moderate	C	pEKD	pEKD	P03-Treat	TRAV29/DV5;TRBV19_;_TRAJ49;TRBJ1-2_TRA:CAATGNQFYF;TRB:CASSPGPRPYGYTF_P03	5.482456140350877e-4	2	NA	NA	NA	NA	No	post_specific	NR-post_novel
P03	NR	028	poor	moderate	C	pEKD	pEKD	P03-Treat	TRAV12-2;TRBV6-2_;TRBD1_TRAJ54;TRBJ1-6_TRA:CAVNILGAQKLVF;TRB:CASRTTGGNSPLHF_P03	5.482456140350877e-4	2	NA	NA	NA	NA	No	post_specific	NR-post_novel
P03	NR	028	poor	moderate	C	pEKD	pEKD	P03-Treat	TRAV29/DV5;TRBV5-4_;_TRAJ50;TRBJ2-2_TRA:CAATPGSYDKVIF;TRB:CASSLSLSAGTGELFF_P03	0.00219298245614035	8	P03-Baseline	0.00208768267223382	4	No	No	pre_post_share	NR-pre_existing
P03	NR	028	poor	moderate	C	pEKD	pEKD	P03-Treat	TRAV12-2;TRBV7-9_;_TRAJ39;TRBJ2-7_TRA:CAVKGGNNAGNMLTF;TRB:CASSLGFYEQYF_P03	0.00109649122807017	4	P03-Baseline	5.219206680584551e-4	1	No	No	pre_post_share	NR-pre_existing
P03	NR	028	poor	moderate	C	pEKD	pEKD	P03-Treat	TRAV12-2;TRBV7-9_;_TRAJ6;TRBJ1-1_TRA:CAAGVSGGSYIPTF;TRB:CASSLAGIAFF_P03	0.01644736842105263	60	P03-Baseline	0.00469728601252609	9	No	Yes	pre_post_share	NR-pre_existing
P03	NR	028	poor	moderate	C	pEKD	pEKD	P03-Treat	TRAV29/DV5;TRBV6-5_;_TRAJ52;TRBJ1-4_TRA:CAASGWGKADF;TRB:CASTGRKGASTLNEKLFF_P03	0.00137061403508771	5	NA	NA	NA	NA	No	post_specific	NR-post_novel
P03	NR	028	poor	moderate	C	pEKD	pEKD	P03-Treat	TRAV2;TRBV28_;_TRAJ37;TRBJ2-7_TRA:CAVEAYIHGSSNTGKLIF;TRB:CASRSQTGIYEQYF_P03	0.00301535087719298	11	P03-Baseline	5.219206680584551e-4	1	No	No	pre_post_share	NR-pre_existing
P03	NR	028	poor	moderate	C	pEKD	pEKD	P03-Treat	TRAV6;TRBV7-9_;_TRAJ31;TRBJ2-1_TRA:CALEAPINNARLMF;TRB:CASSPPVRDISSYNEQFF_P03	0.00137061403508771	5	NA	NA	NA	NA	No	post_specific	NR-post_novel
P03	NR	028	poor	moderate	C	pEKD	pEKD	P03-Treat	TRAV12-3;TRBV20-1_;TRBD1_TRAJ45;TRBJ1-2_TRA:CAMTRGRGGADGLTF;TRB:CSARNRAGGYTF_P03	5.482456140350877e-4	2	NA	NA	NA	NA	No	post_specific	NR-post_novel
P03	NR	028	poor	moderate	C	pEKD	pEKD	P03-Treat	TRAV8-1;TRBV11-2_;_TRAJ17;TRBJ2-1_TRA:CAVNVAAGNKLTF;TRB:CASSKQAMGHTHNEQFF_P03	5.482456140350877e-4	2	NA	NA	NA	NA	No	post_specific	NR-post_novel
P03	NR	028	poor	moderate	C	pEKD	pEKD	P03-Treat	TRAV8-1;TRBV20-1_;_TRAJ41;TRBJ2-7_TRA:CAVRPNSNSGYALNF;TRB:CSVQDGSSYEQYV_P03	8.223684210526315e-4	3	P03-Baseline	5.219206680584551e-4	1	No	No	pre_post_share	NR-pre_existing
P03	NR	028	poor	moderate	C	pEKD	pEKD	P03-Treat	TRAV12-3;TRBV29-1_;TRBD1_TRAJ8;TRBJ2-3_TRA:CAMNTGFQKLVF;TRB:CSVTLPGQGPTDTQYF_P03	0.0019188596491228	7	P03-Baseline	5.219206680584551e-4	1	No	No	pre_post_share	NR-pre_existing
P03	NR	028	poor	moderate	C	pEKD	pEKD	P03-Treat	TRAV20;TRBV24-1_;TRBD2_TRAJ38;TRBJ2-3_TRA:CAVHPTNAGNNRKLIW;TRB:CATSDLELAGGGSPQYF_P03	0.00466008771929824	17	P03-Baseline	0.00208768267223382	4	No	No	pre_post_share	NR-pre_existing
P03	NR	028	poor	moderate	C	pEKD	pEKD	P03-Treat	TRAV20;TRBV30_;_TRAJ56;TRBJ2-7_TRA:CAVFGGANSKLTF;TRB:CAWAAGDPPYEQYF_P03	8.223684210526315e-4	3	P03-Baseline	5.219206680584551e-4	1	No	No	pre_post_share	NR-pre_existing
P03	NR	028	poor	moderate	C	pEKD	pEKD	P03-Treat	TRAV8-1;TRBV5-1_;_TRAJ30;TRBJ1-1_TRA:CAPSTGRDDKIIF;TRB:CASSLSGASEAFF_P03	0.0019188596491228	7	P03-Baseline	0.00208768267223382	4	No	No	pre_post_share	NR-pre_existing
P03	NR	028	poor	moderate	C	pEKD	pEKD	P03-Treat	TRAV20;TRBV4-3_;_TRAJ49;TRBJ2-5_TRA:CAVPMNTGNQFYF;TRB:CASSQGTAGGETQYF_P03	0.00657894736842105	24	P03-Baseline	0.00208768267223382	4	No	No	pre_post_share	NR-pre_existing
P03	NR	028	poor	moderate	C	pEKD	pEKD	P03-Treat	TRAV12-3;TRBV6-5_;_TRAJ26;TRBJ2-4_TRA:CAMSVGYGQNFVF;TRB:CASSYEGTSMSIQYF_P03	0.00219298245614035	8	P03-Baseline	5.219206680584551e-4	1	No	No	pre_post_share	NR-pre_existing
P03	NR	028	poor	moderate	C	pEKD	pEKD	P03-Treat	TRAV3;TRBV5-1_;_TRAJ4;TRBJ2-3_TRA:CVIGGYNKLIF;TRB:CASSLAPAVQGGSDTQYF_P03	8.223684210526315e-4	3	P03-Baseline	5.219206680584551e-4	1	No	No	pre_post_share	NR-pre_existing
P03	NR	028	poor	moderate	C	pEKD	pEKD	P03-Treat	TRAV8-2;TRBV3-1_;_TRAJ8;TRBJ2-1_TRA:CVVSMNTGFQKLVF;TRB:CASSQRETRGEQFF_P03	5.482456140350877e-4	2	P03-Baseline	5.219206680584551e-4	1	No	No	pre_post_share	NR-pre_existing
P03	NR	028	poor	moderate	C	pEKD	pEKD	P03-Treat	TRAV21;TRBV12-3_;TRBD1_TRAJ37;TRBJ1-5_TRA:CAVTREGNTGKLIF;TRB:CASSSGQGVNQPQHF_P03	5.482456140350877e-4	2	NA	NA	NA	NA	No	post_specific	NR-post_novel
P03	NR	028	poor	moderate	C	pEKD	pEKD	P03-Treat	TRAV21;TRBV12-3_;TRBD1_TRAJ3;TRBJ2-7_TRA:CAVTYSSASKIIF;TRB:CASSVGQGPYEQYF_P03	0.00274122807017543	10	P03-Baseline	0.00313152400835073	6	No	No	pre_post_share	NR-pre_existing
P03	NR	028	poor	moderate	C	pEKD	pEKD	P03-Treat	TRAV21;TRBV12-3_;_TRAJ43;TRBJ1-1_TRA:CAVRKNNNNDMRF;TRB:CASSLYTRGHTEAFF_P03	0.00109649122807017	4	NA	NA	NA	NA	No	post_specific	NR-post_novel
P03	NR	028	poor	moderate	C	pEKD	pEKD	P03-Treat	TRAV30;TRBV5-6_;_TRAJ39;TRBJ2-3_TRA:CGTDNAGNMLTF;TRB:CASSLVRVTDTQYF_P03	0.00109649122807017	4	NA	NA	NA	NA	No	post_specific	NR-post_novel
P03	NR	028	poor	moderate	C	pEKD	pEKD	P03-Treat	TRAV30;TRBV7-2_;_TRAJ50;TRBJ2-1_TRA:CGTEVRTSYDKVIF;TRB:CASTDGRWGEQFF_P03	0.00246710526315789	9	P03-Baseline	0.00469728601252609	9	No	No	pre_post_share	NR-pre_existing
P03	NR	028	poor	moderate	C	pEKD	pEKD	P03-Treat	TRAV13-1;TRBV20-1_;_TRAJ44;TRBJ1-1_TRA:CAARPGGTASKLTF;TRB:CSARDQGVDTEAFF_P03	5.482456140350877e-4	2	P03-Baseline	5.219206680584551e-4	1	No	No	pre_post_share	NR-pre_existing
P03	NR	028	poor	moderate	C	pEKD	pEKD	P03-Treat	TRAV1-2;TRBV16_;TRBD1_TRAJ40;TRBJ1-6_TRA:CAVIRFSGTYKYIF;TRB:CASSLGQGASSPLHF_P03	5.482456140350877e-4	2	NA	NA	NA	NA	No	post_specific	NR-post_novel
P03	NR	028	poor	moderate	C	pEKD	pEKD	P03-Treat	TRAV13-1;TRBV29-1_;_TRAJ49;TRBJ1-2_TRA:CAALSSNTGNQFYF;TRB:CSVETEDRLYGYTF_P03	5.482456140350877e-4	2	NA	NA	NA	NA	No	post_specific	NR-post_novel
P03	NR	028	poor	moderate	C	pEKD	pEKD	P03-Treat	TRAV21;TRBV6-5_;TRBD1_TRAJ57;TRBJ1-2_TRA:CAVRQGGSEKLVF;TRB:CASSSPRTGTGGYTF_P03	0.00164473684210526	6	P03-Baseline	0.00156576200417536	3	No	No	pre_post_share	NR-pre_existing
P03	NR	028	poor	moderate	C	pEKD	pEKD	P03-Treat	TRAV21;TRBV6-5_;TRBD1_TRAJ33;TRBJ1-6_TRA:CAVKKGSNYQLIW;TRB:CASSYSGTGTGLNSPLHF_P03	5.482456140350877e-4	2	P03-Baseline	0.00156576200417536	3	No	No	pre_post_share	NR-pre_existing
P03	NR	028	poor	moderate	C	pEKD	pEKD	P03-Treat	TRAV21;TRBV7-3_;_TRAJ39;TRBJ1-2_TRA:CAARFPNAGNMLTF;TRB:CASSTTGGGGYTF_P03	5.482456140350877e-4	2	NA	NA	NA	NA	No	post_specific	NR-post_novel
P03	NR	028	poor	moderate	C	pEKD	pEKD	P03-Treat	TRAV21;TRBV7-3_;_TRAJ41;TRBJ2-3_TRA:CAVRLSNSGYALNF;TRB:CASSFSGFTDTQYF_P03	0.00411184210526315	15	P03-Baseline	0.005741127348643	11	No	No	pre_post_share	NR-pre_existing
P03	NR	028	poor	moderate	C	pEKD	pEKD	P03-Treat	TRAV8-4;TRBV14_;_TRAJ3;TRBJ1-5_TRA:CAVSNSASKIIF;TRB:CASSQGGGSQPQHF_P03	0.00109649122807017	4	NA	NA	NA	NA	No	post_specific	NR-post_novel
P03	NR	028	poor	moderate	C	pEKD	pEKD	P03-Treat	TRAV38-1;TRBV5-1_;_TRAJ44;TRBJ2-1_TRA:CAFMKPNTGTASKLTF;TRB:CASSLRTRGDEQFF_P03	5.482456140350877e-4	2	NA	NA	NA	NA	No	post_specific	NR-post_novel
P03	NR	028	poor	moderate	C	pEKD	pEKD	P03-Treat	TRAV23/DV6;TRBV3-1_;_TRAJ20;TRBJ1-1_TRA:CAARGGSNDYKLSF;TRB:CASSHMGATEAFF_P03	5.482456140350877e-4	2	P03-Baseline	5.219206680584551e-4	1	No	No	pre_post_share	NR-pre_existing
P03	NR	028	poor	moderate	C	pEKD	pEKD	P03-Treat	TRAV8-4;TRBV5-4_;_TRAJ37;TRBJ2-3_TRA:CAVTLPSNTGKLIF;TRB:CASSLDGGVTDTQYF_P03	0.00219298245614035	8	P03-Baseline	0.00417536534446764	8	No	No	pre_post_share	NR-pre_existing
P03	NR	028	poor	moderate	C	pEKD	pEKD	P03-Treat	TRAV10;TRBV4-1_;_TRAJ48;TRBJ2-1_TRA:CVVSVGFGNEKLTF;TRB:CASSQDRGSGGPRDNEQFF_P03	5.482456140350877e-4	2	NA	NA	NA	NA	No	post_specific	NR-post_novel
P03	NR	028	poor	moderate	C	pEKD	pEKD	P03-Treat	TRAV13-2;TRBV20-1_;_TRAJ10;TRBJ1-2_TRA:CAEIAGGGNKLTF;TRB:CSAVSDTTYGYTF_P03	8.223684210526315e-4	3	P03-Baseline	5.219206680584551e-4	1	No	No	pre_post_share	NR-pre_existing
P03	NR	028	poor	moderate	C	pEKD	pEKD	P03-Treat	TRAV38-2/DV8;TRBV4-3_;_TRAJ58;TRBJ2-5_TRA:CAYRSGETSGSRLTF;TRB:CASSQGTAGGETQYF_P03	0.00986842105263157	36	P03-Baseline	0.00939457202505219	18	No	Yes	pre_post_share	NR-pre_existing
P03	NR	028	poor	moderate	C	pEKD	pEKD	P03-Treat	TRAV8-6;TRBV28_;TRBD1_TRAJ42;TRBJ1-2_TRA:CAVRGRYGGSQGNLIF;TRB:CASSPGQGYGYTF_P03	5.482456140350877e-4	2	NA	NA	NA	NA	No	post_specific	NR-post_novel
P03	NR	028	poor	moderate	C	pEKD	pEKD	P03-Treat	TRAV24;TRBV4-1_;_TRAJ23;TRBJ2-1_TRA:CACSNQGGKLIF;TRB:CASSQDALAGAESYNEQFF_P03	5.482456140350877e-4	2	NA	NA	NA	NA	No	post_specific	NR-post_novel
P03	NR	028	poor	moderate	C	pEKD	pEKD	P03-Treat	TRAV30;TRBV18_;TRBD1_TRAJ6;TRBJ2-3_TRA:CGTRLSGGSYIPTF;TRB:CASSPVSGTGADTQYF_P03	0.00137061403508771	5	NA	NA	NA	NA	No	post_specific	NR-post_novel
P03	NR	028	poor	moderate	C	pEKD	pEKD	P03-Treat	TRAV12-1;TRBV27_;_TRAJ28;TRBJ2-3_TRA:CVVNAGAGSYQLTF;TRB:CASSRLAVQYF_P03	8.223684210526315e-4	3	NA	NA	NA	NA	No	post_specific	NR-post_novel
P03	NR	028	poor	moderate	C	pEKD	pEKD	P03-Treat	TRAV14/DV4;TRBV4-3_;_TRAJ42;TRBJ2-3_TRA:CAMREFRYGGSQGNLIF;TRB:CASSQDRQSTDTQYF_P03	0.00109649122807017	4	NA	NA	NA	NA	No	post_specific	NR-post_novel
P03	NR	028	poor	moderate	C	pEKD	pEKD	P03-Treat	TRAV9-2;TRBV5-1_;_TRAJ42;TRBJ2-3_TRA:CACHMNYGGSQGNLIF;TRB:CASVTSGSSTDTQYF_P03	8.223684210526315e-4	3	NA	NA	NA	NA	No	post_specific	NR-post_novel
P03	NR	028	poor	moderate	C	pEKD	pEKD	P03-Treat	TRAV36/DV7;TRBV27_;_TRAJ53;TRBJ1-1_TRA:CAVEAAYSGGSNYKLTF;TRB:CASSLGQGFRTEAFF_P03	8.223684210526315e-4	3	NA	NA	NA	NA	No	post_specific	NR-post_novel
P03	NR	028	poor	moderate	C	pEKD	pEKD	P03-Treat	TRAV16;TRBV30_;_TRAJ30;TRBJ1-6_TRA:CALKRGRDDKIIF;TRB:CAWSGSTRTGEKRSPLHF_P03	0.00137061403508771	5	P03-Baseline	5.219206680584551e-4	1	No	No	pre_post_share	NR-pre_existing
P03	NR	028	poor	moderate	C	pEKD	pEKD	P03-Treat	TRAV12-1;TRBV7-9_;_TRAJ31;TRBJ2-2_TRA:CVVLNNNARLMF;TRB:CASPGQHTGELFF_P03	0.00137061403508771	5	P03-Baseline	5.219206680584551e-4	1	No	No	pre_post_share	NR-pre_existing
P03	NR	028	poor	moderate	C	pEKD	pEKD	P03-Treat	TRAV12-1;TRBV7-9_;_TRAJ37;TRBJ2-3_TRA:CVVGSSNTGKLIF;TRB:CASQQGWDTQYF_P03	5.482456140350877e-4	2	NA	NA	NA	NA	No	post_specific	NR-post_novel
P03	NR	028	poor	moderate	C	pEKD	pEKD	P03-Treat	TRAV26-1;TRBV5-1_;_TRAJ6;TRBJ2-1_TRA:CIVRVGGGGSYIPTF;TRB:CASSLYGMSSYNEQFF_P03	5.482456140350877e-4	2	NA	NA	NA	NA	No	post_specific	NR-post_novel
P03	NR	028	poor	moderate	C	pEKD	pEKD	P03-Treat	TRAV9-2;TRBV6-6_;TRBD1_TRAJ40;TRBJ2-3_TRA:CALSKATGTYKYIF;TRB:CASSETDRGDTQYF_P03	5.482456140350877e-4	2	NA	NA	NA	NA	No	post_specific	NR-post_novel
P03	NR	028	poor	moderate	C	pEKD	pEKD	P03-Treat	TRAV4;TRBV7-3_;_TRAJ11;TRBJ2-3_TRA:CLVGTSGYSTLTF;TRB:CASSFTGSMTDTQYF_P03	0.0019188596491228	7	P03-Baseline	0.00260960334029227	5	No	No	pre_post_share	NR-pre_existing
P03	NR	028	poor	moderate	C	pEKD	pEKD	P03-Treat	TRAV4;TRBV7-3_;_TRAJ13;TRBJ2-1_TRA:CLRGEGYQKVTF;TRB:CASSLGGAINEQFF_P03	5.482456140350877e-4	2	P03-Baseline	5.219206680584551e-4	1	No	No	pre_post_share	NR-pre_existing
P03	NR	028	poor	moderate	C	pEKD	pEKD	P03-Treat	TRAV16;TRBV7-7_;_TRAJ17;TRBJ2-7_TRA:CALSRKAAGNKLTF;TRB:CASSPGPTYEQYF_P03	0.0019188596491228	7	P03-Baseline	0.00208768267223382	4	No	No	pre_post_share	NR-pre_existing
P03	NR	028	poor	moderate	C	pEKD	pEKD	P03-Treat	TRAV41;TRBV20-1_;_TRAJ53;TRBJ2-2_TRA:CAVRGGGSNYKLTF;TRB:CSARGKVGRSNTGELFF_P03	0.00383771929824561	14	P03-Baseline	0.00104384133611691	2	No	No	pre_post_share	NR-pre_existing
P03	NR	028	poor	moderate	C	pEKD	pEKD	P03-Treat	TRAV17;TRBV20-1_;_TRAJ31;TRBJ2-6_TRA:CATDNARLMF;TRB:CSVAAGLISGANVLTF_P03	5.482456140350877e-4	2	NA	NA	NA	NA	No	post_specific	NR-post_novel
P03	NR	028	poor	moderate	C	pEKD	pEKD	P03-Treat	TRAV27;TRBV5-1_;_TRAJ10;TRBJ1-1_TRA:CAGGVTGGGNKLTF;TRB:CASSLGGGYTEAFF_P03	8.223684210526315e-4	3	P03-Baseline	5.219206680584551e-4	1	No	No	pre_post_share	NR-pre_existing
P03	NR	028	poor	moderate	C	pEKD	pEKD	P03-Treat	TRAV8-2;TRBV7-7_;_TRAJ8;TRBJ2-7_TRA:CVVTRPPFNTGFQKLVF;TRB:CASSPGPTYEQYF_P03	8.223684210526315e-4	3	P03-Baseline	0.00104384133611691	2	No	No	pre_post_share	NR-pre_existing
P03	NR	028	poor	moderate	C	pEKD	pEKD	P03-Treat	TRAV8-6;TRBV7-9_;TRBD1_TRAJ23;TRBJ2-6_TRA:CAVILNQGGKLIF;TRB:CASSFQGWDRMRSGANVLTF_P03	0.00109649122807017	4	NA	NA	NA	NA	No	post_specific	NR-post_novel
P03	NR	028	poor	moderate	C	pEKD	pEKD	P03-Treat	TRAV13-1;TRBV20-1_;_TRAJ10;TRBJ2-7_TRA:CAARFTGGGNKLTF;TRB:CSASFPAGVSYEQYF_P03	5.482456140350877e-4	2	P03-Baseline	5.219206680584551e-4	1	No	No	pre_post_share	NR-pre_existing
P03	NR	028	poor	moderate	C	pEKD	pEKD	P03-Treat	TRAV17;TRBV7-2_;_TRAJ9;TRBJ2-7_TRA:CATINTGGFKTIF;TRB:CASSWTAYEQYF_P03	5.482456140350877e-4	2	P03-Baseline	5.219206680584551e-4	1	No	No	pre_post_share	NR-pre_existing
P03	NR	028	poor	moderate	C	pEKD	pEKD	P03-Treat	TRAV6;TRBV12-4_;_TRAJ6;TRBJ2-1_TRA:CALAGGSYIPTF;TRB:CASSLWEGRSNEQFF_P03	0.00301535087719298	11	P03-Baseline	0.005741127348643	11	No	No	pre_post_share	NR-pre_existing
P03	NR	028	poor	moderate	C	pEKD	pEKD	P03-Treat	TRAV6;TRBV27_;_TRAJ6;TRBJ2-1_TRA:CALDRGSYIPTF;TRB:CASSGYDGSSYNEQFF_P03	0.0019188596491228	7	P03-Baseline	0.00521920668058455	10	No	No	pre_post_share	NR-pre_existing
P03	NR	028	poor	moderate	C	pEKD	pEKD	P03-Treat	TRAV12-2;TRBV9_;_TRAJ20;TRBJ1-2_TRA:CAVNINDYKLSF;TRB:CASSEGTADYGYTF_P03	0.00356359649122807	13	P03-Baseline	0.00260960334029227	5	No	No	pre_post_share	NR-pre_existing
P03	NR	028	poor	moderate	C	pEKD	pEKD	P03-Treat	TRAV21;TRBV7-3_;_TRAJ45;TRBJ2-3_TRA:CAVDRGGADGLTF;TRB:CASSLLAGGTDTQYF_P03	5.482456140350877e-4	2	NA	NA	NA	NA	No	post_specific	NR-post_novel
P03	NR	028	poor	moderate	C	pEKD	pEKD	P03-Treat	TRAV13-1;TRBV4-3_;_TRAJ53;TRBJ2-2_TRA:CAASIEGSNYKLTF;TRB:CASSQDPAGGTGELFF_P03	5.482456140350877e-4	2	NA	NA	NA	NA	No	post_specific	NR-post_novel
P03	NR	028	poor	moderate	C	pEKD	pEKD	P03-Treat	TRAV22;TRBV12-3_;_TRAJ36;TRBJ1-3_TRA:CAVERSSGANNLFF;TRB:CASSAGQKQNTIYF_P03	8.223684210526315e-4	3	NA	NA	NA	NA	No	post_specific	NR-post_novel
P03	NR	028	poor	moderate	C	pEKD	pEKD	P03-Treat	TRAV12-3;TRBV5-1_;_TRAJ27;TRBJ2-2_TRA:CAMRTNAGKSTF;TRB:CASRYTGELFF_P03	8.223684210526315e-4	3	P03-Baseline	5.219206680584551e-4	1	No	No	pre_post_share	NR-pre_existing
P03	NR	028	poor	moderate	C	pEKD	pEKD	P03-Treat	TRAV8-1;TRBV4-1_;_TRAJ8;TRBJ1-5_TRA:CAVKKDTGFQKLVF;TRB:CASSQDMADNQPQHF_P03	0.00109649122807017	4	P03-Baseline	0.00104384133611691	2	No	No	pre_post_share	NR-pre_existing
P03	NR	028	poor	moderate	C	pEKD	pEKD	P03-Treat	TRAV12-3;TRBV7-3_;TRBD1_TRAJ21;TRBJ2-6_TRA:CASTWNFNKFYF;TRB:CASSFGGAGANVLTF_P03	8.223684210526315e-4	3	P03-Baseline	0.00104384133611691	2	No	No	pre_post_share	NR-pre_existing
P03	NR	028	poor	moderate	C	pEKD	pEKD	P03-Treat	TRAV3;TRBV6-1_;TRBD1_TRAJ52;TRBJ1-2_TRA:CAVRDIAGGTSYGKLTF;TRB:CASTIDRGLGGYTF_P03	8.223684210526315e-4	3	P03-Baseline	0.00104384133611691	2	No	No	pre_post_share	NR-pre_existing
P03	NR	028	poor	moderate	C	pEKD	pEKD	P03-Treat	TRAV12-1;TRBV19_;_TRAJ21;TRBJ1-1_TRA:CVVNDRYNFNKFYF;TRB:CASSQSDMNTEAFF_P03	5.482456140350877e-4	2	P03-Baseline	5.219206680584551e-4	1	No	No	pre_post_share	NR-pre_existing
P03	NR	028	poor	moderate	C	pEKD	pEKD	P03-Treat	TRAV8-2;TRBV9_;_TRAJ40;TRBJ2-1_TRA:CVVSQTSGTYKYIF;TRB:CASSVAGSVHNEQFF_P03	8.223684210526315e-4	3	P03-Baseline	0.00260960334029227	5	No	No	pre_post_share	NR-pre_existing
P03	NR	028	poor	moderate	C	pEKD	pEKD	P03-Treat	TRAV1-1;TRBV11-2_;_TRAJ26;TRBJ2-3_TRA:CAVRSPYGQNFVF;TRB:CASSSQAGGNTDTQYF_P03	0.0019188596491228	7	P03-Baseline	0.005741127348643	11	No	No	pre_post_share	NR-pre_existing
P03	NR	028	poor	moderate	C	pEKD	pEKD	P03-Treat	TRAV13-2;TRBV7-2_;_TRAJ53;TRBJ1-1_TRA:CAENIGGSNYKLTF;TRB:CASSRSLTPQVEAFF_P03	8.223684210526315e-4	3	NA	NA	NA	NA	No	post_specific	NR-post_novel
P03	NR	028	poor	moderate	C	pEKD	pEKD	P03-Treat	TRAV13-2;TRBV9_;_TRAJ57;TRBJ2-7_TRA:CAENHPQGGSEKLVF;TRB:CASSVQEDYEQYF_P03	0.00959429824561403	35	P03-Baseline	0.00782881002087682	15	No	No	pre_post_share	NR-pre_existing
P03	NR	028	poor	moderate	C	pEKD	pEKD	P03-Treat	TRAV12-1;TRBV28_;_TRAJ8;TRBJ2-2_TRA:CVVLQGFQKLVF;TRB:CASSNAIAGEGDAAGELFF_P03	5.482456140350877e-4	2	NA	NA	NA	NA	No	post_specific	NR-post_novel
P03	NR	028	poor	moderate	C	pEKD	pEKD	P03-Treat	TRAV14/DV4;TRBV28_;_TRAJ43;TRBJ2-7_TRA:CAMRGSYNNNDMRF;TRB:CASRSQTGIYEQYF_P03	0.00575657894736842	21	P03-Baseline	0.00260960334029227	5	No	No	pre_post_share	NR-pre_existing
P03	NR	028	poor	moderate	C	pEKD	pEKD	P03-Treat	TRAV35;TRBV9_;_TRAJ40;TRBJ2-7_TRA:CAGPPGASGTYKYIF;TRB:CASSSTGEQYF_P03	5.482456140350877e-4	2	P03-Baseline	5.219206680584551e-4	1	No	No	pre_post_share	NR-pre_existing
P03	NR	028	poor	moderate	C	pEKD	pEKD	P03-Treat	TRAV12-1;TRBV6-5_;_TRAJ40;TRBJ1-2_TRA:CVDSGTYKYIF;TRB:CASSEGEESYGYTF_P03	5.482456140350877e-4	2	P03-Baseline	5.219206680584551e-4	1	No	No	pre_post_share	NR-pre_existing
P03	NR	028	poor	moderate	C	pEKD	pEKD	P03-Treat	TRAV13-1;TRBV6-5_;_TRAJ13;TRBJ1-5_TRA:CAASIRGGYQKVTF;TRB:CASSYGRGQPQHF_P03	0.00246710526315789	9	NA	NA	NA	NA	No	post_specific	NR-post_novel
P03	NR	028	poor	moderate	C	pEKD	pEKD	P03-Treat	TRAV22;TRBV28_;_TRAJ20;TRBJ1-2_TRA:CAVETGDYKLSF;TRB:CASSSTGSGYGYTF_P03	5.482456140350877e-4	2	NA	NA	NA	NA	No	post_specific	NR-post_novel
P03	NR	028	poor	moderate	C	pEKD	pEKD	P03-Treat	TRAV38-1;TRBV2_;_TRAJ39;TRBJ1-1_TRA:CAFMKINNAGNMLTF;TRB:CASSGGNTEAFF_P03	0.00274122807017543	10	NA	NA	NA	NA	No	post_specific	NR-post_novel
P03	NR	028	poor	moderate	C	pEKD	pEKD	P03-Treat	TRAV8-4;TRBV27_;_TRAJ33;TRBJ1-6_TRA:CAVSENSNYQLIW;TRB:CASRQKVPGRIYSPLHF_P03	5.482456140350877e-4	2	P03-Baseline	5.219206680584551e-4	1	No	No	pre_post_share	NR-pre_existing
P03	NR	028	poor	moderate	C	pEKD	pEKD	P03-Treat	TRAV23/DV6;TRBV19_;_TRAJ22;TRBJ2-5_TRA:CAAIPSGSARQLTF;TRB:CASSPPGVRETQYF_P03	5.482456140350877e-4	2	NA	NA	NA	NA	No	post_specific	NR-post_novel
P03	NR	028	poor	moderate	C	pEKD	pEKD	P03-Treat	TRAV9-2;TRBV7-8_;_TRAJ31;TRBJ2-7_TRA:CALLNNNARLMF;TRB:CASSLVGQYEQYF_P03	5.482456140350877e-4	2	NA	NA	NA	NA	No	post_specific	NR-post_novel
P03	NR	028	poor	moderate	C	pEKD	pEKD	P03-Treat	TRAV17;TRBV19_;_TRAJ16;TRBJ1-1_TRA:CATDAGEFSDGQKLLF;TRB:CASSVPPGTEAFF_P03	0.00137061403508771	5	NA	NA	NA	NA	No	post_specific	NR-post_novel
P03	NR	028	poor	moderate	C	pEKD	pEKD	P03-Treat	TRAV20;TRBV6-1_;_TRAJ28;TRBJ2-7_TRA:CAVTGSGAGSYQLTF;TRB:CASSEYEAPYEQYV_P03	5.482456140350877e-4	2	P03-Baseline	5.219206680584551e-4	1	No	No	pre_post_share	NR-pre_existing
P03	NR	028	poor	moderate	C	pEKD	pEKD	P03-Treat	TRAV8-4;TRBV6-6_;_TRAJ45;TRBJ2-3_TRA:CAVSDQGGGADGLTF;TRB:CASSYPPLGQASTDTQYF_P03	0.00109649122807017	4	P03-Baseline	5.219206680584551e-4	1	No	No	pre_post_share	NR-pre_existing
P03	NR	028	poor	moderate	C	pEKD	pEKD	P03-Treat	TRAV38-2/DV8;TRBV28_;_TRAJ47;TRBJ1-5_TRA:CAYRASGNKLVF;TRB:CASSLWSQPQHF_P03	5.482456140350877e-4	2	NA	NA	NA	NA	No	post_specific	NR-post_novel
P03	NR	028	poor	moderate	C	pEKD	pEKD	P03-Treat	TRAV12-1;TRBV2_;_TRAJ17;TRBJ2-6_TRA:CVVNTFKAAGNKLTF;TRB:CASRSPSSEVTGANVLTF_P03	5.482456140350877e-4	2	NA	NA	NA	NA	No	post_specific	NR-post_novel
P03	NR	028	poor	moderate	C	pEKD	pEKD	P03-Treat	TRAV24;TRBV27_;_TRAJ3;TRBJ2-7_TRA:CAFGYSSASKIIF;TRB:CASSYEQYF_P03	0.00109649122807017	4	P03-Baseline	0.00104384133611691	2	No	No	pre_post_share	NR-pre_existing
P03	NR	028	poor	moderate	C	pEKD	pEKD	P03-Treat	TRAV25;TRBV19_;_TRAJ38;TRBJ2-5_TRA:CAGRNAGNNRKLIW;TRB:CASSIPRQGIQQETQYF_P03	0.00109649122807017	4	NA	NA	NA	NA	No	post_specific	NR-post_novel
P03	NR	028	poor	moderate	C	pEKD	pEKD	P03-Treat	TRAV30;TRBV30_;_TRAJ38;TRBJ1-6_TRA:CGTEIREETGAGNNRKLIW;TRB:CAWRRSKTSALHF_P03	0.00137061403508771	5	NA	NA	NA	NA	No	post_specific	NR-post_novel
P03	NR	028	poor	moderate	C	pEKD	pEKD	P03-Treat	TRAV39;TRBV3-1_;_TRAJ57;TRBJ2-1_TRA:CAAQGGSEKLVF;TRB:CASSLAGYGEQFF_P03	0.0019188596491228	7	P03-Baseline	0.00208768267223382	4	No	No	pre_post_share	NR-pre_existing
P03	NR	028	poor	moderate	C	pEKD	pEKD	P03-Treat	TRAV34;TRBV5-1_;_TRAJ33;TRBJ1-2_TRA:CGAPNGNYQLIW;TRB:CASSLEGYGYTF_P03	8.223684210526315e-4	3	P03-Baseline	0.00104384133611691	2	No	No	pre_post_share	NR-pre_existing
P03	NR	028	poor	moderate	C	pEKD	pEKD	P03-Treat	TRAV9-2;TRBV5-1_;_TRAJ36;TRBJ2-3_TRA:CALSGTGANNLFF;TRB:CASSLHSREDTQYF_P03	5.482456140350877e-4	2	NA	NA	NA	NA	No	post_specific	NR-post_novel
P03	NR	028	poor	moderate	C	pEKD	pEKD	P03-Treat	TRAV4;TRBV30_;TRBD1_TRAJ9;TRBJ1-1_TRA:CLVGDMARGFKTIF;TRB:CAWSSGTGSTEAFF_P03	8.223684210526315e-4	3	P03-Baseline	0.00104384133611691	2	No	No	pre_post_share	NR-pre_existing
P03	NR	028	poor	moderate	C	pEKD	pEKD	P03-Treat	TRAV4;TRBV7-2_;_TRAJ6;TRBJ2-7_TRA:CLVGDMRSGGSYIPTF;TRB:CASSLSNYEQYF_P03	0.00411184210526315	15	P03-Baseline	0.00156576200417536	3	No	No	pre_post_share	NR-pre_existing
P03	NR	028	poor	moderate	C	pEKD	pEKD	P03-Treat	TRAV17;TRBV11-3_;_TRAJ31;TRBJ2-2_TRA:CATALRDARLMF;TRB:CASSLARGLSYTGELFF_P03	0.00246710526315789	9	P03-Baseline	0.00469728601252609	9	No	No	pre_post_share	NR-pre_existing
P03	NR	028	poor	moderate	C	pEKD	pEKD	P03-Treat	TRAV26-2;TRBV20-1_;_TRAJ52;TRBJ2-1_TRA:CILGGTSYGKLTF;TRB:CSAPTSGQEQFF_P03	5.482456140350877e-4	2	NA	NA	NA	NA	No	post_specific	NR-post_novel
P03	NR	028	poor	moderate	C	pEKD	pEKD	P03-Treat	TRAV8-1;TRBV28_;TRBD2_TRAJ9;TRBJ2-5_TRA:CAVNRDTGGFKTIF;TRB:CASSFETSGGVGETQYF_P03	0.00109649122807017	4	NA	NA	NA	NA	No	post_specific	NR-post_novel
P03	NR	028	poor	moderate	C	pEKD	pEKD	P03-Treat	TRAV26-2;TRBV30_;TRBD1_TRAJ52;TRBJ1-5_TRA:CILSRGGTSYGKLTF;TRB:CAWSDAGGSINGQPQHF_P03	8.223684210526315e-4	3	P03-Baseline	5.219206680584551e-4	1	No	No	pre_post_share	NR-pre_existing
P03	NR	028	poor	moderate	C	pEKD	pEKD	P03-Treat	TRAV1-1;TRBV6-6_;_TRAJ4;TRBJ2-5_TRA:CAAGWGYNKLIF;TRB:CASSPLSGAALQETQYF_P03	0.02165570175438596	79	P03-Baseline	0.00365344467640918	7	No	Yes	pre_post_share	NR-pre_existing
P03	NR	028	poor	moderate	C	pEKD	pEKD	P03-Treat	TRAV13-1;TRBV11-2_;_TRAJ40;TRBJ2-7_TRA:CAAPTSGTYKYIF;TRB:CASSPRAEQYF_P03	8.223684210526315e-4	3	NA	NA	NA	NA	No	post_specific	NR-post_novel
P03	NR	028	poor	moderate	C	pEKD	pEKD	P03-Treat	TRAV5;TRBV6-5_;_TRAJ36;TRBJ1-2_TRA:CAEIQTGANNLFF;TRB:CASSYGSDYTF_P03	5.482456140350877e-4	2	NA	NA	NA	NA	No	post_specific	NR-post_novel
P03	NR	028	poor	moderate	C	pEKD	pEKD	P03-Treat	TRAV2;TRBV2_;_TRAJ30;TRBJ2-2_TRA:CAVEEIRDDKIIF;TRB:CASSGLGFGELFF_P03	8.223684210526315e-4	3	NA	NA	NA	NA	No	post_specific	NR-post_novel
P03	NR	028	poor	moderate	C	pEKD	pEKD	P03-Treat	TRAV12-2;TRBV7-9_;_TRAJ6;TRBJ1-1_TRA:CAAGVSGGSYIPTF;TRB:CASSSTGKAFF_P03	0.00109649122807017	4	NA	NA	NA	NA	No	post_specific	NR-post_novel
P03	NR	028	poor	moderate	C	pEKD	pEKD	P03-Treat	TRAV8-3;TRBV20-1_;_TRAJ3;TRBJ2-1_TRA:CAASGYSSASKIIF;TRB:CSATLRGTVYNEQFF_P03	5.482456140350877e-4	2	P03-Baseline	0.00104384133611691	2	No	No	pre_post_share	NR-pre_existing
P03	NR	028	poor	moderate	C	pEKD	pEKD	P03-Treat	TRAV8-4;TRBV14_;_TRAJ39;TRBJ2-2_TRA:CAVSDSTWAGNMLTF;TRB:CASSLSGGNTGELFF_P03	5.482456140350877e-4	2	NA	NA	NA	NA	No	post_specific	NR-post_novel
P03	NR	028	poor	moderate	C	pEKD	pEKD	P03-Treat	TRAV36/DV7;TRBV7-3_;_TRAJ38;TRBJ2-2_TRA:CAINAGNNRKLIW;TRB:CASSLSGTNTGELFF_P03	0.0019188596491228	7	P03-Baseline	0.00104384133611691	2	No	No	pre_post_share	NR-pre_existing
P03	NR	028	poor	moderate	C	pEKD	pEKD	P03-Treat	TRAV3;TRBV18_;TRBD1_TRAJ13;TRBJ1-5_TRA:CAVRDTQGGGYQKVTF;TRB:CASSPPLTGGQPQHF_P03	5.482456140350877e-4	2	NA	NA	NA	NA	No	post_specific	NR-post_novel
P03	NR	028	poor	moderate	C	pEKD	pEKD	P03-Treat	TRAV12-2;TRBV7-2_;_TRAJ41;TRBJ2-1_TRA:CASHGSNSNSGYALNF;TRB:CASSLGGSYNEQFF_P03	0.00685307017543859	25	P03-Baseline	0.00208768267223382	4	No	No	pre_post_share	NR-pre_existing
P03	NR	028	poor	moderate	C	pEKD	pEKD	P03-Treat	TRAV38-1;TRBV5-6_;TRBD1_TRAJ49;TRBJ2-1_TRA:CAFPSSNTGNQFYF;TRB:CASSDGGAYNEQFF_P03	0.00301535087719298	11	P03-Baseline	0.00313152400835073	6	No	No	pre_post_share	NR-pre_existing
P03	NR	028	poor	moderate	C	pEKD	pEKD	P03-Treat	TRAV4;TRBV3-1_;_TRAJ31;TRBJ2-7_TRA:CLVGERGNNARLMF;TRB:CASSHRVPYEQYF_P03	0.00164473684210526	6	P03-Baseline	5.219206680584551e-4	1	No	No	pre_post_share	NR-pre_existing
P03	NR	028	poor	moderate	C	pEKD	pEKD	P03-Treat	TRAV12-3;TRBV6-6_;_TRAJ39;TRBJ1-1_TRA:CAPGGNAGNMLTF;TRB:CASSYSPGDTEAFF_P03	0.00712719298245614	26	NA	NA	NA	NA	No	post_specific	NR-post_novel
P03	NR	028	poor	moderate	C	pEKD	pEKD	P03-Treat	TRAV9-2;TRBV6-2_;TRBD1_TRAJ49;TRBJ1-5_TRA:CALKMNTGNQFYF;TRB:CASREVGGQGPQHF_P03	0.00109649122807017	4	NA	NA	NA	NA	No	post_specific	NR-post_novel
P03	NR	028	poor	moderate	C	pEKD	pEKD	P03-Treat	TRAV10;TRBV2_;TRBD1_TRAJ6;TRBJ2-3_TRA:CVVSDRSGGSYIPTF;TRB:CASRKDRGQGDTQYF_P03	0.00109649122807017	4	P03-Baseline	5.219206680584551e-4	1	No	No	pre_post_share	NR-pre_existing
P03	NR	028	poor	moderate	C	pEKD	pEKD	P03-Treat	TRAV38-1;TRBV7-2_;TRBD1_TRAJ53;TRBJ2-6_TRA:CASFGGSNYKLTF;TRB:CASSPLVLGANVLTF_P03	8.223684210526315e-4	3	P03-Baseline	5.219206680584551e-4	1	No	No	pre_post_share	NR-pre_existing
P03	NR	028	poor	moderate	C	pEKD	pEKD	P03-Treat	TRAV27;TRBV10-2_;TRBD1_TRAJ42;TRBJ2-7_TRA:CAPEGGSQGNLIF;TRB:CASSDRAPSYEQYF_P03	5.482456140350877e-4	2	P03-Baseline	0.00104384133611691	2	No	No	pre_post_share	NR-pre_existing
P03	NR	028	poor	moderate	C	pEKD	pEKD	P03-Treat	TRAV12-1;TRBV2_;_TRAJ17;TRBJ2-1_TRA:CVVNRPAAGNKLTF;TRB:CASSLALGGVDNEQFF_P03	8.223684210526315e-4	3	NA	NA	NA	NA	No	post_specific	NR-post_novel
P03	NR	028	poor	moderate	C	pEKD	pEKD	P03-Treat	TRAV4;TRBV30_;TRBD1_TRAJ13;TRBJ1-1_TRA:CLVDLSGGYQKVTF;TRB:CAWKSGTGGHDEAFF_P03	5.482456140350877e-4	2	P03-Baseline	5.219206680584551e-4	1	No	No	pre_post_share	NR-pre_existing
P03	NR	028	poor	moderate	C	pEKD	pEKD	P03-Treat	TRAV25;TRBV5-1_;_TRAJ32;TRBJ2-1_TRA:CAAVGGATNKLIF;TRB:CASSLWGVLAGSYNEQFF_P03	8.223684210526315e-4	3	NA	NA	NA	NA	No	post_specific	NR-post_novel
P03	NR	028	poor	moderate	C	pEKD	pEKD	P03-Treat	TRAV12-3;TRBV6-1_;_TRAJ40;TRBJ2-5_TRA:CAMKDSGTYKYIF;TRB:CASRAGTLEETQYF_P03	5.482456140350877e-4	2	NA	NA	NA	NA	No	post_specific	NR-post_novel
P03	NR	028	poor	moderate	C	pEKD	pEKD	P03-Treat	TRAV4;TRBV4-3_;_TRAJ5;TRBJ2-7_TRA:CLVALDTGRRALTF;TRB:CASSQDLSDYEQYF_P03	8.223684210526315e-4	3	NA	NA	NA	NA	No	post_specific	NR-post_novel
P03	NR	028	poor	moderate	C	pEKD	pEKD	P03-Treat	TRAV39;TRBV3-1_;_TRAJ57;TRBJ2-1_TRA:CAGQGGSEKLVF;TRB:CASSLAGYVEQFF_P03	0.0063048245614035	23	P03-Baseline	0.00365344467640918	7	No	No	pre_post_share	NR-pre_existing
P03	NR	028	poor	moderate	C	pEKD	pEKD	P03-Treat	TRAV23/DV6;TRBV20-1_;_TRAJ49;TRBJ2-1_TRA:CAASAGTGNQFYF;TRB:CSANFLRNEQFF_P03	5.482456140350877e-4	2	NA	NA	NA	NA	No	post_specific	NR-post_novel
P03	NR	028	poor	moderate	C	pEKD	pEKD	P03-Treat	TRAV8-2;TRBV4-1_;TRBD1_TRAJ4;TRBJ1-2_TRA:CVVSDLRSGGYNKLIF;TRB:CASEGAGGYTF_P03	0.00794956140350877	29	P03-Baseline	0.00365344467640918	7	No	No	pre_post_share	NR-pre_existing
P03	NR	028	poor	moderate	C	pEKD	pEKD	P03-Treat	TRAV12-2;TRBV6-6_;_TRAJ42;TRBJ2-1_TRA:CAESQGNLIF;TRB:CASRVADEQFF_P03	5.482456140350877e-4	2	NA	NA	NA	NA	No	post_specific	NR-post_novel
P03	NR	028	poor	moderate	C	pEKD	pEKD	P03-Treat	TRAV21;TRBV19_;TRBD1_TRAJ46;TRBJ2-7_TRA:CAVSSGDKLTF;TRB:CATAGTGAYEQYF_P03	5.482456140350877e-4	2	NA	NA	NA	NA	No	post_specific	NR-post_novel
P03	NR	028	poor	moderate	C	pEKD	pEKD	P03-Treat	TRAV13-1;TRBV20-1_;_TRAJ26;TRBJ2-5_TRA:CAASIARGNYGQNFVF;TRB:CSARVSPGETQYF_P03	5.482456140350877e-4	2	P03-Baseline	5.219206680584551e-4	1	No	No	pre_post_share	NR-pre_existing
P03	NR	028	poor	moderate	C	pEKD	pEKD	P03-Treat	TRAV13-2;TRBV9_;TRBD1_TRAJ15;TRBJ1-3_TRA:CAEKGNQAGTALIF;TRB:CASSATGGFSGNTIYF_P03	0.00274122807017543	10	NA	NA	NA	NA	No	post_specific	NR-post_novel
P03	NR	028	poor	moderate	C	pEKD	pEKD	P03-Treat	TRAV3;TRBV3-1_;TRBD1_TRAJ29;TRBJ2-7_TRA:CAVRDPFHSGNTPLVF;TRB:CASSQGPAGHYEQYF_P03	5.482456140350877e-4	2	NA	NA	NA	NA	No	post_specific	NR-post_novel
P03	NR	028	poor	moderate	C	pEKD	pEKD	P03-Treat	TRAV8-1;TRBV5-5_;_TRAJ8;TRBJ2-3_TRA:CAVNALTGFQKLVF;TRB:CASRSLTGEETDTQYF_P03	5.482456140350877e-4	2	NA	NA	NA	NA	No	post_specific	NR-post_novel
P03	NR	028	poor	moderate	C	pEKD	pEKD	P03-Treat	TRAV12-1;TRBV5-1_;_TRAJ20;TRBJ2-3_TRA:CVVWASNDYKLSF;TRB:CASSSTSGSTDTQYF_P03	0.00246710526315789	9	P03-Baseline	0.00469728601252609	9	No	No	pre_post_share	NR-pre_existing
P03	NR	028	poor	moderate	C	pEKD	pEKD	P03-Treat	TRAV8-3;TRBV5-6_;_TRAJ45;TRBJ2-3_TRA:CAVGAYSGGGADGLTF;TRB:CASSFEKQRLTDTQYF_P03	5.482456140350877e-4	2	P03-Baseline	0.00104384133611691	2	No	No	pre_post_share	NR-pre_existing
P03	NR	028	poor	moderate	C	pEKD	pEKD	P03-Treat	TRAV4;TRBV14_;_TRAJ35;TRBJ2-2_TRA:CLVGDRLGVLHC;TRB:CASSLSGGNTGELFF_P03	5.482456140350877e-4	2	NA	NA	NA	NA	No	post_specific	NR-post_novel
P03	NR	028	poor	moderate	C	pEKD	pEKD	P03-Treat	TRAV12-2;TRBV7-9_;_TRAJ6;TRBJ2-2_TRA:CAVGVSGGSYIPTF;TRB:CASKGTGELFF_P03	0.00137061403508771	5	P03-Baseline	5.219206680584551e-4	1	No	No	pre_post_share	NR-pre_existing
P03	NR	028	poor	moderate	C	pEKD	pEKD	P03-Treat	TRAV12-1;TRBV2_;_TRAJ29;TRBJ2-1_TRA:CVVSAYSGNTPLVF;TRB:CASSVDSGSNEQFF_P03	0.00219298245614035	8	P03-Baseline	0.00104384133611691	2	No	No	pre_post_share	NR-pre_existing
P03	NR	028	poor	moderate	C	pEKD	pEKD	P03-Treat	TRAV8-2;TRBV4-1_;_TRAJ40;TRBJ2-7_TRA:CVVSPGTYKYIF;TRB:CASSPGTDYEQYV_P03	0.00109649122807017	4	NA	NA	NA	NA	No	post_specific	NR-post_novel
P04	NR	029	poor	mild	B	poor	pEKI	P04-Treat	TRAV35;TRBV3-1_;_TRAJ43;TRBJ2-7_TRA:CAGYKNNDMRF;TRB:CASSWRGQGFEQYF_P04	0.00119402985074626	4	NA	NA	NA	NA	No	post_specific	NR-post_novel
P04	NR	029	poor	mild	B	poor	pEKI	P04-Treat	TRAV19;TRBV7-9_;_TRAJ7;TRBJ2-7_TRA:CALSEAYGNNRLAF;TRB:CASSPNIQDRARSYEQYF_P04	0.00208955223880597	7	NA	NA	NA	NA	No	post_specific	NR-post_novel
P04	NR	029	poor	mild	B	poor	pEKI	P04-Treat	TRAV1-2;TRBV15_;_TRAJ33;TRBJ2-4_TRA:CAVRSHSNYQLIW;TRB:CATSMTGDEDIQYF_P04	0.0044776119402985	15	P04-Baseline	0.00250268144440471	7	No	No	pre_post_share	NR-pre_existing
P04	NR	029	poor	mild	B	poor	pEKI	P04-Treat	TRAV22;TRBV9_;_TRAJ43;TRBJ2-7_TRA:CAVLNNNDMRF;TRB:CASSVGPWYEQYF_P04	8.955223880597015e-4	3	P04-Baseline	0.00107257776188773	3	No	No	pre_post_share	NR-pre_existing
P04	NR	029	poor	mild	B	poor	pEKI	P04-Treat	TRAV8-4;TRBV24-1_;_TRAJ30;TRBJ1-2_TRA:CAVSLNRDDKIIF;TRB:CATSEAGQSNYGYTF_P04	8.955223880597015e-4	3	P04-Baseline	3.575259206292456e-4	1	No	No	pre_post_share	NR-pre_existing
P04	NR	029	poor	mild	B	poor	pEKI	P04-Treat	TRAV19;TRBV12-3_;TRBD1_TRAJ36;TRBJ2-1_TRA:CALSEGNGANNLFF;TRB:CASSRREKEQFF_P04	5.970149253731343e-4	2	NA	NA	NA	NA	No	post_specific	NR-post_novel
P04	NR	029	poor	mild	B	poor	pEKI	P04-Treat	TRAV2;TRBV20-1_;_TRAJ9;TRBJ2-1_TRA:CAVESGGGGFKTIF;TRB:CSAPPLAGGNNEQFF_P04	5.970149253731343e-4	2	P04-Baseline	7.150518412584912e-4	2	No	No	pre_post_share	NR-pre_existing
P04	NR	029	poor	mild	B	poor	pEKI	P04-Treat	TRAV14/DV4;TRBV14_;_TRAJ33;TRBJ2-7_TRA:CAMMDSNYQLIW;TRB:CASSRDFSYEQYF_P04	0.00149253731343283	5	P04-Baseline	0.00321773328566321	9	No	No	pre_post_share	NR-pre_existing
P04	NR	029	poor	mild	B	poor	pEKI	P04-Treat	TRAV19;TRBV9_;_TRAJ40;TRBJ2-7_TRA:CALSGSSGTYKYIF;TRB:CASSVAGTPSYEQYF_P04	5.970149253731343e-4	2	P04-Baseline	7.150518412584912e-4	2	No	No	pre_post_share	NR-pre_existing
P04	NR	029	poor	mild	B	poor	pEKI	P04-Treat	TRAV12-2;TRBV5-1_;TRBD1_TRAJ48;TRBJ2-1_TRA:CAVPISNFGNEKLTF;TRB:CASSLDRAVYNEQFF_P04	8.955223880597015e-4	3	P04-Baseline	3.575259206292456e-4	1	No	No	pre_post_share	NR-pre_existing
P04	NR	029	poor	mild	B	poor	pEKI	P04-Treat	TRAV29/DV5;TRBV2_;_TRAJ53;TRBJ2-3_TRA:CAASDRSSNYKLTF;TRB:CASSEWTSDTQYF_P04	0.00477611940298507	16	P04-Baseline	0.00107257776188773	3	No	No	pre_post_share	NR-pre_existing
P04	NR	029	poor	mild	B	poor	pEKI	P04-Treat	TRAV8-4;TRBV27_;_TRAJ52;TRBJ2-5_TRA:CAVSGGTSYGKLTF;TRB:CASSSLGAGTQYF_P04	8.955223880597015e-4	3	NA	NA	NA	NA	No	post_specific	NR-post_novel
P04	NR	029	poor	mild	B	poor	pEKI	P04-Treat	TRAV19;TRBV7-8_;TRBD1_TRAJ44;TRBJ2-7_TRA:CALSEAQGSAGTASKLTF;TRB:CASSSGGDGTSSYEQYF_P04	8.955223880597015e-4	3	P04-Baseline	3.575259206292456e-4	1	No	No	pre_post_share	NR-pre_existing
P04	NR	029	poor	mild	B	poor	pEKI	P04-Treat	TRAV8-3;TRBV14_;_TRAJ12;TRBJ2-7_TRA:CAVGPREDSSYKLIF;TRB:CASSQEGRALGYEQYF_P04	0.00208955223880597	7	P04-Baseline	3.575259206292456e-4	1	No	No	pre_post_share	NR-pre_existing
P04	NR	029	poor	mild	B	poor	pEKI	P04-Treat	TRAV38-1;TRBV28_;_TRAJ58;TRBJ1-5_TRA:CAFGVGTSGSRLTF;TRB:CASSGAGWHSNQPQHF_P04	5.970149253731343e-4	2	P04-Baseline	3.575259206292456e-4	1	No	No	pre_post_share	NR-pre_existing
P04	NR	029	poor	mild	B	poor	pEKI	P04-Treat	TRAV4;TRBV3-1_;TRBD1_TRAJ33;TRBJ2-7_TRA:CLVGDMGGGDSNYQLIW;TRB:CASSPGTGNYEQYF_P04	0.0026865671641791	9	NA	NA	NA	NA	No	post_specific	NR-post_novel
P04	NR	029	poor	mild	B	poor	pEKI	P04-Treat	TRAV13-1;TRBV20-1_;_TRAJ33;TRBJ2-3_TRA:CAASNYQLIW;TRB:CSAPPGATDTQYF_P04	0.00119402985074626	4	P04-Baseline	0.00178762960314622	5	No	No	pre_post_share	NR-pre_existing
P04	NR	029	poor	mild	B	poor	pEKI	P04-Treat	TRAV39;TRBV9_;_TRAJ43;TRBJ1-1_TRA:CAVDNNNDMRF;TRB:CASSAHDRGAEAFF_P04	5.970149253731343e-4	2	P04-Baseline	3.575259206292456e-4	1	No	No	pre_post_share	NR-pre_existing
P04	NR	029	poor	mild	B	poor	pEKI	P04-Treat	TRAV36/DV7;TRBV20-1_;_TRAJ53;TRBJ1-6_TRA:CAAGGSNYKLTF;TRB:CSAKVSSSYNSPLHF_P04	5.970149253731343e-4	2	NA	NA	NA	NA	No	post_specific	NR-post_novel
P04	NR	029	poor	mild	B	poor	pEKI	P04-Treat	TRAV29/DV5;TRBV10-3_;_TRAJ57;TRBJ1-6_TRA:CAGQGGSEKLVF;TRB:CAISQGRSPLHF_P04	8.955223880597015e-4	3	P04-Baseline	7.150518412584912e-4	2	No	No	pre_post_share	NR-pre_existing
P04	NR	029	poor	mild	B	poor	pEKI	P04-Treat	TRAV1-2;TRBV5-1_;_TRAJ11;TRBJ2-7_TRA:CAVRDWDSGYSTLTF;TRB:CASSPGQERSSYEQYF_P04	8.955223880597015e-4	3	NA	NA	NA	NA	No	post_specific	NR-post_novel
P04	NR	029	poor	mild	B	poor	pEKI	P04-Treat	TRAV1-2;TRBV7-6_;TRBD1_TRAJ26;TRBJ1-1_TRA:CAVWGLNYGQNFVF;TRB:CASSLQGRGGNTEAFF_P04	8.955223880597015e-4	3	P04-Baseline	0.00143010368251698	4	No	No	pre_post_share	NR-pre_existing
P04	NR	029	poor	mild	B	poor	pEKI	P04-Treat	TRAV12-1;TRBV5-4_;_TRAJ34;TRBJ2-5_TRA:CVVNGNTDKLIF;TRB:CASSLTSWETQYF_P04	5.970149253731343e-4	2	NA	NA	NA	NA	No	post_specific	NR-post_novel
P04	NR	029	poor	mild	B	poor	pEKI	P04-Treat	TRAV13-1;TRBV4-2_;_TRAJ33;TRBJ2-1_TRA:CAASSNYQLIW;TRB:CASSQTPQSRADNEQFF_P04	0.0017910447761194	6	P04-Baseline	3.575259206292456e-4	1	No	No	pre_post_share	NR-pre_existing
P04	NR	029	poor	mild	B	poor	pEKI	P04-Treat	TRAV22;TRBV19_;_TRAJ43;TRBJ2-1_TRA:CASGPGNNNDMRF;TRB:CASSIGLAALYNEQFF_P04	5.970149253731343e-4	2	NA	NA	NA	NA	No	post_specific	NR-post_novel
P04	NR	029	poor	mild	B	poor	pEKI	P04-Treat	TRAV10;TRBV2_;_TRAJ20;TRBJ2-6_TRA:CVVSGGSNDYKLSF;TRB:CASSPPSSGANVLTF_P04	0.00119402985074626	4	NA	NA	NA	NA	No	post_specific	NR-post_novel
P04	NR	029	poor	mild	B	poor	pEKI	P04-Treat	TRAV12-3;TRBV7-9_;_TRAJ52;TRBJ1-1_TRA:CAMGARGTSYGKLTF;TRB:CASSSPGEVNTEAFF_P04	5.970149253731343e-4	2	NA	NA	NA	NA	No	post_specific	NR-post_novel
P04	NR	029	poor	mild	B	poor	pEKI	P04-Treat	TRAV21;TRBV6-5_;_TRAJ21;TRBJ1-4_TRA:CAVNFNKFYF;TRB:CASRTYTGSNEKLFF_P04	5.970149253731343e-4	2	NA	NA	NA	NA	No	post_specific	NR-post_novel
P04	NR	029	poor	mild	B	poor	pEKI	P04-Treat	TRAV16;TRBV7-8_;_TRAJ28;TRBJ2-5_TRA:CALSGAGSYQLTF;TRB:CASSARADDLSRTQYF_P04	0.00238805970149253	8	NA	NA	NA	NA	No	post_specific	NR-post_novel
P04	NR	029	poor	mild	B	poor	pEKI	P04-Treat	TRAV17;TRBV12-3_;_TRAJ42;TRBJ2-5_TRA:CATPSGGGSQGNLIF;TRB:CASRDLGLQETQYF_P04	5.970149253731343e-4	2	P04-Baseline	3.575259206292456e-4	1	No	No	pre_post_share	NR-pre_existing
P04	NR	029	poor	mild	B	poor	pEKI	P04-Treat	TRAV1-2;TRBV7-6_;_TRAJ29;TRBJ2-7_TRA:CAVRDPSRNSGNTPLVF;TRB:CASSGAGTSGVSYEQYF_P04	8.955223880597015e-4	3	P04-Baseline	3.575259206292456e-4	1	No	No	pre_post_share	NR-pre_existing
P04	NR	029	poor	mild	B	poor	pEKI	P04-Treat	TRAV3;TRBV10-3_;_TRAJ21;TRBJ1-1_TRA:CAVREGDKFYF;TRB:CAISDAWGAFF_P04	5.970149253731343e-4	2	NA	NA	NA	NA	No	post_specific	NR-post_novel
P04	NR	029	poor	mild	B	poor	pEKI	P04-Treat	TRAV12-1;TRBV7-6_;TRBD1_TRAJ27;TRBJ2-7_TRA:CVVRDAGKSTF;TRB:CASSPTGGYEQYF_P04	8.955223880597015e-4	3	P04-Baseline	0.00321773328566321	9	No	No	pre_post_share	NR-pre_existing
P04	NR	029	poor	mild	B	poor	pEKI	P04-Treat	TRAV6;TRBV9_;_TRAJ11;TRBJ2-1_TRA:CAPSFSGYSTLTF;TRB:CASSTPYSGSSYNEQFF_P04	0.00119402985074626	4	P04-Baseline	3.575259206292456e-4	1	No	No	pre_post_share	NR-pre_existing
P04	NR	029	poor	mild	B	poor	pEKI	P04-Treat	TRAV12-1;TRBV9_;_TRAJ27;TRBJ2-1_TRA:CVVNLTNAGKSTF;TRB:CASSSRTSAVNNEQFF_P04	8.955223880597015e-4	3	P04-Baseline	0.00107257776188773	3	No	No	pre_post_share	NR-pre_existing
P04	NR	029	poor	mild	B	poor	pEKI	P04-Treat	TRAV13-1;TRBV20-1_;_TRAJ33;TRBJ1-1_TRA:CAEVGSNYQLIW;TRB:CSAWARVERGTEAFF_P04	8.955223880597015e-4	3	NA	NA	NA	NA	No	post_specific	NR-post_novel
P04	NR	029	poor	mild	B	poor	pEKI	P04-Treat	TRAV12-3;TRBV18_;_TRAJ31;TRBJ2-2_TRA:CAMNINNARLMF;TRB:CASSRDSNTGELFF_P04	8.955223880597015e-4	3	P04-Baseline	7.150518412584912e-4	2	No	No	pre_post_share	NR-pre_existing
P04	NR	029	poor	mild	B	poor	pEKI	P04-Treat	TRAV21;TRBV20-1_;_TRAJ31;TRBJ2-1_TRA:CAVDNARLMF;TRB:CSAGLAGSHNEQFF_P04	5.970149253731343e-4	2	P04-Baseline	7.150518412584912e-4	2	No	No	pre_post_share	NR-pre_existing
P04	NR	029	poor	mild	B	poor	pEKI	P04-Treat	TRAV12-2;TRBV20-1_;_TRAJ47;TRBJ1-1_TRA:CAVNIIGGNKLVF;TRB:CSARTVRSEAFF_P04	5.970149253731343e-4	2	NA	NA	NA	NA	No	post_specific	NR-post_novel
P04	NR	029	poor	mild	B	poor	pEKI	P04-Treat	TRAV20;TRBV4-2_;_TRAJ23;TRBJ2-2_TRA:CAVKGYNQGGKLIF;TRB:CASSQGDGLAGTGELFF_P04	5.970149253731343e-4	2	P04-Baseline	3.575259206292456e-4	1	No	No	pre_post_share	NR-pre_existing
P04	NR	029	poor	mild	B	poor	pEKI	P04-Treat	TRAV13-2;TRBV6-1_;_TRAJ16;TRBJ2-7_TRA:CAENIDGDGQKLLF;TRB:CASPKDSVRAYEQYF_P04	0.01223880597014925	41	P04-Baseline	0.00500536288880943	14	No	Yes	pre_post_share	NR-pre_existing
P04	NR	029	poor	mild	B	poor	pEKI	P04-Treat	TRAV8-3;TRBV15_;_TRAJ34;TRBJ2-5_TRA:CAVGGDLGGLFNTDKLIF;TRB:CATREDGQETQYF_P04	5.970149253731343e-4	2	NA	NA	NA	NA	No	post_specific	NR-post_novel
P04	NR	029	poor	mild	B	poor	pEKI	P04-Treat	TRAV13-2;TRBV7-8_;_TRAJ27;TRBJ2-2_TRA:CAENIGTNAGKSTF;TRB:CASSPDPGSGELFF_P04	5.970149253731343e-4	2	P04-Baseline	3.575259206292456e-4	1	No	No	pre_post_share	NR-pre_existing
P04	NR	029	poor	mild	B	poor	pEKI	P04-Treat	TRAV19;TRBV12-3_;_TRAJ41;TRBJ1-1_TRA:CALAFRNSGYALNF;TRB:CASSLGQTNMNTEAFF_P04	5.970149253731343e-4	2	NA	NA	NA	NA	No	post_specific	NR-post_novel
P04	NR	029	poor	mild	B	poor	pEKI	P04-Treat	TRAV10;TRBV7-2_;_TRAJ31;TRBJ2-5_TRA:CVVSASNNNARLMF;TRB:CASSYTLTGAGEYQETQYF_P04	5.970149253731343e-4	2	P04-Baseline	3.575259206292456e-4	1	No	No	pre_post_share	NR-pre_existing
P04	NR	029	poor	mild	B	poor	pEKI	P04-Treat	TRAV14/DV4;TRBV19_;_TRAJ40;TRBJ2-2_TRA:CAMREDPWTYKYIF;TRB:CASSDLGGTGELFF_P04	8.955223880597015e-4	3	P04-Baseline	7.150518412584912e-4	2	No	No	pre_post_share	NR-pre_existing
P04	NR	029	poor	mild	B	poor	pEKI	P04-Treat	TRAV21;TRBV7-9_;_TRAJ42;TRBJ2-5_TRA:CAPHYGGSQGNLIF;TRB:CASVPQGRETQYF_P04	8.955223880597015e-4	3	NA	NA	NA	NA	No	post_specific	NR-post_novel
P04	NR	029	poor	mild	B	poor	pEKI	P04-Treat	TRAV1-2;TRBV24-1_;_TRAJ20;TRBJ2-7_TRA:CAVRFSSNDYKLSF;TRB:CATSNGTAFNSYEQYF_P04	0.01731343283582089	58	P04-Baseline	3.575259206292456e-4	1	No	Yes	pre_post_share	NR-pre_existing
P04	NR	029	poor	mild	B	poor	pEKI	P04-Treat	TRAV21;TRBV7-9_;_TRAJ48;TRBJ1-6_TRA:CAVSGGNEKLTF;TRB:CASSRSLALHF_P04	5.970149253731343e-4	2	NA	NA	NA	NA	No	post_specific	NR-post_novel
P04	NR	029	poor	mild	B	poor	pEKI	P04-Treat	TRAV1-2;TRBV6-1_;_TRAJ34;TRBJ2-7_TRA:CAVQSYNTDKLIF;TRB:CASPKDSVRAYEQYF_P04	0.01134328358208955	38	P04-Baseline	0.00143010368251698	4	No	Yes	pre_post_share	NR-pre_existing
P04	NR	029	poor	mild	B	poor	pEKI	P04-Treat	TRAV19;TRBV7-3_;_TRAJ39;TRBJ1-2_TRA:CALSGDNAGNMLTF;TRB:CASSLWTGRNYGYTF_P04	5.970149253731343e-4	2	NA	NA	NA	NA	No	post_specific	NR-post_novel
P04	NR	029	poor	mild	B	poor	pEKI	P04-Treat	TRAV29/DV5;TRBV2_;_TRAJ48;TRBJ2-7_TRA:CAARFGNEKLTF;TRB:CASSREGYEQYF_P04	5.970149253731343e-4	2	P04-Baseline	3.575259206292456e-4	1	No	No	pre_post_share	NR-pre_existing
P04	NR	029	poor	mild	B	poor	pEKI	P04-Treat	TRAV14/DV4;TRBV19_;_TRAJ33;TRBJ2-7_TRA:CAIMDSNYQLIW;TRB:CASSIPGSYEQYF_P04	0.00149253731343283	5	P04-Baseline	7.150518412584912e-4	2	No	No	pre_post_share	NR-pre_existing
P04	NR	029	poor	mild	B	poor	pEKI	P04-Treat	TRAV13-1;TRBV19_;TRBD1_TRAJ6;TRBJ2-7_TRA:CAVVSPGGSYIPTF;TRB:CASNRGQGAYEQYF_P04	0.00208955223880597	7	NA	NA	NA	NA	No	post_specific	NR-post_novel
P04	NR	029	poor	mild	B	poor	pEKI	P04-Treat	TRAV5;TRBV7-9_;_TRAJ5;TRBJ1-1_TRA:CAESNTGRRALTF;TRB:CASSLVPMKDTEAFF_P04	5.970149253731343e-4	2	NA	NA	NA	NA	No	post_specific	NR-post_novel
P04	NR	029	poor	mild	B	poor	pEKI	P04-Treat	TRAV38-2/DV8;TRBV19_;TRBD1_TRAJ17;TRBJ2-3_TRA:CAYRSAFGVKGIKAAGNKLTF;TRB:CASSIGTGGGNTQYF_P04	0.00119402985074626	4	P04-Baseline	0.00143010368251698	4	No	No	pre_post_share	NR-pre_existing
P04	NR	029	poor	mild	B	poor	pEKI	P04-Treat	TRAV29/DV5;TRBV6-6_;_TRAJ34;TRBJ2-1_TRA:CAASDDTDKLIF;TRB:CASSSGRRNEQFF_P04	5.970149253731343e-4	2	P04-Baseline	0.00286020736503396	8	No	No	pre_post_share	NR-pre_existing
P04	NR	029	poor	mild	B	poor	pEKI	P04-Treat	TRAV17;TRBV11-1_;_TRAJ28;TRBJ2-1_TRA:CATDASTGAGSYQLTF;TRB:CASSIRERDPYNEQFF_P04	5.970149253731343e-4	2	NA	NA	NA	NA	No	post_specific	NR-post_novel
P04	NR	029	poor	mild	B	poor	pEKI	P04-Treat	TRAV24;TRBV6-5_;_TRAJ43;TRBJ1-2_TRA:CAFQGNDMRF;TRB:CASSYSRTGSRGYTF_P04	5.970149253731343e-4	2	NA	NA	NA	NA	No	post_specific	NR-post_novel
P04	NR	029	poor	mild	B	poor	pEKI	P04-Treat	TRAV6;TRBV30_;TRBD1_TRAJ40;TRBJ1-5_TRA:CARGGASGTYKYIF;TRB:CAWTSTGGSQPQHF_P04	5.970149253731343e-4	2	NA	NA	NA	NA	No	post_specific	NR-post_novel
P04	NR	029	poor	mild	B	poor	pEKI	P04-Treat	TRAV38-2/DV8;TRBV5-1_;_TRAJ57;TRBJ2-1_TRA:CALRALQGGSEKLVF;TRB:CASSYLGGYNEQFF_P04	0.00149253731343283	5	P04-Baseline	0.00357525920629245	10	No	No	pre_post_share	NR-pre_existing
P04	NR	029	poor	mild	B	poor	pEKI	P04-Treat	TRAV8-6;TRBV9_;_TRAJ34;TRBJ2-1_TRA:CAVSDGTNTDKLIF;TRB:CASSPGDYNEQFF_P04	0.0053731343283582	18	P04-Baseline	0.00929567393636038	26	No	No	pre_post_share	NR-pre_existing
P04	NR	029	poor	mild	B	poor	pEKI	P04-Treat	TRAV3;TRBV2_;_TRAJ8;TRBJ1-6_TRA:CAVRDSVDTGFQKLVF;TRB:CASSDLGSPLHF_P04	5.970149253731343e-4	2	NA	NA	NA	NA	No	post_specific	NR-post_novel
P04	NR	029	poor	mild	B	poor	pEKI	P04-Treat	TRAV4;TRBV15_;_TRAJ26;TRBJ2-4_TRA:CLVGDLRDNYGQNFVF;TRB:CATSMTGDEDIQYF_P04	0.0044776119402985	15	P04-Baseline	0.00643546657132642	18	No	No	pre_post_share	NR-pre_existing
P04	NR	029	poor	mild	B	poor	pEKI	P04-Treat	TRAV13-2;TRBV5-5_;TRBD1_TRAJ31;TRBJ1-5_TRA:CAENFHNARLMF;TRB:CASSLGQGGQPQHF_P04	8.955223880597015e-4	3	P04-Baseline	7.150518412584912e-4	2	No	No	pre_post_share	NR-pre_existing
P04	NR	029	poor	mild	B	poor	pEKI	P04-Treat	TRAV1-2;TRBV11-2_;_TRAJ39;TRBJ2-7_TRA:CAVSANNAGNMLTF;TRB:CASSLAPAGEQYF_P04	8.955223880597015e-4	3	NA	NA	NA	NA	No	post_specific	NR-post_novel
P04	NR	029	poor	mild	B	poor	pEKI	P04-Treat	TRAV1-2;TRBV10-3_;_TRAJ34;TRBJ2-4_TRA:CASLSYNTDKLIF;TRB:CAISEPEHSGRGNIQYF_P04	0.01104477611940298	37	P04-Baseline	0.00500536288880943	14	No	Yes	pre_post_share	NR-pre_existing
P04	NR	029	poor	mild	B	poor	pEKI	P04-Treat	TRAV3;TRBV2_;_TRAJ21;TRBJ2-7_TRA:CAVRDMARRYNFNKFYF;TRB:CASRVNYEQYF_P04	8.955223880597015e-4	3	P04-Baseline	3.575259206292456e-4	1	No	No	pre_post_share	NR-pre_existing
P04	NR	029	poor	mild	B	poor	pEKI	P04-Treat	TRAV9-2;TRBV9_;_TRAJ5;TRBJ2-1_TRA:CALSVPMDTGRRALTF;TRB:CASSTPYSGSSYNEQFF_P04	0.00238805970149253	8	NA	NA	NA	NA	No	post_specific	NR-post_novel
P04	NR	029	poor	mild	B	poor	pEKI	P04-Treat	TRAV12-2;TRBV9_;_TRAJ57;TRBJ2-5_TRA:CAVNTGAQGGSEKLVF;TRB:CASSVGLYEETQYF_P04	5.970149253731343e-4	2	P04-Baseline	3.575259206292456e-4	1	No	No	pre_post_share	NR-pre_existing
P04	NR	029	poor	mild	B	poor	pEKI	P04-Treat	TRAV35;TRBV7-6_;_TRAJ32;TRBJ2-3_TRA:CAGLGATNKLIF;TRB:CASSVLPTDTQYF_P04	5.970149253731343e-4	2	P04-Baseline	0.00214515552377547	6	No	No	pre_post_share	NR-pre_existing
P04	NR	029	poor	mild	B	poor	pEKI	P04-Treat	TRAV12-3;TRBV15_;_TRAJ44;TRBJ2-3_TRA:CAMKGTGTASKLTF;TRB:CATSSAPGDTQYF_P04	5.970149253731343e-4	2	NA	NA	NA	NA	No	post_specific	NR-post_novel
P04	NR	029	poor	mild	B	poor	pEKI	P04-Treat	TRAV36/DV7;TRBV19_;_TRAJ57;TRBJ2-2_TRA:CAVDPQGGSEKLVF;TRB:CASSRRNTGELFF_P04	8.955223880597015e-4	3	P04-Baseline	7.150518412584912e-4	2	No	No	pre_post_share	NR-pre_existing
P04	NR	029	poor	mild	B	poor	pEKI	P04-Treat	TRAV1-2;TRBV28_;_TRAJ11;TRBJ1-5_TRA:CAVRDGGYSTLTF;TRB:CASSHSRGSGNSNQPQHF_P04	0.00298507462686567	10	P04-Baseline	0.00143010368251698	4	No	No	pre_post_share	NR-pre_existing
P04	NR	029	poor	mild	B	poor	pEKI	P04-Treat	TRAV10;TRBV19_;TRBD1_TRAJ37;TRBJ1-4_TRA:CVVTASSNTGKLIF;TRB:CASSYAGTGNEKLFF_P04	5.970149253731343e-4	2	NA	NA	NA	NA	No	post_specific	NR-post_novel
P04	NR	029	poor	mild	B	poor	pEKI	P04-Treat	TRAV29/DV5;TRBV20-1_;_TRAJ29;TRBJ2-7_TRA:CFNTPLVF;TRB:CSARRQGIDEQYF_P04	8.955223880597015e-4	3	P04-Baseline	3.575259206292456e-4	1	No	No	pre_post_share	NR-pre_existing
P04	NR	029	poor	mild	B	poor	pEKI	P04-Treat	TRAV2;TRBV6-1_;_TRAJ6;TRBJ1-2_TRA:CAVEDQSGGSYIPTF;TRB:CASGPPGYGYTF_P04	5.970149253731343e-4	2	NA	NA	NA	NA	No	post_specific	NR-post_novel
P04	NR	029	poor	mild	B	poor	pEKI	P04-Treat	TRAV6;TRBV11-2_;_TRAJ28;TRBJ2-7_TRA:CALPLYSGAGSYQLTF;TRB:CASSLQGPYSYEQYF_P04	8.955223880597015e-4	3	P04-Baseline	0.00178762960314622	5	No	No	pre_post_share	NR-pre_existing
P04	NR	029	poor	mild	B	poor	pEKI	P04-Treat	TRAV38-2/DV8;TRBV18_;_TRAJ53;TRBJ1-1_TRA:CAFGGGSNYKLTF;TRB:CASSSSFDTEAFF_P04	5.970149253731343e-4	2	NA	NA	NA	NA	No	post_specific	NR-post_novel
P04	NR	029	poor	mild	B	poor	pEKI	P04-Treat	TRAV24;TRBV7-2_;_TRAJ48;TRBJ2-7_TRA:CAFNFGNEKLTF;TRB:CASSFRPYEQYF_P04	5.970149253731343e-4	2	NA	NA	NA	NA	No	post_specific	NR-post_novel
P04	NR	029	poor	mild	B	poor	pEKI	P04-Treat	TRAV38-2/DV8;TRBV4-1_;_TRAJ57;TRBJ2-6_TRA:CAYRTYQGGSEKLVF;TRB:CASSPNRAGANVLTF_P04	8.955223880597015e-4	3	P04-Baseline	0.00143010368251698	4	No	No	pre_post_share	NR-pre_existing
P04	NR	029	poor	mild	B	poor	pEKI	P04-Treat	TRAV9-2;TRBV11-2_;_TRAJ8;TRBJ2-2_TRA:CASKNTGFQKLVF;TRB:CASRGTPTGELFF_P04	5.970149253731343e-4	2	NA	NA	NA	NA	No	post_specific	NR-post_novel
P04	NR	029	poor	mild	B	poor	pEKI	P04-Treat	TRAV12-2;TRBV12-4_;_TRAJ47;TRBJ2-3_TRA:CAVNMEYGNKLVF;TRB:CASSPPGGTSTDTQYF_P04	0.0017910447761194	6	P04-Baseline	0.00250268144440471	7	No	No	pre_post_share	NR-pre_existing
P04	NR	029	poor	mild	B	poor	pEKI	P04-Treat	TRAV12-2;TRBV18_;_TRAJ42;TRBJ1-1_TRA:CAVNIGYGGSQGNLIF;TRB:CASSPSRDTEAFF_P04	0.00149253731343283	5	P04-Baseline	7.150518412584912e-4	2	No	No	pre_post_share	NR-pre_existing
P04	NR	029	poor	mild	B	poor	pEKI	P04-Treat	TRAV21;TRBV2_;_TRAJ39;TRBJ2-1_TRA:CAVVLNAGNMLTF;TRB:CASSRDSLNNEQFF_P04	5.970149253731343e-4	2	NA	NA	NA	NA	No	post_specific	NR-post_novel
P04	NR	029	poor	mild	B	poor	pEKI	P04-Treat	TRAV12-2;TRBV20-1_;_TRAJ13;TRBJ1-5_TRA:CAVNPGGGYQKVTF;TRB:CSARNSNQPQHF_P04	5.970149253731343e-4	2	NA	NA	NA	NA	No	post_specific	NR-post_novel
P04	NR	029	poor	mild	B	poor	pEKI	P04-Treat	TRAV3;TRBV7-9_;_TRAJ38;TRBJ2-1_TRA:CAVRGDAGNNRKLIW;TRB:CASSPLLTYGYEQFF_P04	8.955223880597015e-4	3	NA	NA	NA	NA	No	post_specific	NR-post_novel
P04	NR	029	poor	mild	B	poor	pEKI	P04-Treat	TRAV12-2;TRBV29-1_;_TRAJ24;TRBJ2-1_TRA:CAVQTTDSWGKFQF;TRB:CSVEAPERLTYNEQFF_P04	5.970149253731343e-4	2	NA	NA	NA	NA	No	post_specific	NR-post_novel
P04	NR	029	poor	mild	B	poor	pEKI	P04-Treat	TRAV4;TRBV5-4_;_TRAJ13;TRBJ2-3_TRA:CLVGFSGGYQKVTF;TRB:CASSLTSGETDTQYF_P04	0.00208955223880597	7	P04-Baseline	3.575259206292456e-4	1	No	No	pre_post_share	NR-pre_existing
P04	NR	029	poor	mild	B	poor	pEKI	P04-Treat	TRAV12-2;TRBV5-1_;_TRAJ27;TRBJ2-2_TRA:CAVNPRTNAGKSTF;TRB:CASSLTINTGELFF_P04	5.970149253731343e-4	2	NA	NA	NA	NA	No	post_specific	NR-post_novel
P04	NR	029	poor	mild	B	poor	pEKI	P04-Treat	TRAV1-2;TRBV15_;TRBD1_TRAJ13;TRBJ2-1_TRA:CAVRLNSGGYQKVTF;TRB:CATSRGQGSREQFF_P04	0.00119402985074626	4	P04-Baseline	0.00107257776188773	3	No	No	pre_post_share	NR-pre_existing
P04	NR	029	poor	mild	B	poor	pEKI	P04-Treat	TRAV41;TRBV19_;_TRAJ49;TRBJ2-7_TRA:CAVRWKNTGNQFYF;TRB:CASSPRDRTTYEQYF_P04	0.0017910447761194	6	P04-Baseline	7.150518412584912e-4	2	No	No	pre_post_share	NR-pre_existing
P04	NR	029	poor	mild	B	poor	pEKI	P04-Treat	TRAV12-3;TRBV9_;_TRAJ31;TRBJ1-4_TRA:CAMSRNNNARLMF;TRB:CASSRTWQANEKLFF_P04	8.955223880597015e-4	3	P04-Baseline	3.575259206292456e-4	1	No	No	pre_post_share	NR-pre_existing
P04	NR	029	poor	mild	B	poor	pEKI	P04-Treat	TRAV2;TRBV19_;_TRAJ26;TRBJ1-5_TRA:CAVDNYGQNFVF;TRB:CASSPTGDHQPQHF_P04	5.970149253731343e-4	2	P04-Baseline	7.150518412584912e-4	2	No	No	pre_post_share	NR-pre_existing
P04	NR	029	poor	mild	B	poor	pEKI	P04-Treat	TRAV5;TRBV5-5_;TRBD2_TRAJ20;TRBJ2-7_TRA:CAESIDYKLSF;TRB:CASSLALAGSYEQYF_P04	0.00149253731343283	5	P04-Baseline	3.575259206292456e-4	1	No	No	pre_post_share	NR-pre_existing
P04	NR	029	poor	mild	B	poor	pEKI	P04-Treat	TRAV16;TRBV19_;_TRAJ52;TRBJ1-5_TRA:CALANAGGTSYGKLTF;TRB:CASSGRGPQHF_P04	0.0026865671641791	9	NA	NA	NA	NA	No	post_specific	NR-post_novel
P04	NR	029	poor	mild	B	poor	pEKI	P04-Treat	TRAV13-1;TRBV2_;_TRAJ23;TRBJ2-5_TRA:CAASISNQGGKLIF;TRB:CASRAPGGRETQYF_P04	5.970149253731343e-4	2	NA	NA	NA	NA	No	post_specific	NR-post_novel
P04	NR	029	poor	mild	B	poor	pEKI	P04-Treat	TRAV12-1;TRBV5-1_;TRBD1_TRAJ34;TRBJ2-1_TRA:CVVNDETYNTDKLIF;TRB:CASSSDRGTYNEQFF_P04	5.970149253731343e-4	2	NA	NA	NA	NA	No	post_specific	NR-post_novel
P04	NR	029	poor	mild	B	poor	pEKI	P04-Treat	TRAV20;TRBV4-1_;_TRAJ30;TRBJ1-1_TRA:CAVPMNRDDKIIF;TRB:CASSQESLNTEAFF_P04	8.955223880597015e-4	3	P04-Baseline	0.00178762960314622	5	No	No	pre_post_share	NR-pre_existing
P04	NR	029	poor	mild	B	poor	pEKI	P04-Treat	TRAV25;TRBV14_;TRBD1_TRAJ18;TRBJ1-6_TRA:CATHRGSTLGRLYF;TRB:CASSWTGGSPLHF_P04	5.970149253731343e-4	2	NA	NA	NA	NA	No	post_specific	NR-post_novel
P04	NR	029	poor	mild	B	poor	pEKI	P04-Treat	TRAV17;TRBV3-1_;_TRAJ9;TRBJ2-1_TRA:CATENTGGFKTIF;TRB:CASSQVHRDNEQFF_P04	5.970149253731343e-4	2	NA	NA	NA	NA	No	post_specific	NR-post_novel
P04	NR	029	poor	mild	B	poor	pEKI	P04-Treat	TRAV21;TRBV11-2_;_TRAJ20;TRBJ2-1_TRA:CVPGGNDYKLSF;TRB:CASSLAPGSLAGYEQFF_P04	0.00119402985074626	4	NA	NA	NA	NA	No	post_specific	NR-post_novel
P04	NR	029	poor	mild	B	poor	pEKI	P04-Treat	TRAV8-2;TRBV13_;_TRAJ40;TRBJ2-3_TRA:CVVSDDIGTSGTYKYIF;TRB:CASSLIAGGGTDTQYF_P04	5.970149253731343e-4	2	NA	NA	NA	NA	No	post_specific	NR-post_novel
P04	NR	029	poor	mild	B	poor	pEKI	P04-Treat	TRAV8-2;TRBV24-1_;_TRAJ30;TRBJ2-4_TRA:CVVSDLYDKIIF;TRB:CATSDVNRGLWYF_P04	8.955223880597015e-4	3	P04-Baseline	3.575259206292456e-4	1	No	No	pre_post_share	NR-pre_existing
P04	NR	029	poor	mild	B	poor	pEKI	P04-Treat	TRAV39;TRBV9_;_TRAJ43;TRBJ2-1_TRA:CAVDNNNDMRF;TRB:CASSPHDRGSYEQFF_P04	0.0017910447761194	6	P04-Baseline	7.150518412584912e-4	2	No	No	pre_post_share	NR-pre_existing
P04	NR	029	poor	mild	B	poor	pEKI	P04-Treat	TRAV39;TRBV9_;TRBD1_TRAJ47;TRBJ1-5_TRA:CAVDIHGNKLVF;TRB:CASSVGDRDQPQHF_P04	0.02597014925373134	87	P04-Baseline	0.00715051841258491	20	No	Yes	pre_post_share	NR-pre_existing
P04	NR	029	poor	mild	B	poor	pEKI	P04-Treat	TRAV12-2;TRBV20-1_;_TRAJ47;TRBJ2-3_TRA:CAVFMEYGNKLVF;TRB:CSAIRQDGTDTQYF_P04	0.00208955223880597	7	P04-Baseline	0.00321773328566321	9	No	No	pre_post_share	NR-pre_existing
P04	NR	029	poor	mild	B	poor	pEKI	P04-Treat	TRAV26-1;TRBV5-1_;_TRAJ48;TRBJ2-7_TRA:CIVRNFGNEKLTF;TRB:CASSLAPTYEQYF_P04	5.970149253731343e-4	2	P04-Baseline	3.575259206292456e-4	1	No	No	pre_post_share	NR-pre_existing
P04	NR	029	poor	mild	B	poor	pEKI	P04-Treat	TRAV13-2;TRBV7-8_;_TRAJ44;TRBJ2-3_TRA:CAENPSTGTASKLTF;TRB:CASHKGAYVIDADTQYF_P04	0.00119402985074626	4	NA	NA	NA	NA	No	post_specific	NR-post_novel
P04	NR	029	poor	mild	B	poor	pEKI	P04-Treat	TRAV13-2;TRBV7-9_;_TRAJ42;TRBJ2-1_TRA:CAEIAGSQGNLIF;TRB:CASSLQGARWDEQFF_P04	8.955223880597015e-4	3	NA	NA	NA	NA	No	post_specific	NR-post_novel
P04	NR	029	poor	mild	B	poor	pEKI	P04-Treat	TRAV14/DV4;TRBV19_;_TRAJ27;TRBJ2-1_TRA:CAMREAFTNAGKSTF;TRB:CASSISPNSYNEQFF_P04	0.00149253731343283	5	P04-Baseline	0.00464783696818019	13	No	No	pre_post_share	NR-pre_existing
P04	NR	029	poor	mild	B	poor	pEKI	P04-Treat	TRAV14/DV4;TRBV19_;_TRAJ52;TRBJ2-3_TRA:CAISPGTSYGKLTF;TRB:CASSIGGHTQYF_P04	8.955223880597015e-4	3	P04-Baseline	0.00214515552377547	6	No	No	pre_post_share	NR-pre_existing
P04	NR	029	poor	mild	B	poor	pEKI	P04-Treat	TRAV14/DV4;TRBV19_;TRBD1_TRAJ13;TRBJ2-7_TRA:CAMRGFSGGYQKVTF;TRB:CASSPGTGDYEQYF_P04	0.00507462686567164	17	NA	NA	NA	NA	No	post_specific	NR-post_novel
P04	NR	029	poor	mild	B	poor	pEKI	P04-Treat	TRAV8-3;TRBV6-5_;_TRAJ33;TRBJ2-1_TRA:CAVGADNYQLIW;TRB:CASWLGPFNEQFF_P04	8.955223880597015e-4	3	P04-Baseline	7.150518412584912e-4	2	No	No	pre_post_share	NR-pre_existing
P04	NR	029	poor	mild	B	poor	pEKI	P04-Treat	TRAV27;TRBV5-4_;TRBD1_TRAJ42;TRBJ2-1_TRA:CAGFNYGGSQGNLIF;TRB:CASSLSSGARGQFF_P04	8.955223880597015e-4	3	P04-Baseline	3.575259206292456e-4	1	No	No	pre_post_share	NR-pre_existing
P04	NR	029	poor	mild	B	poor	pEKI	P04-Treat	TRAV14/DV4;TRBV30_;_TRAJ13;TRBJ2-2_TRA:CAMRHSGGYQKVTF;TRB:CAQGIGELFF_P04	0.00865671641791044	29	P04-Baseline	0.00357525920629245	10	No	No	pre_post_share	NR-pre_existing
P04	NR	029	poor	mild	B	poor	pEKI	P04-Treat	TRAV27;TRBV6-5_;_TRAJ40;TRBJ2-2_TRA:CAGGVTSGTYKYIF;TRB:CASSYEHYTGELFF_P04	0.00119402985074626	4	P04-Baseline	3.575259206292456e-4	1	No	No	pre_post_share	NR-pre_existing
P04	NR	029	poor	mild	B	poor	pEKI	P04-Treat	TRAV14/DV4;TRBV4-1_;_TRAJ50;TRBJ1-4_TRA:CAMRGRTSYDKVIF;TRB:CASSQDPGSTNEKLFF_P04	8.955223880597015e-4	3	P04-Baseline	7.150518412584912e-4	2	No	No	pre_post_share	NR-pre_existing
P04	NR	029	poor	mild	B	poor	pEKI	P04-Treat	TRAV8-4;TRBV2_;_TRAJ23;TRBJ2-7_TRA:CAVSDRRNQGGKLIF;TRB:CASMTDSYEQYF_P04	5.970149253731343e-4	2	P04-Baseline	3.575259206292456e-4	1	No	No	pre_post_share	NR-pre_existing
P04	NR	029	poor	mild	B	poor	pEKI	P04-Treat	TRAV22;TRBV27_;_TRAJ9;TRBJ1-1_TRA:CAVDTGGFKTIF;TRB:CASSRGTEAFF_P04	0.0017910447761194	6	P04-Baseline	0.00357525920629245	10	No	No	pre_post_share	NR-pre_existing
P04	NR	029	poor	mild	B	poor	pEKI	P04-Treat	TRAV14/DV4;TRBV9_;_TRAJ15;TRBJ2-1_TRA:CAMREANQAGTALIF;TRB:CASSKGLAGNNEQFF_P04	5.970149253731343e-4	2	NA	NA	NA	NA	No	post_specific	NR-post_novel
P04	NR	029	poor	mild	B	poor	pEKI	P04-Treat	TRAV29/DV5;TRBV3-1_;TRBD1_TRAJ48;TRBJ2-7_TRA:CAGVGGNEKLTF;TRB:CASSPVTGTYEQYF_P04	5.970149253731343e-4	2	P04-Baseline	3.575259206292456e-4	1	No	No	pre_post_share	NR-pre_existing
P04	NR	029	poor	mild	B	poor	pEKI	P04-Treat	TRAV29/DV5;TRBV3-1_;_TRAJ54;TRBJ2-6_TRA:CAASGYQGAQKLVF;TRB:CASSPVSGANVLTF_P04	5.970149253731343e-4	2	NA	NA	NA	NA	No	post_specific	NR-post_novel
P04	NR	029	poor	mild	B	poor	pEKI	P04-Treat	TRAV24;TRBV10-3_;TRBD1_TRAJ37;TRBJ2-7_TRA:CATCSGNTGKLIF;TRB:CAISDPDRGLGQYF_P04	0.06238805970149254	209	P04-Baseline	0.02216660707901322	62	Yes	Yes	pre_post_share	NR-pre_existing
P04	NR	029	poor	mild	B	poor	pEKI	P04-Treat	TRAV24;TRBV9_;_TRAJ20;TRBJ2-3_TRA:CAFSGPYNDYKLSF;TRB:CASSVASGITDTQYF_P04	0.00716417910447761	24	P04-Baseline	0.02073650339649624	58	Yes	No	pre_post_share	NR-pre_existing
P04	NR	029	poor	mild	B	poor	pEKI	P04-Treat	TRAV25;TRBV6-6_;_TRAJ47;TRBJ2-7_TRA:CAALMEYGNKLVF;TRB:CASSYSGPLYYEQYF_P04	5.970149253731343e-4	2	NA	NA	NA	NA	No	post_specific	NR-post_novel
P04	NR	029	poor	mild	B	poor	pEKI	P04-Treat	TRAV3;TRBV19_;TRBD2_TRAJ15;TRBJ2-1_TRA:CAGLSQAGTALIF;TRB:CATSGRVDEQFF_P04	5.970149253731343e-4	2	P04-Baseline	3.575259206292456e-4	1	No	No	pre_post_share	NR-pre_existing
P04	NR	029	poor	mild	B	poor	pEKI	P04-Treat	TRAV17;TRBV4-1_;_TRAJ28;TRBJ2-1_TRA:CATETLGAGSYQLTF;TRB:CASSQEPTGGLSYNEQFF_P04	8.955223880597015e-4	3	NA	NA	NA	NA	No	post_specific	NR-post_novel
P04	NR	029	poor	mild	B	poor	pEKI	P04-Treat	TRAV3;TRBV20-1_;_TRAJ36;TRBJ2-3_TRA:CAVSPQTGANNLFF;TRB:CSASRGFRTRAGNTQYF_P04	0.00119402985074626	4	P04-Baseline	0.00107257776188773	3	No	No	pre_post_share	NR-pre_existing
P04	NR	029	poor	mild	B	poor	pEKI	P04-Treat	TRAV8-2;TRBV30_;_TRAJ37;TRBJ1-2_TRA:CVVSDYGSGNTGKLIF;TRB:CAWSVSGGYTF_P04	5.970149253731343e-4	2	NA	NA	NA	NA	No	post_specific	NR-post_novel
P04	NR	029	poor	mild	B	poor	pEKI	P04-Treat	TRAV3;TRBV5-6_;_TRAJ4;TRBJ1-3_TRA:CAVRPHFSGGYNKLIF;TRB:CASSSAAGSGNTIYF_P04	5.970149253731343e-4	2	NA	NA	NA	NA	No	post_specific	NR-post_novel
P04	NR	029	poor	mild	B	poor	pEKI	P04-Treat	TRAV3;TRBV6-1_;_TRAJ10;TRBJ1-3_TRA:CAVRDSRGGGNKLTF;TRB:CASSEGSGWGNTIYF_P04	5.970149253731343e-4	2	P04-Baseline	3.575259206292456e-4	1	No	No	pre_post_share	NR-pre_existing
P04	NR	029	poor	mild	B	poor	pEKI	P04-Treat	TRAV12-2;TRBV20-1_;_TRAJ52;TRBJ2-1_TRA:CAVNQAGGTSYGKLTF;TRB:CSGWRGSSEQFF_P04	8.955223880597015e-4	3	P04-Baseline	7.150518412584912e-4	2	No	No	pre_post_share	NR-pre_existing
P04	NR	029	poor	mild	B	poor	pEKI	P04-Treat	TRAV13-2;TRBV5-5_;_TRAJ4;TRBJ1-4_TRA:CAEPFSGGYNKLIF;TRB:CASSSFGSKEKLFF_P04	8.955223880597015e-4	3	P04-Baseline	0.00357525920629245	10	No	No	pre_post_share	NR-pre_existing
P04	NR	029	poor	mild	B	poor	pEKI	P04-Treat	TRAV19;TRBV10-3_;_TRAJ11;TRBJ2-7_TRA:CALSDPNSGYSTLTF;TRB:CAISESRGNEQYF_P04	0.00716417910447761	24	P04-Baseline	7.150518412584912e-4	2	No	No	pre_post_share	NR-pre_existing
P04	NR	029	poor	mild	B	poor	pEKI	P04-Treat	TRAV19;TRBV12-4_;_TRAJ35;TRBJ2-7_TRA:CALSEAGGFGNVLHC;TRB:CASSPRRGYEQYF_P04	5.970149253731343e-4	2	NA	NA	NA	NA	No	post_specific	NR-post_novel
P04	NR	029	poor	mild	B	poor	pEKI	P04-Treat	TRAV19;TRBV14_;_TRAJ33;TRBJ2-4_TRA:CALRPDSNYQLIW;TRB:CASSTTEMSIQYF_P04	0.00388059701492537	13	P04-Baseline	0.01501608866642831	42	Yes	No	pre_post_share	NR-pre_existing
P04	NR	029	poor	mild	B	poor	pEKI	P04-Treat	TRAV1-2;TRBV11-3_;_TRAJ32;TRBJ1-1_TRA:CAVRGYGGATNKLIF;TRB:CASSLGTNTEAFF_P04	0.00119402985074626	4	P04-Baseline	0.00321773328566321	9	No	No	pre_post_share	NR-pre_existing
P04	NR	029	poor	mild	B	poor	pEKI	P04-Treat	TRAV19;TRBV7-3_;TRBD2_TRAJ10;TRBJ2-1_TRA:CALGLTGGGNKLTF;TRB:CASSPMTLAGGLYYNEQFF_P04	8.955223880597015e-4	3	P04-Baseline	3.575259206292456e-4	1	No	No	pre_post_share	NR-pre_existing
P04	NR	029	poor	mild	B	poor	pEKI	P04-Treat	TRAV12-1;TRBV15_;TRBD1_TRAJ11;TRBJ2-3_TRA:CVVTSEGYSTLTF;TRB:CATSSPSRQGLDTQYF_P04	5.970149253731343e-4	2	NA	NA	NA	NA	No	post_specific	NR-post_novel
P04	NR	029	poor	mild	B	poor	pEKI	P04-Treat	TRAV2;TRBV7-2_;_TRAJ37;TRBJ2-3_TRA:CAVEPPSGNTGKLIF;TRB:CASSSGLKIDTQYF_P04	5.970149253731343e-4	2	NA	NA	NA	NA	No	post_specific	NR-post_novel
P04	NR	029	poor	mild	B	poor	pEKI	P04-Treat	TRAV38-2/DV8;TRBV2_;TRBD1_TRAJ56;TRBJ1-4_TRA:CAYRFPLANSKLTF;TRB:CASTRPGQGNEKLFF_P04	5.970149253731343e-4	2	P04-Baseline	0.00178762960314622	5	No	No	pre_post_share	NR-pre_existing
P04	NR	029	poor	mild	B	poor	pEKI	P04-Treat	TRAV20;TRBV7-2_;_TRAJ10;TRBJ2-3_TRA:CAVSILTGGGNKLTF;TRB:CASSPTTSTDTQYF_P04	8.955223880597015e-4	3	P04-Baseline	3.575259206292456e-4	1	No	No	pre_post_share	NR-pre_existing
P04	NR	029	poor	mild	B	poor	pEKI	P04-Treat	TRAV12-2;TRBV11-3_;_TRAJ33;TRBJ2-2_TRA:CARESRSNYQLIW;TRB:CASSLEGRRELFF_P04	5.970149253731343e-4	2	NA	NA	NA	NA	No	post_specific	NR-post_novel
P04	NR	029	poor	mild	B	poor	pEKI	P04-Treat	TRAV21;TRBV12-3_;_TRAJ34;TRBJ2-7_TRA:CAPTYNTDKLIF;TRB:CASSLNRGYSYEQYF_P04	5.970149253731343e-4	2	P04-Baseline	3.575259206292456e-4	1	No	No	pre_post_share	NR-pre_existing
P04	NR	029	poor	mild	B	poor	pEKI	P04-Treat	TRAV3;TRBV3-1_;_TRAJ7;TRBJ2-1_TRA:CAVRDYGNNRLAF;TRB:CASSQISGRAAYNEQFF_P04	5.970149253731343e-4	2	NA	NA	NA	NA	No	post_specific	NR-post_novel
P04	NR	029	poor	mild	B	poor	pEKI	P04-Treat	TRAV39;TRBV9_;TRBD1_TRAJ45;TRBJ1-2_TRA:CAVELRGGADGLTF;TRB:CASSFGQGEGYTF_P04	0.01641791044776119	55	P04-Baseline	0.01072577761887736	30	Yes	Yes	pre_post_share	NR-pre_existing
P04	NR	029	poor	mild	B	poor	pEKI	P04-Treat	TRAV4;TRBV29-1_;_TRAJ12;TRBJ2-7_TRA:CLVGDGDSSYKLIF;TRB:CSVQEGIYEQYF_P04	5.970149253731343e-4	2	NA	NA	NA	NA	No	post_specific	NR-post_novel
P04	NR	029	poor	mild	B	poor	pEKI	P04-Treat	TRAV21;TRBV4-2_;TRBD1_TRAJ28;TRBJ2-5_TRA:CAADSGAGSYQLTF;TRB:CASSQTGTGAKTQYF_P04	8.955223880597015e-4	3	NA	NA	NA	NA	No	post_specific	NR-post_novel
P04	NR	029	poor	mild	B	poor	pEKI	P04-Treat	TRAV21;TRBV4-2_;TRBD1_TRAJ9;TRBJ1-4_TRA:CAVRTGGFKTIF;TRB:CASSQEGQGGKLFF_P04	5.970149253731343e-4	2	P04-Baseline	0.00107257776188773	3	No	No	pre_post_share	NR-pre_existing
P04	NR	029	poor	mild	B	poor	pEKI	P04-Treat	TRAV4;TRBV7-6_;_TRAJ36;TRBJ1-4_TRA:CLVGTEGANNLFF;TRB:CASSPYHTNEKLFF_P04	5.970149253731343e-4	2	NA	NA	NA	NA	No	post_specific	NR-post_novel
P04	NR	029	poor	mild	B	poor	pEKI	P04-Treat	TRAV21;TRBV7-6_;_TRAJ56;TRBJ2-2_TRA:CACTGANSKLTF;TRB:CASSLFKGLAATGELFF_P04	8.955223880597015e-4	3	P04-Baseline	3.575259206292456e-4	1	No	No	pre_post_share	NR-pre_existing
P04	NR	029	poor	mild	B	poor	pEKI	P04-Treat	TRAV21;TRBV7-9_;_TRAJ48;TRBJ2-2_TRA:CAVSAGNEKLTF;TRB:CASSRSRELFF_P04	0.01940298507462686	65	P04-Baseline	0.03789774758670004	106	Yes	Yes	pre_post_share	NR-pre_existing
P04	NR	029	poor	mild	B	poor	pEKI	P04-Treat	TRAV21;TRBV7-9_;_TRAJ57;TRBJ1-2_TRA:CAVNEGGSEKLVF;TRB:CASSRAYGYTF_P04	0.00298507462686567	10	P04-Baseline	0.00178762960314622	5	No	No	pre_post_share	NR-pre_existing
P04	NR	029	poor	mild	B	poor	pEKI	P04-Treat	TRAV12-3;TRBV28_;TRBD2_TRAJ3;TRBJ2-5_TRA:CAMRWGSSASKIIF;TRB:CASSHGLARGEETQYF_P04	0.00208955223880597	7	NA	NA	NA	NA	No	post_specific	NR-post_novel
P04	NR	029	poor	mild	B	poor	pEKI	P04-Treat	TRAV22;TRBV10-3_;_TRAJ57;TRBJ1-5_TRA:CAVEKKGGSEKLVF;TRB:CAISERTLGQPQHF_P04	5.970149253731343e-4	2	NA	NA	NA	NA	No	post_specific	NR-post_novel
P04	NR	029	poor	mild	B	poor	pEKI	P04-Treat	TRAV12-3;TRBV4-1_;_TRAJ44;TRBJ1-3_TRA:CAMTYTGTASKLTF;TRB:CASSQDNSGGNTIYF_P04	0.01194029850746268	40	P04-Baseline	0.02574186628530568	72	Yes	Yes	pre_post_share	NR-pre_existing
P04	NR	029	poor	mild	B	poor	pEKI	P04-Treat	TRAV5;TRBV2_;_TRAJ15;TRBJ1-2_TRA:CAERDQAGTALIF;TRB:CAILGTGKANYGYTF_P04	8.955223880597015e-4	3	P04-Baseline	0.00107257776188773	3	No	No	pre_post_share	NR-pre_existing
P04	NR	029	poor	mild	B	poor	pEKI	P04-Treat	TRAV13-1;TRBV11-2_;_TRAJ31;TRBJ2-7_TRA:CAASNNNARLMF;TRB:CASSFQQGPYEQYF_P04	5.970149253731343e-4	2	NA	NA	NA	NA	No	post_specific	NR-post_novel
P04	NR	029	poor	mild	B	poor	pEKI	P04-Treat	TRAV22;TRBV5-1_;_TRAJ54;TRBJ2-7_TRA:CAVELGAQKLVF;TRB:CASSYIDRDEQYF_P04	5.970149253731343e-4	2	P04-Baseline	3.575259206292456e-4	1	No	No	pre_post_share	NR-pre_existing
P04	NR	029	poor	mild	B	poor	pEKI	P04-Treat	TRAV22;TRBV6-6_;TRBD1_TRAJ13;TRBJ1-5_TRA:CAVEKASGGYQKVTF;TRB:CASSRRGGQGRHQPQHF_P04	5.970149253731343e-4	2	NA	NA	NA	NA	No	post_specific	NR-post_novel
P04	NR	029	poor	mild	B	poor	pEKI	P04-Treat	TRAV22;TRBV9_;_TRAJ43;TRBJ2-7_TRA:CAVVNNNDMRF;TRB:CASSPGPWYEQYF_P04	0.0026865671641791	9	P04-Baseline	0.00357525920629245	10	No	No	pre_post_share	NR-pre_existing
P04	NR	029	poor	mild	B	poor	pEKI	P04-Treat	TRAV5;TRBV7-9_;_TRAJ31;TRBJ2-7_TRA:CAENNARLMF;TRB:CASSLEGGGYEQYF_P04	8.955223880597015e-4	3	NA	NA	NA	NA	No	post_specific	NR-post_novel
P04	NR	029	poor	mild	B	poor	pEKI	P04-Treat	TRAV29/DV5;TRBV5-1_;_TRAJ52;TRBJ1-3_TRA:CAASEWQDAGGTSYGKLTF;TRB:CATRRAPQAGNTIYF_P04	5.970149253731343e-4	2	NA	NA	NA	NA	No	post_specific	NR-post_novel
P04	NR	029	poor	mild	B	poor	pEKI	P04-Treat	TRAV13-1;TRBV27_;_TRAJ34;TRBJ2-1_TRA:CAANTDKLIF;TRB:CASSSTPLGRGEQFF_P04	0.00149253731343283	5	P04-Baseline	0.00107257776188773	3	No	No	pre_post_share	NR-pre_existing
P04	NR	029	poor	mild	B	poor	pEKI	P04-Treat	TRAV13-1;TRBV27_;_TRAJ44;TRBJ2-5_TRA:CAADTGTASKLTF;TRB:CASSVLGGQETQYF_P04	0.00119402985074626	4	NA	NA	NA	NA	No	post_specific	NR-post_novel
P04	NR	029	poor	mild	B	poor	pEKI	P04-Treat	TRAV38-2/DV8;TRBV20-1_;TRBD1_TRAJ48;TRBJ1-2_TRA:CAYKLGFGNEKLTF;TRB:CSARQGARAWGGYTF_P04	0.00208955223880597	7	P04-Baseline	0.00250268144440471	7	No	No	pre_post_share	NR-pre_existing
P04	NR	029	poor	mild	B	poor	pEKI	P04-Treat	TRAV13-1;TRBV4-1_;TRBD2_TRAJ35;TRBJ2-7_TRA:CAAGGFGNVLHC;TRB:CASSQGTSGIYEQYF_P04	0.00298507462686567	10	NA	NA	NA	NA	No	post_specific	NR-post_novel
P04	NR	029	poor	mild	B	poor	pEKI	P04-Treat	TRAV25;TRBV19_;_TRAJ47;TRBJ2-7_TRA:CAGEWEYGNKLVF;TRB:CASSISGFNYEQYF_P04	5.970149253731343e-4	2	P04-Baseline	0.00250268144440471	7	No	No	pre_post_share	NR-pre_existing
P04	NR	029	poor	mild	B	poor	pEKI	P04-Treat	TRAV25;TRBV2_;_TRAJ56;TRBJ1-2_TRA:CAGSGANSKLTF;TRB:CASRLTGTYGYTF_P04	5.970149253731343e-4	2	NA	NA	NA	NA	No	post_specific	NR-post_novel
P04	NR	029	poor	mild	B	poor	pEKI	P04-Treat	TRAV25;TRBV6-6_;_TRAJ40;TRBJ2-5_TRA:CAGNSPGTYKYIF;TRB:CASSTLDAGQETQYF_P04	5.970149253731343e-4	2	NA	NA	NA	NA	No	post_specific	NR-post_novel
P04	NR	029	poor	mild	B	poor	pEKI	P04-Treat	TRAV13-1;TRBV9_;_TRAJ16;TRBJ2-1_TRA:CAASKGGQKLLF;TRB:CASSSRTSGVKNEQFF_P04	5.970149253731343e-4	2	P04-Baseline	0.00321773328566321	9	No	No	pre_post_share	NR-pre_existing
P04	NR	029	poor	mild	B	poor	pEKI	P04-Treat	TRAV26-1;TRBV19_;TRBD1_TRAJ35;TRBJ2-7_TRA:CIVIGGGGFGNVLHC;TRB:CASSAGTGAYEQYF_P04	5.970149253731343e-4	2	NA	NA	NA	NA	No	post_specific	NR-post_novel
P04	NR	029	poor	mild	B	poor	pEKI	P04-Treat	TRAV26-1;TRBV12-5_;TRBD2_TRAJ37;TRBJ2-7_TRA:CIVGSGNTGKLIF;TRB:CASSPPGLAGEQYF_P04	5.970149253731343e-4	2	NA	NA	NA	NA	No	post_specific	NR-post_novel
P04	NR	029	poor	mild	B	poor	pEKI	P04-Treat	TRAV4;TRBV10-2_;_TRAJ28;TRBJ2-1_TRA:CLVGDDYSGAGSYQLTF;TRB:CTSAGVNEQFF_P04	5.970149253731343e-4	2	P04-Baseline	7.150518412584912e-4	2	No	No	pre_post_share	NR-pre_existing
P04	NR	029	poor	mild	B	poor	pEKI	P04-Treat	TRAV13-2;TRBV6-1_;TRBD1_TRAJ11;TRBJ2-7_TRA:CAESSSGYSTLTF;TRB:CASSPLLPGQGGYEQYF_P04	0.00149253731343283	5	NA	NA	NA	NA	No	post_specific	NR-post_novel
P04	NR	029	poor	mild	B	poor	pEKI	P04-Treat	TRAV26-2;TRBV28_;_TRAJ27;TRBJ1-4_TRA:CILRGKMNTNAGKSTF;TRB:CASSLPSGGGIEKLFF_P04	8.955223880597015e-4	3	NA	NA	NA	NA	No	post_specific	NR-post_novel
P04	NR	029	poor	mild	B	poor	pEKI	P04-Treat	TRAV8-3;TRBV27_;_TRAJ13;TRBJ2-1_TRA:CAVGANSGGYQKVTF;TRB:CASRPYVRERKDEQFF_P04	0.00119402985074626	4	NA	NA	NA	NA	No	post_specific	NR-post_novel
P04	NR	029	poor	mild	B	poor	pEKI	P04-Treat	TRAV1-2;TRBV15_;TRBD1_TRAJ13;TRBJ2-1_TRA:CAVRRNSGGYQKVTF;TRB:CATSRGQGAREQFF_P04	5.970149253731343e-4	2	NA	NA	NA	NA	No	post_specific	NR-post_novel
P04	NR	029	poor	mild	B	poor	pEKI	P04-Treat	TRAV12-2;TRBV9_;_TRAJ30;TRBJ1-4_TRA:CAVVNRDDKIIF;TRB:CASSEGQYNEKLFF_P04	5.970149253731343e-4	2	NA	NA	NA	NA	No	post_specific	NR-post_novel
P04	NR	029	poor	mild	B	poor	pEKI	P04-Treat	TRAV14/DV4;TRBV4-1_;_TRAJ31;TRBJ1-3_TRA:CAMREDNARLMF;TRB:CASSKRDIGSGNTIYF_P04	0.00686567164179104	23	P04-Baseline	0.0493385770468359	138	Yes	No	pre_post_share	NR-pre_existing
P04	NR	029	poor	mild	B	poor	pEKI	P04-Treat	TRAV8-4;TRBV11-2_;TRBD1_TRAJ29;TRBJ1-6_TRA:CASITGNTPLVF;TRB:CASSLSPGQGYSPLHF_P04	5.970149253731343e-4	2	NA	NA	NA	NA	No	post_specific	NR-post_novel
P04	NR	029	poor	mild	B	poor	pEKI	P04-Treat	TRAV29/DV5;TRBV12-4_;_TRAJ52;TRBJ2-2_TRA:CAAPAEYAGGTSYGKLTF;TRB:CASRDSGGRAGELFF_P04	0.00119402985074626	4	P04-Baseline	7.150518412584912e-4	2	No	No	pre_post_share	NR-pre_existing
P04	NR	029	poor	mild	B	poor	pEKI	P04-Treat	TRAV14/DV4;TRBV5-1_;TRBD1_TRAJ11;TRBJ2-1_TRA:CAMREGGEGGYSTLTF;TRB:CASSLTGGAYNEQFF_P04	8.955223880597015e-4	3	NA	NA	NA	NA	No	post_specific	NR-post_novel
P04	NR	029	poor	mild	B	poor	pEKI	P04-Treat	TRAV29/DV5;TRBV18_;_TRAJ47;TRBJ2-1_TRA:CAASRAEYGNKLVF;TRB:CASSPLYGRGKGNEQFF_P04	0.00119402985074626	4	P04-Baseline	3.575259206292456e-4	1	No	No	pre_post_share	NR-pre_existing
P04	NR	029	poor	mild	B	poor	pEKI	P04-Treat	TRAV14/DV4;TRBV7-6_;TRBD1_TRAJ11;TRBJ1-1_TRA:CAMRSGYSTLTF;TRB:CASSLQGRGGNTEAFF_P04	0.00417910447761194	14	P04-Baseline	0.00429031104755094	12	No	No	pre_post_share	NR-pre_existing
P04	NR	029	poor	mild	B	poor	pEKI	P04-Treat	TRAV5;TRBV2_;_TRAJ17;TRBJ2-5_TRA:CAESQEAAGNKLTF;TRB:CASSPQETQYF_P04	0.00208955223880597	7	NA	NA	NA	NA	No	post_specific	NR-post_novel
P04	NR	029	poor	mild	B	poor	pEKI	P04-Treat	TRAV29/DV5;TRBV28_;_TRAJ42;TRBJ2-7_TRA:CAANLGKGSQGNLIF;TRB:CASMTRKWPYEQYF_P04	0.00119402985074626	4	NA	NA	NA	NA	No	post_specific	NR-post_novel
P04	NR	029	poor	mild	B	poor	pEKI	P04-Treat	TRAV13-1;TRBV12-4_;_TRAJ15;TRBJ2-7_TRA:CAATPAHQAGTALIF;TRB:CASSFSRGAEQYF_P04	0.00119402985074626	4	P04-Baseline	0.00286020736503396	8	No	No	pre_post_share	NR-pre_existing
P04	NR	029	poor	mild	B	poor	pEKI	P04-Treat	TRAV2;TRBV3-1_;_TRAJ30;TRBJ1-3_TRA:CAGGRDDKIIF;TRB:CASSQSSIGNTIYF_P04	5.970149253731343e-4	2	NA	NA	NA	NA	No	post_specific	NR-post_novel
P04	NR	029	poor	mild	B	poor	pEKI	P04-Treat	TRAV16;TRBV2_;_TRAJ12;TRBJ2-3_TRA:CALRPHSSYKLIF;TRB:CASSPLGVGADTQYF_P04	5.970149253731343e-4	2	P04-Baseline	3.575259206292456e-4	1	No	No	pre_post_share	NR-pre_existing
P04	NR	029	poor	mild	B	poor	pEKI	P04-Treat	TRAV29/DV5;TRBV5-4_;TRBD1_TRAJ30;TRBJ1-2_TRA:CAAVMNRDDKIIF;TRB:CASSLGVRGYTF_P04	5.970149253731343e-4	2	P04-Baseline	3.575259206292456e-4	1	No	No	pre_post_share	NR-pre_existing
P04	NR	029	poor	mild	B	poor	pEKI	P04-Treat	TRAV17;TRBV2_;_TRAJ7;TRBJ2-7_TRA:CATDLYGNNRLAF;TRB:CASSGSPYEQYF_P04	8.955223880597015e-4	3	P04-Baseline	7.150518412584912e-4	2	No	No	pre_post_share	NR-pre_existing
P04	NR	029	poor	mild	B	poor	pEKI	P04-Treat	TRAV3;TRBV29-1_;_TRAJ13;TRBJ1-1_TRA:CAVRSGGYQKVTF;TRB:CSVRDTNTEAFF_P04	0.00238805970149253	8	NA	NA	NA	NA	No	post_specific	NR-post_novel
P04	NR	029	poor	mild	B	poor	pEKI	P04-Treat	TRAV9-2;TRBV29-1_;_TRAJ5;TRBJ2-7_TRA:CALILTGRRALTF;TRB:CSVVGSGRSYEQYF_P04	5.970149253731343e-4	2	NA	NA	NA	NA	No	post_specific	NR-post_novel
P04	NR	029	poor	mild	B	poor	pEKI	P04-Treat	TRAV9-2;TRBV4-1_;_TRAJ37;TRBJ1-5_TRA:CALSGDTGKLIF;TRB:CASSQDLSRVWPQHF_P04	5.970149253731343e-4	2	P04-Baseline	3.575259206292456e-4	1	No	No	pre_post_share	NR-pre_existing
P04	NR	029	poor	mild	B	poor	pEKI	P04-Treat	TRAV1-1;TRBV25-1_;_TRAJ11;TRBJ1-2_TRA:CAVSGYSTLTF;TRB:CASSDTGLPGYTF_P04	0.00477611940298507	16	P04-Baseline	0.00536288880943868	15	No	No	pre_post_share	NR-pre_existing
P04	NR	029	poor	mild	B	poor	pEKI	P04-Treat	TRAV35;TRBV20-1_;TRBD2_TRAJ58;TRBJ2-7_TRA:CAGLRGSTSGSRLTF;TRB:CSARDLETSGRAHEQYF_P04	5.970149253731343e-4	2	NA	NA	NA	NA	No	post_specific	NR-post_novel
P04	NR	029	poor	mild	B	poor	pEKI	P04-Treat	TRAV35;TRBV20-1_;_TRAJ17;TRBJ1-5_TRA:CAGHPKAAGNKLTF;TRB:CSASQSGGQPQHF_P04	5.970149253731343e-4	2	NA	NA	NA	NA	No	post_specific	NR-post_novel
P04	NR	029	poor	mild	B	poor	pEKI	P04-Treat	TRAV9-2;TRBV7-9_;_TRAJ44;TRBJ2-1_TRA:CALSAYLTGTASKLTF;TRB:CASSQGEVGEQFF_P04	8.955223880597015e-4	3	P04-Baseline	7.150518412584912e-4	2	No	No	pre_post_share	NR-pre_existing
P04	NR	029	poor	mild	B	poor	pEKI	P04-Treat	TRAV35;TRBV5-1_;_TRAJ9;TRBJ1-2_TRA:CAGPSTGGFKTIF;TRB:CASSSEDRRYGYTF_P04	5.970149253731343e-4	2	NA	NA	NA	NA	No	post_specific	NR-post_novel
P04	NR	029	poor	mild	B	poor	pEKI	P04-Treat	TRAV14/DV4;TRBV27_;_TRAJ12;TRBJ1-5_TRA:CAMREGQMDSSYKLIF;TRB:CASSLGPYSNQPQHF_P04	5.970149253731343e-4	2	P04-Baseline	3.575259206292456e-4	1	No	No	pre_post_share	NR-pre_existing
P04	NR	029	poor	mild	B	poor	pEKI	P04-Treat	TRAV12-3;TRBV29-1_;_TRAJ5;TRBJ2-7_TRA:CAMIDTGRRALTF;TRB:CSAVSSGRSYEQYF_P04	0.00119402985074626	4	P04-Baseline	3.575259206292456e-4	1	No	No	pre_post_share	NR-pre_existing
P04	NR	029	poor	mild	B	poor	pEKI	P04-Treat	TRAV1-2;TRBV7-8_;TRBD2_TRAJ29;TRBJ2-3_TRA:CAVRGVGNTPLVF;TRB:CASSLTSGRADTQYF_P04	0.01164179104477611	39	P04-Baseline	0.00893814801573114	25	No	Yes	pre_post_share	NR-pre_existing
P04	NR	029	poor	mild	B	poor	pEKI	P04-Treat	TRAV22;TRBV6-5_;_TRAJ22;TRBJ2-1_TRA:CAGYSGSARQLTF;TRB:CASSYSNLNEQFF_P04	0.02029850746268656	68	P04-Baseline	0.00464783696818019	13	No	Yes	pre_post_share	NR-pre_existing
P04	NR	029	poor	mild	B	poor	pEKI	P04-Treat	TRAV2;TRBV5-1_;TRBD1_TRAJ45;TRBJ2-1_TRA:CAVEDRTGGGADGLTF;TRB:CASSSGTGAFNEQFF_P04	5.970149253731343e-4	2	NA	NA	NA	NA	No	post_specific	NR-post_novel
P04	NR	029	poor	mild	B	poor	pEKI	P04-Treat	TRAV38-2/DV8;TRBV2_;_TRAJ56;TRBJ1-3_TRA:CAYRPYTGANSKLTF;TRB:CASSAQGRNTIYF_P04	5.970149253731343e-4	2	P04-Baseline	3.575259206292456e-4	1	No	No	pre_post_share	NR-pre_existing
P04	NR	029	poor	mild	B	poor	pEKI	P04-Treat	TRAV12-1;TRBV7-6_;_TRAJ42;TRBJ1-4_TRA:CVVNYRGSQGNLIF;TRB:CASSLGIGSGDEKLFF_P04	5.970149253731343e-4	2	NA	NA	NA	NA	No	post_specific	NR-post_novel
P04	NR	029	poor	mild	B	poor	pEKI	P04-Treat	TRAV12-2;TRBV11-3_;_TRAJ4;TRBJ2-1_TRA:CAVNPGGYNKLIF;TRB:CASSLGGTSLQGEQFF_P04	5.970149253731343e-4	2	NA	NA	NA	NA	No	post_specific	NR-post_novel
P04	NR	029	poor	mild	B	poor	pEKI	P04-Treat	TRAV12-2;TRBV12-5_;TRBD1_TRAJ11;TRBJ2-1_TRA:CAVIGGYSTLTF;TRB:CASGRAGTGNNEQFF_P04	8.955223880597015e-4	3	NA	NA	NA	NA	No	post_specific	NR-post_novel
P04	NR	029	poor	mild	B	poor	pEKI	P04-Treat	TRAV39;TRBV27_;_TRAJ52;TRBJ2-1_TRA:CAVDMYAGGTSYGKLTF;TRB:CASSFSSGYNEQFF_P04	5.970149253731343e-4	2	P04-Baseline	3.575259206292456e-4	1	No	No	pre_post_share	NR-pre_existing
P04	NR	029	poor	mild	B	poor	pEKI	P04-Treat	TRAV39;TRBV29-1_;_TRAJ47;TRBJ2-2_TRA:CAVVESGNKLVF;TRB:CSAYGGHTGELFF_P04	0.00149253731343283	5	P04-Baseline	3.575259206292456e-4	1	No	No	pre_post_share	NR-pre_existing
P04	NR	029	poor	mild	B	poor	pEKI	P04-Treat	TRAV4;TRBV6-5_;TRBD1_TRAJ33;TRBJ2-7_TRA:CLVGYSNYQLIW;TRB:CASSPGQGSYEQYF_P04	0.00149253731343283	5	P04-Baseline	0.00143010368251698	4	No	No	pre_post_share	NR-pre_existing
P04	NR	029	poor	mild	B	poor	pEKI	P04-Treat	TRAV1-2;TRBV14_;_TRAJ26;TRBJ2-7_TRA:CAVDNYGQNFVF;TRB:CASSQDRGRAYEQYF_P04	5.970149253731343e-4	2	P04-Baseline	7.150518412584912e-4	2	No	No	pre_post_share	NR-pre_existing
P04	NR	029	poor	mild	B	poor	pEKI	P04-Treat	TRAV41;TRBV27_;_TRAJ49;TRBJ1-2_TRA:CAYITGNQFYF;TRB:CASSLWYIGGLYYGYTF_P04	0.00119402985074626	4	NA	NA	NA	NA	No	post_specific	NR-post_novel
P04	NR	029	poor	mild	B	poor	pEKI	P04-Treat	TRAV12-3;TRBV27_;TRBD2_TRAJ27;TRBJ2-1_TRA:CAMRDTNAGKSTF;TRB:CASSLGTSGSSYNEQFF_P04	5.970149253731343e-4	2	NA	NA	NA	NA	No	post_specific	NR-post_novel
P04	NR	029	poor	mild	B	poor	pEKI	P04-Treat	TRAV8-4;TRBV20-1_;_TRAJ9;TRBJ2-7_TRA:CAVSVLGGGFKTIF;TRB:CSAPITNTSGRTDRWEQYF_P04	8.955223880597015e-4	3	P04-Baseline	7.150518412584912e-4	2	No	No	pre_post_share	NR-pre_existing
P04	NR	029	poor	mild	B	poor	pEKI	P04-Treat	TRAV14/DV4;TRBV7-9_;TRBD1_TRAJ29;TRBJ2-1_TRA:CAMREDNSGNTPLVF;TRB:CASSFPAGRGQFF_P04	8.955223880597015e-4	3	NA	NA	NA	NA	No	post_specific	NR-post_novel
P04	NR	029	poor	mild	B	poor	pEKI	P04-Treat	TRAV5;TRBV30_;_TRAJ26;TRBJ2-2_TRA:CAEAWGQNFVF;TRB:CAWSVTGTGELFF_P04	5.970149253731343e-4	2	NA	NA	NA	NA	No	post_specific	NR-post_novel
P04	NR	029	poor	mild	B	poor	pEKI	P04-Treat	TRAV14/DV4;TRBV9_;_TRAJ11;TRBJ2-7_TRA:CALGGYSTLTF;TRB:CASSPRDSRLDEQYF_P04	8.955223880597015e-4	3	NA	NA	NA	NA	No	post_specific	NR-post_novel
P04	NR	029	poor	mild	B	poor	pEKI	P04-Treat	TRAV6;TRBV20-1_;_TRAJ3;TRBJ2-1_TRA:CALLYSSASKIIF;TRB:CSASLQTRREQFF_P04	5.970149253731343e-4	2	NA	NA	NA	NA	No	post_specific	NR-post_novel
P04	NR	029	poor	mild	B	poor	pEKI	P04-Treat	TRAV6;TRBV20-1_;TRBD2_TRAJ9;TRBJ2-5_TRA:CALFTGGFKTIF;TRB:CSASTSGGETQYF_P04	0.0026865671641791	9	P04-Baseline	0.00250268144440471	7	No	No	pre_post_share	NR-pre_existing
P04	NR	029	poor	mild	B	poor	pEKI	P04-Treat	TRAV6;TRBV3-1_;_TRAJ26;TRBJ2-7_TRA:CALNNYGQNFVF;TRB:CASSQDLGAVFEQYF_P04	0.00149253731343283	5	P04-Baseline	0.00250268144440471	7	No	No	pre_post_share	NR-pre_existing
P04	NR	029	poor	mild	B	poor	pEKI	P04-Treat	TRAV6;TRBV27_;_TRAJ9;TRBJ2-5_TRA:CALDTGGFKTIF;TRB:CASSTTGGTTRQETQYF_P04	5.970149253731343e-4	2	NA	NA	NA	NA	No	post_specific	NR-post_novel
P04	NR	029	poor	mild	B	poor	pEKI	P04-Treat	TRAV6;TRBV6-5_;_TRAJ37;TRBJ1-5_TRA:CARYGGNTGKLIF;TRB:CASSPDRGSQPQHF_P04	0.00656716417910447	22	P04-Baseline	0.00643546657132642	18	No	No	pre_post_share	NR-pre_existing
P04	NR	029	poor	mild	B	poor	pEKI	P04-Treat	TRAV8-1;TRBV11-2_;TRBD1_TRAJ36;TRBJ1-5_TRA:CAVNAPGANNLFF;TRB:CASSTGTGGNQPQHF_P04	5.970149253731343e-4	2	NA	NA	NA	NA	No	post_specific	NR-post_novel
P04	NR	029	poor	mild	B	poor	pEKI	P04-Treat	TRAV26-1;TRBV20-1_;_TRAJ38;TRBJ1-2_TRA:CIVGTSNAGNNRKLIW;TRB:CSASDGRYGYTF_P04	5.970149253731343e-4	2	NA	NA	NA	NA	No	post_specific	NR-post_novel
P04	NR	029	poor	mild	B	poor	pEKI	P04-Treat	TRAV26-1;TRBV30_;_TRAJ24;TRBJ2-7_TRA:CIAGGGSWGKFQF;TRB:CAWSGTRVEQYF_P04	0.00208955223880597	7	P04-Baseline	3.575259206292456e-4	1	No	No	pre_post_share	NR-pre_existing
P04	NR	029	poor	mild	B	poor	pEKI	P04-Treat	TRAV8-2;TRBV5-1_;TRBD1_TRAJ4;TRBJ1-1_TRA:CVVNPFSGGYNKLIF;TRB:CASSFDRGNMENTEAFF_P04	8.955223880597015e-4	3	NA	NA	NA	NA	No	post_specific	NR-post_novel
P04	NR	029	poor	mild	B	poor	pEKI	P04-Treat	TRAV19;TRBV10-3_;_TRAJ11;TRBJ2-1_TRA:CALSDPRSGYSTLTF;TRB:CAISENRGDEQFF_P04	0.00716417910447761	24	P04-Baseline	0.00250268144440471	7	No	No	pre_post_share	NR-pre_existing
P04	NR	029	poor	mild	B	poor	pEKI	P04-Treat	TRAV21;TRBV30_;_TRAJ39;TRBJ1-1_TRA:CAVPGAAGNMLTF;TRB:CAWSLPPRLTEAFF_P04	0.00208955223880597	7	P04-Baseline	0.00107257776188773	3	No	No	pre_post_share	NR-pre_existing
P04	NR	029	poor	mild	B	poor	pEKI	P04-Treat	TRAV8-3;TRBV2_;_TRAJ50;TRBJ2-2_TRA:CAVDSLKTSYDKVIF;TRB:CASSFGQTNTGELFF_P04	5.970149253731343e-4	2	P04-Baseline	7.150518412584912e-4	2	No	No	pre_post_share	NR-pre_existing
P04	NR	029	poor	mild	B	poor	pEKI	P04-Treat	TRAV8-3;TRBV28_;_TRAJ21;TRBJ2-2_TRA:CAVGDNFNKFYF;TRB:CASSQTSAAGELFF_P04	0.00149253731343283	5	P04-Baseline	0.00214515552377547	6	No	No	pre_post_share	NR-pre_existing
P04	NR	029	poor	mild	B	poor	pEKI	P04-Treat	TRAV12-1;TRBV20-1_;_TRAJ40;TRBJ1-2_TRA:CVVATTSGTYKYIF;TRB:CSARDRESAGYGYTF_P04	0.00119402985074626	4	P04-Baseline	7.150518412584912e-4	2	No	No	pre_post_share	NR-pre_existing
P04	NR	029	poor	mild	B	poor	pEKI	P04-Treat	TRAV24;TRBV6-2_;_TRAJ48;TRBJ1-1_TRA:CAFPSNFGNEKLTF;TRB:CASSFWGTATEAFF_P04	5.970149253731343e-4	2	P04-Baseline	7.150518412584912e-4	2	No	No	pre_post_share	NR-pre_existing
P04	NR	029	poor	mild	B	poor	pEKI	P04-Treat	TRAV8-6;TRBV6-6_;TRBD1_TRAJ37;TRBJ2-7_TRA:CAVTGISSNTGKLIF;TRB:CASGLGTGIYEQYF_P04	5.970149253731343e-4	2	NA	NA	NA	NA	No	post_specific	NR-post_novel
P04	NR	029	poor	mild	B	poor	pEKI	P04-Treat	TRAV29/DV5;TRBV9_;_TRAJ40;TRBJ1-4_TRA:CAASPTTSGTYKYIF;TRB:CASSSHSAGGFNEKLFF_P04	5.970149253731343e-4	2	NA	NA	NA	NA	No	post_specific	NR-post_novel
P04	NR	029	poor	mild	B	poor	pEKI	P04-Treat	TRAV13-1;TRBV7-2_;_TRAJ37;TRBJ2-1_TRA:CAASTGNTGKLIF;TRB:CASTVRGQVNNEQFF_P04	0.0026865671641791	9	P04-Baseline	3.575259206292456e-4	1	No	No	pre_post_share	NR-pre_existing
P04	NR	029	poor	mild	B	poor	pEKI	P04-Treat	TRAV17;TRBV27_;TRBD1_TRAJ28;TRBJ1-5_TRA:CATDGAGSYQLTF;TRB:CASSRGQGSQPQHF_P04	5.970149253731343e-4	2	NA	NA	NA	NA	No	post_specific	NR-post_novel
P04	NR	029	poor	mild	B	poor	pEKI	P04-Treat	TRAV9-2;TRBV24-1_;_TRAJ10;TRBJ1-2_TRA:CAPRERITGGGNKLTF;TRB:CATSEAGQSNYGYTF_P04	0.0017910447761194	6	P04-Baseline	7.150518412584912e-4	2	No	No	pre_post_share	NR-pre_existing
P04	NR	029	poor	mild	B	poor	pEKI	P04-Treat	TRAV3;TRBV5-6_;_TRAJ37;TRBJ1-5_TRA:CAVRDLSGNTGKLIF;TRB:CASSLGTQPQHF_P04	0.00149253731343283	5	P04-Baseline	7.150518412584912e-4	2	No	No	pre_post_share	NR-pre_existing
P04	NR	029	poor	mild	B	poor	pEKI	P04-Treat	TRAV1-1;TRBV19_;_TRAJ28;TRBJ2-2_TRA:CAVRDESGAGSYQLTF;TRB:CASTNTGELFF_P04	0.00388059701492537	13	P04-Baseline	7.150518412584912e-4	2	No	No	pre_post_share	NR-pre_existing
P04	NR	029	poor	mild	B	poor	pEKI	P04-Treat	TRAV19;TRBV10-3_;_TRAJ11;TRBJ2-1_TRA:CALSDAKSGYSTLTF;TRB:CAISESRGGNEQFF_P04	0.00626865671641791	21	P04-Baseline	0.00214515552377547	6	No	No	pre_post_share	NR-pre_existing
P04	NR	029	poor	mild	B	poor	pEKI	P04-Treat	TRAV21;TRBV3-1_;_TRAJ20;TRBJ1-1_TRA:CAVRGDYKLSF;TRB:CASSSRGWLNTEAFF_P04	5.970149253731343e-4	2	P04-Baseline	3.575259206292456e-4	1	No	No	pre_post_share	NR-pre_existing
P04	NR	029	poor	mild	B	poor	pEKI	P04-Treat	TRAV19;TRBV10-3_;_TRAJ45;TRBJ2-7_TRA:CALSEANSGGGADGLTF;TRB:CAISESRGGYEQYF_P04	0.01104477611940298	37	P04-Baseline	0.00143010368251698	4	No	Yes	pre_post_share	NR-pre_existing
P04	NR	029	poor	mild	B	poor	pEKI	P04-Treat	TRAV8-3;TRBV20-1_;_TRAJ28;TRBJ2-7_TRA:CAVAPGAGSYQLTF;TRB:CSARRQGIDEQYF_P04	0.00119402985074626	4	NA	NA	NA	NA	No	post_specific	NR-post_novel
P04	NR	029	poor	mild	B	poor	pEKI	P04-Treat	TRAV1-1;TRBV7-2_;_TRAJ13;TRBJ2-3_TRA:CAVRENSGGYQKVTF;TRB:CASSSRFPSTDTQYF_P04	5.970149253731343e-4	2	NA	NA	NA	NA	No	post_specific	NR-post_novel
P04	NR	029	poor	mild	B	poor	pEKI	P04-Treat	TRAV9-2;TRBV7-9_;TRBD1_TRAJ56;TRBJ2-1_TRA:CALSDPLTGANSKLTF;TRB:CASSSGQGGYDEQFF_P04	0.00119402985074626	4	NA	NA	NA	NA	No	post_specific	NR-post_novel
P04	NR	029	poor	mild	B	poor	pEKI	P04-Treat	TRAV19;TRBV2_;_TRAJ23;TRBJ2-1_TRA:CALRTGGKLIF;TRB:CASIEYNEQFF_P04	0.00149253731343283	5	P04-Baseline	3.575259206292456e-4	1	No	No	pre_post_share	NR-pre_existing
P04	NR	029	poor	mild	B	poor	pEKI	P04-Treat	TRAV19;TRBV2_;_TRAJ21;TRBJ2-7_TRA:CALSEESSFNKFYF;TRB:CASSDPLGGLAGESYEQYF_P04	0.00507462686567164	17	P04-Baseline	0.0039327851269217	11	No	No	pre_post_share	NR-pre_existing
P04	NR	029	poor	mild	B	poor	pEKI	P04-Treat	TRAV27;TRBV12-3_;_TRAJ34;TRBJ1-2_TRA:CAGPDKLIF;TRB:CASSLGAGAGWGYTF_P04	8.955223880597015e-4	3	P04-Baseline	0.00143010368251698	4	No	No	pre_post_share	NR-pre_existing
P04	NR	029	poor	mild	B	poor	pEKI	P04-Treat	TRAV19;TRBV29-1_;_TRAJ26;TRBJ2-1_TRA:CALSDYGQNFVF;TRB:CSVDGAGQLDNEQFF_P04	5.970149253731343e-4	2	P04-Baseline	0.0117983553807651	33	Yes	No	pre_post_share	NR-pre_existing
P04	NR	029	poor	mild	B	poor	pEKI	P04-Treat	TRAV1-2;TRBV27_;_TRAJ32;TRBJ2-7_TRA:CAVRDPDGGATNKLIF;TRB:CASTVRSGTYEQYF_P04	0.00119402985074626	4	P04-Baseline	0.00500536288880943	14	No	No	pre_post_share	NR-pre_existing
P04	NR	029	poor	mild	B	poor	pEKI	P04-Treat	TRAV19;TRBV27_;_TRAJ52;TRBJ2-3_TRA:CALSEGDAGGTSYGKLTF;TRB:CASSLYSGRDTQYF_P04	0.00925373134328358	31	P04-Baseline	0.00250268144440471	7	No	No	pre_post_share	NR-pre_existing
P04	NR	029	poor	mild	B	poor	pEKI	P04-Treat	TRAV21;TRBV7-9_;_TRAJ57;TRBJ1-2_TRA:CAVNEGGSEKLVF;TRB:CASSGSMNYGYTF_P04	5.970149253731343e-4	2	NA	NA	NA	NA	No	post_specific	NR-post_novel
P04	NR	029	poor	mild	B	poor	pEKI	P04-Treat	TRAV1-2;TRBV5-6_;_TRAJ4;TRBJ1-5_TRA:CAVRPHFSGGYNKLIF;TRB:CASSLAQGSNQPQHF_P04	8.955223880597015e-4	3	P04-Baseline	3.575259206292456e-4	1	No	No	pre_post_share	NR-pre_existing
P04	NR	029	poor	mild	B	poor	pEKI	P04-Treat	TRAV5;TRBV19_;TRBD2_TRAJ26;TRBJ2-7_TRA:CAEGLGNFVF;TRB:CASSASGRAYEQYF_P04	0.0226865671641791	76	P04-Baseline	0.00286020736503396	8	No	Yes	pre_post_share	NR-pre_existing
P04	NR	029	poor	mild	B	poor	pEKI	P04-Treat	TRAV14/DV4;TRBV6-2_;_TRAJ33;TRBJ2-7_TRA:CATMDSNYQLIW;TRB:CASSLDSSYEQYF_P04	8.955223880597015e-4	3	NA	NA	NA	NA	No	post_specific	NR-post_novel
P04	NR	029	poor	mild	B	poor	pEKI	P04-Treat	TRAV22;TRBV4-1_;_TRAJ3;TRBJ1-1_TRA:CAVDPMYSSASKIIF;TRB:CASSRGVKGQRTNTEAFF_P04	5.970149253731343e-4	2	NA	NA	NA	NA	No	post_specific	NR-post_novel
P04	NR	029	poor	mild	B	poor	pEKI	P04-Treat	TRAV38-2/DV8;TRBV10-2_;TRBD1_TRAJ40;TRBJ2-7_TRA:CAYRSPYSGTYKYIF;TRB:CASIPGQGYPEQYF_P04	0.0226865671641791	76	P04-Baseline	7.150518412584912e-4	2	No	Yes	pre_post_share	NR-pre_existing
P04	NR	029	poor	mild	B	poor	pEKI	P04-Treat	TRAV38-1;TRBV9_;_TRAJ57;TRBJ2-7_TRA:CAFILQGGSEKLVF;TRB:CASSVGTQTGRQYF_P04	5.970149253731343e-4	2	P04-Baseline	3.575259206292456e-4	1	No	No	pre_post_share	NR-pre_existing
P04	NR	029	poor	mild	B	poor	pEKI	P04-Treat	TRAV20;TRBV28_;_TRAJ39;TRBJ1-1_TRA:CAVGNNAGNMLTF;TRB:CASSFWNTEAFF_P04	5.970149253731343e-4	2	P04-Baseline	3.575259206292456e-4	1	No	No	pre_post_share	NR-pre_existing
P04	NR	029	poor	mild	B	poor	pEKI	P04-Treat	TRAV12-1;TRBV28_;_TRAJ6;TRBJ1-1_TRA:CVVTTPGGSYIPTF;TRB:CASSIRGAIEAFF_P04	5.970149253731343e-4	2	NA	NA	NA	NA	No	post_specific	NR-post_novel
P04	NR	029	poor	mild	B	poor	pEKI	P04-Treat	TRAV17;TRBV19_;_TRAJ28;TRBJ1-1_TRA:CATQSYSGAGSYQLTF;TRB:CASSFDSREAFF_P04	8.955223880597015e-4	3	P04-Baseline	0.00143010368251698	4	No	No	pre_post_share	NR-pre_existing
P04	NR	029	poor	mild	B	poor	pEKI	P04-Treat	TRAV12-1;TRBV7-6_;_TRAJ40;TRBJ2-3_TRA:CVVNMPVSGTYKYIF;TRB:CASSLGARDYTDTQYF_P04	0.0017910447761194	6	P04-Baseline	3.575259206292456e-4	1	No	No	pre_post_share	NR-pre_existing
P04	NR	029	poor	mild	B	poor	pEKI	P04-Treat	TRAV20;TRBV7-3_;_TRAJ41;TRBJ2-3_TRA:CAVHSNSGYALNF;TRB:CASSLKDTDTQYF_P04	5.970149253731343e-4	2	NA	NA	NA	NA	No	post_specific	NR-post_novel
P04	NR	029	poor	mild	B	poor	pEKI	P04-Treat	TRAV39;TRBV9_;_TRAJ44;TRBJ2-1_TRA:CAGTGTASKLTF;TRB:CASSDGTNYNEQFF_P04	0.01611940298507462	54	P04-Baseline	0.00357525920629245	10	No	Yes	pre_post_share	NR-pre_existing
P04	NR	029	poor	mild	B	poor	pEKI	P04-Treat	TRAV14/DV4;TRBV14_;_TRAJ33;TRBJ2-3_TRA:CAIMDSNYQLIW;TRB:CASSQDFTDTQYF_P04	8.955223880597015e-4	3	P04-Baseline	3.575259206292456e-4	1	No	No	pre_post_share	NR-pre_existing
P04	NR	029	poor	mild	B	poor	pEKI	P04-Treat	TRAV21;TRBV7-6_;_TRAJ18;TRBJ1-1_TRA:CAATFDRGSTLGRLYF;TRB:CASSLIAAAANTEAFF_P04	0.00149253731343283	5	NA	NA	NA	NA	No	post_specific	NR-post_novel
P04	NR	029	poor	mild	B	poor	pEKI	P04-Treat	TRAV26-2;TRBV7-6_;_TRAJ29;TRBJ2-7_TRA:CIYTWPGNTPLVF;TRB:CASSPRLQEVNNEQYF_P04	5.970149253731343e-4	2	NA	NA	NA	NA	No	post_specific	NR-post_novel
P04	NR	029	poor	mild	B	poor	pEKI	P04-Treat	TRAV8-3;TRBV6-5_;_TRAJ56;TRBJ2-6_TRA:CAVASTGANSKLTF;TRB:CASSYFGQGLSGANVLTF_P04	0.00119402985074626	4	NA	NA	NA	NA	No	post_specific	NR-post_novel
P04	NR	029	poor	mild	B	poor	pEKI	P04-Treat	TRAV29/DV5;TRBV12-4_;_TRAJ10;TRBJ1-2_TRA:CAASEGGGNKLTF;TRB:CASSLDTTGLDGYTF_P04	8.955223880597015e-4	3	NA	NA	NA	NA	No	post_specific	NR-post_novel
P04	NR	029	poor	mild	B	poor	pEKI	P04-Treat	TRAV5;TRBV18_;_TRAJ26;TRBJ1-2_TRA:CAVVAYGQNFVF;TRB:CASSPGTDDGYTF_P04	8.955223880597015e-4	3	NA	NA	NA	NA	No	post_specific	NR-post_novel
P04	NR	029	poor	mild	B	poor	pEKI	P04-Treat	TRAV5;TRBV30_;_TRAJ3;TRBJ2-2_TRA:CAEIPISSASKIIF;TRB:CAWSVPAGGDRAGELFF_P04	0.00238805970149253	8	P04-Baseline	0.00679299249195566	19	No	No	pre_post_share	NR-pre_existing
P04	NR	029	poor	mild	B	poor	pEKI	P04-Treat	TRAV38-2/DV8;TRBV6-6_;TRBD1_TRAJ54;TRBJ2-2_TRA:CALLVGQKLVF;TRB:CASSHGQGPLNTGELFF_P04	0.00208955223880597	7	NA	NA	NA	NA	No	post_specific	NR-post_novel
P04	NR	029	poor	mild	B	poor	pEKI	P04-Treat	TRAV29/DV5;TRBV5-1_;TRBD2_TRAJ48;TRBJ2-2_TRA:CAAVDFGNEKLTF;TRB:CASSSTPPQTSGRAGELFF_P04	5.970149253731343e-4	2	NA	NA	NA	NA	No	post_specific	NR-post_novel
P04	NR	029	poor	mild	B	poor	pEKI	P04-Treat	TRAV13-1;TRBV27_;_TRAJ34;TRBJ2-1_TRA:CAASHPTTDKLIF;TRB:CASSPTPLGAQNEQFF_P04	0.0026865671641791	9	P04-Baseline	0.00750804433321415	21	No	No	pre_post_share	NR-pre_existing
P04	NR	029	poor	mild	B	poor	pEKI	P04-Treat	TRAV8-4;TRBV7-9_;_TRAJ13;TRBJ2-5_TRA:CAVIPSGRGYQKVTF;TRB:CASSTILGAPGTQYF_P04	5.970149253731343e-4	2	P04-Baseline	3.575259206292456e-4	1	No	No	pre_post_share	NR-pre_existing
P04	NR	029	poor	mild	B	poor	pEKI	P04-Treat	TRAV13-1;TRBV28_;_TRAJ28;TRBJ2-1_TRA:CAASYGAGSYQLTF;TRB:CASSLLAGAGNEQFF_P04	5.970149253731343e-4	2	P04-Baseline	3.575259206292456e-4	1	No	No	pre_post_share	NR-pre_existing
P04	NR	029	poor	mild	B	poor	pEKI	P04-Treat	TRAV29/DV5;TRBV7-9_;_TRAJ44;TRBJ2-7_TRA:CAASVAGTASKLTF;TRB:CASSPSSYEQYF_P04	0.00388059701492537	13	P04-Baseline	0.00143010368251698	4	No	No	pre_post_share	NR-pre_existing
P04	NR	029	poor	mild	B	poor	pEKI	P04-Treat	TRAV8-6;TRBV7-6_;_TRAJ34;TRBJ1-6_TRA:CAVSDLGNTDKLIF;TRB:CASSLGGVGSPLHF_P04	5.970149253731343e-4	2	P04-Baseline	0.0039327851269217	11	No	No	pre_post_share	NR-pre_existing
P04	NR	029	poor	mild	B	poor	pEKI	P04-Treat	TRAV29/DV5;TRBV7-9_;_TRAJ52;TRBJ2-5_TRA:CAAPRGGGTSYGKLTF;TRB:CASSLVGRAEETQYF_P04	5.970149253731343e-4	2	NA	NA	NA	NA	No	post_specific	NR-post_novel
P04	NR	029	poor	mild	B	poor	pEKI	P04-Treat	TRAV25;TRBV18_;_TRAJ31;TRBJ2-1_TRA:CAGTGNNARLMF;TRB:CASSPLAGSYNEQFF_P04	5.970149253731343e-4	2	NA	NA	NA	NA	No	post_specific	NR-post_novel
P04	NR	029	poor	mild	B	poor	pEKI	P04-Treat	TRAV25;TRBV19_;_TRAJ43;TRBJ1-1_TRA:CAGLNNNDMRF;TRB:CASSIRGREAFF_P04	5.970149253731343e-4	2	P04-Baseline	3.575259206292456e-4	1	No	No	pre_post_share	NR-pre_existing
P04	NR	029	poor	mild	B	poor	pEKI	P04-Treat	TRAV13-1;TRBV7-9_;TRBD2_TRAJ23;TRBJ2-3_TRA:CAARGNQGGKLIF;TRB:CASSAGTSGGTQYF_P04	8.955223880597015e-4	3	NA	NA	NA	NA	No	post_specific	NR-post_novel
P04	NR	029	poor	mild	B	poor	pEKI	P04-Treat	TRAV13-2;TRBV24-1_;_TRAJ23;TRBJ1-5_TRA:CAETAHYNQGGKLIF;TRB:CATSDYRVDQPQHF_P04	5.970149253731343e-4	2	NA	NA	NA	NA	No	post_specific	NR-post_novel
P04	NR	029	poor	mild	B	poor	pEKI	P04-Treat	TRAV26-1;TRBV24-1_;TRBD1_TRAJ48;TRBJ2-2_TRA:CIVRVEHEKLTF;TRB:CATSDWTGVTGELFF_P04	0.0017910447761194	6	NA	NA	NA	NA	No	post_specific	NR-post_novel
P04	NR	029	poor	mild	B	poor	pEKI	P04-Treat	TRAV13-2;TRBV5-1_;_TRAJ44;TRBJ2-3_TRA:CADRNTGTASKLTF;TRB:CASSRASDTQYF_P04	0.0026865671641791	9	P04-Baseline	0.00321773328566321	9	No	No	pre_post_share	NR-pre_existing
P04	NR	029	poor	mild	B	poor	pEKI	P04-Treat	TRAV26-1;TRBV4-1_;TRBD1_TRAJ53;TRBJ2-1_TRA:CIVSHLGGSNYKLTF;TRB:CASSRGQGVVDEQFF_P04	5.970149253731343e-4	2	P04-Baseline	0.00107257776188773	3	No	No	pre_post_share	NR-pre_existing
P04	NR	029	poor	mild	B	poor	pEKI	P04-Treat	TRAV3;TRBV6-5_;TRBD1_TRAJ34;TRBJ1-5_TRA:CAVSPQLPYTDKLIF;TRB:CASGPLRTGLGQPQHF_P04	8.955223880597015e-4	3	P04-Baseline	7.150518412584912e-4	2	No	No	pre_post_share	NR-pre_existing
P04	NR	029	poor	mild	B	poor	pEKI	P04-Treat	TRAV8-3;TRBV28_;_TRAJ21;TRBJ2-2_TRA:CAVGDNFNKFYF;TRB:CASSLTSAAGELFF_P04	0.01492537313432835	50	P04-Baseline	0.01251340722202359	35	Yes	Yes	pre_post_share	NR-pre_existing
P04	NR	029	poor	mild	B	poor	pEKI	P04-Treat	TRAV4;TRBV9_;TRBD1_TRAJ17;TRBJ2-3_TRA:CLVVVAAGNKLTF;TRB:CASSVGQGGDTQYF_P04	5.970149253731343e-4	2	NA	NA	NA	NA	No	post_specific	NR-post_novel
P04	NR	029	poor	mild	B	poor	pEKI	P04-Treat	TRAV8-3;TRBV4-1_;_TRAJ10;TRBJ1-5_TRA:CAVGLTGGGNKLTF;TRB:CASSRDNNQPQHF_P04	5.970149253731343e-4	2	P04-Baseline	3.575259206292456e-4	1	No	No	pre_post_share	NR-pre_existing
P04	NR	029	poor	mild	B	poor	pEKI	P04-Treat	TRAV29/DV5;TRBV6-6_;_TRAJ37;TRBJ1-1_TRA:CAAHGSSNTGKLIF;TRB:CASSYPDRNEAFF_P04	5.970149253731343e-4	2	P04-Baseline	7.150518412584912e-4	2	No	No	pre_post_share	NR-pre_existing
P04	NR	029	poor	mild	B	poor	pEKI	P04-Treat	TRAV29/DV5;TRBV19_;_TRAJ23;TRBJ2-7_TRA:CAARLVPGKLIF;TRB:CASRWSSGSSYEQYF_P04	0.00149253731343283	5	P04-Baseline	0.00143010368251698	4	No	No	pre_post_share	NR-pre_existing
P04	NR	029	poor	mild	B	poor	pEKI	P04-Treat	TRAV9-2;TRBV10-3_;_TRAJ34;TRBJ2-3_TRA:CALSNTDKLIF;TRB:CAISDPRQGTDTQYF_P04	5.970149253731343e-4	2	P04-Baseline	3.575259206292456e-4	1	No	No	pre_post_share	NR-pre_existing
P04	NR	029	poor	mild	B	poor	pEKI	P04-Treat	TRAV38-2/DV8;TRBV10-2_;_TRAJ30;TRBJ1-6_TRA:CAYRSAVENDKIIF;TRB:CATRLSVNSPLHF_P04	0.00149253731343283	5	P04-Baseline	3.575259206292456e-4	1	No	No	pre_post_share	NR-pre_existing
P04	NR	029	poor	mild	B	poor	pEKI	P04-Treat	TRAV8-4;TRBV5-4_;TRBD1_TRAJ37;TRBJ1-1_TRA:CAVSEGNTGKLIF;TRB:CASSIGGQGNEAFF_P04	8.955223880597015e-4	3	P04-Baseline	3.575259206292456e-4	1	No	No	pre_post_share	NR-pre_existing
P04	NR	029	poor	mild	B	poor	pEKI	P04-Treat	TRAV17;TRBV12-4_;_TRAJ45;TRBJ1-3_TRA:CATDGGGADGLTF;TRB:CASSFPTGFGNTIYF_P04	0.04417910447761194	148	P04-Baseline	0.04612084376117268	129	Yes	Yes	pre_post_share	NR-pre_existing
P04	NR	029	poor	mild	B	poor	pEKI	P04-Treat	TRAV29/DV5;TRBV7-9_;TRBD2_TRAJ23;TRBJ2-1_TRA:CAASARGGKLIF;TRB:CASSLGLADEQFF_P04	5.970149253731343e-4	2	NA	NA	NA	NA	No	post_specific	NR-post_novel
P04	NR	029	poor	mild	B	poor	pEKI	P04-Treat	TRAV8-2;TRBV2_;_TRAJ26;TRBJ1-1_TRA:CVVTLGGGQNFVF;TRB:CASSEWGLGTEAFF_P04	0.00119402985074626	4	P04-Baseline	7.150518412584912e-4	2	No	No	pre_post_share	NR-pre_existing
P04	NR	029	poor	mild	B	poor	pEKI	P04-Treat	TRAV9-2;TRBV25-1_;_TRAJ29;TRBJ2-2_TRA:CALSPRNSGNTPLVF;TRB:CASRYGAGLNTGELFF_P04	5.970149253731343e-4	2	P04-Baseline	0.00143010368251698	4	No	No	pre_post_share	NR-pre_existing
P04	NR	029	poor	mild	B	poor	pEKI	P04-Treat	TRAV19;TRBV27_;_TRAJ9;TRBJ2-2_TRA:CALSEGGFKTIF;TRB:CASSLLAGGPASGELFF_P04	8.955223880597015e-4	3	NA	NA	NA	NA	No	post_specific	NR-post_novel
P04	NR	029	poor	mild	B	poor	pEKI	P04-Treat	TRAV19;TRBV10-3_;_TRAJ11;TRBJ2-7_TRA:CALSGPNSGYSTLTF;TRB:CAISPARGDEQYF_P04	0.00119402985074626	4	NA	NA	NA	NA	No	post_specific	NR-post_novel
P04	NR	029	poor	mild	B	poor	pEKI	P04-Treat	TRAV3;TRBV11-2_;_TRAJ38;TRBJ2-3_TRA:CAVRPNAGNNRKLIW;TRB:CASSPSAHTDTQYF_P04	5.970149253731343e-4	2	NA	NA	NA	NA	No	post_specific	NR-post_novel
P04	NR	029	poor	mild	B	poor	pEKI	P04-Treat	TRAV8-4;TRBV28_;_TRAJ37;TRBJ2-7_TRA:CAVRRGSSNTGKLIF;TRB:CASSPRVSGRISYEQYF_P04	5.970149253731343e-4	2	NA	NA	NA	NA	No	post_specific	NR-post_novel
P04	NR	029	poor	mild	B	poor	pEKI	P04-Treat	TRAV8-3;TRBV29-1_;_TRAJ40;TRBJ1-2_TRA:CAVNSGTYKYIF;TRB:CSVEDSRVDGYTF_P04	8.955223880597015e-4	3	NA	NA	NA	NA	No	post_specific	NR-post_novel
P04	NR	029	poor	mild	B	poor	pEKI	P04-Treat	TRAV14/DV4;TRBV28_;_TRAJ33;TRBJ2-7_TRA:CAMMDSNYQLIW;TRB:CASSLPGSYEQYF_P04	8.955223880597015e-4	3	NA	NA	NA	NA	No	post_specific	NR-post_novel
P04	NR	029	poor	mild	B	poor	pEKI	P04-Treat	TRAV3;TRBV6-4_;TRBD1_TRAJ33;TRBJ2-5_TRA:CAVMDSNYQLIW;TRB:CASSDSAGQETQYF_P04	5.970149253731343e-4	2	NA	NA	NA	NA	No	post_specific	NR-post_novel
P04	NR	029	poor	mild	B	poor	pEKI	P04-Treat	TRAV5;TRBV19_;_TRAJ28;TRBJ2-7_TRA:CAEMRGAGSYQLTF;TRB:CASSMVTKGAYEQYF_P04	5.970149253731343e-4	2	P04-Baseline	3.575259206292456e-4	1	No	No	pre_post_share	NR-pre_existing
P04	NR	029	poor	mild	B	poor	pEKI	P04-Treat	TRAV14/DV4;TRBV5-5_;_TRAJ27;TRBJ1-4_TRA:CAMRGTNAGKSTF;TRB:CASSSFGSKEKLFF_P04	8.955223880597015e-4	3	P04-Baseline	7.150518412584912e-4	2	No	No	pre_post_share	NR-pre_existing
P04	NR	029	poor	mild	B	poor	pEKI	P04-Treat	TRAV2;TRBV28_;_TRAJ40;TRBJ1-1_TRA:CAVIAGGTYKYIF;TRB:CASRPAPPSSMGLNTEAFF_P04	0.00149253731343283	5	P04-Baseline	0.00214515552377547	6	No	No	pre_post_share	NR-pre_existing
P04	NR	029	poor	mild	B	poor	pEKI	P04-Treat	TRAV21;TRBV6-5_;TRBD1_TRAJ37;TRBJ1-1_TRA:CAVYSNTGKLIF;TRB:CASSKQGATEAFF_P04	0.00328358208955223	11	P04-Baseline	0.00536288880943868	15	No	No	pre_post_share	NR-pre_existing
P04	NR	029	poor	mild	B	poor	pEKI	P04-Treat	TRAV6;TRBV12-4_;_TRAJ33;TRBJ2-6_TRA:CALDLQSNYQLIW;TRB:CASSSGLAGLSGANVLTF_P04	5.970149253731343e-4	2	P04-Baseline	3.575259206292456e-4	1	No	No	pre_post_share	NR-pre_existing
P04	NR	029	poor	mild	B	poor	pEKI	P04-Treat	TRAV26-1;TRBV6-6_;_TRAJ43;TRBJ1-1_TRA:CIVRAGPEGNNNDMRF;TRB:CASSLQGVATEAFF_P04	0.0053731343283582	18	P04-Baseline	0.00321773328566321	9	No	No	pre_post_share	NR-pre_existing
P04	NR	029	poor	mild	B	poor	pEKI	P04-Treat	TRAV8-1;TRBV19_;_TRAJ13;TRBJ1-1_TRA:CAVIPSGGYQKVTF;TRB:CASSFDSREAFF_P04	5.970149253731343e-4	2	P04-Baseline	0.00286020736503396	8	No	No	pre_post_share	NR-pre_existing
P04	NR	029	poor	mild	B	poor	pEKI	P04-Treat	TRAV8-1;TRBV5-1_;TRBD2_TRAJ33;TRBJ2-7_TRA:CAVKVDSNYQLIW;TRB:CASSLGLAGYEQYF_P04	0.00119402985074626	4	P04-Baseline	3.575259206292456e-4	1	No	No	pre_post_share	NR-pre_existing
P04	NR	029	poor	mild	B	poor	pEKI	P04-Treat	TRAV29/DV5;TRBV3-1_;_TRAJ31;TRBJ1-4_TRA:CAASGPDNNARLMF;TRB:CASSQIVGSEKLFF_P04	0.00238805970149253	8	NA	NA	NA	NA	No	post_specific	NR-post_novel
P04	NR	029	poor	mild	B	poor	pEKI	P04-Treat	TRAV13-1;TRBV27_;TRBD1_TRAJ12;TRBJ1-1_TRA:CAPWMDSSYKLIF;TRB:CASRFQTGGSEAFF_P04	5.970149253731343e-4	2	NA	NA	NA	NA	No	post_specific	NR-post_novel
P04	NR	029	poor	mild	B	poor	pEKI	P04-Treat	TRAV41;TRBV9_;_TRAJ42;TRBJ1-1_TRA:CAVGGSQGNLIF;TRB:CASSAHDRGAEAFF_P04	5.970149253731343e-4	2	P04-Baseline	0.00143010368251698	4	No	No	pre_post_share	NR-pre_existing
P04	NR	029	poor	mild	B	poor	pEKI	P04-Treat	TRAV38-2/DV8;TRBV7-9_;_TRAJ27;TRBJ1-2_TRA:CAYTDANAGKSTF;TRB:CASSSVRYGYTF_P04	5.970149253731343e-4	2	P04-Baseline	3.575259206292456e-4	1	No	No	pre_post_share	NR-pre_existing
P04	NR	029	poor	mild	B	poor	pEKI	P04-Treat	TRAV8-4;TRBV5-4_;_TRAJ42;TRBJ2-7_TRA:CAVSDPSYGGSQGNLIF;TRB:CASSLELGAGYEQYF_P04	5.970149253731343e-4	2	NA	NA	NA	NA	No	post_specific	NR-post_novel
P04	NR	029	poor	mild	B	poor	pEKI	P04-Treat	TRAV24;TRBV19_;_TRAJ10;TRBJ2-1_TRA:CALVTGGGNKLTF;TRB:CASSISPNSYNEQFF_P04	5.970149253731343e-4	2	NA	NA	NA	NA	No	post_specific	NR-post_novel
P04	NR	029	poor	mild	B	poor	pEKI	P04-Treat	TRAV26-1;TRBV5-1_;TRBD1_TRAJ26;TRBJ1-2_TRA:CIVRAGDNYGQNFVF;TRB:CASSLGYGAANYGYTF_P04	0.00119402985074626	4	NA	NA	NA	NA	No	post_specific	NR-post_novel
P04	NR	029	poor	mild	B	poor	pEKI	P04-Treat	TRAV21;TRBV7-9_;_TRAJ57;TRBJ1-2_TRA:CAVNEGGSEKLVF;TRB:CASSRALGYTF_P04	0.00805970149253731	27	P04-Baseline	0.01787629603146228	50	Yes	No	pre_post_share	NR-pre_existing
P04	NR	029	poor	mild	B	poor	pEKI	P04-Treat	TRAV5;TRBV3-1_;_TRAJ15;TRBJ2-2_TRA:CAWGQAGTALIF;TRB:CASSQVSSSTGELFF_P04	8.955223880597015e-4	3	P04-Baseline	0.00357525920629245	10	No	No	pre_post_share	NR-pre_existing
P04	NR	029	poor	mild	B	poor	pEKI	P04-Treat	TRAV9-2;TRBV2_;_TRAJ43;TRBJ2-3_TRA:CALSPPNNNDMRF;TRB:CAGKATQLTDTQYF_P04	8.955223880597015e-4	3	P04-Baseline	3.575259206292456e-4	1	No	No	pre_post_share	NR-pre_existing
P04	NR	029	poor	mild	B	poor	pEKI	P04-Treat	TRAV13-2;TRBV20-1_;_TRAJ28;TRBJ2-5_TRA:CAAALRAGSYQLTF;TRB:CSARLGGRGETQYF_P04	8.955223880597015e-4	3	NA	NA	NA	NA	No	post_specific	NR-post_novel
P04	NR	029	poor	mild	B	poor	pEKI	P04-Treat	TRAV29/DV5;TRBV9_;_TRAJ40;TRBJ2-5_TRA:CAAYISGTYKYIF;TRB:CASSKWTSPQETQYF_P04	5.970149253731343e-4	2	NA	NA	NA	NA	No	post_specific	NR-post_novel
P04	NR	029	poor	mild	B	poor	pEKI	P04-Treat	TRAV29/DV5;TRBV3-1_;_TRAJ31;TRBJ2-7_TRA:CAASGGNARLMF;TRB:CASSQDQTVYEQYF_P04	5.970149253731343e-4	2	NA	NA	NA	NA	No	post_specific	NR-post_novel
P04	NR	029	poor	mild	B	poor	pEKI	P04-Treat	TRAV13-2;TRBV10-3_;_TRAJ16;TRBJ1-1_TRA:CAEIPSDGQKLLF;TRB:CATWDTEAFF_P04	0.0026865671641791	9	NA	NA	NA	NA	No	post_specific	NR-post_novel
P04	NR	029	poor	mild	B	poor	pEKI	P04-Treat	TRAV6;TRBV11-2_;_TRAJ42;TRBJ2-7_TRA:CALMNYGGSQGNLIF;TRB:CASSLGVHEQYF_P04	0.00119402985074626	4	P04-Baseline	7.150518412584912e-4	2	No	No	pre_post_share	NR-pre_existing
P04	NR	029	poor	mild	B	poor	pEKI	P04-Treat	TRAV17;TRBV5-1_;TRBD1_TRAJ48;TRBJ2-1_TRA:CATPTSGFGNEKLTF;TRB:CASSTDRGTWNEQFF_P04	5.970149253731343e-4	2	NA	NA	NA	NA	No	post_specific	NR-post_novel
P04	NR	029	poor	mild	B	poor	pEKI	P04-Treat	TRAV3;TRBV10-3_;TRBD1_TRAJ40;TRBJ2-3_TRA:CAVRDLTSGTYKYIF;TRB:CAIRGAGADTDTQYF_P04	5.970149253731343e-4	2	P04-Baseline	0.00250268144440471	7	No	No	pre_post_share	NR-pre_existing
P04	NR	029	poor	mild	B	poor	pEKI	P04-Treat	TRAV35;TRBV5-1_;_TRAJ58;TRBJ1-2_TRA:CAGSETSGSRLTF;TRB:CASSQDNNYGYTF_P04	5.970149253731343e-4	2	P04-Baseline	7.150518412584912e-4	2	No	No	pre_post_share	NR-pre_existing
P05	R	030	good	moderate	B	good	good	P05-Treat	TRAV12-1;TRBV20-1_;_TRAJ6;TRBJ2-5_TRA:CVVESGGSYIPTF;TRB:CSAQGLPYKKETQYF_P05	0.00160771704180064	3	P05-Baseline	0.00100908173562058	2	No	No	pre_post_share	R-pre_existing
P05	R	030	good	moderate	B	good	good	P05-Treat	TRAV1-2;TRBV4-2_;TRBD1_TRAJ33;TRBJ2-7_TRA:CAVRDSNYQLIW;TRB:CASSQDGTGGSYEQYF_P05	0.00160771704180064	3	P05-Baseline	5.045408678102926e-4	1	No	No	pre_post_share	R-pre_existing
P05	R	030	good	moderate	B	good	good	P05-Treat	TRAV12-1;TRBV4-1_;_TRAJ43;TRBJ2-1_TRA:CVVNGQDDMRF;TRB:CASSQDPDRANEQFF_P05	0.00107181136120042	2	NA	NA	NA	NA	No	post_specific	R-post_novel
P05	R	030	good	moderate	B	good	good	P05-Treat	TRAV19;TRBV19_;TRBD1_TRAJ56;TRBJ1-2_TRA:CALTGANSKLTF;TRB:CASKEGPGARSYGYTF_P05	0.00107181136120042	2	NA	NA	NA	NA	No	post_specific	R-post_novel
P05	R	030	good	moderate	B	good	good	P05-Treat	TRAV1-1;TRBV28_;TRBD1_TRAJ26;TRBJ1-1_TRA:CAVRSDGQNFVF;TRB:CASSDGTGGFDAFF_P05	0.00107181136120042	2	P05-Baseline	0.00100908173562058	2	No	No	pre_post_share	R-pre_existing
P05	R	030	good	moderate	B	good	good	P05-Treat	TRAV12-1;TRBV2_;_TRAJ32;TRBJ1-5_TRA:CVVTHGGATNKLIF;TRB:CASSGYGSNQPQHF_P05	0.00160771704180064	3	NA	NA	NA	NA	No	post_specific	R-post_novel
P05	R	030	good	moderate	B	good	good	P05-Treat	TRAV8-1;TRBV10-1_;_TRAJ4;TRBJ2-1_TRA:CASVSGGYNKLIF;TRB:CASSVGLGVDEQFF_P05	0.00107181136120042	2	NA	NA	NA	NA	No	post_specific	R-post_novel
P05	R	030	good	moderate	B	good	good	P05-Treat	TRAV38-1;TRBV5-4_;_TRAJ45;TRBJ2-7_TRA:CAFMKHEGGGADGLTF;TRB:CASSLGLAVTYEQYF_P05	0.00107181136120042	2	NA	NA	NA	NA	No	post_specific	R-post_novel
P05	R	030	good	moderate	B	good	good	P05-Treat	TRAV5;TRBV25-1_;_TRAJ34;TRBJ2-2_TRA:CAESQNTDKLIF;TRB:CASSERGTAGELFF_P05	0.00107181136120042	2	P05-Baseline	0.00151362260343087	3	No	No	pre_post_share	R-pre_existing
P05	R	030	good	moderate	B	good	good	P05-Treat	TRAV29/DV5;TRBV29-1_;_TRAJ50;TRBJ2-7_TRA:CAATSYDKVIF;TRB:CSALEDGKYEQYF_P05	0.00107181136120042	2	P05-Baseline	0.00100908173562058	2	No	No	pre_post_share	R-pre_existing
P05	R	030	good	moderate	B	good	good	P05-Treat	TRAV1-2;TRBV4-2_;TRBD1_TRAJ33;TRBJ2-7_TRA:CAPMDSNYQLIW;TRB:CASSQETGTGGYEQYF_P05	0.00107181136120042	2	NA	NA	NA	NA	No	post_specific	R-post_novel
P05	R	030	good	moderate	B	good	good	P05-Treat	TRAV3;TRBV7-6_;_TRAJ29;TRBJ2-7_TRA:CAVRDPSGNTPLVF;TRB:CASSDDIYEQYF_P05	0.00160771704180064	3	NA	NA	NA	NA	No	post_specific	R-post_novel
P05	R	030	good	moderate	B	good	good	P05-Treat	TRAV3;TRBV27_;_TRAJ21;TRBJ2-1_TRA:CAVRDIGGNFNKFYF;TRB:CATQREATYNEQFF_P05	0.00643086816720257	12	P05-Baseline	0.00252270433905146	5	No	No	pre_post_share	R-pre_existing
P05	R	030	good	moderate	B	good	good	P05-Treat	TRAV14/DV4;TRBV27_;_TRAJ36;TRBJ1-1_TRA:CAMSLGRVGTGANNLFF;TRB:CASTGIGMNTEAFF_P05	0.00107181136120042	2	NA	NA	NA	NA	No	post_specific	R-post_novel
P05	R	030	good	moderate	B	good	good	P05-Treat	TRAV19;TRBV24-1_;_TRAJ32;TRBJ2-1_TRA:CALHSYGGATNKLIF;TRB:CATSDSGLGGNEQFF_P05	0.00107181136120042	2	P05-Baseline	5.045408678102926e-4	1	No	No	pre_post_share	R-pre_existing
P05	R	030	good	moderate	B	good	good	P05-Treat	TRAV16;TRBV6-5_;_TRAJ37;TRBJ2-1_TRA:CALKISNTGKLIF;TRB:CASRRRGGWTTSGRPNEQFF_P05	0.01071811361200428	20	P05-Baseline	0.01009081735620585	20	Yes	Yes	pre_post_share	R-pre_existing
P05	R	030	good	moderate	B	good	good	P05-Treat	TRAV1-2;TRBV6-1_;TRBD1_TRAJ33;TRBJ1-6_TRA:CAVRDSNYQLIW;TRB:CASSAEPGQGSSPLHF_P05	0.00160771704180064	3	NA	NA	NA	NA	No	post_specific	R-post_novel
P05	R	030	good	moderate	B	good	good	P05-Treat	TRAV19;TRBV5-1_;_TRAJ20;TRBJ1-1_TRA:CALRNDDYKLSF;TRB:CASSLSTPNTEAFF_P05	0.00107181136120042	2	NA	NA	NA	NA	No	post_specific	R-post_novel
P05	R	030	good	moderate	B	good	good	P05-Treat	TRAV1-2;TRBV6-2_;_TRAJ33;TRBJ1-6_TRA:CAVMDSNYQLIW;TRB:CASSYAGADNSPLHF_P05	0.00107181136120042	2	P05-Baseline	0.00151362260343087	3	No	No	pre_post_share	R-pre_existing
P05	R	030	good	moderate	B	good	good	P05-Treat	TRAV14/DV4;TRBV29-1_;_TRAJ15;TRBJ2-5_TRA:CAMRENQAGTALIF;TRB:CSVDFYLRPGQDGETQYF_P05	0.00267952840300107	5	NA	NA	NA	NA	No	post_specific	R-post_novel
P05	R	030	good	moderate	B	good	good	P05-Treat	TRAV10;TRBV2_;_TRAJ13;TRBJ2-6_TRA:CVVPISGGYQKVTF;TRB:CASSRDQLSGANVLTF_P05	0.00214362272240085	4	P05-Baseline	5.045408678102926e-4	1	No	No	pre_post_share	R-pre_existing
P05	R	030	good	moderate	B	good	good	P05-Treat	TRAV29/DV5;TRBV5-1_;_TRAJ39;TRBJ1-3_TRA:CAASANAGNMLTF;TRB:CASSLDFRNTIYF_P05	0.00160771704180064	3	NA	NA	NA	NA	No	post_specific	R-post_novel
P05	R	030	good	moderate	B	good	good	P05-Treat	TRAV1-2;TRBV6-1_;TRBD1_TRAJ33;TRBJ2-3_TRA:CAVVDSNYQLIW;TRB:CASSGTGSTDTQYF_P05	0.00321543408360128	6	P05-Baseline	0.00756811301715438	15	No	No	pre_post_share	R-pre_existing
P05	R	030	good	moderate	B	good	good	P05-Treat	TRAV16;TRBV6-5_;_TRAJ31;TRBJ2-1_TRA:CALGTSSNARLMF;TRB:CASSSPLAGYYNEQFF_P05	0.00107181136120042	2	NA	NA	NA	NA	No	post_specific	R-post_novel
P05	R	030	good	moderate	B	good	good	P05-Treat	TRAV2;TRBV28_;_TRAJ15;TRBJ2-3_TRA:CAVSQAGTALIF;TRB:CASSLSGAATTDTQYF_P05	0.00107181136120042	2	NA	NA	NA	NA	No	post_specific	R-post_novel
P05	R	030	good	moderate	B	good	good	P05-Treat	TRAV12-2;TRBV7-8_;_TRAJ27;TRBJ2-1_TRA:CAVNTNAGKSTF;TRB:CASSSLPGPADNEQFF_P05	0.00107181136120042	2	NA	NA	NA	NA	No	post_specific	R-post_novel
P05	R	030	good	moderate	B	good	good	P05-Treat	TRAV17;TRBV28_;_TRAJ58;TRBJ1-1_TRA:CATGGSRLTF;TRB:CASSLTGRHEAFF_P05	0.00107181136120042	2	NA	NA	NA	NA	No	post_specific	R-post_novel
P05	R	030	good	moderate	B	good	good	P05-Treat	TRAV26-1;TRBV7-3_;_TRAJ54;TRBJ1-6_TRA:CIALQGAQKLVF;TRB:CASSLTGLSGPLHF_P05	0.00107181136120042	2	NA	NA	NA	NA	No	post_specific	R-post_novel
P05	R	030	good	moderate	B	good	good	P05-Treat	TRAV4;TRBV2_;_TRAJ37;TRBJ1-2_TRA:CLVGEGPGSSNTGKLIF;TRB:CASSRRGNGYTF_P05	0.00160771704180064	3	NA	NA	NA	NA	No	post_specific	R-post_novel
P05	R	030	good	moderate	B	good	good	P05-Treat	TRAV8-6;TRBV6-5_;_TRAJ15;TRBJ1-1_TRA:CADRTALIF;TRB:CASSSGGGEVFTEAFF_P05	0.00107181136120042	2	NA	NA	NA	NA	No	post_specific	R-post_novel
P05	R	030	good	moderate	B	good	good	P05-Treat	TRAV17;TRBV28_;_TRAJ24;TRBJ1-2_TRA:CATDSLTDSWGKFQF;TRB:CASSLTLGQDQLLYGYTF_P05	0.00964630225080386	18	P05-Baseline	5.045408678102926e-4	1	No	No	pre_post_share	R-pre_existing
P05	R	030	good	moderate	B	good	good	P05-Treat	TRAV27;TRBV24-1_;_TRAJ52;TRBJ2-1_TRA:CAGSNAGGTSYGKLTF;TRB:CATSGGLAGGGAVDEQFF_P05	0.00107181136120042	2	NA	NA	NA	NA	No	post_specific	R-post_novel
P05	R	030	good	moderate	B	good	good	P05-Treat	TRAV27;TRBV4-3_;_TRAJ26;TRBJ2-1_TRA:CAGAGLDYGQNFVF;TRB:CASSTGVADYNEQFF_P05	0.00160771704180064	3	NA	NA	NA	NA	No	post_specific	R-post_novel
P05	R	030	good	moderate	B	good	good	P05-Treat	TRAV19;TRBV7-2_;TRBD1_TRAJ35;TRBJ2-3_TRA:CALSERGFGNVLHC;TRB:CASSARQGGMTDTQYF_P05	0.00643086816720257	12	P05-Baseline	0.00201816347124117	4	No	No	pre_post_share	R-pre_existing
P05	R	030	good	moderate	B	good	good	P05-Treat	TRAV29/DV5;TRBV6-5_;TRBD1_TRAJ20;TRBJ2-3_TRA:CAASYSNDYKLSF;TRB:CASRGTGYRSTDTQYF_P05	0.00107181136120042	2	NA	NA	NA	NA	No	post_specific	R-post_novel
P05	R	030	good	moderate	B	good	good	P05-Treat	TRAV13-1;TRBV24-1_;_TRAJ9;TRBJ2-7_TRA:CAASGRTGGFKTIF;TRB:CATSDARQANIYEQYF_P05	0.00107181136120042	2	NA	NA	NA	NA	No	post_specific	R-post_novel
P05	R	030	good	moderate	B	good	good	P05-Treat	TRAV8-3;TRBV28_;_TRAJ16;TRBJ1-1_TRA:CAVGALSDGQKLLF;TRB:CASSYRVRAPVDTEAFF_P05	0.00107181136120042	2	NA	NA	NA	NA	No	post_specific	R-post_novel
P05	R	030	good	moderate	B	good	good	P05-Treat	TRAV12-2;TRBV2_;_TRAJ20;TRBJ2-5_TRA:CAVSYDYKLSF;TRB:CASSESAGGVTEETQYF_P05	0.0037513397642015	7	P05-Baseline	0.00151362260343087	3	No	No	pre_post_share	R-pre_existing
P05	R	030	good	moderate	B	good	good	P05-Treat	TRAV29/DV5;TRBV27_;_TRAJ34;TRBJ2-5_TRA:CAPRSYNTDKLIF;TRB:CASSLSGGETQYF_P05	0.00267952840300107	5	P05-Baseline	5.045408678102926e-4	1	No	No	pre_post_share	R-pre_existing
P05	R	030	good	moderate	B	good	good	P05-Treat	TRAV38-2/DV8;TRBV7-2_;_TRAJ35;TRBJ2-1_TRA:CAFSPEDGFGNVLHC;TRB:CASSPRGSGRSEQFF_P05	0.00107181136120042	2	P05-Baseline	5.045408678102926e-4	1	No	No	pre_post_share	R-pre_existing
P05	R	030	good	moderate	B	good	good	P05-Treat	TRAV19;TRBV29-1_;TRBD1_TRAJ31;TRBJ2-7_TRA:CALSSDNNARLMF;TRB:CSVEGQGFYEQYF_P05	0.00107181136120042	2	NA	NA	NA	NA	No	post_specific	R-post_novel
P05	R	030	good	moderate	B	good	good	P05-Treat	TRAV8-2;TRBV2_;_TRAJ54;TRBJ2-3_TRA:CVVSEGGAQKLVF;TRB:CASYLADGTDTQYF_P05	0.01339764201500536	25	NA	NA	NA	NA	Yes	post_specific	R-post_novel
P05	R	030	good	moderate	B	good	good	P05-Treat	TRAV19;TRBV7-6_;_TRAJ44;TRBJ2-7_TRA:CALSEAKVGWAGTASKLTF;TRB:CASSSDQGARNEQYF_P05	0.00214362272240085	4	NA	NA	NA	NA	No	post_specific	R-post_novel
P05	R	030	good	moderate	B	good	good	P05-Treat	TRAV29/DV5;TRBV18_;_TRAJ37;TRBJ1-2_TRA:CAASVRSSNTGKLIF;TRB:CASSPIPSPEHGYTF_P05	0.00160771704180064	3	NA	NA	NA	NA	No	post_specific	R-post_novel
P05	R	030	good	moderate	B	good	good	P05-Treat	TRAV26-2;TRBV6-2_;TRBD1_TRAJ53;TRBJ2-7_TRA:CILRVDSGGSNYKLTF;TRB:CASSYSRDRGEYEQYF_P05	0.00107181136120042	2	NA	NA	NA	NA	No	post_specific	R-post_novel
P05	R	030	good	moderate	B	good	good	P05-Treat	TRAV16;TRBV7-8_;_TRAJ17;TRBJ1-1_TRA:CALWPKAAGNKLTF;TRB:CASSSRVSGNTEAFF_P05	0.00214362272240085	4	P05-Baseline	0.00201816347124117	4	No	No	pre_post_share	R-pre_existing
P05	R	030	good	moderate	B	good	good	P05-Treat	TRAV17;TRBV12-3_;_TRAJ39;TRBJ2-7_TRA:CATDNAGNMLTF;TRB:CASSLQAGGPHEQYF_P05	0.00107181136120042	2	NA	NA	NA	NA	No	post_specific	R-post_novel
P05	R	030	good	moderate	B	good	good	P05-Treat	TRAV3;TRBV19_;_TRAJ53;TRBJ2-2_TRA:CAVSHSGGSNYKLTF;TRB:CASSMTVTGELFF_P05	0.00107181136120042	2	NA	NA	NA	NA	No	post_specific	R-post_novel
P05	R	030	good	moderate	B	good	good	P05-Treat	TRAV1-2;TRBV20-1_;_TRAJ33;TRBJ2-5_TRA:CAVQDSNYQLIW;TRB:CSARDGGSQETQYF_P05	0.00107181136120042	2	NA	NA	NA	NA	No	post_specific	R-post_novel
P05	R	030	good	moderate	B	good	good	P05-Treat	TRAV13-1;TRBV7-9_;TRBD2_TRAJ20;TRBJ2-1_TRA:CAARSNDYKLSF;TRB:CASEGLAVGNEQFF_P05	0.00160771704180064	3	NA	NA	NA	NA	No	post_specific	R-post_novel
P05	R	030	good	moderate	B	good	good	P05-Treat	TRAV17;TRBV4-1_;_TRAJ6;TRBJ2-1_TRA:CATSSSGGSYIPTF;TRB:CASTTSGGEHNEQFF_P05	0.00160771704180064	3	NA	NA	NA	NA	No	post_specific	R-post_novel
P05	R	030	good	moderate	B	good	good	P05-Treat	TRAV1-2;TRBV6-1_;_TRAJ33;TRBJ2-7_TRA:CAVKDSNYQLIW;TRB:CASSEKAETTQQYF_P05	0.00267952840300107	5	P05-Baseline	0.00252270433905146	5	No	No	pre_post_share	R-pre_existing
P05	R	030	good	moderate	B	good	good	P05-Treat	TRAV8-4;TRBV9_;TRBD1_TRAJ24;TRBJ1-1_TRA:CASTDSWGKLQF;TRB:CASSPAGGQGGAEAFF_P05	0.00107181136120042	2	NA	NA	NA	NA	No	post_specific	R-post_novel
P05	R	030	good	moderate	B	good	good	P05-Treat	TRAV8-6;TRBV10-1_;_TRAJ3;TRBJ2-7_TRA:CAVSRGGYSSASKIIF;TRB:CASSESGTANYEQYF_P05	0.00107181136120042	2	NA	NA	NA	NA	No	post_specific	R-post_novel
P05	R	030	good	moderate	B	good	good	P05-Treat	TRAV8-6;TRBV20-1_;_TRAJ34;TRBJ2-7_TRA:CAVSEGNTDKLIF;TRB:CSARDSGTSDYEQYF_P05	0.00160771704180064	3	NA	NA	NA	NA	No	post_specific	R-post_novel
P05	R	030	good	moderate	B	good	good	P05-Treat	TRAV19;TRBV4-2_;_TRAJ23;TRBJ2-1_TRA:CALSERNQGGKLIF;TRB:CASSQDKDFYEQFF_P05	0.00160771704180064	3	P05-Baseline	0.00100908173562058	2	No	No	pre_post_share	R-pre_existing
P05	R	030	good	moderate	B	good	good	P05-Treat	TRAV14/DV4;TRBV28_;_TRAJ38;TRBJ1-4_TRA:CAMREIAGNNRKLIW;TRB:CASSSSQGRMKEKLFF_P05	0.00803858520900321	15	P05-Baseline	0.0131180625630676	26	Yes	No	pre_post_share	R-pre_existing
P05	R	030	good	moderate	B	good	good	P05-Treat	TRAV30;TRBV9_;_TRAJ40;TRBJ1-4_TRA:CGTDTFTSGTYKYIF;TRB:CASSSTGVDEKLFF_P05	0.00107181136120042	2	P05-Baseline	0.00100908173562058	2	No	No	pre_post_share	R-pre_existing
P05	R	030	good	moderate	B	good	good	P05-Treat	TRAV13-1;TRBV19_;_TRAJ33;TRBJ2-1_TRA:CAASIGPTDSNYQLIW;TRB:CASSIDRAGGGDNEQFF_P05	0.00160771704180064	3	NA	NA	NA	NA	No	post_specific	R-post_novel
P05	R	030	good	moderate	B	good	good	P05-Treat	TRAV35;TRBV7-6_;_TRAJ29;TRBJ2-7_TRA:CAGQGDSGNTPLVF;TRB:CASSSFPGQTYEQYF_P05	0.00107181136120042	2	NA	NA	NA	NA	No	post_specific	R-post_novel
P05	R	030	good	moderate	B	good	good	P05-Treat	TRAV12-1;TRBV7-2_;_TRAJ26;TRBJ2-1_TRA:CVVIDNYGQNFVF;TRB:CASSFSPQVAGSYNEQFF_P05	0.00160771704180064	3	NA	NA	NA	NA	No	post_specific	R-post_novel
P05	R	030	good	moderate	B	good	good	P05-Treat	TRAV20;TRBV27_;_TRAJ22;TRBJ1-2_TRA:CAVHSGSARQLTF;TRB:CASMGQANYGYTF_P05	0.00107181136120042	2	NA	NA	NA	NA	No	post_specific	R-post_novel
P05	R	030	good	moderate	B	good	good	P05-Treat	TRAV12-1;TRBV9_;TRBD1_TRAJ34;TRBJ2-2_TRA:CVVSYNTDKLIF;TRB:CASSVAGTGGTGELFF_P05	0.00107181136120042	2	NA	NA	NA	NA	No	post_specific	R-post_novel
P05	R	030	good	moderate	B	good	good	P05-Treat	TRAV13-1;TRBV7-2_;_TRAJ5;TRBJ1-4_TRA:CAASKDTGRRALTF;TRB:CASSMGHRTNEKLFF_P05	0.00107181136120042	2	P05-Baseline	5.045408678102926e-4	1	No	No	pre_post_share	R-pre_existing
P05	R	030	good	moderate	B	good	good	P05-Treat	TRAV1-2;TRBV20-1_;_TRAJ33;TRBJ2-1_TRA:CAVMDSNYQLIW;TRB:CSARVIGGDHNEQFF_P05	0.00107181136120042	2	P05-Baseline	0.00100908173562058	2	No	No	pre_post_share	R-pre_existing
P05	R	030	good	moderate	B	good	good	P05-Treat	TRAV26-1;TRBV6-2_;_TRAJ26;TRBJ1-1_TRA:CIVRVLGGQNFVF;TRB:CASRGTVNTEAFF_P05	0.00107181136120042	2	NA	NA	NA	NA	No	post_specific	R-post_novel
P05	R	030	good	moderate	B	good	good	P05-Treat	TRAV12-2;TRBV7-2_;_TRAJ28;TRBJ1-5_TRA:CAVNLQNGAGSYQLTF;TRB:CASSSFRLDQPQHF_P05	0.00107181136120042	2	NA	NA	NA	NA	No	post_specific	R-post_novel
P05	R	030	good	moderate	B	good	good	P05-Treat	TRAV12-2;TRBV7-8_;_TRAJ15;TRBJ2-1_TRA:CAGNQAGTALIF;TRB:CASSLGIANEQFF_P05	0.00107181136120042	2	P05-Baseline	0.00100908173562058	2	No	No	pre_post_share	R-pre_existing
P05	R	030	good	moderate	B	good	good	P05-Treat	TRAV35;TRBV30_;_TRAJ43;TRBJ1-2_TRA:CAAPWNNNDMRF;TRB:CAWSDPGGRAYGYTF_P05	0.00160771704180064	3	P05-Baseline	5.045408678102926e-4	1	No	No	pre_post_share	R-pre_existing
P05	R	030	good	moderate	B	good	good	P05-Treat	TRAV35;TRBV5-4_;_TRAJ49;TRBJ2-7_TRA:CAGQSQWNTGNQFYF;TRB:CASQAQDYEQYF_P05	0.00803858520900321	15	NA	NA	NA	NA	No	post_specific	R-post_novel
P05	R	030	good	moderate	B	good	good	P05-Treat	TRAV13-1;TRBV20-1_;_TRAJ10;TRBJ2-5_TRA:CAAKGGGGNKLTF;TRB:CSASSDSGTQETQYF_P05	0.00160771704180064	3	P05-Baseline	5.045408678102926e-4	1	No	No	pre_post_share	R-pre_existing
P05	R	030	good	moderate	B	good	good	P05-Treat	TRAV13-1;TRBV20-1_;_TRAJ44;TRBJ2-5_TRA:CAASSSTGTASKLTF;TRB:CSAPDPAGGLETQYF_P05	0.00107181136120042	2	NA	NA	NA	NA	No	post_specific	R-post_novel
P05	R	030	good	moderate	B	good	good	P05-Treat	TRAV5;TRBV12-3_;_TRAJ22;TRBJ1-2_TRA:CAASSGSARQLTF;TRB:CASSLETGRGYTF_P05	0.00107181136120042	2	NA	NA	NA	NA	No	post_specific	R-post_novel
P05	R	030	good	moderate	B	good	good	P05-Treat	TRAV5;TRBV18_;_TRAJ4;TRBJ1-1_TRA:CAEREGGYNKLIF;TRB:CASSSENRENTEAFF_P05	0.00107181136120042	2	NA	NA	NA	NA	No	post_specific	R-post_novel
P05	R	030	good	moderate	B	good	good	P05-Treat	TRAV9-2;TRBV6-5_;_TRAJ20;TRBJ2-3_TRA:CALSDSGWDNDYKLSF;TRB:CASSYSGLAVASTDTQYF_P05	0.00214362272240085	4	NA	NA	NA	NA	No	post_specific	R-post_novel
P05	R	030	good	moderate	B	good	good	P05-Treat	TRAV25;TRBV5-5_;_TRAJ45;TRBJ2-1_TRA:CAGYLESGGGADGLTF;TRB:CASSGDFYNEQFF_P05	0.00267952840300107	5	P05-Baseline	0.00252270433905146	5	No	No	pre_post_share	R-pre_existing
P05	R	030	good	moderate	B	good	good	P05-Treat	TRAV13-2;TRBV5-1_;_TRAJ39;TRBJ2-7_TRA:CAENTRPSNNAGNMLTF;TRB:CASSWGGFGGYEQYF_P05	0.00107181136120042	2	NA	NA	NA	NA	No	post_specific	R-post_novel
P05	R	030	good	moderate	B	good	good	P05-Treat	TRAV8-1;TRBV30_;_TRAJ23;TRBJ1-2_TRA:CAVSALIYNQGGKLIF;TRB:CAWKWGVGGYTF_P05	0.00107181136120042	2	NA	NA	NA	NA	No	post_specific	R-post_novel
P05	R	030	good	moderate	B	good	good	P05-Treat	TRAV13-2;TRBV9_;_TRAJ30;TRBJ1-2_TRA:CAERDYRDDKIIF;TRB:CASSPYRGGDYGYTF_P05	0.00160771704180064	3	NA	NA	NA	NA	No	post_specific	R-post_novel
P05	R	030	good	moderate	B	good	good	P05-Treat	TRAV8-6;TRBV6-2_;_TRAJ42;TRBJ1-1_TRA:CAVRRYGGSQGNLIF;TRB:CASLRDPNTEAFF_P05	0.00160771704180064	3	NA	NA	NA	NA	No	post_specific	R-post_novel
P05	R	030	good	moderate	B	good	good	P05-Treat	TRAV14/DV4;TRBV2_;_TRAJ24;TRBJ2-1_TRA:CAMREGNPADSWGKFQF;TRB:CASRTGTSDHEQFF_P05	0.00160771704180064	3	NA	NA	NA	NA	No	post_specific	R-post_novel
P05	R	030	good	moderate	B	good	good	P05-Treat	TRAV4;TRBV7-9_;TRBD1_TRAJ37;TRBJ2-7_TRA:CLVGDGPGSSNTGKLIF;TRB:CASSKRQGGINEQYF_P05	0.0037513397642015	7	NA	NA	NA	NA	No	post_specific	R-post_novel
P05	R	030	good	moderate	B	good	good	P05-Treat	TRAV14/DV4;TRBV5-6_;_TRAJ21;TRBJ1-2_TRA:CAMREGQDNFNKFYF;TRB:CASSLEGRSGYTF_P05	0.007502679528403	14	P05-Baseline	0.00151362260343087	3	No	No	pre_post_share	R-pre_existing
P05	R	030	good	moderate	B	good	good	P05-Treat	TRAV12-1;TRBV10-3_;TRBD1_TRAJ6;TRBJ2-7_TRA:CVVNYPSGGSYIPTF;TRB:CAIRDRVGSYEQYF_P05	0.00428724544480171	8	NA	NA	NA	NA	No	post_specific	R-post_novel
P05	R	030	good	moderate	B	good	good	P05-Treat	TRAV8-3;TRBV20-1_;_TRAJ26;TRBJ2-7_TRA:CAVAGGQNFVF;TRB:CSARDAGTSSYEQYF_P05	0.00107181136120042	2	P05-Baseline	0.00100908173562058	2	No	No	pre_post_share	R-pre_existing
P05	R	030	good	moderate	B	good	good	P05-Treat	TRAV17;TRBV19_;_TRAJ57;TRBJ2-6_TRA:CATAQGGSEKLVF;TRB:CASSAAGGARAGANVLTF_P05	0.00107181136120042	2	NA	NA	NA	NA	No	post_specific	R-post_novel
P05	R	030	good	moderate	B	good	good	P05-Treat	TRAV13-1;TRBV6-5_;_TRAJ48;TRBJ2-7_TRA:CAARPFGNEKLTF;TRB:CASSYSTGVEQYF_P05	0.00160771704180064	3	NA	NA	NA	NA	No	post_specific	R-post_novel
P05	R	030	good	moderate	B	good	good	P05-Treat	TRAV17;TRBV30_;TRBD1_TRAJ57;TRBJ1-5_TRA:CATLTQGGSEKLVF;TRB:CAWRAETGRSNQPQHF_P05	0.00107181136120042	2	NA	NA	NA	NA	No	post_specific	R-post_novel
P05	R	030	good	moderate	B	good	good	P05-Treat	TRAV1-2;TRBV6-1_;_TRAJ33;TRBJ2-2_TRA:CAVRDSNYQLIW;TRB:CASSEKGDTGELFF_P05	0.00160771704180064	3	NA	NA	NA	NA	No	post_specific	R-post_novel
P05	R	030	good	moderate	B	good	good	P05-Treat	TRAV10;TRBV7-9_;_TRAJ40;TRBJ2-1_TRA:CVVSAGPGTYKYIF;TRB:CASSPIQTTLYNEQFF_P05	0.00107181136120042	2	NA	NA	NA	NA	No	post_specific	R-post_novel
P05	R	030	good	moderate	B	good	good	P05-Treat	TRAV2;TRBV25-1_;_TRAJ6;TRBJ2-1_TRA:CAVLSGGSYIPTF;TRB:CASSYREVYNEQFF_P05	0.00321543408360128	6	P05-Baseline	0.00252270433905146	5	No	No	pre_post_share	R-pre_existing
P05	R	030	good	moderate	B	good	good	P05-Treat	TRAV9-2;TRBV30_;_TRAJ45;TRBJ2-2_TRA:CALSDDSGGGADGLTF;TRB:CAWSVQRTGELFF_P05	0.00107181136120042	2	NA	NA	NA	NA	No	post_specific	R-post_novel
P05	R	030	good	moderate	B	good	good	P05-Treat	TRAV12-1;TRBV20-1_;_TRAJ13;TRBJ2-6_TRA:CVVNDGGYQKVTF;TRB:CSARATGLAGAGANVLTF_P05	0.00107181136120042	2	NA	NA	NA	NA	No	post_specific	R-post_novel
P05	R	030	good	moderate	B	good	good	P05-Treat	TRAV36/DV7;TRBV4-1_;_TRAJ28;TRBJ2-7_TRA:CAVNSGAGSYQLTF;TRB:CASSHGQVYEQYF_P05	0.00214362272240085	4	P05-Baseline	5.045408678102926e-4	1	No	No	pre_post_share	R-pre_existing
P05	R	030	good	moderate	B	good	good	P05-Treat	TRAV20;TRBV27_;_TRAJ42;TRBJ2-7_TRA:CAVQAWYGGSQGNLIF;TRB:CASSLRGRSSYEQYF_P05	0.00107181136120042	2	P05-Baseline	5.045408678102926e-4	1	No	No	pre_post_share	R-pre_existing
P05	R	030	good	moderate	B	good	good	P05-Treat	TRAV17;TRBV27_;_TRAJ13;TRBJ1-1_TRA:CATVPNSGGYQKVTF;TRB:CASSPQGRLGAFF_P05	0.00107181136120042	2	NA	NA	NA	NA	No	post_specific	R-post_novel
P05	R	030	good	moderate	B	good	good	P05-Treat	TRAV17;TRBV29-1_;_TRAJ52;TRBJ2-1_TRA:CATDAGGTSYGKLTF;TRB:CSVEVWDSRYNEQFF_P05	0.00107181136120042	2	NA	NA	NA	NA	No	post_specific	R-post_novel
P05	R	030	good	moderate	B	good	good	P05-Treat	TRAV12-2;TRBV29-1_;_TRAJ8;TRBJ2-1_TRA:CAVRGSFQKLVF;TRB:CSVEPYLSSGNEQFF_P05	0.01071811361200428	20	P05-Baseline	0.00201816347124117	4	No	Yes	pre_post_share	R-pre_existing
P05	R	030	good	moderate	B	good	good	P05-Treat	TRAV12-2;TRBV7-3_;TRBD2_TRAJ32;TRBJ2-3_TRA:CAVKGYGGATNKLIF;TRB:CASSPTGVAGGAPRLQYF_P05	0.00107181136120042	2	P05-Baseline	0.00151362260343087	3	No	No	pre_post_share	R-pre_existing
P05	R	030	good	moderate	B	good	good	P05-Treat	TRAV21;TRBV5-1_;_TRAJ24;TRBJ2-1_TRA:CAVTSMTTDSWGKLQF;TRB:CASSLGGQSYNEQFF_P05	0.00107181136120042	2	NA	NA	NA	NA	No	post_specific	R-post_novel
P05	R	030	good	moderate	B	good	good	P05-Treat	TRAV1-2;TRBV6-4_;TRBD1_TRAJ33;TRBJ2-3_TRA:CAVMDSNYQLIW;TRB:CASSDSTGGTDTQYF_P05	0.00321543408360128	6	P05-Baseline	0.00252270433905146	5	No	No	pre_post_share	R-pre_existing
P05	R	030	good	moderate	B	good	good	P05-Treat	TRAV22;TRBV7-2_;_TRAJ52;TRBJ2-7_TRA:CAATYGKLTF;TRB:CASSSQGAAIYEQYF_P05	0.01071811361200428	20	NA	NA	NA	NA	No	post_specific	R-post_novel
P05	R	030	good	moderate	B	good	good	P05-Treat	TRAV13-1;TRBV2_;_TRAJ42;TRBJ2-7_TRA:CAARWGYGGSQGNLIF;TRB:CASSEISAGNRYEQYF_P05	0.00214362272240085	4	NA	NA	NA	NA	No	post_specific	R-post_novel
P05	R	030	good	moderate	B	good	good	P05-Treat	TRAV5;TRBV7-6_;_TRAJ41;TRBJ2-7_TRA:CAETEPYALNF;TRB:CASSSDQGARNEQYF_P05	0.00267952840300107	5	NA	NA	NA	NA	No	post_specific	R-post_novel
P05	R	030	good	moderate	B	good	good	P05-Treat	TRAV8-1;TRBV5-5_;TRBD1_TRAJ13;TRBJ2-2_TRA:CALNSGGYQKVTF;TRB:CASSLEGGQGITGELFF_P05	0.00267952840300107	5	P05-Baseline	0.01210898082744702	24	Yes	No	pre_post_share	R-pre_existing
P05	R	030	good	moderate	B	good	good	P05-Treat	TRAV8-1;TRBV7-2_;_TRAJ39;TRBJ2-7_TRA:CAVWGNAGNMLTF;TRB:CASSLSGRSYEQYF_P05	0.00107181136120042	2	NA	NA	NA	NA	No	post_specific	R-post_novel
P05	R	030	good	moderate	B	good	good	P05-Treat	TRAV22;TRBV30_;_TRAJ39;TRBJ2-2_TRA:CAVGDNAGNMLTF;TRB:CAWSVVGTGELFF_P05	0.00107181136120042	2	NA	NA	NA	NA	No	post_specific	R-post_novel
P05	R	030	good	moderate	B	good	good	P05-Treat	TRAV16;TRBV4-2_;_TRAJ38;TRBJ2-7_TRA:CALSGTNAGNNRKLIW;TRB:CASSQDLGGGGYEQYF_P05	0.00160771704180064	3	P05-Baseline	0.00201816347124117	4	No	No	pre_post_share	R-pre_existing
P05	R	030	good	moderate	B	good	good	P05-Treat	TRAV29/DV5;TRBV27_;_TRAJ49;TRBJ1-6_TRA:CAASADPAGNQFYF;TRB:CASSGRDQGYKVSPLHF_P05	0.00107181136120042	2	NA	NA	NA	NA	No	post_specific	R-post_novel
P05	R	030	good	moderate	B	good	good	P05-Treat	TRAV1-1;TRBV11-2_;_TRAJ17;TRBJ2-7_TRA:CAVGNAAGNKLTF;TRB:CASSLAGGGSIYEQYF_P05	0.00160771704180064	3	P05-Baseline	5.045408678102926e-4	1	No	No	pre_post_share	R-pre_existing
P05	R	030	good	moderate	B	good	good	P05-Treat	TRAV29/DV5;TRBV28_;_TRAJ16;TRBJ2-3_TRA:CAASVWTDGQKLLF;TRB:CASSPGTTSTDTQYF_P05	0.00428724544480171	8	P05-Baseline	0.0136226034308779	27	Yes	No	pre_post_share	R-pre_existing
P05	R	030	good	moderate	B	good	good	P05-Treat	TRAV29/DV5;TRBV5-1_;_TRAJ39;TRBJ2-2_TRA:CAARMEGAGNMLTF;TRB:CASSLTGVKDTGELFF_P05	0.00267952840300107	5	NA	NA	NA	NA	No	post_specific	R-post_novel
P05	R	030	good	moderate	B	good	good	P05-Treat	TRAV29/DV5;TRBV6-1_;_TRAJ33;TRBJ1-1_TRA:CAASSGDSNYQLIW;TRB:CASSEGVNTEAFF_P05	0.00803858520900321	15	P05-Baseline	5.045408678102926e-4	1	No	No	pre_post_share	R-pre_existing
P05	R	030	good	moderate	B	good	good	P05-Treat	TRAV3;TRBV19_;TRBD1_TRAJ22;TRBJ2-3_TRA:CAVRDRGSARQLTF;TRB:CASSVGQGGTDTQYF_P05	0.00107181136120042	2	NA	NA	NA	NA	No	post_specific	R-post_novel
P05	R	030	good	moderate	B	good	good	P05-Treat	TRAV3;TRBV5-1_;_TRAJ8;TRBJ2-1_TRA:CAVRDPVADTGFQKLVF;TRB:CASSTPDNEQFF_P05	0.0037513397642015	7	NA	NA	NA	NA	No	post_specific	R-post_novel
P05	R	030	good	moderate	B	good	good	P05-Treat	TRAV3;TRBV5-4_;TRBD1_TRAJ32;TRBJ2-1_TRA:CAVSPGGGATNKLIF;TRB:CASSAGGAHYNEQFF_P05	0.00107181136120042	2	NA	NA	NA	NA	No	post_specific	R-post_novel
P05	R	030	good	moderate	B	good	good	P05-Treat	TRAV30;TRBV10-3_;TRBD1_TRAJ48;TRBJ1-2_TRA:CGTNFGNEKLTF;TRB:CAIRTGGYGYTF_P05	0.00535905680600214	10	P05-Baseline	5.045408678102926e-4	1	No	No	pre_post_share	R-pre_existing
P05	R	030	good	moderate	B	good	good	P05-Treat	TRAV30;TRBV30_;TRBD1_TRAJ52;TRBJ2-3_TRA:CGTEGSGTSYGKLTF;TRB:CAWSLTGAGDTQYF_P05	0.00214362272240085	4	P05-Baseline	0.00100908173562058	2	No	No	pre_post_share	R-pre_existing
P05	R	030	good	moderate	B	good	good	P05-Treat	TRAV9-2;TRBV15_;TRBD1_TRAJ10;TRBJ2-5_TRA:CALSDSGGGNKLTF;TRB:CATSRDQGMGETQYF_P05	0.0037513397642015	7	P05-Baseline	0.00302724520686175	6	No	No	pre_post_share	R-pre_existing
P05	R	030	good	moderate	B	good	good	P05-Treat	TRAV10;TRBV20-1_;TRBD1_TRAJ4;TRBJ1-5_TRA:CVVSESGGYNKLIF;TRB:CSAGTGLSNQPQHF_P05	0.00107181136120042	2	NA	NA	NA	NA	No	post_specific	R-post_novel
P05	R	030	good	moderate	B	good	good	P05-Treat	TRAV35;TRBV29-1_;_TRAJ43;TRBJ1-2_TRA:CAGQLYNDMRF;TRB:CSVEPHLLGGYTF_P05	0.00107181136120042	2	NA	NA	NA	NA	No	post_specific	R-post_novel
P05	R	030	good	moderate	B	good	good	P05-Treat	TRAV35;TRBV7-9_;TRBD1_TRAJ45;TRBJ2-1_TRA:CAGQLEDSGGGADGLTF;TRB:CASSFGQGVDNEQFF_P05	0.00107181136120042	2	NA	NA	NA	NA	No	post_specific	R-post_novel
P05	R	030	good	moderate	B	good	good	P05-Treat	TRAV38-2/DV8;TRBV11-3_;_TRAJ45;TRBJ2-2_TRA:CAYYPRMYSGGGADGLTF;TRB:CASSPPGGMNTGELFF_P05	0.00107181136120042	2	NA	NA	NA	NA	No	post_specific	R-post_novel
P05	R	030	good	moderate	B	good	good	P05-Treat	TRAV20;TRBV30_;_TRAJ49;TRBJ2-7_TRA:CAVQPPGGNQFYF;TRB:CAWSSGYAYEQYF_P05	0.00160771704180064	3	P05-Baseline	0.00151362260343087	3	No	No	pre_post_share	R-pre_existing
P05	R	030	good	moderate	B	good	good	P05-Treat	TRAV21;TRBV20-1_;_TRAJ22;TRBJ1-5_TRA:CAVLSGSARQLTF;TRB:CSARDAFTAPLHSNQPQHF_P05	0.00214362272240085	4	P05-Baseline	5.045408678102926e-4	1	No	No	pre_post_share	R-pre_existing
P05	R	030	good	moderate	B	good	good	P05-Treat	TRAV4;TRBV11-1_;_TRAJ40;TRBJ2-3_TRA:CLGRLTSGTYKYIF;TRB:CASSLAHTVTDTQYF_P05	0.00267952840300107	5	P05-Baseline	0.00100908173562058	2	No	No	pre_post_share	R-pre_existing
P05	R	030	good	moderate	B	good	good	P05-Treat	TRAV12-2;TRBV7-6_;_TRAJ36;TRBJ2-1_TRA:CAVRKQTGANNLFF;TRB:CASSLDYGTPLQFF_P05	0.00107181136120042	2	NA	NA	NA	NA	No	post_specific	R-post_novel
P05	R	030	good	moderate	B	good	good	P05-Treat	TRAV21;TRBV4-1_;_TRAJ37;TRBJ1-2_TRA:CAVSSNTGKLIF;TRB:CASSQKGGPSNYGYTF_P05	0.00696677384780278	13	P05-Baseline	0.00151362260343087	3	No	No	pre_post_share	R-pre_existing
P05	R	030	good	moderate	B	good	good	P05-Treat	TRAV12-3;TRBV28_;_TRAJ28;TRBJ1-2_TRA:CAMSAGSGAGSYQLTF;TRB:CASSLEAEGYTF_P05	0.00160771704180064	3	NA	NA	NA	NA	No	post_specific	R-post_novel
P05	R	030	good	moderate	B	good	good	P05-Treat	TRAV9-2;TRBV28_;_TRAJ49;TRBJ2-2_TRA:CALPDRAGNQFYF;TRB:CASRPALAGGSMELFF_P05	0.00107181136120042	2	NA	NA	NA	NA	No	post_specific	R-post_novel
P05	R	030	good	moderate	B	good	good	P05-Treat	TRAV24;TRBV9_;_TRAJ45;TRBJ2-7_TRA:CAPPGGGADGLTF;TRB:CASSVEVASAYEQYF_P05	0.00160771704180064	3	P05-Baseline	0.00353178607467204	7	No	No	pre_post_share	R-pre_existing
P05	R	030	good	moderate	B	good	good	P05-Treat	TRAV13-1;TRBV4-1_;_TRAJ47;TRBJ2-3_TRA:CALVRGEYGNKLVF;TRB:CASSQDPASTDTQYF_P05	0.00107181136120042	2	NA	NA	NA	NA	No	post_specific	R-post_novel
P05	R	030	good	moderate	B	good	good	P05-Treat	TRAV26-1;TRBV18_;TRBD1_TRAJ44;TRBJ1-2_TRA:CIVRVVGGLGGTASKLTF;TRB:CASSPGQGLDGYTF_P05	0.00107181136120042	2	P05-Baseline	5.045408678102926e-4	1	No	No	pre_post_share	R-pre_existing
P05	R	030	good	moderate	B	good	good	P05-Treat	TRAV26-2;TRBV19_;TRBD1_TRAJ53;TRBJ1-5_TRA:CIVIGGGGSNYKLTF;TRB:CASSPGGDRRYQPQHF_P05	0.0037513397642015	7	P05-Baseline	0.00201816347124117	4	No	No	pre_post_share	R-pre_existing
P05	R	030	good	moderate	B	good	good	P05-Treat	TRAV26-2;TRBV5-6_;TRBD1_TRAJ42;TRBJ1-5_TRA:CILRGYGGSQGNLIF;TRB:CASSLGTGGQPQHF_P05	0.00214362272240085	4	NA	NA	NA	NA	No	post_specific	R-post_novel
P05	R	030	good	moderate	B	good	good	P05-Treat	TRAV16;TRBV10-3_;TRBD1_TRAJ48;TRBJ1-2_TRA:CALSNFGNEKLTF;TRB:CAIRTGGYGYTF_P05	0.00428724544480171	8	P05-Baseline	0.00201816347124117	4	No	No	pre_post_share	R-pre_existing
P05	R	030	good	moderate	B	good	good	P05-Treat	TRAV12-1;TRBV20-1_;_TRAJ34;TRBJ1-2_TRA:CVGVTDKLIF;TRB:CSPGEANYGYTF_P05	0.00214362272240085	4	NA	NA	NA	NA	No	post_specific	R-post_novel
P05	R	030	good	moderate	B	good	good	P05-Treat	TRAV1-1;TRBV4-3_;_TRAJ9;TRBJ2-4_TRA:CAASFTGGFKTIF;TRB:CASSQATAGKNIQYF_P05	0.00107181136120042	2	NA	NA	NA	NA	No	post_specific	R-post_novel
P05	R	030	good	moderate	B	good	good	P05-Treat	TRAV12-2;TRBV12-3_;_TRAJ54;TRBJ1-2_TRA:CAGQIQGAQKLVF;TRB:CASSPPQGHYGYTF_P05	0.00160771704180064	3	NA	NA	NA	NA	No	post_specific	R-post_novel
P05	R	030	good	moderate	B	good	good	P05-Treat	TRAV17;TRBV30_;_TRAJ52;TRBJ2-3_TRA:CATEKGGTSYGKLTF;TRB:CAWTQLQQADTQYF_P05	0.00160771704180064	3	P05-Baseline	5.045408678102926e-4	1	No	No	pre_post_share	R-pre_existing
P05	R	030	good	moderate	B	good	good	P05-Treat	TRAV10;TRBV30_;_TRAJ39;TRBJ2-7_TRA:CVVSARVNAGNMLTF;TRB:CAWSRSYEQYF_P05	0.00107181136120042	2	NA	NA	NA	NA	No	post_specific	R-post_novel
P05	R	030	good	moderate	B	good	good	P05-Treat	TRAV35;TRBV7-2_;_TRAJ32;TRBJ2-5_TRA:CAGLDPYGGATNKLIF;TRB:CASMRGVQETQYF_P05	0.00107181136120042	2	NA	NA	NA	NA	No	post_specific	R-post_novel
P05	R	030	good	moderate	B	good	good	P05-Treat	TRAV8-3;TRBV15_;_TRAJ35;TRBJ2-7_TRA:CAVRGGFGNVLHC;TRB:CATSRVDRNSYEQYF_P05	0.00107181136120042	2	NA	NA	NA	NA	No	post_specific	R-post_novel
P05	R	030	good	moderate	B	good	good	P05-Treat	TRAV2;TRBV6-1_;_TRAJ17;TRBJ1-1_TRA:CAVGGKAAGNKLTF;TRB:CASKENTEAFF_P05	0.00107181136120042	2	NA	NA	NA	NA	No	post_specific	R-post_novel
P05	R	030	good	moderate	B	good	good	P05-Treat	TRAV2;TRBV4-2_;TRBD2_TRAJ26;TRBJ2-3_TRA:CAVEDKNYGQNFVF;TRB:CASSQGGASGRLSTDTQYF_P05	0.00107181136120042	2	NA	NA	NA	NA	No	post_specific	R-post_novel
P05	R	030	good	moderate	B	good	good	P05-Treat	TRAV6;TRBV28_;_TRAJ24;TRBJ2-3_TRA:CALEATTDSWGKFQF;TRB:CASSSGTLSTDTQYF_P05	0.00107181136120042	2	NA	NA	NA	NA	No	post_specific	R-post_novel
P05	R	030	good	moderate	B	good	good	P05-Treat	TRAV21;TRBV3-1_;_TRAJ43;TRBJ1-4_TRA:CAVYNNNDMRF;TRB:CASTRDGLSEKLFF_P05	0.00107181136120042	2	NA	NA	NA	NA	No	post_specific	R-post_novel
P05	R	030	good	moderate	B	good	good	P05-Treat	TRAV26-2;TRBV27_;_TRAJ48;TRBJ1-5_TRA:CILRALNFGNEKLTF;TRB:CASSRGQLLGGQPQHF_P05	0.01178992497320471	22	P05-Baseline	0.01210898082744702	24	Yes	Yes	pre_post_share	R-pre_existing
P05	R	030	good	moderate	B	good	good	P05-Treat	TRAV4;TRBV6-5_;_TRAJ7;TRBJ1-6_TRA:CLVGAPRNNRLAF;TRB:CASRGETDFRGNSPLHF_P05	0.00107181136120042	2	P05-Baseline	0.00100908173562058	2	No	No	pre_post_share	R-pre_existing
P05	R	030	good	moderate	B	good	good	P05-Treat	TRAV1-2;TRBV6-4_;_TRAJ33;TRBJ2-2_TRA:CAVHDSNYQLIW;TRB:CASSDSPGAETGELFF_P05	0.00696677384780278	13	P05-Baseline	0.00252270433905146	5	No	No	pre_post_share	R-pre_existing
P05	R	030	good	moderate	B	good	good	P05-Treat	TRAV12-3;TRBV29-1_;_TRAJ54;TRBJ1-1_TRA:CAMKAFQGAQKLVF;TRB:CSVPGIWGGDTEAFF_P05	0.00267952840300107	5	NA	NA	NA	NA	No	post_specific	R-post_novel
P05	R	030	good	moderate	B	good	good	P05-Treat	TRAV14/DV4;TRBV5-1_;_TRAJ33;TRBJ1-1_TRA:CAMREGQDSNYQLIW;TRB:CASSLGAGMNTEAFF_P05	0.00107181136120042	2	NA	NA	NA	NA	No	post_specific	R-post_novel
P05	R	030	good	moderate	B	good	good	P05-Treat	TRAV22;TRBV7-2_;_TRAJ9;TRBJ2-1_TRA:CAVAHTGGFKTIF;TRB:CASSPDLRNEQFF_P05	0.00107181136120042	2	P05-Baseline	5.045408678102926e-4	1	No	No	pre_post_share	R-pre_existing
P05	R	030	good	moderate	B	good	good	P05-Treat	TRAV12-3;TRBV9_;TRBD2_TRAJ26;TRBJ2-1_TRA:CANGKNYGQNFVF;TRB:CASSGTSGRNNEQFF_P05	0.00321543408360128	6	P05-Baseline	0.00201816347124117	4	No	No	pre_post_share	R-pre_existing
P05	R	030	good	moderate	B	good	good	P05-Treat	TRAV13-1;TRBV10-3_;TRBD1_TRAJ49;TRBJ1-1_TRA:CPRNTGNQFYF;TRB:CAISGTGRSEAFF_P05	0.00107181136120042	2	NA	NA	NA	NA	No	post_specific	R-post_novel
P05	R	030	good	moderate	B	good	good	P05-Treat	TRAV41;TRBV3-1_;_TRAJ33;TRBJ2-3_TRA:CALSGVGSNYQLIW;TRB:CASSFTTQYTQYF_P05	0.00160771704180064	3	NA	NA	NA	NA	No	post_specific	R-post_novel
P05	R	030	good	moderate	B	good	good	P05-Treat	TRAV38-2/DV8;TRBV7-2_;_TRAJ40;TRBJ2-3_TRA:CALKGTYKYIF;TRB:CASSPLAGADTQYF_P05	0.00107181136120042	2	NA	NA	NA	NA	No	post_specific	R-post_novel
P05	R	030	good	moderate	B	good	good	P05-Treat	TRAV13-2;TRBV18_;_TRAJ54;TRBJ1-1_TRA:CAEHKGQGAQKLVF;TRB:CASSLDRNTEAFF_P05	0.00160771704180064	3	NA	NA	NA	NA	No	post_specific	R-post_novel
P05	R	030	good	moderate	B	good	good	P05-Treat	TRAV14/DV4;TRBV5-1_;_TRAJ34;TRBJ1-4_TRA:CAMRGQSYNTDKLIF;TRB:CASSSARGANEKLFF_P05	0.00214362272240085	4	P05-Baseline	0.00100908173562058	2	No	No	pre_post_share	R-pre_existing
P05	R	030	good	moderate	B	good	good	P05-Treat	TRAV8-6;TRBV12-3_;TRBD1_TRAJ6;TRBJ2-3_TRA:CAVGQASGGSYIPTF;TRB:CASSLGGAGDTQYF_P05	0.00107181136120042	2	NA	NA	NA	NA	No	post_specific	R-post_novel
P05	R	030	good	moderate	B	good	good	P05-Treat	TRAV41;TRBV10-3_;_TRAJ54;TRBJ1-6_TRA:CAVSLLIQGAQKLVF;TRB:CAISDGIRSYNSPLHF_P05	0.00107181136120042	2	NA	NA	NA	NA	No	post_specific	R-post_novel
P05	R	030	good	moderate	B	good	good	P05-Treat	TRAV12-3;TRBV5-4_;_TRAJ9;TRBJ1-2_TRA:CAMDTGGFKTIF;TRB:CASSTPGGTREEVGYTF_P05	0.00214362272240085	4	NA	NA	NA	NA	No	post_specific	R-post_novel
P05	R	030	good	moderate	B	good	good	P05-Treat	TRAV16;TRBV19_;_TRAJ34;TRBJ2-7_TRA:CALGRTDKLIF;TRB:CASSPHSGDPGRYEQYF_P05	0.00535905680600214	10	P05-Baseline	0.01210898082744702	24	Yes	No	pre_post_share	R-pre_existing
P05	R	030	good	moderate	B	good	good	P05-Treat	TRAV22;TRBV2_;_TRAJ49;TRBJ1-1_TRA:CAVLSNTGNQFYF;TRB:CASSEAVTHAFF_P05	0.00107181136120042	2	NA	NA	NA	NA	No	post_specific	R-post_novel
P05	R	030	good	moderate	B	good	good	P05-Treat	TRAV8-3;TRBV9_;TRBD1_TRAJ42;TRBJ2-3_TRA:CAVGLNYGGSQGNLIF;TRB:CASSARGQFNTDTQYF_P05	0.00107181136120042	2	NA	NA	NA	NA	No	post_specific	R-post_novel
P05	R	030	good	moderate	B	good	good	P05-Treat	TRAV38-2/DV8;TRBV28_;_TRAJ49;TRBJ1-5_TRA:CAYRSPLTGNQFYF;TRB:CASSAPRGPQHF_P05	0.00160771704180064	3	NA	NA	NA	NA	No	post_specific	R-post_novel
P05	R	030	good	moderate	B	good	good	P05-Treat	TRAV12-2;TRBV29-1_;_TRAJ36;TRBJ2-6_TRA:CAVRKQTGANNLFF;TRB:CPADTSSGANVLTF_P05	0.00107181136120042	2	NA	NA	NA	NA	No	post_specific	R-post_novel
P05	R	030	good	moderate	B	good	good	P05-Treat	TRAV39;TRBV27_;TRBD1_TRAJ33;TRBJ1-2_TRA:CAVDMRGNYQLIW;TRB:CASSLSTGGNYGYTF_P05	0.00107181136120042	2	NA	NA	NA	NA	No	post_specific	R-post_novel
P05	R	030	good	moderate	B	good	good	P05-Treat	TRAV3;TRBV18_;TRBD1_TRAJ12;TRBJ1-1_TRA:CAVRDMDSSYKLIF;TRB:CASSLGTVNTEAFF_P05	0.00643086816720257	12	P05-Baseline	0.00100908173562058	2	No	No	pre_post_share	R-pre_existing
P05	R	030	good	moderate	B	good	good	P05-Treat	TRAV4;TRBV6-1_;TRBD1_TRAJ9;TRBJ2-7_TRA:CLVGDGPGAGGFKTIF;TRB:CASSGQGSSTYEQYF_P05	0.00160771704180064	3	NA	NA	NA	NA	No	post_specific	R-post_novel
P05	R	030	good	moderate	B	good	good	P05-Treat	TRAV21;TRBV7-3_;_TRAJ49;TRBJ1-1_TRA:CAVEGPNTGNQFYF;TRB:CASSPIGGGTEAFF_P05	0.00107181136120042	2	P05-Baseline	5.045408678102926e-4	1	No	No	pre_post_share	R-pre_existing
P05	R	030	good	moderate	B	good	good	P05-Treat	TRAV39;TRBV28_;_TRAJ44;TRBJ2-6_TRA:CAVGLITGTASKLTF;TRB:CASSLYASGANVLTF_P05	0.00107181136120042	2	NA	NA	NA	NA	No	post_specific	R-post_novel
P05	R	030	good	moderate	B	good	good	P05-Treat	TRAV12-1;TRBV20-1_;_TRAJ9;TRBJ2-1_TRA:CVLGAGGFKTIF;TRB:CSAEGGRAPNEQFF_P05	0.00214362272240085	4	NA	NA	NA	NA	No	post_specific	R-post_novel
P05	R	030	good	moderate	B	good	good	P05-Treat	TRAV36/DV7;TRBV4-1_;TRBD1_TRAJ49;TRBJ1-2_TRA:CAVHTGNQFYF;TRB:CASSFRTGGMYGYTF_P05	0.01286173633440514	24	P05-Baseline	0.02976791120080726	59	Yes	Yes	pre_post_share	R-pre_existing
P05	R	030	good	moderate	B	good	good	P05-Treat	TRAV12-2;TRBV28_;_TRAJ42;TRBJ2-7_TRA:CAVNRANYGGSQGNLIF;TRB:CASSFQSGTAYYEQYF_P05	0.00107181136120042	2	NA	NA	NA	NA	No	post_specific	R-post_novel
P05	R	030	good	moderate	B	good	good	P05-Treat	TRAV12-3;TRBV4-1_;_TRAJ58;TRBJ2-7_TRA:CAMLSQETSGSRLTF;TRB:CASSQDNLEPYEQYF_P05	0.00160771704180064	3	NA	NA	NA	NA	No	post_specific	R-post_novel
P05	R	030	good	moderate	B	good	good	P05-Treat	TRAV21;TRBV20-1_;_TRAJ39;TRBJ2-3_TRA:CAVKGNAGNMLTF;TRB:CSAIELADTQYF_P05	0.00160771704180064	3	P05-Baseline	0.00151362260343087	3	No	No	pre_post_share	R-pre_existing
P05	R	030	good	moderate	B	good	good	P05-Treat	TRAV25;TRBV27_;_TRAJ24;TRBJ2-4_TRA:CAGRPTDSWGKLQF;TRB:CASSLIAREGKNIQYF_P05	0.00107181136120042	2	P05-Baseline	5.045408678102926e-4	1	No	No	pre_post_share	R-pre_existing
P05	R	030	good	moderate	B	good	good	P05-Treat	TRAV14/DV4;TRBV7-9_;_TRAJ32;TRBJ1-1_TRA:CAMREGREYGGATNKLIF;TRB:CASSLGQGRIMNTEAFF_P05	0.00107181136120042	2	NA	NA	NA	NA	No	post_specific	R-post_novel
P05	R	030	good	moderate	B	good	good	P05-Treat	TRAV41;TRBV4-1_;_TRAJ33;TRBJ2-7_TRA:CAAHVDSNYQLIW;TRB:CASSHGQVYEQYF_P05	0.00107181136120042	2	NA	NA	NA	NA	No	post_specific	R-post_novel
P05	R	030	good	moderate	B	good	good	P05-Treat	TRAV26-2;TRBV5-8_;_TRAJ20;TRBJ1-6_TRA:CILSIDYKLSF;TRB:CASSFRESSPLHF_P05	0.00107181136120042	2	NA	NA	NA	NA	No	post_specific	R-post_novel
P05	R	030	good	moderate	B	good	good	P05-Treat	TRAV29/DV5;TRBV10-3_;_TRAJ9;TRBJ1-3_TRA:CAASGYTGGFKTIF;TRB:CAISESPGQNVYTIYF_P05	0.0037513397642015	7	P05-Baseline	5.045408678102926e-4	1	No	No	pre_post_share	R-pre_existing
P05	R	030	good	moderate	B	good	good	P05-Treat	TRAV6;TRBV24-1_;_TRAJ40;TRBJ2-3_TRA:CALEDKDSGTYKYIF;TRB:CATSEPGGWTDTQYF_P05	0.01071811361200428	20	P05-Baseline	0.00403632694248234	8	No	Yes	pre_post_share	R-pre_existing
P05	R	030	good	moderate	B	good	good	P05-Treat	TRAV3;TRBV19_;_TRAJ32;TRBJ2-7_TRA:CAVRDEGGATNKLIF;TRB:CASSIADGDEQYF_P05	0.00160771704180064	3	P05-Baseline	5.045408678102926e-4	1	No	No	pre_post_share	R-pre_existing
P05	R	030	good	moderate	B	good	good	P05-Treat	TRAV35;TRBV20-1_;_TRAJ34;TRBJ1-2_TRA:CAGQSGTDKLIF;TRB:CSARDVKTGVYGYTF_P05	0.00214362272240085	4	P05-Baseline	5.045408678102926e-4	1	No	No	pre_post_share	R-pre_existing
P05	R	030	good	moderate	B	good	good	P05-Treat	TRAV34;TRBV20-1_;_TRAJ20;TRBJ2-7_TRA:CGADIAANDYKLSF;TRB:CSARDLRGSAYEQYF_P05	0.00214362272240085	4	NA	NA	NA	NA	No	post_specific	R-post_novel
P05	R	030	good	moderate	B	good	good	P05-Treat	TRAV1-1;TRBV27_;_TRAJ31;TRBJ2-7_TRA:CAVRDRDARLMF;TRB:CASSLSAAIDEQYF_P05	0.00107181136120042	2	NA	NA	NA	NA	No	post_specific	R-post_novel
P05	R	030	good	moderate	B	good	good	P05-Treat	TRAV4;TRBV28_;TRBD2_TRAJ23;TRBJ2-7_TRA:CLVVPSQGQGGKLIF;TRB:CASSSSGRASGEQYF_P05	0.00107181136120042	2	NA	NA	NA	NA	No	post_specific	R-post_novel
P05	R	030	good	moderate	B	good	good	P05-Treat	TRAV19;TRBV7-8_;_TRAJ27;TRBJ2-1_TRA:CALISNTNAGKSTF;TRB:CASSLGIANEQFF_P05	0.00107181136120042	2	NA	NA	NA	NA	No	post_specific	R-post_novel
P05	R	030	good	moderate	B	good	good	P05-Treat	TRAV21;TRBV7-2_;_TRAJ44;TRBJ2-1_TRA:CADMINTGTASKLTF;TRB:CASSWGAEVVWYNEQFF_P05	0.00107181136120042	2	NA	NA	NA	NA	No	post_specific	R-post_novel
P05	R	030	good	moderate	B	good	good	P05-Treat	TRAV38-2/DV8;TRBV20-1_;TRBD1_TRAJ22;TRBJ2-7_TRA:CAYRGGGSSGSARQLTF;TRB:CSADRDRGYEQYF_P05	0.00160771704180064	3	P05-Baseline	0.00151362260343087	3	No	No	pre_post_share	R-pre_existing
P05	R	030	good	moderate	B	good	good	P05-Treat	TRAV41;TRBV28_;_TRAJ34;TRBJ2-7_TRA:CAVRLGNTDKLIF;TRB:CASLTSGKGEQYF_P05	0.00107181136120042	2	P05-Baseline	0.00100908173562058	2	No	No	pre_post_share	R-pre_existing
P05	R	030	good	moderate	B	good	good	P05-Treat	TRAV8-3;TRBV19_;_TRAJ28;TRBJ2-5_TRA:CAVSGAGSYQLTF;TRB:CASSIEGTDLKETQYF_P05	0.00107181136120042	2	NA	NA	NA	NA	No	post_specific	R-post_novel
P05	R	030	good	moderate	B	good	good	P05-Treat	TRAV29/DV5;TRBV6-6_;_TRAJ44;TRBJ1-6_TRA:CAATGTASKLTF;TRB:CASSSRGEKPLHF_P05	0.00107181136120042	2	NA	NA	NA	NA	No	post_specific	R-post_novel
P07	NR	033	poor	mild	C	pEKI	pEKI	P07-Treat	TRAV13-1;TRBV6-1_;_TRAJ13;TRBJ1-2_TRA:CAAGSGGYQKVTF;TRB:CASSEQGDGYTF_P07	0.002460024600246	2	NA	NA	NA	NA	No	post_specific	NR-post_novel
P07	NR	033	poor	mild	C	pEKI	pEKI	P07-Treat	TRAV12-2;TRBV5-5_;_TRAJ40;TRBJ2-7_TRA:CAVTTTSGTYKYIF;TRB:CASSLILSGREQYF_P07	0.003690036900369	3	NA	NA	NA	NA	No	post_specific	NR-post_novel
P07	NR	033	poor	mild	C	pEKI	pEKI	P07-Treat	TRAV23/DV6;TRBV6-5_;_TRAJ54;TRBJ2-3_TRA:CAARPPKAQKLVF;TRB:CASSSWGRTDTQYF_P07	0.006150061500615	5	P07-Baseline	0.00433721875847113	16	No	No	pre_post_share	NR-pre_existing
P07	NR	033	poor	mild	C	pEKI	pEKI	P07-Treat	TRAV23/DV6;TRBV5-1_;_TRAJ9;TRBJ1-1_TRA:CAVFTGGFKTIF;TRB:CASSRPGSNTEAFF_P07	0.007380073800738	6	P07-Baseline	0.00460829493087557	17	No	No	pre_post_share	NR-pre_existing
P07	NR	033	poor	mild	C	pEKI	pEKI	P07-Treat	TRAV17;TRBV9_;_TRAJ54;TRBJ2-7_TRA:CAQGQGAQKLVF;TRB:CASSVGPPSMAEQYF_P07	0.00984009840098401	8	P07-Baseline	0.00325291406885334	12	No	No	pre_post_share	NR-pre_existing
P07	NR	033	poor	mild	C	pEKI	pEKI	P07-Treat	TRAV8-4;TRBV10-3_;_TRAJ12;TRBJ2-3_TRA:CAVSDKDSSYKLIF;TRB:CAISGPARGEDTQYF_P07	0.007380073800738	6	P07-Baseline	0.0059636757928978	22	No	No	pre_post_share	NR-pre_existing
P07	NR	033	poor	mild	C	pEKI	pEKI	P07-Treat	TRAV6;TRBV6-1_;_TRAJ21;TRBJ2-1_TRA:CALDGNFNKFYF;TRB:CASRTSSFHNEQFF_P07	0.004920049200492	4	P07-Baseline	2.710761724044456e-4	1	No	No	pre_post_share	NR-pre_existing
P07	NR	033	poor	mild	C	pEKI	pEKI	P07-Treat	TRAV2;TRBV19_;TRBD2_TRAJ8;TRBJ2-7_TRA:CAVPEGTGFQKLVF;TRB:CASRGRLAGVYEQYF_P07	0.002460024600246	2	NA	NA	NA	NA	No	post_specific	NR-post_novel
P07	NR	033	poor	mild	C	pEKI	pEKI	P07-Treat	TRAV21;TRBV3-1_;_TRAJ11;TRBJ2-7_TRA:CAVSGSGYSTLTF;TRB:CASSLGLASYEQYF_P07	0.002460024600246	2	NA	NA	NA	NA	No	post_specific	NR-post_novel
P07	NR	033	poor	mild	C	pEKI	pEKI	P07-Treat	TRAV2;TRBV4-1_;_TRAJ26;TRBJ2-7_TRA:CAVEDNYGQNFVF;TRB:CASSQASSVNYEQYF_P07	0.006150061500615	5	P07-Baseline	0.00379506641366223	14	No	No	pre_post_share	NR-pre_existing
P07	NR	033	poor	mild	C	pEKI	pEKI	P07-Treat	TRAV24;TRBV6-1_;_TRAJ48;TRBJ2-3_TRA:CASSNFGNEKLTF;TRB:CASSRQWDTQYF_P07	0.002460024600246	2	NA	NA	NA	NA	No	post_specific	NR-post_novel
P07	NR	033	poor	mild	C	pEKI	pEKI	P07-Treat	TRAV12-3;TRBV5-6_;_TRAJ13;TRBJ1-1_TRA:CAMSESSGGYQKVTF;TRB:CASSADTLVEAFF_P07	0.002460024600246	2	P07-Baseline	2.710761724044456e-4	1	No	No	pre_post_share	NR-pre_existing
P07	NR	033	poor	mild	C	pEKI	pEKI	P07-Treat	TRAV29/DV5;TRBV2_;_TRAJ39;TRBJ2-1_TRA:CAASDNNAGNMLTF;TRB:CASSPLTGTTYNEQFF_P07	0.003690036900369	3	P07-Baseline	8.13228517213337e-4	3	No	No	pre_post_share	NR-pre_existing
P07	NR	033	poor	mild	C	pEKI	pEKI	P07-Treat	TRAV13-2;TRBV4-3_;_TRAJ49;TRBJ2-5_TRA:CAELVGNQFYF;TRB:CASSQEAGYETQYF_P07	0.007380073800738	6	NA	NA	NA	NA	No	post_specific	NR-post_novel
P07	NR	033	poor	mild	C	pEKI	pEKI	P07-Treat	TRAV13-1;TRBV2_;TRBD1_TRAJ4;TRBJ1-1_TRA:CAASPFSGGYNKLIF;TRB:CASSEQGPNTEAFF_P07	0.007380073800738	6	P07-Baseline	0.00515044727568446	19	No	No	pre_post_share	NR-pre_existing
P07	NR	033	poor	mild	C	pEKI	pEKI	P07-Treat	TRAV8-3;TRBV20-1_;TRBD1_TRAJ4;TRBJ2-1_TRA:CAVGSSGGYNKLIF;TRB:CSAPGTGGANEQFF_P07	0.002460024600246	2	NA	NA	NA	NA	No	post_specific	NR-post_novel
P07	NR	033	poor	mild	C	pEKI	pEKI	P07-Treat	TRAV1-2;TRBV4-2_;_TRAJ20;TRBJ2-1_TRA:CAVRDGDYKLSF;TRB:CASSQDGTSGYNEQFF_P07	0.002460024600246	2	P07-Baseline	0.00135538086202222	5	No	No	pre_post_share	NR-pre_existing
P07	NR	033	poor	mild	C	pEKI	pEKI	P07-Treat	TRAV1-2;TRBV5-4_;_TRAJ45;TRBJ2-1_TRA:CAVLEGGADGLTF;TRB:CASSAGPSSYNEQFF_P07	0.008610086100861	7	P07-Baseline	0.00216860937923556	8	No	No	pre_post_share	NR-pre_existing
P07	NR	033	poor	mild	C	pEKI	pEKI	P07-Treat	TRAV21;TRBV12-3_;_TRAJ44;TRBJ1-2_TRA:CAVGNTGTASKLTF;TRB:CASSLLGVKSGYTF_P07	0.002460024600246	2	P07-Baseline	5.421523448088912e-4	2	No	No	pre_post_share	NR-pre_existing
P07	NR	033	poor	mild	C	pEKI	pEKI	P07-Treat	TRAV22;TRBV3-1_;_TRAJ33;TRBJ2-7_TRA:CAVERGSNYQLIW;TRB:CASSQTKPPSGRQYF_P07	0.002460024600246	2	NA	NA	NA	NA	No	post_specific	NR-post_novel
P07	NR	033	poor	mild	C	pEKI	pEKI	P07-Treat	TRAV12-1;TRBV20-1_;TRBD1_TRAJ20;TRBJ2-7_TRA:CAVTTNDYKLSF;TRB:CSASSYGTGNSYEQYF_P07	0.004920049200492	4	P07-Baseline	5.421523448088912e-4	2	No	No	pre_post_share	NR-pre_existing
P07	NR	033	poor	mild	C	pEKI	pEKI	P07-Treat	TRAV38-1;TRBV20-1_;_TRAJ30;TRBJ2-3_TRA:CAFQIHPMNRDDKIIF;TRB:CSAHRQGLGDTQYF_P07	0.002460024600246	2	P07-Baseline	5.421523448088912e-4	2	No	No	pre_post_share	NR-pre_existing
P07	NR	033	poor	mild	C	pEKI	pEKI	P07-Treat	TRAV8-1;TRBV4-3_;_TRAJ13;TRBJ1-1_TRA:CAVNKAGGYQKVTF;TRB:CASSQAVLNTEAFF_P07	0.002460024600246	2	NA	NA	NA	NA	No	post_specific	NR-post_novel
P07	NR	033	poor	mild	C	pEKI	pEKI	P07-Treat	TRAV19;TRBV5-1_;_TRAJ26;TRBJ1-1_TRA:CALSEARDNYGQNFVF;TRB:CASSRPGSNTEAFF_P07	0.002460024600246	2	P07-Baseline	0.0029818378964489	11	No	No	pre_post_share	NR-pre_existing
P07	NR	033	poor	mild	C	pEKI	pEKI	P07-Treat	TRAV13-1;TRBV6-2_;_TRAJ40;TRBJ1-2_TRA:CAASRTSGTYKYIF;TRB:CASSLTGNYGYTF_P07	0.003690036900369	3	P07-Baseline	5.421523448088912e-4	2	No	No	pre_post_share	NR-pre_existing
P07	NR	033	poor	mild	C	pEKI	pEKI	P07-Treat	TRAV14/DV4;TRBV6-2_;_TRAJ12;TRBJ2-1_TRA:CAMREDMDSSYKLIF;TRB:CASSYSLDSGMSYNEQFF_P07	0.007380073800738	6	P07-Baseline	0.00162645703442667	6	No	No	pre_post_share	NR-pre_existing
P07	NR	033	poor	mild	C	pEKI	pEKI	P07-Treat	TRAV16;TRBV20-1_;_TRAJ4;TRBJ2-2_TRA:CALSVTGGYNKLIF;TRB:CSASLPSPGGGGELFF_P07	0.002460024600246	2	P07-Baseline	2.710761724044456e-4	1	No	No	pre_post_share	NR-pre_existing
P07	NR	033	poor	mild	C	pEKI	pEKI	P07-Treat	TRAV27;TRBV11-3_;_TRAJ20;TRBJ2-1_TRA:CGTNDYKLSF;TRB:CASSRGTSGLNEQFF_P07	0.003690036900369	3	P07-Baseline	0.00108430468961778	4	No	No	pre_post_share	NR-pre_existing
P07	NR	033	poor	mild	C	pEKI	pEKI	P07-Treat	TRAV29/DV5;TRBV3-1_;_TRAJ40;TRBJ2-3_TRA:CAASAGSGTYKYIF;TRB:CASSQDHRGSDTQYF_P07	0.002460024600246	2	NA	NA	NA	NA	No	post_specific	NR-post_novel
P07	NR	033	poor	mild	C	pEKI	pEKI	P07-Treat	TRAV21;TRBV6-5_;_TRAJ57;TRBJ2-5_TRA:CAARRGGSEKLVF;TRB:CASSYSVSETQYF_P07	0.004920049200492	4	P07-Baseline	0.00948766603415559	35	No	No	pre_post_share	NR-pre_existing
P07	NR	033	poor	mild	C	pEKI	pEKI	P07-Treat	TRAV22;TRBV3-1_;_TRAJ42;TRBJ2-7_TRA:CAVYKSNYGGSQGNLIF;TRB:CASSQTKPPSGRQYF_P07	0.002460024600246	2	P07-Baseline	2.710761724044456e-4	1	No	No	pre_post_share	NR-pre_existing
P07	NR	033	poor	mild	C	pEKI	pEKI	P07-Treat	TRAV39;TRBV11-2_;_TRAJ33;TRBJ2-1_TRA:CAVGSNYQLIW;TRB:CASGAYNEQFF_P07	0.003690036900369	3	P07-Baseline	8.13228517213337e-4	3	No	No	pre_post_share	NR-pre_existing
P07	NR	033	poor	mild	C	pEKI	pEKI	P07-Treat	TRAV29/DV5;TRBV11-2_;_TRAJ22;TRBJ2-1_TRA:CAATARRGSARQLTF;TRB:CASSLVFSGYNEQFF_P07	0.008610086100861	7	P07-Baseline	0.0029818378964489	11	No	No	pre_post_share	NR-pre_existing
P07	NR	033	poor	mild	C	pEKI	pEKI	P07-Treat	TRAV1-2;TRBV7-6_;_TRAJ15;TRBJ2-7_TRA:CAVERAGTALIF;TRB:CASSLPRSDSYEQYF_P07	0.002460024600246	2	P07-Baseline	2.710761724044456e-4	1	No	No	pre_post_share	NR-pre_existing
P07	NR	033	poor	mild	C	pEKI	pEKI	P07-Treat	TRAV23/DV6;TRBV12-4_;TRBD2_TRAJ26;TRBJ2-5_TRA:CAASITNYGQNFVF;TRB:CASSGIGVSGMETQYF_P07	0.002460024600246	2	P07-Baseline	0.00569259962049335	21	No	No	pre_post_share	NR-pre_existing
P07	NR	033	poor	mild	C	pEKI	pEKI	P07-Treat	TRAV4;TRBV16_;_TRAJ8;TRBJ2-7_TRA:CLVGVGGFQKLVF;TRB:CASSQVGSEYEQYF_P07	0.006150061500615	5	P07-Baseline	0.00189753320683111	7	No	No	pre_post_share	NR-pre_existing
P07	NR	033	poor	mild	C	pEKI	pEKI	P07-Treat	TRAV13-1;TRBV11-3_;_TRAJ5;TRBJ2-2_TRA:CAATRGRRALTF;TRB:CASSLAGAATGELFF_P07	0.002460024600246	2	P07-Baseline	8.13228517213337e-4	3	No	No	pre_post_share	NR-pre_existing
P07	NR	033	poor	mild	C	pEKI	pEKI	P07-Treat	TRAV8-3;TRBV4-2_;TRBD2_TRAJ4;TRBJ2-3_TRA:CAVGALGKLIF;TRB:CASSQEIAGGPGTDTQYF_P07	0.003690036900369	3	P07-Baseline	0.00135538086202222	5	No	No	pre_post_share	NR-pre_existing
P07	NR	033	poor	mild	C	pEKI	pEKI	P07-Treat	TRAV13-2;TRBV19_;_TRAJ18;TRBJ2-3_TRA:CAENGGGSTLGRLYF;TRB:CASSTRSTDTQYF_P07	0.002460024600246	2	P07-Baseline	0.00135538086202222	5	No	No	pre_post_share	NR-pre_existing
P07	NR	033	poor	mild	C	pEKI	pEKI	P07-Treat	TRAV13-2;TRBV5-1_;_TRAJ36;TRBJ2-7_TRA:CAENNEANNLFF;TRB:CASSSAYEQYF_P07	0.006150061500615	5	P07-Baseline	0.00216860937923556	8	No	No	pre_post_share	NR-pre_existing
P07	NR	033	poor	mild	C	pEKI	pEKI	P07-Treat	TRAV8-4;TRBV9_;_TRAJ45;TRBJ2-5_TRA:CAVSEGGGADGLTF;TRB:CASSGEGNPQETQYF_P07	0.003690036900369	3	P07-Baseline	2.710761724044456e-4	1	No	No	pre_post_share	NR-pre_existing
P07	NR	033	poor	mild	C	pEKI	pEKI	P07-Treat	TRAV19;TRBV28_;_TRAJ58;TRBJ2-3_TRA:CALRRETSGSRLTF;TRB:CASNPVAGNTDTQYF_P07	0.002460024600246	2	P07-Baseline	5.421523448088912e-4	2	No	No	pre_post_share	NR-pre_existing
P07	NR	033	poor	mild	C	pEKI	pEKI	P07-Treat	TRAV8-3;TRBV2_;_TRAJ22;TRBJ2-1_TRA:CATSSGSARQLTF;TRB:CASREASGSYNEQFF_P07	0.004920049200492	4	P07-Baseline	0.00406614258606668	15	No	No	pre_post_share	NR-pre_existing
P07	NR	033	poor	mild	C	pEKI	pEKI	P07-Treat	TRAV22;TRBV11-2_;_TRAJ36;TRBJ1-3_TRA:CAVEPTGANNLFF;TRB:CASTRQGRAGNTIYF_P07	0.002460024600246	2	P07-Baseline	0.00108430468961778	4	No	No	pre_post_share	NR-pre_existing
P07	NR	033	poor	mild	C	pEKI	pEKI	P07-Treat	TRAV29/DV5;TRBV28_;TRBD1_TRAJ39;TRBJ2-7_TRA:CAASAHHAGNMLTF;TRB:CASSRTGDRVRMDF_P07	0.002460024600246	2	NA	NA	NA	NA	No	post_specific	NR-post_novel
P07	NR	033	poor	mild	C	pEKI	pEKI	P07-Treat	TRAV8-2;TRBV6-2_;_TRAJ28;TRBJ2-3_TRA:CVVIRAGSYQLTF;TRB:CASSYSARTGSSTDTQYF_P07	0.002460024600246	2	P07-Baseline	2.710761724044456e-4	1	No	No	pre_post_share	NR-pre_existing
P07	NR	033	poor	mild	C	pEKI	pEKI	P07-Treat	TRAV3;TRBV11-2_;_TRAJ3;TRBJ2-1_TRA:CAVRPRGGASKIIF;TRB:CASSLMSGSGSTDEQFF_P07	0.002460024600246	2	NA	NA	NA	NA	No	post_specific	NR-post_novel
P07	NR	033	poor	mild	C	pEKI	pEKI	P07-Treat	TRAV1-2;TRBV6-4_;_TRAJ33;TRBJ2-1_TRA:CAVRDSNYQLIW;TRB:CASSTGTSGNNEQFF_P07	0.006150061500615	5	P07-Baseline	0.0059636757928978	22	No	No	pre_post_share	NR-pre_existing
P07	NR	033	poor	mild	C	pEKI	pEKI	P07-Treat	TRAV12-1;TRBV20-1_;_TRAJ16;TRBJ2-5_TRA:CVVSFSDGQKLLF;TRB:CSARTLAGAHQETQYF_P07	0.002460024600246	2	P07-Baseline	0.00243968555164001	9	No	No	pre_post_share	NR-pre_existing
P07	NR	033	poor	mild	C	pEKI	pEKI	P07-Treat	TRAV12-2;TRBV10-3_;_TRAJ28;TRBJ2-3_TRA:CAVNANSGAGSYQLTF;TRB:CAISESQPLKVADTQYF_P07	0.004920049200492	4	P07-Baseline	0.00162645703442667	6	No	No	pre_post_share	NR-pre_existing
P07	NR	033	poor	mild	C	pEKI	pEKI	P07-Treat	TRAV4;TRBV3-1_;TRBD2_TRAJ5;TRBJ2-5_TRA:CLVGDMDTGRRALTF;TRB:CASSPRTSGSLKTQYF_P07	0.002460024600246	2	P07-Baseline	2.710761724044456e-4	1	No	No	pre_post_share	NR-pre_existing
P07	NR	033	poor	mild	C	pEKI	pEKI	P07-Treat	TRAV17;TRBV7-9_;_TRAJ24;TRBJ1-5_TRA:CGPMTTDSWGKFQF;TRB:CASSYTGDNQPQHF_P07	0.002460024600246	2	NA	NA	NA	NA	No	post_specific	NR-post_novel
P07	NR	033	poor	mild	C	pEKI	pEKI	P07-Treat	TRAV13-1;TRBV20-1_;_TRAJ3;TRBJ2-1_TRA:CAATLGYSSASKIIF;TRB:CSARDRASGSRYNEQFF_P07	0.003690036900369	3	P07-Baseline	0.00135538086202222	5	No	No	pre_post_share	NR-pre_existing
P07	NR	033	poor	mild	C	pEKI	pEKI	P07-Treat	TRAV29/DV5;TRBV6-1_;_TRAJ16;TRBJ2-2_TRA:CAASPLDGQKLLF;TRB:CASALAGYTGELFF_P07	0.002460024600246	2	P07-Baseline	5.421523448088912e-4	2	No	No	pre_post_share	NR-pre_existing
P07	NR	033	poor	mild	C	pEKI	pEKI	P07-Treat	TRAV8-4;TRBV5-1_;_TRAJ8;TRBJ2-7_TRA:CAVSDGGNTGFQKLVF;TRB:CASSLYGTNGEQYF_P07	0.002460024600246	2	P07-Baseline	5.421523448088912e-4	2	No	No	pre_post_share	NR-pre_existing
P07	NR	033	poor	mild	C	pEKI	pEKI	P07-Treat	TRAV8-6;TRBV5-6_;_TRAJ20;TRBJ2-3_TRA:CAVSDQGSNDYKLSF;TRB:CASSQLAGKHVEDTQYF_P07	0.004920049200492	4	P07-Baseline	0.00162645703442667	6	No	No	pre_post_share	NR-pre_existing
P07	NR	033	poor	mild	C	pEKI	pEKI	P07-Treat	TRAV6;TRBV10-3_;TRBD1_TRAJ10;TRBJ2-7_TRA:CALEGLTGGGNKLTF;TRB:CATGTGAYEQYF_P07	0.002460024600246	2	NA	NA	NA	NA	No	post_specific	NR-post_novel
P07	NR	033	poor	mild	C	pEKI	pEKI	P07-Treat	TRAV29/DV5;TRBV3-1_;_TRAJ39;TRBJ2-1_TRA:CAATRAGNMLTF;TRB:CASSRLLGGSYNEQFF_P07	0.002460024600246	2	NA	NA	NA	NA	No	post_specific	NR-post_novel
P07	NR	033	poor	mild	C	pEKI	pEKI	P07-Treat	TRAV24;TRBV11-2_;_TRAJ23;TRBJ2-3_TRA:CAFPYNQGGKLIF;TRB:CASSLDRPSTDTQYF_P07	0.002460024600246	2	NA	NA	NA	NA	No	post_specific	NR-post_novel
P07	NR	033	poor	mild	C	pEKI	pEKI	P07-Treat	TRAV25;TRBV7-9_;TRBD2_TRAJ13;TRBJ2-5_TRA:CAGPKGGYQKVTF;TRB:CASSPGTSGNLYQETQYF_P07	0.003690036900369	3	P07-Baseline	5.421523448088912e-4	2	No	No	pre_post_share	NR-pre_existing
P07	NR	033	poor	mild	C	pEKI	pEKI	P07-Treat	TRAV12-2;TRBV30_;_TRAJ13;TRBJ1-3_TRA:CAVKEESYQKVTF;TRB:CAVRRSGNTIYF_P07	0.006150061500615	5	P07-Baseline	0.00108430468961778	4	No	No	pre_post_share	NR-pre_existing
P07	NR	033	poor	mild	C	pEKI	pEKI	P07-Treat	TRAV3;TRBV10-2_;_TRAJ31;TRBJ2-3_TRA:CAVRDIDARLMF;TRB:CASVRGAGSMDTQYF_P07	0.01230012300123001	10	P07-Baseline	0.00975874220656004	36	No	Yes	pre_post_share	NR-pre_existing
P07	NR	033	poor	mild	C	pEKI	pEKI	P07-Treat	TRAV35;TRBV28_;_TRAJ23;TRBJ1-2_TRA:CAGPNQGGKLIF;TRB:CASRTVANYGYTF_P07	0.003690036900369	3	P07-Baseline	2.710761724044456e-4	1	No	No	pre_post_share	NR-pre_existing
P07	NR	033	poor	mild	C	pEKI	pEKI	P07-Treat	TRAV12-1;TRBV30_;_TRAJ21;TRBJ1-1_TRA:CVVNNDFNKFYF;TRB:CAQRGRGTEAFF_P07	0.003690036900369	3	P07-Baseline	0.00216860937923556	8	No	No	pre_post_share	NR-pre_existing
P07	NR	033	poor	mild	C	pEKI	pEKI	P07-Treat	TRAV12-1;TRBV6-5_;_TRAJ41;TRBJ2-1_TRA:CVVRDSGYALNF;TRB:CASSYSGGDEQFF_P07	0.007380073800738	6	P07-Baseline	0.0029818378964489	11	No	No	pre_post_share	NR-pre_existing
P07	NR	033	poor	mild	C	pEKI	pEKI	P07-Treat	TRAV38-2/DV8;TRBV7-9_;_TRAJ48;TRBJ1-2_TRA:CAYRSPNFGNEKLTF;TRB:CASSVPSGGYTF_P07	0.002460024600246	2	NA	NA	NA	NA	No	post_specific	NR-post_novel
P07	NR	033	poor	mild	C	pEKI	pEKI	P07-Treat	TRAV17;TRBV20-1_;_TRAJ29;TRBJ2-7_TRA:CATDLSGNTPLVF;TRB:CSASLRNRAAYEQYF_P07	0.002460024600246	2	NA	NA	NA	NA	No	post_specific	NR-post_novel
P07	NR	033	poor	mild	C	pEKI	pEKI	P07-Treat	TRAV4;TRBV11-1_;TRBD2_TRAJ32;TRBJ2-1_TRA:CLVVSGGGATNKLIF;TRB:CASSLEGLAGGRNEQFF_P07	0.002460024600246	2	P07-Baseline	2.710761724044456e-4	1	No	No	pre_post_share	NR-pre_existing
P07	NR	033	poor	mild	C	pEKI	pEKI	P07-Treat	TRAV2;TRBV20-1_;_TRAJ29;TRBJ2-3_TRA:CAVSLSSGNTPLVF;TRB:CSARLAGADTQYF_P07	0.002460024600246	2	P07-Baseline	2.710761724044456e-4	1	No	No	pre_post_share	NR-pre_existing
P07	NR	033	poor	mild	C	pEKI	pEKI	P07-Treat	TRAV8-3;TRBV27_;TRBD1_TRAJ42;TRBJ2-7_TRA:CAVVPYGGSQGNLIF;TRB:CASRLGRGLSYEQYF_P07	0.006150061500615	5	P07-Baseline	0.0029818378964489	11	No	No	pre_post_share	NR-pre_existing
P07	NR	033	poor	mild	C	pEKI	pEKI	P07-Treat	TRAV13-1;TRBV6-1_;_TRAJ12;TRBJ2-2_TRA:CAASLWMDSSYKLIF;TRB:CASSQGAGELFF_P07	0.01107011070110701	9	P07-Baseline	5.421523448088912e-4	2	No	Yes	pre_post_share	NR-pre_existing
P07	NR	033	poor	mild	C	pEKI	pEKI	P07-Treat	TRAV8-4;TRBV28_;TRBD2_TRAJ31;TRBJ2-7_TRA:CAVSGRFARLMF;TRB:CASSLRGNSGRAYEQYF_P07	0.002460024600246	2	NA	NA	NA	NA	No	post_specific	NR-post_novel
P07	NR	033	poor	mild	C	pEKI	pEKI	P07-Treat	TRAV14/DV4;TRBV19_;TRBD1_TRAJ45;TRBJ1-2_TRA:CAMREGRSGGGADGLTF;TRB:CASSLGTGYGYTF_P07	0.002460024600246	2	P07-Baseline	0.00216860937923556	8	No	No	pre_post_share	NR-pre_existing
P07	NR	033	poor	mild	C	pEKI	pEKI	P07-Treat	TRAV9-2;TRBV6-5_;_TRAJ40;TRBJ2-2_TRA:CALSTTSGTYKYIF;TRB:CASSYSSGRAMNTGELFF_P07	0.003690036900369	3	P07-Baseline	0.00135538086202222	5	No	No	pre_post_share	NR-pre_existing
P07	NR	033	poor	mild	C	pEKI	pEKI	P07-Treat	TRAV3;TRBV6-1_;_TRAJ13;TRBJ1-5_TRA:CAVRADSGGYQKVTF;TRB:CASSEGGGNQPQHF_P07	0.003690036900369	3	NA	NA	NA	NA	No	post_specific	NR-post_novel
P07	NR	033	poor	mild	C	pEKI	pEKI	P07-Treat	TRAV12-1;TRBV15_;_TRAJ53;TRBJ1-1_TRA:CVVISSGGSNYKLTF;TRB:CATSRDFAGTEAFF_P07	0.004920049200492	4	P07-Baseline	0.00162645703442667	6	No	No	pre_post_share	NR-pre_existing
P07	NR	033	poor	mild	C	pEKI	pEKI	P07-Treat	TRAV41;TRBV20-1_;_TRAJ54;TRBJ2-5_TRA:CAARRQGAQKLVF;TRB:CSARVWDRQETQYF_P07	0.002460024600246	2	NA	NA	NA	NA	No	post_specific	NR-post_novel
P07	NR	033	poor	mild	C	pEKI	pEKI	P07-Treat	TRAV6;TRBV29-1_;_TRAJ9;TRBJ2-3_TRA:CALGQGGFKTIF;TRB:CSVEVGSGMGDTQYF_P07	0.002460024600246	2	NA	NA	NA	NA	No	post_specific	NR-post_novel
P07	NR	033	poor	mild	C	pEKI	pEKI	P07-Treat	TRAV12-3;TRBV19_;TRBD1_TRAJ28;TRBJ1-5_TRA:CAMSPYSGAGSYQLTF;TRB:CASSIGQRGQGGTQPQHF_P07	0.002460024600246	2	P07-Baseline	0.00189753320683111	7	No	No	pre_post_share	NR-pre_existing
P07	NR	033	poor	mild	C	pEKI	pEKI	P07-Treat	TRAV13-2;TRBV19_;_TRAJ42;TRBJ1-5_TRA:CAEDLGGGSQGNLIF;TRB:CASSSRAGSPQHF_P07	0.008610086100861	7	P07-Baseline	0.00433721875847113	16	No	No	pre_post_share	NR-pre_existing
P07	NR	033	poor	mild	C	pEKI	pEKI	P07-Treat	TRAV26-1;TRBV20-1_;TRBD1_TRAJ52;TRBJ2-1_TRA:CIVAAGGTSYGKLTF;TRB:CSARPPGTGSYNEQFF_P07	0.002460024600246	2	NA	NA	NA	NA	No	post_specific	NR-post_novel
P07	NR	033	poor	mild	C	pEKI	pEKI	P07-Treat	TRAV8-3;TRBV5-4_;_TRAJ52;TRBJ1-2_TRA:CAVGALFNAGGTSYGKLTF;TRB:CASRQRGSTGYTF_P07	0.006150061500615	5	P07-Baseline	0.00271076172404445	10	No	No	pre_post_share	NR-pre_existing
P07	NR	033	poor	mild	C	pEKI	pEKI	P07-Treat	TRAV1-2;TRBV9_;_TRAJ24;TRBJ2-5_TRA:CAVRGLGTDSWGKFQF;TRB:CASSVGGEETQYF_P07	0.004920049200492	4	P07-Baseline	8.13228517213337e-4	3	No	No	pre_post_share	NR-pre_existing
P07	NR	033	poor	mild	C	pEKI	pEKI	P07-Treat	TRAV8-4;TRBV5-4_;_TRAJ32;TRBJ2-3_TRA:CAVSDGGATNKLIF;TRB:CASSLVDSTDTQYF_P07	0.002460024600246	2	P07-Baseline	2.710761724044456e-4	1	No	No	pre_post_share	NR-pre_existing
P07	NR	033	poor	mild	C	pEKI	pEKI	P07-Treat	TRAV9-2;TRBV7-2_;_TRAJ54;TRBJ2-3_TRA:CALDAMGGGAQKLVF;TRB:CASSPAGANTQYF_P07	0.002460024600246	2	NA	NA	NA	NA	No	post_specific	NR-post_novel
P07	NR	033	poor	mild	C	pEKI	pEKI	P07-Treat	TRAV9-2;TRBV7-9_;_TRAJ20;TRBJ1-2_TRA:CALADNDYKLSF;TRB:CASSLSGGSYGYTF_P07	0.01230012300123001	10	P07-Baseline	0.00108430468961778	4	No	Yes	pre_post_share	NR-pre_existing
P07	NR	033	poor	mild	C	pEKI	pEKI	P07-Treat	TRAV38-2/DV8;TRBV28_;_TRAJ54;TRBJ2-7_TRA:CAYEDQGAQKLVF;TRB:CASSAAFSEQYF_P07	0.002460024600246	2	P07-Baseline	0.00271076172404445	10	No	No	pre_post_share	NR-pre_existing
P07	NR	033	poor	mild	C	pEKI	pEKI	P07-Treat	TRAV12-1;TRBV7-8_;_TRAJ45;TRBJ2-1_TRA:CAVSPYGGNSGGGADGLTF;TRB:CASRRLANYEQFF_P07	0.002460024600246	2	P07-Baseline	8.13228517213337e-4	3	No	No	pre_post_share	NR-pre_existing
P07	NR	033	poor	mild	C	pEKI	pEKI	P07-Treat	TRAV9-2;TRBV6-5_;TRBD2_TRAJ42;TRBJ2-7_TRA:CALRRGSQGNLIF;TRB:CASSYWREGPYEQYF_P07	0.002460024600246	2	P07-Baseline	0.00216860937923556	8	No	No	pre_post_share	NR-pre_existing
P07	NR	033	poor	mild	C	pEKI	pEKI	P07-Treat	TRAV27;TRBV20-1_;TRBD1_TRAJ36;TRBJ2-1_TRA:CAGLFMRTGANNLFF;TRB:CSARPPGTGSYNEQFF_P07	0.002460024600246	2	NA	NA	NA	NA	No	post_specific	NR-post_novel
P07	NR	033	poor	mild	C	pEKI	pEKI	P07-Treat	TRAV1-2;TRBV4-2_;TRBD1_TRAJ33;TRBJ1-6_TRA:CAASDSNYQLIW;TRB:CASNPETGGGGSPLHF_P07	0.006150061500615	5	P07-Baseline	0.00271076172404445	10	No	No	pre_post_share	NR-pre_existing
P07	NR	033	poor	mild	C	pEKI	pEKI	P07-Treat	TRAV12-1;TRBV6-1_;TRBD1_TRAJ18;TRBJ1-1_TRA:CAVRGSTLGRLYF;TRB:CASSGSGTGIEAFF_P07	0.002460024600246	2	NA	NA	NA	NA	No	post_specific	NR-post_novel
P07	NR	033	poor	mild	C	pEKI	pEKI	P07-Treat	TRAV14/DV4;TRBV20-1_;_TRAJ11;TRBJ2-5_TRA:CAMREGQRNSGYSTLTF;TRB:CSARTLAGAHQETQYF_P07	0.003690036900369	3	P07-Baseline	0.00243968555164001	9	No	No	pre_post_share	NR-pre_existing
P07	NR	033	poor	mild	C	pEKI	pEKI	P07-Treat	TRAV39;TRBV6-2_;_TRAJ49;TRBJ2-3_TRA:CAVDKNTGNQFYF;TRB:CASSYSASSTEWGTDTQYF_P07	0.007380073800738	6	NA	NA	NA	NA	No	post_specific	NR-post_novel
P07	NR	033	poor	mild	C	pEKI	pEKI	P07-Treat	TRAV8-6;TRBV11-1_;TRBD1_TRAJ53;TRBJ2-1_TRA:CAVSGGSNYKLTF;TRB:CASSASGGTYNEQFF_P07	0.003690036900369	3	P07-Baseline	0.00162645703442667	6	No	No	pre_post_share	NR-pre_existing
P07	NR	033	poor	mild	C	pEKI	pEKI	P07-Treat	TRAV12-2;TRBV6-1_;_TRAJ10;TRBJ1-5_TRA:CAVWGGGNKLTF;TRB:CASSEGGGNQPQHF_P07	0.002460024600246	2	NA	NA	NA	NA	No	post_specific	NR-post_novel
P07	NR	033	poor	mild	C	pEKI	pEKI	P07-Treat	TRAV6;TRBV6-1_;TRBD1_TRAJ34;TRBJ1-2_TRA:CALSSNTDKLIF;TRB:CASKNVDRGRDGYTF_P07	0.002460024600246	2	P07-Baseline	0.00135538086202222	5	No	No	pre_post_share	NR-pre_existing
P07	NR	033	poor	mild	C	pEKI	pEKI	P07-Treat	TRAV12-3;TRBV6-5_;TRBD1_TRAJ49;TRBJ1-1_TRA:CAMSVWITGNQFYF;TRB:CASRPGQGEMNTEAFF_P07	0.002460024600246	2	NA	NA	NA	NA	No	post_specific	NR-post_novel
P07	NR	033	poor	mild	C	pEKI	pEKI	P07-Treat	TRAV26-1;TRBV2_;_TRAJ39;TRBJ2-7_TRA:CIVRDNAGNMLTF;TRB:CASSRSRGLKSYEQYF_P07	0.004920049200492	4	NA	NA	NA	NA	No	post_specific	NR-post_novel
P07	NR	033	poor	mild	C	pEKI	pEKI	P07-Treat	TRAV13-1;TRBV6-2_;_TRAJ48;TRBJ2-6_TRA:CAATLRRISNFGNEKLTF;TRB:CASSYSRGSHSTRNVLTF_P07	0.004920049200492	4	P07-Baseline	0.00135538086202222	5	No	No	pre_post_share	NR-pre_existing
P07	NR	033	poor	mild	C	pEKI	pEKI	P07-Treat	TRAV21;TRBV7-3_;TRBD1_TRAJ20;TRBJ2-7_TRA:CAVKSRKLSF;TRB:CASSDTGANPYEQYF_P07	0.003690036900369	3	P07-Baseline	0.00406614258606668	15	No	No	pre_post_share	NR-pre_existing
P07	NR	033	poor	mild	C	pEKI	pEKI	P07-Treat	TRAV8-2;TRBV15_;_TRAJ47;TRBJ2-2_TRA:CVVSDRGGPEYGNKLVF;TRB:CATSRDLGTGELFF_P07	0.002460024600246	2	P07-Baseline	8.13228517213337e-4	3	No	No	pre_post_share	NR-pre_existing
P07	NR	033	poor	mild	C	pEKI	pEKI	P07-Treat	TRAV17;TRBV14_;_TRAJ53;TRBJ1-6_TRA:CAPGSNYKLTF;TRB:CASSQGPPEGSPLHF_P07	0.002460024600246	2	P07-Baseline	5.421523448088912e-4	2	No	No	pre_post_share	NR-pre_existing
P07	NR	033	poor	mild	C	pEKI	pEKI	P07-Treat	TRAV1-2;TRBV5-6_;_TRAJ31;TRBJ2-1_TRA:CAVRSNNNARLMF;TRB:CASSHERRVTYNEQFF_P07	0.002460024600246	2	NA	NA	NA	NA	No	post_specific	NR-post_novel
P07	NR	033	poor	mild	C	pEKI	pEKI	P07-Treat	TRAV8-2;TRBV20-1_;_TRAJ34;TRBJ2-5_TRA:CVVSREGTDKLIF;TRB:CSVRVGGETQYF_P07	0.004920049200492	4	P07-Baseline	5.421523448088912e-4	2	No	No	pre_post_share	NR-pre_existing
P07	NR	033	poor	mild	C	pEKI	pEKI	P07-Treat	TRAV16;TRBV7-2_;_TRAJ57;TRBJ2-1_TRA:CALRRTQGGSEKLVF;TRB:CASSLAAGANEQFF_P07	0.002460024600246	2	P07-Baseline	0.00135538086202222	5	No	No	pre_post_share	NR-pre_existing
P07	NR	033	poor	mild	C	pEKI	pEKI	P07-Treat	TRAV38-2/DV8;TRBV28_;_TRAJ54;TRBJ2-3_TRA:CASVGAQKLVF;TRB:CASSLSSPRDTQYF_P07	0.002460024600246	2	NA	NA	NA	NA	No	post_specific	NR-post_novel
P07	NR	033	poor	mild	C	pEKI	pEKI	P07-Treat	TRAV8-2;TRBV28_;TRBD2_TRAJ8;TRBJ2-7_TRA:CVVSVDTGFQKLVF;TRB:CASSLRGNSGRAYEQYF_P07	0.002460024600246	2	NA	NA	NA	NA	No	post_specific	NR-post_novel
P07	NR	033	poor	mild	C	pEKI	pEKI	P07-Treat	TRAV12-1;TRBV5-1_;_TRAJ37;TRBJ1-6_TRA:CAVNWNKGSGNTGKLIF;TRB:CASSLAGSSSPLHF_P07	0.002460024600246	2	NA	NA	NA	NA	No	post_specific	NR-post_novel
P07	NR	033	poor	mild	C	pEKI	pEKI	P07-Treat	TRAV17;TRBV11-2_;_TRAJ23;TRBJ2-1_TRA:CATAYNQGGKLIF;TRB:CASQLAGYNEQFF_P07	0.002460024600246	2	P07-Baseline	5.421523448088912e-4	2	No	No	pre_post_share	NR-pre_existing
P08	R	034	good	moderate	A	good	good	P08-Treat	TRAV12-1;TRBV9_;_TRAJ48;TRBJ2-7_TRA:CVVNLGDFGNEKLTF;TRB:CASSVSSADYEQYF_P08	0.00208768267223382	2	NA	NA	NA	NA	No	post_specific	R-post_novel
P08	R	034	good	moderate	A	good	good	P08-Treat	TRAV13-2;TRBV7-3_;_TRAJ34;TRBJ2-3_TRA:CAENIYTDKLIF;TRB:CASSLNSGGRDTQYF_P08	0.00417536534446764	4	P08-Baseline	0.00117577895355673	4	No	No	pre_post_share	R-pre_existing
P08	R	034	good	moderate	A	good	good	P08-Treat	TRAV12-1;TRBV7-8_;_TRAJ44;TRBJ1-1_TRA:CVGDTGTASKLTF;TRB:CASSLVGVKTEAFF_P08	0.00208768267223382	2	NA	NA	NA	NA	No	post_specific	R-post_novel
P08	R	034	good	moderate	A	good	good	P08-Treat	TRAV12-1;TRBV6-1_;_TRAJ29;TRBJ2-1_TRA:CVVPAGAGNTPLVF;TRB:CASSEIAGRDYNEQFF_P08	0.00208768267223382	2	NA	NA	NA	NA	No	post_specific	R-post_novel
P08	R	034	good	moderate	A	good	good	P08-Treat	TRAV8-4;TRBV12-3_;_TRAJ6;TRBJ2-3_TRA:CAVSSGGSYIPTF;TRB:CASSLGGPGDTQYF_P08	0.00208768267223382	2	NA	NA	NA	NA	No	post_specific	R-post_novel
P08	R	034	good	moderate	A	good	good	P08-Treat	TRAV27;TRBV11-2_;_TRAJ39;TRBJ2-3_TRA:CAKHGGNAGNMLTF;TRB:CASSFMMGPKNTQYF_P08	0.00521920668058455	5	NA	NA	NA	NA	No	post_specific	R-post_novel
P08	R	034	good	moderate	A	good	good	P08-Treat	TRAV17;TRBV7-9_;_TRAJ39;TRBJ1-1_TRA:CATDAGNMLTF;TRB:CASSLSNTDEAFF_P08	0.00313152400835073	3	NA	NA	NA	NA	No	post_specific	R-post_novel
P08	R	034	good	moderate	A	good	good	P08-Treat	TRAV17;TRBV20-1_;_TRAJ27;TRBJ1-2_TRA:CATSNTNAGKSTF;TRB:CSAVTGRGYGYTF_P08	0.00208768267223382	2	P08-Baseline	2.9394473838918284e-4	1	No	No	pre_post_share	R-pre_existing
P08	R	034	good	moderate	A	good	good	P08-Treat	TRAV5;TRBV14_;_TRAJ7;TRBJ1-1_TRA:CAESSNYGNNRLAF;TRB:CASSHTRTEAFF_P08	0.00208768267223382	2	P08-Baseline	5.878894767783657e-4	2	No	No	pre_post_share	R-pre_existing
P08	R	034	good	moderate	A	good	good	P08-Treat	TRAV5;TRBV28_;_TRAJ7;TRBJ2-4_TRA:CAESSNYGNNRLAF;TRB:CASNPSTDPF_P08	0.00521920668058455	5	P08-Baseline	5.878894767783657e-4	2	No	No	pre_post_share	R-pre_existing
P08	R	034	good	moderate	A	good	good	P08-Treat	TRAV25;TRBV20-1_;TRBD1_TRAJ16;TRBJ2-5_TRA:CAGQDGQKLLF;TRB:CSALGTGGPRETQYF_P08	0.00208768267223382	2	NA	NA	NA	NA	No	post_specific	R-post_novel
P08	R	034	good	moderate	A	good	good	P08-Treat	TRAV8-2;TRBV5-1_;_TRAJ45;TRBJ2-3_TRA:CVVSDVWGGGADGLTF;TRB:CASSLSGNTQYF_P08	0.00208768267223382	2	P08-Baseline	2.9394473838918284e-4	1	No	No	pre_post_share	R-pre_existing
P08	R	034	good	moderate	A	good	good	P08-Treat	TRAV17;TRBV7-6_;_TRAJ5;TRBJ2-2_TRA:CATAPTQDTGRRALTF;TRB:CASSLEASGYTGELFF_P08	0.00208768267223382	2	NA	NA	NA	NA	No	post_specific	R-post_novel
P08	R	034	good	moderate	A	good	good	P08-Treat	TRAV8-4;TRBV13_;_TRAJ4;TRBJ2-2_TRA:CAVTSFSGGYNKLIF;TRB:CASSPTSGDNTGELFF_P08	0.0208768267223382	20	P08-Baseline	8.818342151675485e-4	3	No	Yes	pre_post_share	R-pre_existing
P08	R	034	good	moderate	A	good	good	P08-Treat	TRAV1-2;TRBV11-2_;_TRAJ18;TRBJ2-3_TRA:CAVTTPGRGSTLGRLYF;TRB:CASSLDSAGSGDTQYF_P08	0.00208768267223382	2	P08-Baseline	2.9394473838918284e-4	1	No	No	pre_post_share	R-pre_existing
P08	R	034	good	moderate	A	good	good	P08-Treat	TRAV17;TRBV12-3_;_TRAJ29;TRBJ2-2_TRA:CATALNSGNTPLVF;TRB:CASSFLGLNGELFF_P08	0.00208768267223382	2	P08-Baseline	2.9394473838918284e-4	1	No	No	pre_post_share	R-pre_existing
P08	R	034	good	moderate	A	good	good	P08-Treat	TRAV29/DV5;TRBV7-8_;_TRAJ23;TRBJ2-7_TRA:CAVSYNQGGKLIF;TRB:CASSPPTSGDEQYF_P08	0.00208768267223382	2	NA	NA	NA	NA	No	post_specific	R-post_novel
P08	R	034	good	moderate	A	good	good	P08-Treat	TRAV12-2;TRBV25-1_;_TRAJ34;TRBJ2-7_TRA:CAVKFPTDKLIF;TRB:CASTPGDEQYF_P08	0.00208768267223382	2	P08-Baseline	2.9394473838918284e-4	1	No	No	pre_post_share	R-pre_existing
P08	R	034	good	moderate	A	good	good	P08-Treat	TRAV6;TRBV20-1_;_TRAJ13;TRBJ2-7_TRA:CALLEPGGYQKVTF;TRB:CSARGLAVTYEQYF_P08	0.00417536534446764	4	NA	NA	NA	NA	No	post_specific	R-post_novel
P08	R	034	good	moderate	A	good	good	P08-Treat	TRAV12-1;TRBV12-4_;_TRAJ3;TRBJ2-2_TRA:CVDGEYSSASKIIF;TRB:CASSSAAGELFF_P08	0.00208768267223382	2	P08-Baseline	0.00264550264550264	9	No	No	pre_post_share	R-pre_existing
P08	R	034	good	moderate	A	good	good	P08-Treat	TRAV12-1;TRBV20-1_;_TRAJ22;TRBJ2-1_TRA:CVVNRGISGSARQLTF;TRB:CSARDPAGAFNEQFF_P08	0.00208768267223382	2	NA	NA	NA	NA	No	post_specific	R-post_novel
P08	R	034	good	moderate	A	good	good	P08-Treat	TRAV8-2;TRBV4-1_;TRBD1_TRAJ47;TRBJ2-7_TRA:CVVSALEYGNKLVF;TRB:CASSQPDRGPSEQYF_P08	0.00208768267223382	2	NA	NA	NA	NA	No	post_specific	R-post_novel
P08	R	034	good	moderate	A	good	good	P08-Treat	TRAV17;TRBV15_;_TRAJ48;TRBJ2-5_TRA:CATEENFGNEKLTF;TRB:CATSRLAGETQYF_P08	0.00521920668058455	5	P08-Baseline	0.00205761316872428	7	No	No	pre_post_share	R-pre_existing
P08	R	034	good	moderate	A	good	good	P08-Treat	TRAV8-3;TRBV6-5_;_TRAJ48;TRBJ1-4_TRA:CAVGNFGNEKLTF;TRB:CASSPPSSHEKLFF_P08	0.00313152400835073	3	P08-Baseline	5.878894767783657e-4	2	No	No	pre_post_share	R-pre_existing
P08	R	034	good	moderate	A	good	good	P08-Treat	TRAV8-1;TRBV4-1_;_TRAJ3;TRBJ2-6_TRA:CAVNADSSASKIIF;TRB:CASSQGSQPGANVLTF_P08	0.00417536534446764	4	NA	NA	NA	NA	No	post_specific	R-post_novel
P08	R	034	good	moderate	A	good	good	P08-Treat	TRAV8-2;TRBV6-5_;_TRAJ48;TRBJ2-5_TRA:CVVSVLFGNEKLTF;TRB:CASSYGRETQYF_P08	0.01252609603340292	12	P08-Baseline	0.00146972369194591	5	No	Yes	pre_post_share	R-pre_existing
P08	R	034	good	moderate	A	good	good	P08-Treat	TRAV2;TRBV7-3_;_TRAJ20;TRBJ2-2_TRA:CAVEDDYKLSF;TRB:CASSYDREVSTGELFF_P08	0.00313152400835073	3	P08-Baseline	0.00205761316872428	7	No	No	pre_post_share	R-pre_existing
P08	R	034	good	moderate	A	good	good	P08-Treat	TRAV12-1;TRBV20-1_;_TRAJ10;TRBJ2-3_TRA:CVVNEGGGNKLTF;TRB:CSAIFPLGGGYTDTQYF_P08	0.00208768267223382	2	NA	NA	NA	NA	No	post_specific	R-post_novel
P08	R	034	good	moderate	A	good	good	P08-Treat	TRAV8-6;TRBV12-3_;_TRAJ6;TRBJ2-3_TRA:CAVSSASGGSYIPTF;TRB:CASSLGGAGDTQYF_P08	0.00313152400835073	3	P08-Baseline	0.00176366843033509	6	No	No	pre_post_share	R-pre_existing
P08	R	034	good	moderate	A	good	good	P08-Treat	TRAV8-6;TRBV3-1_;_TRAJ54;TRBJ1-1_TRA:CAVSDQGAQKLVF;TRB:CASSARQGVTEAFF_P08	0.01148225469728601	11	P08-Baseline	0.00117577895355673	4	No	Yes	pre_post_share	R-pre_existing
P08	R	034	good	moderate	A	good	good	P08-Treat	TRAV38-1;TRBV7-9_;_TRAJ56;TRBJ1-1_TRA:CAFMRETGANSKLTF;TRB:CASRQQRGTEAFF_P08	0.00208768267223382	2	NA	NA	NA	NA	No	post_specific	R-post_novel
P08	R	034	good	moderate	A	good	good	P08-Treat	TRAV4;TRBV20-1_;TRBD1_TRAJ43;TRBJ2-7_TRA:CLVVPGGDNNDMRF;TRB:CSAGDRSSYEQYF_P08	0.00626304801670146	6	P08-Baseline	0.01058201058201058	36	No	No	pre_post_share	R-pre_existing
P08	R	034	good	moderate	A	good	good	P08-Treat	TRAV1-1;TRBV2_;_TRAJ5;TRBJ1-1_TRA:CAVTDTGRRALTF;TRB:CASRSAGGDGTEAFF_P08	0.00208768267223382	2	P08-Baseline	8.818342151675485e-4	3	No	No	pre_post_share	R-pre_existing
P08	R	034	good	moderate	A	good	good	P08-Treat	TRAV1-2;TRBV6-1_;_TRAJ26;TRBJ2-3_TRA:CAVREWDNYGQNFVF;TRB:CASSEEGRASTDTQYF_P08	0.00835073068893528	8	P08-Baseline	0.02145796590241034	73	Yes	No	pre_post_share	R-pre_existing
P08	R	034	good	moderate	A	good	good	P08-Treat	TRAV12-1;TRBV20-1_;_TRAJ22;TRBJ2-1_TRA:CVVNRGVSGSARQLTF;TRB:CSARGLAGYNEQFF_P08	0.00208768267223382	2	P08-Baseline	5.878894767783657e-4	2	No	No	pre_post_share	R-pre_existing
P08	R	034	good	moderate	A	good	good	P08-Treat	TRAV12-1;TRBV7-6_;TRBD1_TRAJ37;TRBJ2-6_TRA:CVVTGSGNTGKLIF;TRB:CASSTRTGGFSGANVLTF_P08	0.00208768267223382	2	NA	NA	NA	NA	No	post_specific	R-post_novel
P08	R	034	good	moderate	A	good	good	P08-Treat	TRAV8-4;TRBV30_;TRBD1_TRAJ23;TRBJ1-1_TRA:CAVSHGLGGKLIF;TRB:CAWSPREGGPATEAFF_P08	0.00313152400835073	3	NA	NA	NA	NA	No	post_specific	R-post_novel
P08	R	034	good	moderate	A	good	good	P08-Treat	TRAV12-2;TRBV7-2_;_TRAJ34;TRBJ2-7_TRA:CAVSGYTDKLIF;TRB:CASIIKGVSYEQYF_P08	0.00417536534446764	4	P08-Baseline	2.9394473838918284e-4	1	No	No	pre_post_share	R-pre_existing
P08	R	034	good	moderate	A	good	good	P08-Treat	TRAV20;TRBV28_;_TRAJ17;TRBJ2-3_TRA:CAVQASKAAGNKLTF;TRB:CASSLLISGTDTQYF_P08	0.00313152400835073	3	P08-Baseline	8.818342151675485e-4	3	No	No	pre_post_share	R-pre_existing
P08	R	034	good	moderate	A	good	good	P08-Treat	TRAV12-3;TRBV5-6_;_TRAJ7;TRBJ2-1_TRA:CAMTAYGNNRLAF;TRB:CASSFSSGREGEQFF_P08	0.00208768267223382	2	NA	NA	NA	NA	No	post_specific	R-post_novel
P08	R	034	good	moderate	A	good	good	P08-Treat	TRAV4;TRBV14_;TRBD1_TRAJ34;TRBJ2-7_TRA:CLVGDMRNTDKLIF;TRB:CASSQDRGYEQYF_P08	0.0104384133611691	10	NA	NA	NA	NA	No	post_specific	R-post_novel
P08	R	034	good	moderate	A	good	good	P08-Treat	TRAV17;TRBV11-2_;_TRAJ6;TRBJ2-2_TRA:CATDDSSGGSYIPTF;TRB:CASSFGIRELFF_P08	0.00208768267223382	2	P08-Baseline	2.9394473838918284e-4	1	No	No	pre_post_share	R-pre_existing
P08	R	034	good	moderate	A	good	good	P08-Treat	TRAV12-2;TRBV20-1_;_TRAJ22;TRBJ2-4_TRA:CAVYSGSARQLTF;TRB:CSASLIEQGKNIQYF_P08	0.00417536534446764	4	P08-Baseline	2.9394473838918284e-4	1	No	No	pre_post_share	R-pre_existing
P08	R	034	good	moderate	A	good	good	P08-Treat	TRAV26-2;TRBV7-8_;_TRAJ23;TRBJ2-1_TRA:CILRDVYNQGGKLIF;TRB:CASSLESSLAESYNEQFF_P08	0.00313152400835073	3	P08-Baseline	0.00881834215167548	30	No	No	pre_post_share	R-pre_existing
P08	R	034	good	moderate	A	good	good	P08-Treat	TRAV14/DV4;TRBV27_;_TRAJ54;TRBJ2-3_TRA:CAMRRVQGAQKLVF;TRB:CASSLSLGGASDTQYF_P08	0.0615866388308977	59	P08-Baseline	0.00117577895355673	4	No	Yes	pre_post_share	R-pre_existing
P08	R	034	good	moderate	A	good	good	P08-Treat	TRAV27;TRBV24-1_;_TRAJ48;TRBJ1-1_TRA:CAGAQNFGNEKLTF;TRB:CATSAEGDTEAFF_P08	0.00208768267223382	2	NA	NA	NA	NA	No	post_specific	R-post_novel
P08	R	034	good	moderate	A	good	good	P08-Treat	TRAV12-1;TRBV20-1_;_TRAJ22;TRBJ2-1_TRA:CVVNRGASGSARQLTF;TRB:CSARDGGSFYNEQFF_P08	0.01565762004175365	15	P08-Baseline	0.00117577895355673	4	No	Yes	pre_post_share	R-pre_existing
P08	R	034	good	moderate	A	good	good	P08-Treat	TRAV3;TRBV5-1_;TRBD1_TRAJ9;TRBJ1-5_TRA:CAVRDMGGFKTIF;TRB:CASSAGTGTNQPQHF_P08	0.00208768267223382	2	NA	NA	NA	NA	No	post_specific	R-post_novel
P08	R	034	good	moderate	A	good	good	P08-Treat	TRAV38-1;TRBV5-1_;_TRAJ24;TRBJ2-1_TRA:CAFWSDSWGKFQF;TRB:CASSLGIFSYNEQFF_P08	0.00208768267223382	2	P08-Baseline	2.9394473838918284e-4	1	No	No	pre_post_share	R-pre_existing
P08	R	034	good	moderate	A	good	good	P08-Treat	TRAV4;TRBV5-1_;_TRAJ29;TRBJ2-5_TRA:CLVGDGPSGNTPLVF;TRB:CASKFGGDQETQYF_P08	0.00313152400835073	3	P08-Baseline	8.818342151675485e-4	3	No	No	pre_post_share	R-pre_existing
P08	R	034	good	moderate	A	good	good	P08-Treat	TRAV4;TRBV25-1_;_TRAJ29;TRBJ2-7_TRA:CLVGDGNTPLVF;TRB:CASTPGDEQYF_P08	0.00208768267223382	2	NA	NA	NA	NA	No	post_specific	R-post_novel
P08	R	034	good	moderate	A	good	good	P08-Treat	TRAV6;TRBV11-2_;_TRAJ22;TRBJ1-6_TRA:CALPASGSARQLTF;TRB:CASSLDLGSPLHF_P08	0.00208768267223382	2	P08-Baseline	2.9394473838918284e-4	1	No	No	pre_post_share	R-pre_existing
P08	R	034	good	moderate	A	good	good	P08-Treat	TRAV8-2;TRBV5-1_;_TRAJ39;TRBJ2-2_TRA:CVVSLGVGNMLTF;TRB:CASSSNGMNTGELFF_P08	0.00313152400835073	3	NA	NA	NA	NA	No	post_specific	R-post_novel
P08	R	034	good	moderate	A	good	good	P08-Treat	TRAV12-1;TRBV5-1_;TRBD2_TRAJ15;TRBJ2-5_TRA:CVVNQAGTALIF;TRB:CASSSGTSGGETQYF_P08	0.00417536534446764	4	P08-Baseline	5.878894767783657e-4	2	No	No	pre_post_share	R-pre_existing
P08	R	034	good	moderate	A	good	good	P08-Treat	TRAV12-2;TRBV5-1_;_TRAJ34;TRBJ2-1_TRA:CAVSGYTDKLIF;TRB:CASRLDRSNEQFF_P08	0.00208768267223382	2	NA	NA	NA	NA	No	post_specific	R-post_novel
P08	R	034	good	moderate	A	good	good	P08-Treat	TRAV9-2;TRBV19_;_TRAJ45;TRBJ2-1_TRA:CALSDLYSGGGADGLTF;TRB:CASSASGGAAVTYNEQFF_P08	0.0104384133611691	10	P08-Baseline	0.00440917107583774	15	No	Yes	pre_post_share	R-pre_existing
P08	R	034	good	moderate	A	good	good	P08-Treat	TRAV13-1;TRBV14_;_TRAJ37;TRBJ1-1_TRA:CAASRSSNTGKLIF;TRB:CASSHTRTEAFF_P08	0.00313152400835073	3	NA	NA	NA	NA	No	post_specific	R-post_novel
P08	R	034	good	moderate	A	good	good	P08-Treat	TRAV8-6;TRBV7-9_;TRBD2_TRAJ4;TRBJ2-1_TRA:CAVHGYNKLIF;TRB:CASSSGLAGGDEQFF_P08	0.01565762004175365	15	P08-Baseline	0.00323339212228101	11	No	Yes	pre_post_share	R-pre_existing
P08	R	034	good	moderate	A	good	good	P08-Treat	TRAV21;TRBV19_;_TRAJ15;TRBJ2-3_TRA:CAVRISNQAGTALIF;TRB:CASRDFLTDTQYF_P08	0.0104384133611691	10	P08-Baseline	0.00205761316872428	7	No	Yes	pre_post_share	R-pre_existing
P08	R	034	good	moderate	A	good	good	P08-Treat	TRAV21;TRBV3-1_;_TRAJ7;TRBJ1-6_TRA:CAAPYGNNRLAF;TRB:CASSLTWSSYNSPLHF_P08	0.00730688935281837	7	P08-Baseline	0.00117577895355673	4	No	No	pre_post_share	R-pre_existing
P08	R	034	good	moderate	A	good	good	P08-Treat	TRAV29/DV5;TRBV4-1_;TRBD2_TRAJ30;TRBJ2-3_TRA:CAAADDKIIF;TRB:CASSEGLAGVKSDTQYF_P08	0.06263048016701461	60	P08-Baseline	0.00293944738389182	10	No	Yes	pre_post_share	R-pre_existing
P08	R	034	good	moderate	A	good	good	P08-Treat	TRAV35;TRBV29-1_;_TRAJ22;TRBJ2-1_TRA:CAGFSSGSARQLTF;TRB:CSVEIYNEQFF_P08	0.00521920668058455	5	P08-Baseline	8.818342151675485e-4	3	No	No	pre_post_share	R-pre_existing
P08	R	034	good	moderate	A	good	good	P08-Treat	TRAV35;TRBV7-9_;TRBD1_TRAJ28;TRBJ2-3_TRA:CAGTYSGAGSYQLTF;TRB:CASTGDREVADTQYF_P08	0.00521920668058455	5	NA	NA	NA	NA	No	post_specific	R-post_novel
P08	R	034	good	moderate	A	good	good	P08-Treat	TRAV13-1;TRBV6-5_;_TRAJ54;TRBJ2-2_TRA:CAVWAGAQKLVF;TRB:CASSYSTSGGGELFF_P08	0.00208768267223382	2	NA	NA	NA	NA	No	post_specific	R-post_novel
P08	R	034	good	moderate	A	good	good	P08-Treat	TRAV4;TRBV9_;_TRAJ39;TRBJ2-2_TRA:CLVGDINAGNMLTF;TRB:CASSVGGDTGELFF_P08	0.00313152400835073	3	NA	NA	NA	NA	No	post_specific	R-post_novel
P08	R	034	good	moderate	A	good	good	P08-Treat	TRAV41;TRBV6-5_;_TRAJ49;TRBJ2-5_TRA:CAVDQFYF;TRB:CASSYGRETQYF_P08	0.02713987473903966	26	P08-Baseline	0.00323339212228101	11	No	Yes	pre_post_share	R-pre_existing
P08	R	034	good	moderate	A	good	good	P08-Treat	TRAV10;TRBV30_;_TRAJ34;TRBJ2-1_TRA:CVVDNTDKLIF;TRB:CAWSVGPYNEQFF_P08	0.00313152400835073	3	NA	NA	NA	NA	No	post_specific	R-post_novel
P08	R	034	good	moderate	A	good	good	P08-Treat	TRAV10;TRBV7-2_;_TRAJ15;TRBJ1-3_TRA:CVVILNQAGTALIF;TRB:CASSLNTGNTIYF_P08	0.00417536534446764	4	NA	NA	NA	NA	No	post_specific	R-post_novel
P08	R	034	good	moderate	A	good	good	P08-Treat	TRAV12-1;TRBV30_;TRBD1_TRAJ4;TRBJ2-2_TRA:CVVNVGYNKLIF;TRB:CAWNSGTENTGELFF_P08	0.00208768267223382	2	P08-Baseline	5.878894767783657e-4	2	No	No	pre_post_share	R-pre_existing
P08	R	034	good	moderate	A	good	good	P08-Treat	TRAV8-4;TRBV27_;_TRAJ56;TRBJ1-1_TRA:CAVSRYTGANSKLTF;TRB:CASSLRSAYMNTEAFF_P08	0.00313152400835073	3	NA	NA	NA	NA	No	post_specific	R-post_novel
P08	R	034	good	moderate	A	good	good	P08-Treat	TRAV8-6;TRBV19_;_TRAJ31;TRBJ1-1_TRA:CAVSDTPPRLMF;TRB:CASRVSPGGNTEAFF_P08	0.00521920668058455	5	NA	NA	NA	NA	No	post_specific	R-post_novel
P08	R	034	good	moderate	A	good	good	P08-Treat	TRAV12-3;TRBV2_;_TRAJ6;TRBJ2-3_TRA:CAMSAGESGGSYIPTF;TRB:CASARSPREGATDTQYF_P08	0.00730688935281837	7	NA	NA	NA	NA	No	post_specific	R-post_novel
P08	R	034	good	moderate	A	good	good	P08-Treat	TRAV13-2;TRBV10-1_;_TRAJ52;TRBJ2-1_TRA:CAENAGGTSYGKLTF;TRB:CASSEMGAWDEQFF_P08	0.00208768267223382	2	NA	NA	NA	NA	No	post_specific	R-post_novel
P08	R	034	good	moderate	A	good	good	P08-Treat	TRAV14/DV4;TRBV2_;TRBD1_TRAJ11;TRBJ1-6_TRA:CAMRENSGYSTLTF;TRB:CASREQGSYNSPLHF_P08	0.00208768267223382	2	P08-Baseline	5.878894767783657e-4	2	No	No	pre_post_share	R-pre_existing
P08	R	034	good	moderate	A	good	good	P08-Treat	TRAV29/DV5;TRBV14_;_TRAJ28;TRBJ2-5_TRA:CAASFGSGAGSYQLTF;TRB:CASSHPTGETQYF_P08	0.00313152400835073	3	P08-Baseline	2.9394473838918284e-4	1	No	No	pre_post_share	R-pre_existing
P08	R	034	good	moderate	A	good	good	P08-Treat	TRAV2;TRBV6-5_;TRBD1_TRAJ34;TRBJ1-5_TRA:CAVPNTDKLIF;TRB:CASRTGSGPNQPQHF_P08	0.00417536534446764	4	P08-Baseline	0.00146972369194591	5	No	No	pre_post_share	R-pre_existing
P08	R	034	good	moderate	A	good	good	P08-Treat	TRAV1-1;TRBV11-2_;TRBD1_TRAJ11;TRBJ2-1_TRA:CAVERYSTLTF;TRB:CASSLRGQGAYNEQFF_P08	0.00208768267223382	2	NA	NA	NA	NA	No	post_specific	R-post_novel
P08	R	034	good	moderate	A	good	good	P08-Treat	TRAV25;TRBV19_;_TRAJ4;TRBJ2-1_TRA:CAGAGFSGGYNKLIF;TRB:CASSPDSASGFYNEQFF_P08	0.00208768267223382	2	NA	NA	NA	NA	No	post_specific	R-post_novel
P08	R	034	good	moderate	A	good	good	P08-Treat	TRAV29/DV5;TRBV7-8_;TRBD2_TRAJ40;TRBJ2-1_TRA:CAATPRTYKYIF;TRB:CASSSGTSGSVDEQFF_P08	0.00313152400835073	3	NA	NA	NA	NA	No	post_specific	R-post_novel
P08	R	034	good	moderate	A	good	good	P08-Treat	TRAV35;TRBV9_;_TRAJ40;TRBJ2-1_TRA:CAGPPGASGTYKYIF;TRB:CASSVTGEQFF_P08	0.00835073068893528	8	P08-Baseline	2.9394473838918284e-4	1	No	No	pre_post_share	R-pre_existing
P08	R	034	good	moderate	A	good	good	P08-Treat	TRAV1-2;TRBV4-1_;_TRAJ30;TRBJ1-5_TRA:CAVRGRDDKIIF;TRB:CASSQVIQSSNQPQHF_P08	0.00208768267223382	2	NA	NA	NA	NA	No	post_specific	R-post_novel
P08	R	034	good	moderate	A	good	good	P08-Treat	TRAV29/DV5;TRBV15_;_TRAJ33;TRBJ2-3_TRA:CAASAPDSNYQLIW;TRB:CATSLAGGSTDTQYF_P08	0.00313152400835073	3	NA	NA	NA	NA	No	post_specific	R-post_novel
P08	R	034	good	moderate	A	good	good	P08-Treat	TRAV12-2;TRBV19_;_TRAJ21;TRBJ1-2_TRA:CAVYNFNKFYF;TRB:CASSSAGTIYGYTF_P08	0.00208768267223382	2	NA	NA	NA	NA	No	post_specific	R-post_novel
P08	R	034	good	moderate	A	good	good	P08-Treat	TRAV13-1;TRBV7-9_;TRBD1_TRAJ26;TRBJ1-2_TRA:CAAGRGGQNFVF;TRB:CASSGGNRAYYGYTF_P08	0.00208768267223382	2	NA	NA	NA	NA	No	post_specific	R-post_novel
P08	R	034	good	moderate	A	good	good	P08-Treat	TRAV13-2;TRBV20-1_;_TRAJ20;TRBJ2-7_TRA:CAERSNDYKLSF;TRB:CSASRVPSYEQYF_P08	0.00208768267223382	2	NA	NA	NA	NA	No	post_specific	R-post_novel
P08	R	034	good	moderate	A	good	good	P08-Treat	TRAV14/DV4;TRBV11-3_;_TRAJ26;TRBJ2-1_TRA:CAMREPYNYGQNFVF;TRB:CASSFYRDEQFF_P08	0.00208768267223382	2	NA	NA	NA	NA	No	post_specific	R-post_novel
P08	R	034	good	moderate	A	good	good	P08-Treat	TRAV29/DV5;TRBV7-9_;_TRAJ31;TRBJ2-5_TRA:CAARNNARLMF;TRB:CASSLVRGFETQYF_P08	0.00208768267223382	2	NA	NA	NA	NA	No	post_specific	R-post_novel
P08	R	034	good	moderate	A	good	good	P08-Treat	TRAV19;TRBV20-1_;_TRAJ30;TRBJ2-7_TRA:CALSEPSNRDDKIIF;TRB:CSARKNRGYEQYF_P08	0.00730688935281837	7	P08-Baseline	2.9394473838918284e-4	1	No	No	pre_post_share	R-pre_existing
P08	R	034	good	moderate	A	good	good	P08-Treat	TRAV19;TRBV9_;_TRAJ35;TRBJ1-2_TRA:CALSETPPEGFGNVLHC;TRB:CASSGPANYGYTF_P08	0.00417536534446764	4	P08-Baseline	8.818342151675485e-4	3	No	No	pre_post_share	R-pre_existing
P08	R	034	good	moderate	A	good	good	P08-Treat	TRAV19;TRBV6-5_;_TRAJ49;TRBJ2-2_TRA:CALSEARSGNQFYF;TRB:CASSYGPGHGELFF_P08	0.00313152400835073	3	P08-Baseline	2.9394473838918284e-4	1	No	No	pre_post_share	R-pre_existing
P08	R	034	good	moderate	A	good	good	P08-Treat	TRAV20;TRBV4-1_;TRBD1_TRAJ40;TRBJ1-3_TRA:CAVQARDSGTYKYIF;TRB:CASSQGSAQGGIGNTIYF_P08	0.00417536534446764	4	P08-Baseline	2.9394473838918284e-4	1	No	No	pre_post_share	R-pre_existing
P08	R	034	good	moderate	A	good	good	P08-Treat	TRAV39;TRBV7-9_;TRBD1_TRAJ9;TRBJ2-1_TRA:CASSGGSFKTIF;TRB:CASSLPTGGNEQFF_P08	0.00313152400835073	3	P08-Baseline	2.9394473838918284e-4	1	No	No	pre_post_share	R-pre_existing
P08	R	034	good	moderate	A	good	good	P08-Treat	TRAV1-2;TRBV6-2_;_TRAJ12;TRBJ2-5_TRA:CAVMDSSYKLIF;TRB:CASSSTTGTGSETQYF_P08	0.00730688935281837	7	P08-Baseline	0.06525573192239859	222	Yes	No	pre_post_share	R-pre_existing
P08	R	034	good	moderate	A	good	good	P08-Treat	TRAV8-2;TRBV24-1_;_TRAJ26;TRBJ2-2_TRA:CVVSWDNYGQNFVF;TRB:CATSDPDSLNTGELFF_P08	0.00417536534446764	4	NA	NA	NA	NA	No	post_specific	R-post_novel
P08	R	034	good	moderate	A	good	good	P08-Treat	TRAV29/DV5;TRBV9_;_TRAJ47;TRBJ2-1_TRA:CAASKKYGNKLVF;TRB:CASSGLIVNEQFF_P08	0.00208768267223382	2	NA	NA	NA	NA	No	post_specific	R-post_novel
P08	R	034	good	moderate	A	good	good	P08-Treat	TRAV35;TRBV5-1_;TRBD1_TRAJ18;TRBJ2-3_TRA:CAGQRMGRLYF;TRB:CASSWGETGGIGDTQYF_P08	0.00208768267223382	2	NA	NA	NA	NA	No	post_specific	R-post_novel
P08	R	034	good	moderate	A	good	good	P08-Treat	TRAV8-4;TRBV6-5_;TRBD1_TRAJ9;TRBJ2-7_TRA:CAVSDRNTGGFKTIF;TRB:CASSSPGQGSGEQYF_P08	0.00208768267223382	2	NA	NA	NA	NA	No	post_specific	R-post_novel
P08	R	034	good	moderate	A	good	good	P08-Treat	TRAV1-2;TRBV12-3_;_TRAJ20;TRBJ1-1_TRA:CAVDTGQLSF;TRB:CASSVNTEAFF_P08	0.00835073068893528	8	NA	NA	NA	NA	No	post_specific	R-post_novel
P08	R	034	good	moderate	A	good	good	P08-Treat	TRAV35;TRBV6-2_;TRBD1_TRAJ18;TRBJ2-1_TRA:CAGQTLGRLYF;TRB:CATEPGTGGEQFF_P08	0.00313152400835073	3	NA	NA	NA	NA	No	post_specific	R-post_novel
P08	R	034	good	moderate	A	good	good	P08-Treat	TRAV29/DV5;TRBV7-9_;_TRAJ56;TRBJ2-2_TRA:CAASVLETGANSKLTF;TRB:CASSAQILAPNTGELFF_P08	0.00939457202505219	9	NA	NA	NA	NA	No	post_specific	R-post_novel
P08	R	034	good	moderate	A	good	good	P08-Treat	TRAV12-2;TRBV19_;_TRAJ13;TRBJ2-1_TRA:CAVISGGYQKVTF;TRB:CASSISGGNEQFF_P08	0.00521920668058455	5	NA	NA	NA	NA	No	post_specific	R-post_novel
P08	R	034	good	moderate	A	good	good	P08-Treat	TRAV1-2;TRBV6-1_;_TRAJ33;TRBJ1-5_TRA:CAVRDSNYQLIW;TRB:CASSEGYSNQPQHF_P08	0.00313152400835073	3	P08-Baseline	0.01410934744268077	48	Yes	No	pre_post_share	R-pre_existing
P08	R	034	good	moderate	A	good	good	P08-Treat	TRAV10;TRBV20-1_;_TRAJ40;TRBJ1-4_TRA:CVVGDSGTYKYIF;TRB:CSARDIRDEKLFF_P08	0.00208768267223382	2	NA	NA	NA	NA	No	post_specific	R-post_novel
P08	R	034	good	moderate	A	good	good	P08-Treat	TRAV29/DV5;TRBV30_;_TRAJ48;TRBJ2-5_TRA:CAGESNEKLTF;TRB:CAWSSFGGPYQETQYF_P08	0.00208768267223382	2	P08-Baseline	0.00117577895355673	4	No	No	pre_post_share	R-pre_existing
P08	R	034	good	moderate	A	good	good	P08-Treat	TRAV12-3;TRBV2_;TRBD1_TRAJ32;TRBJ2-5_TRA:CAMSSSRGATNKLIF;TRB:CASREPERGPETQYF_P08	0.00835073068893528	8	P08-Baseline	0.00235155790711346	8	No	No	pre_post_share	R-pre_existing
P08	R	034	good	moderate	A	good	good	P08-Treat	TRAV3;TRBV19_;_TRAJ4;TRBJ1-1_TRA:CAVRDPVSGGYNKLIF;TRB:CASSPQGPLSTEAFF_P08	0.00208768267223382	2	NA	NA	NA	NA	No	post_specific	R-post_novel
P08	R	034	good	moderate	A	good	good	P08-Treat	TRAV13-1;TRBV28_;_TRAJ37;TRBJ2-4_TRA:CAASRSSNTGKLIF;TRB:CASNPSTDPF_P08	0.01148225469728601	11	P08-Baseline	2.9394473838918284e-4	1	No	Yes	pre_post_share	R-pre_existing
P08	R	034	good	moderate	A	good	good	P08-Treat	TRAV13-1;TRBV7-9_;_TRAJ8;TRBJ1-1_TRA:CAARDHLTGFQKLVF;TRB:CASSVDRAGTEAFF_P08	0.00208768267223382	2	P08-Baseline	2.9394473838918284e-4	1	No	No	pre_post_share	R-pre_existing
P08	R	034	good	moderate	A	good	good	P08-Treat	TRAV12-1;TRBV29-1_;_TRAJ26;TRBJ2-7_TRA:CVVNKNYGQNFVF;TRB:CSVGVPATYEQYF_P08	0.00313152400835073	3	NA	NA	NA	NA	No	post_specific	R-post_novel
P08	R	034	good	moderate	A	good	good	P08-Treat	TRAV13-1;TRBV5-5_;_TRAJ11;TRBJ1-2_TRA:CAALWGGYSTLTF;TRB:CASSNTSGGHYGYTF_P08	0.00208768267223382	2	P08-Baseline	5.878894767783657e-4	2	No	No	pre_post_share	R-pre_existing
P08	R	034	good	moderate	A	good	good	P08-Treat	TRAV2;TRBV27_;_TRAJ16;TRBJ2-1_TRA:CAVFSDGQKLLF;TRB:CASSLFGLGTGKGNEQFF_P08	0.00208768267223382	2	P08-Baseline	0.00146972369194591	5	No	No	pre_post_share	R-pre_existing
P08	R	034	good	moderate	A	good	good	P08-Treat	TRAV20;TRBV5-1_;_TRAJ28;TRBJ1-2_TRA:CAVQGPGAGSYQLTF;TRB:CASSLDGKGYTF_P08	0.00208768267223382	2	NA	NA	NA	NA	No	post_specific	R-post_novel
P08	R	034	good	moderate	A	good	good	P08-Treat	TRAV13-1;TRBV20-1_;TRBD1_TRAJ15;TRBJ2-3_TRA:CAASRNQAGTALIF;TRB:CSVPGVTGDTQYF_P08	0.00417536534446764	4	P08-Baseline	5.878894767783657e-4	2	No	No	pre_post_share	R-pre_existing
P08	R	034	good	moderate	A	good	good	P08-Treat	TRAV35;TRBV29-1_;_TRAJ22;TRBJ2-1_TRA:CAGFSSGSARQLTF;TRB:CSVEEYNEQFF_P08	0.00208768267223382	2	NA	NA	NA	NA	No	post_specific	R-post_novel
P08	R	034	good	moderate	A	good	good	P08-Treat	TRAV21;TRBV6-4_;_TRAJ20;TRBJ2-3_TRA:CAAVSNDYKLSF;TRB:CASRVSHGSLDTQYF_P08	0.00208768267223382	2	P08-Baseline	2.9394473838918284e-4	1	No	No	pre_post_share	R-pre_existing
P08	R	034	good	moderate	A	good	good	P08-Treat	TRAV14/DV4;TRBV12-4_;_TRAJ3;TRBJ2-5_TRA:CAMRGRHSSASKIIF;TRB:CASSRTETQYF_P08	0.00521920668058455	5	P08-Baseline	0.00411522633744856	14	No	No	pre_post_share	R-pre_existing
P08	R	034	good	moderate	A	good	good	P08-Treat	TRAV19;TRBV4-1_;_TRAJ42;TRBJ2-1_TRA:CALSERGYGGSQGNLIF;TRB:CASSQDRPAYNEQFF_P08	0.00208768267223382	2	P08-Baseline	2.9394473838918284e-4	1	No	No	pre_post_share	R-pre_existing
P08	R	034	good	moderate	A	good	good	P08-Treat	TRAV21;TRBV5-6_;_TRAJ43;TRBJ1-2_TRA:CAVTGGNNDMRF;TRB:CASSLGGNYGYTF_P08	0.00417536534446764	4	P08-Baseline	0.00117577895355673	4	No	No	pre_post_share	R-pre_existing
P08	R	034	good	moderate	A	good	good	P08-Treat	TRAV38-2/DV8;TRBV7-9_;_TRAJ30;TRBJ2-7_TRA:CASWRDDKIIF;TRB:CASSSGGRGYI_P08	0.00208768267223382	2	P08-Baseline	5.878894767783657e-4	2	No	No	pre_post_share	R-pre_existing
P09	NR	035	poor	mild	A	poor	pEKD	P09-Treat	TRAV29/DV5;TRBV25-1_;_TRAJ44;TRBJ2-2_TRA:CAASYTGTASKLTF;TRB:CASSDLRTGGGFANTGELFF_P09	0.01500508646998982	59	NA	NA	NA	NA	Yes	post_specific	NR-post_novel
P09	NR	035	poor	mild	A	poor	pEKD	P09-Treat	TRAV8-3;TRBV9_;_TRAJ24;TRBJ2-3_TRA:CAVGAADSWGKLQF;TRB:CASSVGVGGLTDTQYF_P09	0.01042726347914547	41	P09-Baseline	0.00215782983970406	7	No	No	pre_post_share	NR-pre_existing
P09	NR	035	poor	mild	A	poor	pEKD	P09-Treat	TRAV38-2/DV8;TRBV19_;_TRAJ49;TRBJ2-3_TRA:CAFQGAGNQFYF;TRB:CASSIGASGTDTQYF_P09	0.00101729399796541	4	NA	NA	NA	NA	No	post_specific	NR-post_novel
P09	NR	035	poor	mild	A	poor	pEKD	P09-Treat	TRAV41;TRBV7-2_;_TRAJ28;TRBJ2-1_TRA:CAVSLPYSGAGSYQLTF;TRB:CASSSRTSDIHNEQFF_P09	0.00101729399796541	4	NA	NA	NA	NA	No	post_specific	NR-post_novel
P09	NR	035	poor	mild	A	poor	pEKD	P09-Treat	TRAV27;TRBV10-1_;TRBD2_TRAJ42;TRBJ2-7_TRA:CAGGFNYGGSQGNLIF;TRB:CASSEGLAGAYEQYF_P09	5.08646998982706e-4	2	NA	NA	NA	NA	No	post_specific	NR-post_novel
P09	NR	035	poor	mild	A	poor	pEKD	P09-Treat	TRAV26-1;TRBV5-1_;TRBD1_TRAJ39;TRBJ1-1_TRA:CIVRSNNAGNMLTF;TRB:CASSLWDRGTEAFF_P09	5.08646998982706e-4	2	NA	NA	NA	NA	No	post_specific	NR-post_novel
P09	NR	035	poor	mild	A	poor	pEKD	P09-Treat	TRAV12-2;TRBV25-1_;_TRAJ34;TRBJ2-7_TRA:CAVKDPSDKLIF;TRB:CASSPGDEQYF_P09	5.08646998982706e-4	2	P09-Baseline	6.165228113440197e-4	2	No	No	pre_post_share	NR-pre_existing
P09	NR	035	poor	mild	A	poor	pEKD	P09-Treat	TRAV19;TRBV7-3_;_TRAJ23;TRBJ2-1_TRA:CALSEDLMIYNQGGKLIF;TRB:CASSEAGTRINEQFF_P09	0.00534079348931841	21	NA	NA	NA	NA	No	post_specific	NR-post_novel
P09	NR	035	poor	mild	A	poor	pEKD	P09-Treat	TRAV41;TRBV7-9_;_TRAJ48;TRBJ2-1_TRA:CAVGLRGNEKLTF;TRB:CASSLARDNEQFF_P09	0.00356052899287894	14	P09-Baseline	0.00123304562268803	4	No	No	pre_post_share	NR-pre_existing
P09	NR	035	poor	mild	A	poor	pEKD	P09-Treat	TRAV8-4;TRBV11-2_;_TRAJ43;TRBJ2-3_TRA:CAVSSVPNNDMRF;TRB:CASSPTLAATDTQYF_P09	7.62970498474059e-4	3	P09-Baseline	3.0826140567200987e-4	1	No	No	pre_post_share	NR-pre_existing
P09	NR	035	poor	mild	A	poor	pEKD	P09-Treat	TRAV9-2;TRBV5-1_;_TRAJ46;TRBJ1-3_TRA:CALSDRQSSGDKLTF;TRB:CASSLGTALGNTIYF_P09	5.08646998982706e-4	2	NA	NA	NA	NA	No	post_specific	NR-post_novel
P09	NR	035	poor	mild	A	poor	pEKD	P09-Treat	TRAV19;TRBV6-5_;_TRAJ28;TRBJ2-7_TRA:CALSEIDSGAGSYQLTF;TRB:CASRKNTREPRYEQYF_P09	0.00152594099694811	6	P09-Baseline	6.165228113440197e-4	2	No	No	pre_post_share	NR-pre_existing
P09	NR	035	poor	mild	A	poor	pEKD	P09-Treat	TRAV10;TRBV28_;_TRAJ31;TRBJ2-7_TRA:CVVSASNNARLMF;TRB:CASSLGRLVSLSNEQYF_P09	0.00279755849440488	11	P09-Baseline	0.0033908754623921	11	No	No	pre_post_share	NR-pre_existing
P09	NR	035	poor	mild	A	poor	pEKD	P09-Treat	TRAV8-3;TRBV7-2_;_TRAJ10;TRBJ2-5_TRA:CAVAGLTGGGNKLTF;TRB:CASSVYQETQYF_P09	5.08646998982706e-4	2	NA	NA	NA	NA	No	post_specific	NR-post_novel
P09	NR	035	poor	mild	A	poor	pEKD	P09-Treat	TRAV38-2/DV8;TRBV27_;_TRAJ57;TRBJ2-5_TRA:CAYRRAQGGSEKLVF;TRB:CASSLTYSGTQYF_P09	5.08646998982706e-4	2	NA	NA	NA	NA	No	post_specific	NR-post_novel
P09	NR	035	poor	mild	A	poor	pEKD	P09-Treat	TRAV17;TRBV4-1_;_TRAJ52;TRBJ2-7_TRA:CATVANAGGTSYGKLTF;TRB:CASSQGRDLPYEQYF_P09	5.08646998982706e-4	2	NA	NA	NA	NA	No	post_specific	NR-post_novel
P09	NR	035	poor	mild	A	poor	pEKD	P09-Treat	TRAV19;TRBV2_;TRBD2_TRAJ53;TRBJ2-5_TRA:CALKEGGSNYKLTF;TRB:CASTGLAGAGWEETQYF_P09	0.00101729399796541	4	NA	NA	NA	NA	No	post_specific	NR-post_novel
P09	NR	035	poor	mild	A	poor	pEKD	P09-Treat	TRAV41;TRBV7-2_;_TRAJ44;TRBJ2-5_TRA:CAARTGTASKLTF;TRB:CASTGTPQETQYF_P09	5.08646998982706e-4	2	NA	NA	NA	NA	No	post_specific	NR-post_novel
P09	NR	035	poor	mild	A	poor	pEKD	P09-Treat	TRAV12-2;TRBV2_;_TRAJ48;TRBJ2-5_TRA:CAVTFGRSNFGNEKLTF;TRB:CASSEASAGSETQYF_P09	7.62970498474059e-4	3	NA	NA	NA	NA	No	post_specific	NR-post_novel
P09	NR	035	poor	mild	A	poor	pEKD	P09-Treat	TRAV38-1;TRBV12-3_;TRBD1_TRAJ45;TRBJ2-1_TRA:CAFMKPPGGGADGLTF;TRB:CASSLGTVDEQFF_P09	5.08646998982706e-4	2	NA	NA	NA	NA	No	post_specific	NR-post_novel
P09	NR	035	poor	mild	A	poor	pEKD	P09-Treat	TRAV8-4;TRBV5-1_;_TRAJ43;TRBJ1-1_TRA:CAVSFNNDMRF;TRB:CASSLAKGSYGNTEAFF_P09	5.08646998982706e-4	2	NA	NA	NA	NA	No	post_specific	NR-post_novel
P09	NR	035	poor	mild	A	poor	pEKD	P09-Treat	TRAV3;TRBV6-5_;_TRAJ28;TRBJ2-1_TRA:CASKSGAGSYQLTF;TRB:CASSPSSSGGPTYLFF_P09	5.08646998982706e-4	2	NA	NA	NA	NA	No	post_specific	NR-post_novel
P09	NR	035	poor	mild	A	poor	pEKD	P09-Treat	TRAV9-2;TRBV25-1_;TRBD1_TRAJ12;TRBJ2-3_TRA:CALISMDSSYKLIF;TRB:CASSAGTGSTDTQYF_P09	0.00101729399796541	4	NA	NA	NA	NA	No	post_specific	NR-post_novel
P09	NR	035	poor	mild	A	poor	pEKD	P09-Treat	TRAV20;TRBV6-5_;_TRAJ32;TRBJ2-3_TRA:CAVHLYRGGGATNKLIF;TRB:CASRRRREYPDTQYF_P09	5.08646998982706e-4	2	NA	NA	NA	NA	No	post_specific	NR-post_novel
P09	NR	035	poor	mild	A	poor	pEKD	P09-Treat	TRAV21;TRBV10-3_;TRBD1_TRAJ36;TRBJ2-7_TRA:CAVLTGANNLFF;TRB:CAISPTTLRTGSSYEQYF_P09	5.08646998982706e-4	2	P09-Baseline	0.00123304562268803	4	No	No	pre_post_share	NR-pre_existing
P09	NR	035	poor	mild	A	poor	pEKD	P09-Treat	TRAV27;TRBV7-6_;_TRAJ45;TRBJ2-5_TRA:CAGSWGGGADGLTF;TRB:CASSLERGTTQYF_P09	5.08646998982706e-4	2	P09-Baseline	3.0826140567200987e-4	1	No	No	pre_post_share	NR-pre_existing
P09	NR	035	poor	mild	A	poor	pEKD	P09-Treat	TRAV3;TRBV5-4_;_TRAJ8;TRBJ2-5_TRA:CAVRDDTGFQKLVF;TRB:CASSPVGFQETQYF_P09	5.08646998982706e-4	2	P09-Baseline	0.00277435265104808	9	No	No	pre_post_share	NR-pre_existing
P09	NR	035	poor	mild	A	poor	pEKD	P09-Treat	TRAV29/DV5;TRBV20-1_;TRBD1_TRAJ18;TRBJ2-7_TRA:CAASDTGSTLGRLYF;TRB:CSAPRWGQDRVRGEQYF_P09	0.00127161749745676	5	P09-Baseline	0.00154130702836004	5	No	No	pre_post_share	NR-pre_existing
P09	NR	035	poor	mild	A	poor	pEKD	P09-Treat	TRAV8-3;TRBV19_;_TRAJ9;TRBJ2-5_TRA:CAVGATTGGFKTIF;TRB:CASTPPGRQETQYF_P09	5.08646998982706e-4	2	P09-Baseline	0.00123304562268803	4	No	No	pre_post_share	NR-pre_existing
P09	NR	035	poor	mild	A	poor	pEKD	P09-Treat	TRAV17;TRBV20-1_;_TRAJ22;TRBJ2-5_TRA:CATDSRGSARQLTF;TRB:CSAREQQGYQETQYF_P09	5.08646998982706e-4	2	NA	NA	NA	NA	No	post_specific	NR-post_novel
P09	NR	035	poor	mild	A	poor	pEKD	P09-Treat	TRAV38-1;TRBV12-3_;_TRAJ45;TRBJ2-5_TRA:CAFMKPTGGGADGLTF;TRB:CASSPGTVETQYF_P09	5.08646998982706e-4	2	P09-Baseline	3.0826140567200987e-4	1	No	No	pre_post_share	NR-pre_existing
P09	NR	035	poor	mild	A	poor	pEKD	P09-Treat	TRAV26-1;TRBV5-1_;_TRAJ40;TRBJ1-1_TRA:CIVRGGGTYKYIF;TRB:CASSLTTGYTEAFF_P09	7.62970498474059e-4	3	NA	NA	NA	NA	No	post_specific	NR-post_novel
P09	NR	035	poor	mild	A	poor	pEKD	P09-Treat	TRAV12-2;TRBV27_;_TRAJ49;TRBJ1-2_TRA:CAVNGVRGNQFYF;TRB:CASSQTGRKNYGYTF_P09	7.62970498474059e-4	3	NA	NA	NA	NA	No	post_specific	NR-post_novel
P09	NR	035	poor	mild	A	poor	pEKD	P09-Treat	TRAV17;TRBV2_;_TRAJ41;TRBJ1-1_TRA:CATDVWSNSGYALNF;TRB:CASSEAHPGRTIRTEAFF_P09	5.08646998982706e-4	2	NA	NA	NA	NA	No	post_specific	NR-post_novel
P09	NR	035	poor	mild	A	poor	pEKD	P09-Treat	TRAV17;TRBV2_;_TRAJ26;TRBJ2-5_TRA:CATDLFYGQNFVF;TRB:CASRTGLQETQYF_P09	0.00228891149542217	9	NA	NA	NA	NA	No	post_specific	NR-post_novel
P09	NR	035	poor	mild	A	poor	pEKD	P09-Treat	TRAV23/DV6;TRBV5-6_;_TRAJ52;TRBJ2-7_TRA:CAAPDTTLWPGGTSYGKLTF;TRB:CASSRSGRTYEQYF_P09	0.00203458799593082	8	P09-Baseline	3.0826140567200987e-4	1	No	No	pre_post_share	NR-pre_existing
P09	NR	035	poor	mild	A	poor	pEKD	P09-Treat	TRAV12-3;TRBV28_;_TRAJ27;TRBJ2-1_TRA:CAMSGDAGKSTF;TRB:CASSFDRDNEQFF_P09	0.00178026449643947	7	P09-Baseline	0.00215782983970406	7	No	No	pre_post_share	NR-pre_existing
P09	NR	035	poor	mild	A	poor	pEKD	P09-Treat	TRAV19;TRBV2_;_TRAJ21;TRBJ2-7_TRA:CALSEGNFNKFYF;TRB:CASSGGLVREQYF_P09	5.08646998982706e-4	2	NA	NA	NA	NA	No	post_specific	NR-post_novel
P09	NR	035	poor	mild	A	poor	pEKD	P09-Treat	TRAV9-2;TRBV11-2_;_TRAJ32;TRBJ2-7_TRA:CALSDWYGGATNKLIF;TRB:CASSLGLDVDEQYF_P09	5.08646998982706e-4	2	NA	NA	NA	NA	No	post_specific	NR-post_novel
P09	NR	035	poor	mild	A	poor	pEKD	P09-Treat	TRAV9-2;TRBV13_;_TRAJ24;TRBJ2-1_TRA:CALSVPSWGKLQF;TRB:CASSRSGRAYNEQFF_P09	7.62970498474059e-4	3	NA	NA	NA	NA	No	post_specific	NR-post_novel
P09	NR	035	poor	mild	A	poor	pEKD	P09-Treat	TRAV9-2;TRBV19_;_TRAJ24;TRBJ2-1_TRA:CALRLLDSWGKLQF;TRB:CASSTSRDYHNEQFF_P09	0.00101729399796541	4	NA	NA	NA	NA	No	post_specific	NR-post_novel
P09	NR	035	poor	mild	A	poor	pEKD	P09-Treat	TRAV35;TRBV28_;_TRAJ23;TRBJ1-2_TRA:CAGQRIYNQGGKLIF;TRB:CASSFNGNYGYTF_P09	5.08646998982706e-4	2	P09-Baseline	3.0826140567200987e-4	1	No	No	pre_post_share	NR-pre_existing
P09	NR	035	poor	mild	A	poor	pEKD	P09-Treat	TRAV27;TRBV6-5_;_TRAJ31;TRBJ1-1_TRA:CAGVRNNARLMF;TRB:CASGQTGHENTEAFF_P09	0.00101729399796541	4	P09-Baseline	0.00123304562268803	4	No	No	pre_post_share	NR-pre_existing
P09	NR	035	poor	mild	A	poor	pEKD	P09-Treat	TRAV19;TRBV2_;_TRAJ17;TRBJ2-5_TRA:CALREGAAGNKLTF;TRB:CASRTGLQETQYF_P09	0.0048321464903357	19	NA	NA	NA	NA	No	post_specific	NR-post_novel
P09	NR	035	poor	mild	A	poor	pEKD	P09-Treat	TRAV9-2;TRBV9_;_TRAJ42;TRBJ2-1_TRA:CALSGRGSQGNLIF;TRB:CASSLTSGSSYNEQFF_P09	0.00203458799593082	8	NA	NA	NA	NA	No	post_specific	NR-post_novel
P09	NR	035	poor	mild	A	poor	pEKD	P09-Treat	TRAV26-1;TRBV4-1_;_TRAJ42;TRBJ2-4_TRA:CIGLGRRSQGNLIF;TRB:CASSQDGGGWTKNIQYF_P09	0.00101729399796541	4	NA	NA	NA	NA	No	post_specific	NR-post_novel
P09	NR	035	poor	mild	A	poor	pEKD	P09-Treat	TRAV13-2;TRBV5-4_;_TRAJ30;TRBJ1-1_TRA:CAEGLNRDDKIIF;TRB:CASSRDGTNTEAFF_P09	0.00101729399796541	4	P09-Baseline	0.00277435265104808	9	No	No	pre_post_share	NR-pre_existing
P09	NR	035	poor	mild	A	poor	pEKD	P09-Treat	TRAV20;TRBV3-1_;_TRAJ40;TRBJ1-2_TRA:CAVLGTYKYIF;TRB:CASSPNPGTFRGGYTF_P09	0.00178026449643947	7	P09-Baseline	0.01140567200986436	37	Yes	No	pre_post_share	NR-pre_existing
P09	NR	035	poor	mild	A	poor	pEKD	P09-Treat	TRAV16;TRBV2_;_TRAJ22;TRBJ2-1_TRA:CALSPPGSARQLTF;TRB:CATLGTSGNNEQFF_P09	0.00127161749745676	5	NA	NA	NA	NA	No	post_specific	NR-post_novel
P09	NR	035	poor	mild	A	poor	pEKD	P09-Treat	TRAV30;TRBV25-1_;TRBD1_TRAJ30;TRBJ1-3_TRA:CGTEIRWGGKIIF;TRB:CASSEFRDRGPGNTIYF_P09	7.62970498474059e-4	3	P09-Baseline	3.0826140567200987e-4	1	No	No	pre_post_share	NR-pre_existing
P09	NR	035	poor	mild	A	poor	pEKD	P09-Treat	TRAV38-2/DV8;TRBV20-1_;_TRAJ54;TRBJ1-5_TRA:CAYRSAGAQKLVF;TRB:CSARETVNQPQHF_P09	5.08646998982706e-4	2	NA	NA	NA	NA	No	post_specific	NR-post_novel
P09	NR	035	poor	mild	A	poor	pEKD	P09-Treat	TRAV24;TRBV5-1_;TRBD1_TRAJ10;TRBJ1-1_TRA:CAFPTGGGNKLTF;TRB:CASSLGTGGPYTEAFF_P09	0.01932858596134282	76	P09-Baseline	0.0157213316892725	51	Yes	Yes	pre_post_share	NR-pre_existing
P09	NR	035	poor	mild	A	poor	pEKD	P09-Treat	TRAV23/DV6;TRBV5-1_;_TRAJ47;TRBJ2-1_TRA:CAASRMEYGNKLVF;TRB:CASSLVGHYNEQFF_P09	5.08646998982706e-4	2	NA	NA	NA	NA	No	post_specific	NR-post_novel
P09	NR	035	poor	mild	A	poor	pEKD	P09-Treat	TRAV6;TRBV30_;_TRAJ22;TRBJ2-7_TRA:CALSGSARQLTF;TRB:CAWSGGASYEQYF_P09	0.05391658189216684	212	P09-Baseline	0.01972872996300863	64	Yes	Yes	pre_post_share	NR-pre_existing
P09	NR	035	poor	mild	A	poor	pEKD	P09-Treat	TRAV6;TRBV5-4_;TRBD1_TRAJ23;TRBJ1-4_TRA:CALASIYNQGGKLIF;TRB:CASSFDRGEEKLFF_P09	7.62970498474059e-4	3	NA	NA	NA	NA	No	post_specific	NR-post_novel
P09	NR	035	poor	mild	A	poor	pEKD	P09-Treat	TRAV17;TRBV7-9_;TRBD1_TRAJ28;TRBJ2-5_TRA:CATDLYSGAGSYQLTF;TRB:CATRLGQGAETQYF_P09	0.08621566632756866	339	NA	NA	NA	NA	Yes	post_specific	NR-post_novel
P09	NR	035	poor	mild	A	poor	pEKD	P09-Treat	TRAV27;TRBV6-1_;_TRAJ29;TRBJ2-7_TRA:CAGATRNTPLVF;TRB:CASSELGQGSPYEQYF_P09	0.00559511698880976	22	NA	NA	NA	NA	No	post_specific	NR-post_novel
P09	NR	035	poor	mild	A	poor	pEKD	P09-Treat	TRAV29/DV5;TRBV5-1_;TRBD1_TRAJ53;TRBJ1-1_TRA:CAASGNSGGSNYKLTF;TRB:CASSPGQGAVVEAFF_P09	5.08646998982706e-4	2	NA	NA	NA	NA	No	post_specific	NR-post_novel
P09	NR	035	poor	mild	A	poor	pEKD	P09-Treat	TRAV19;TRBV6-1_;_TRAJ40;TRBJ1-4_TRA:CALRDSGTYKYIF;TRB:CASRMPEEGEKLFF_P09	0.01169888097660223	46	P09-Baseline	0.02651048088779285	86	Yes	Yes	pre_post_share	NR-pre_existing
P09	NR	035	poor	mild	A	poor	pEKD	P09-Treat	TRAV29/DV5;TRBV5-1_;TRBD1_TRAJ53;TRBJ2-3_TRA:CAASGNSGGSNYKLTF;TRB:CASSSGAGATDTQYF_P09	0.00127161749745676	5	P09-Baseline	3.0826140567200987e-4	1	No	No	pre_post_share	NR-pre_existing
P09	NR	035	poor	mild	A	poor	pEKD	P09-Treat	TRAV2;TRBV19_;_TRAJ34;TRBJ2-1_TRA:CAVRGTDKLIF;TRB:CASSAARPGNEQFF_P09	5.08646998982706e-4	2	NA	NA	NA	NA	No	post_specific	NR-post_novel
P09	NR	035	poor	mild	A	poor	pEKD	P09-Treat	TRAV2;TRBV7-9_;TRBD1_TRAJ40;TRBJ1-5_TRA:CAVGPTSGTYKYIF;TRB:CASSPGDRGSNQPQHF_P09	0.00127161749745676	5	P09-Baseline	3.0826140567200987e-4	1	No	No	pre_post_share	NR-pre_existing
P09	NR	035	poor	mild	A	poor	pEKD	P09-Treat	TRAV8-4;TRBV12-4_;_TRAJ5;TRBJ2-5_TRA:CAVTLYTGRRALTF;TRB:CASSLGNQGSETQYF_P09	0.00101729399796541	4	NA	NA	NA	NA	No	post_specific	NR-post_novel
P09	NR	035	poor	mild	A	poor	pEKD	P09-Treat	TRAV16;TRBV5-4_;TRBD1_TRAJ32;TRBJ2-5_TRA:CALSGPIYGGATNKLIF;TRB:CASSLGTGRVGSETQYF_P09	5.08646998982706e-4	2	NA	NA	NA	NA	No	post_specific	NR-post_novel
P09	NR	035	poor	mild	A	poor	pEKD	P09-Treat	TRAV30;TRBV12-3_;_TRAJ35;TRBJ1-4_TRA:CGTEPIGFGNVLHC;TRB:CASRGESTTNEKLFF_P09	7.62970498474059e-4	3	NA	NA	NA	NA	No	post_specific	NR-post_novel
P09	NR	035	poor	mild	A	poor	pEKD	P09-Treat	TRAV6;TRBV15_;TRBD1_TRAJ9;TRBJ1-5_TRA:CAPYTGGFKTIF;TRB:CATSDGQGGKQPQHF_P09	5.08646998982706e-4	2	NA	NA	NA	NA	No	post_specific	NR-post_novel
P09	NR	035	poor	mild	A	poor	pEKD	P09-Treat	TRAV3;TRBV12-4_;_TRAJ3;TRBJ2-1_TRA:CAVSPRSSASKIIF;TRB:CASSSNPGRQFF_P09	5.08646998982706e-4	2	NA	NA	NA	NA	No	post_specific	NR-post_novel
P09	NR	035	poor	mild	A	poor	pEKD	P09-Treat	TRAV27;TRBV6-5_;_TRAJ44;TRBJ1-3_TRA:CAAGGGGTASKLTF;TRB:CASSRLSRAVSGNTIYF_P09	5.08646998982706e-4	2	P09-Baseline	3.0826140567200987e-4	1	No	No	pre_post_share	NR-pre_existing
P09	NR	035	poor	mild	A	poor	pEKD	P09-Treat	TRAV6;TRBV5-4_;TRBD1_TRAJ21;TRBJ2-5_TRA:CALDSGYNFNKFYF;TRB:CASSLDRGPETQYF_P09	5.08646998982706e-4	2	NA	NA	NA	NA	No	post_specific	NR-post_novel
P09	NR	035	poor	mild	A	poor	pEKD	P09-Treat	TRAV6;TRBV7-9_;_TRAJ13;TRBJ2-5_TRA:CALDIAGYQKVTF;TRB:CASSSNDFLGSQYF_P09	0.00127161749745676	5	P09-Baseline	6.165228113440197e-4	2	No	No	pre_post_share	NR-pre_existing
P09	NR	035	poor	mild	A	poor	pEKD	P09-Treat	TRAV17;TRBV5-4_;_TRAJ36;TRBJ2-1_TRA:CATEPTGANNLFF;TRB:CASSRVPPGNEQFF_P09	0.00101729399796541	4	P09-Baseline	3.0826140567200987e-4	1	No	No	pre_post_share	NR-pre_existing
P09	NR	035	poor	mild	A	poor	pEKD	P09-Treat	TRAV29/DV5;TRBV18_;_TRAJ58;TRBJ1-4_TRA:CAASDGTSGSRLTF;TRB:CASSPTDEKLFF_P09	0.00101729399796541	4	NA	NA	NA	NA	No	post_specific	NR-post_novel
P09	NR	035	poor	mild	A	poor	pEKD	P09-Treat	TRAV22;TRBV3-1_;_TRAJ58;TRBJ2-5_TRA:CAVERSLGETSGSRLTF;TRB:CASSQFLQETQYF_P09	5.08646998982706e-4	2	NA	NA	NA	NA	No	post_specific	NR-post_novel
P09	NR	035	poor	mild	A	poor	pEKD	P09-Treat	TRAV8-4;TRBV30_;_TRAJ42;TRBJ2-3_TRA:CAVSPRNGGSQGNLIF;TRB:CAWKGEAGHPTDTQYF_P09	5.08646998982706e-4	2	NA	NA	NA	NA	No	post_specific	NR-post_novel
P09	NR	035	poor	mild	A	poor	pEKD	P09-Treat	TRAV12-3;TRBV12-4_;_TRAJ54;TRBJ2-7_TRA:CAMSAIQGAQKLVF;TRB:CASSWGWFGGGEQYF_P09	0.00254323499491353	10	P09-Baseline	6.165228113440197e-4	2	No	No	pre_post_share	NR-pre_existing
P09	NR	035	poor	mild	A	poor	pEKD	P09-Treat	TRAV24;TRBV5-5_;_TRAJ35;TRBJ1-3_TRA:CAYMAVSGFGNVLHC;TRB:CASSLQGSGNTIYF_P09	0.0211088504577823	83	P09-Baseline	0.00215782983970406	7	No	Yes	pre_post_share	NR-pre_existing
P09	NR	035	poor	mild	A	poor	pEKD	P09-Treat	TRAV5;TRBV5-4_;_TRAJ31;TRBJ2-1_TRA:CAESTRNNNARLMF;TRB:CASSTGLAVYNEQFF_P09	5.08646998982706e-4	2	P09-Baseline	3.0826140567200987e-4	1	No	No	pre_post_share	NR-pre_existing
P09	NR	035	poor	mild	A	poor	pEKD	P09-Treat	TRAV9-2;TRBV10-2_;_TRAJ32;TRBJ1-2_TRA:CALGPGDTNKLIF;TRB:CASSPGQALVYTF_P09	7.62970498474059e-4	3	NA	NA	NA	NA	No	post_specific	NR-post_novel
P09	NR	035	poor	mild	A	poor	pEKD	P09-Treat	TRAV21;TRBV2_;_TRAJ24;TRBJ1-4_TRA:CAAPTDSWGKLQF;TRB:CASRVEAHNEKLFF_P09	0.00178026449643947	7	NA	NA	NA	NA	No	post_specific	NR-post_novel
P09	NR	035	poor	mild	A	poor	pEKD	P09-Treat	TRAV1-2;TRBV6-1_;_TRAJ33;TRBJ2-7_TRA:CAVKDSNYQLIW;TRB:CASSEETSGTYEQYF_P09	5.08646998982706e-4	2	NA	NA	NA	NA	No	post_specific	NR-post_novel
P09	NR	035	poor	mild	A	poor	pEKD	P09-Treat	TRAV21;TRBV2_;TRBD1_TRAJ37;TRBJ2-7_TRA:CAAPSNTGKLIF;TRB:CASSGQGAPYEQYF_P09	7.62970498474059e-4	3	NA	NA	NA	NA	No	post_specific	NR-post_novel
P09	NR	035	poor	mild	A	poor	pEKD	P09-Treat	TRAV19;TRBV12-5_;_TRAJ34;TRBJ2-1_TRA:CALSEARYDKLIF;TRB:CASGASLASHNEQFF_P09	7.62970498474059e-4	3	NA	NA	NA	NA	No	post_specific	NR-post_novel
P09	NR	035	poor	mild	A	poor	pEKD	P09-Treat	TRAV9-2;TRBV7-2_;_TRAJ20;TRBJ2-5_TRA:CALSASNDYKLSF;TRB:CASSLHGAQETQYF_P09	5.08646998982706e-4	2	NA	NA	NA	NA	No	post_specific	NR-post_novel
P09	NR	035	poor	mild	A	poor	pEKD	P09-Treat	TRAV12-2;TRBV10-2_;_TRAJ17;TRBJ2-7_TRA:CAVNAPGAAGNKLTF;TRB:CASSEIAGDDEQYF_P09	7.62970498474059e-4	3	NA	NA	NA	NA	No	post_specific	NR-post_novel
P09	NR	035	poor	mild	A	poor	pEKD	P09-Treat	TRAV26-1;TRBV30_;_TRAJ5;TRBJ2-1_TRA:CIVRALDTGRRALTF;TRB:CAWIDGTRGLAAYNEQFF_P09	5.08646998982706e-4	2	P09-Baseline	3.0826140567200987e-4	1	No	No	pre_post_share	NR-pre_existing
P09	NR	035	poor	mild	A	poor	pEKD	P09-Treat	TRAV4;TRBV5-4_;_TRAJ24;TRBJ2-6_TRA:CLVGDVADSWGKLQF;TRB:CASSLDPNVLTF_P09	5.08646998982706e-4	2	NA	NA	NA	NA	No	post_specific	NR-post_novel
P09	NR	035	poor	mild	A	poor	pEKD	P09-Treat	TRAV23/DV6;TRBV4-2_;_TRAJ37;TRBJ2-4_TRA:CAATFPSNTGKLIF;TRB:CASSQGRGFPKNIQYF_P09	5.08646998982706e-4	2	NA	NA	NA	NA	No	post_specific	NR-post_novel
P09	NR	035	poor	mild	A	poor	pEKD	P09-Treat	TRAV41;TRBV9_;_TRAJ34;TRBJ2-3_TRA:CAARKENTDKLIF;TRB:CASSPRILRGTDTQYF_P09	0.00178026449643947	7	NA	NA	NA	NA	No	post_specific	NR-post_novel
P09	NR	035	poor	mild	A	poor	pEKD	P09-Treat	TRAV17;TRBV15_;_TRAJ48;TRBJ2-5_TRA:CATEGDFGNEKLTF;TRB:CATSRVAGETQYF_P09	0.00101729399796541	4	P09-Baseline	3.0826140567200987e-4	1	No	No	pre_post_share	NR-pre_existing
P09	NR	035	poor	mild	A	poor	pEKD	P09-Treat	TRAV26-1;TRBV11-3_;_TRAJ58;TRBJ2-1_TRA:CIARLVTSGSRLTF;TRB:CASSLFLVSGGPAQFF_P09	7.62970498474059e-4	3	NA	NA	NA	NA	No	post_specific	NR-post_novel
P09	NR	035	poor	mild	A	poor	pEKD	P09-Treat	TRAV17;TRBV6-2_;_TRAJ26;TRBJ2-7_TRA:CAVDNYGQNFVF;TRB:CASSLLGGIDEQYF_P09	5.08646998982706e-4	2	P09-Baseline	6.165228113440197e-4	2	No	No	pre_post_share	NR-pre_existing
P09	NR	035	poor	mild	A	poor	pEKD	P09-Treat	TRAV29/DV5;TRBV28_;_TRAJ27;TRBJ2-1_TRA:CAASNAGKSTF;TRB:CASGLAGLYNEQFF_P09	7.62970498474059e-4	3	NA	NA	NA	NA	No	post_specific	NR-post_novel
P09	NR	035	poor	mild	A	poor	pEKD	P09-Treat	TRAV36/DV7;TRBV3-1_;_TRAJ42;TRBJ2-7_TRA:CAVEAVLRGGSQGNLIF;TRB:CASSLRDYEQYF_P09	0.00228891149542217	9	NA	NA	NA	NA	No	post_specific	NR-post_novel
P09	NR	035	poor	mild	A	poor	pEKD	P09-Treat	TRAV8-3;TRBV5-1_;_TRAJ11;TRBJ2-6_TRA:CAVGLPGYSTLTF;TRB:CASTFGGGSGEDRANVLTF_P09	5.08646998982706e-4	2	NA	NA	NA	NA	No	post_specific	NR-post_novel
P09	NR	035	poor	mild	A	poor	pEKD	P09-Treat	TRAV19;TRBV7-9_;_TRAJ43;TRBJ2-7_TRA:CALSEAYNNNDMRF;TRB:CASSSSGARYEQYF_P09	0.00127161749745676	5	NA	NA	NA	NA	No	post_specific	NR-post_novel
P09	NR	035	poor	mild	A	poor	pEKD	P09-Treat	TRAV29/DV5;TRBV6-5_;TRBD1_TRAJ57;TRBJ2-7_TRA:CAATQGGSEKLVF;TRB:CASSSGPGAYEQYF_P09	5.08646998982706e-4	2	P09-Baseline	6.165228113440197e-4	2	No	No	pre_post_share	NR-pre_existing
P09	NR	035	poor	mild	A	poor	pEKD	P09-Treat	TRAV20;TRBV13_;_TRAJ16;TRBJ2-3_TRA:CAVPLFSDGQKLLF;TRB:CASSLGVVDTQYF_P09	5.08646998982706e-4	2	NA	NA	NA	NA	No	post_specific	NR-post_novel
P09	NR	035	poor	mild	A	poor	pEKD	P09-Treat	TRAV8-4;TRBV5-1_;_TRAJ42;TRBJ2-5_TRA:CAVSPRNGGSQGNLIF;TRB:CASSLALASGYQETQYF_P09	0.00127161749745676	5	NA	NA	NA	NA	No	post_specific	NR-post_novel
P09	NR	035	poor	mild	A	poor	pEKD	P09-Treat	TRAV3;TRBV19_;TRBD1_TRAJ13;TRBJ2-3_TRA:CAVRSLSGGYQKVTF;TRB:CASSTWTGGFTDTQYF_P09	0.00254323499491353	10	NA	NA	NA	NA	No	post_specific	NR-post_novel
P09	NR	035	poor	mild	A	poor	pEKD	P09-Treat	TRAV20;TRBV5-1_;_TRAJ39;TRBJ2-7_TRA:CAVQASNNAGNMLTF;TRB:CASSPPGKTSGRFHEQYF_P09	5.08646998982706e-4	2	P09-Baseline	3.0826140567200987e-4	1	No	No	pre_post_share	NR-pre_existing
P09	NR	035	poor	mild	A	poor	pEKD	P09-Treat	TRAV38-2/DV8;TRBV20-1_;_TRAJ27;TRBJ2-1_TRA:CAYNTNAGKSTF;TRB:CSARGGEADNEQFF_P09	7.62970498474059e-4	3	P09-Baseline	0.00308261405672009	10	No	No	pre_post_share	NR-pre_existing
P09	NR	035	poor	mild	A	poor	pEKD	P09-Treat	TRAV35;TRBV11-2_;_TRAJ41;TRBJ1-6_TRA:CAGQLRNSGYALNF;TRB:CASSLGFYNSPLHF_P09	0.00178026449643947	7	P09-Baseline	6.165228113440197e-4	2	No	No	pre_post_share	NR-pre_existing
P09	NR	035	poor	mild	A	poor	pEKD	P09-Treat	TRAV35;TRBV12-3_;_TRAJ43;TRBJ1-5_TRA:CAGPPDMRF;TRB:CASSLLFSGGTSNQPQHF_P09	7.62970498474059e-4	3	NA	NA	NA	NA	No	post_specific	NR-post_novel
P09	NR	035	poor	mild	A	poor	pEKD	P09-Treat	TRAV35;TRBV19_;_TRAJ37;TRBJ2-1_TRA:CAGHPSSNTGKLIF;TRB:CASSSTGANEQFF_P09	5.08646998982706e-4	2	P09-Baseline	0.00184956843403205	6	No	No	pre_post_share	NR-pre_existing
P09	NR	035	poor	mild	A	poor	pEKD	P09-Treat	TRAV21;TRBV2_;_TRAJ24;TRBJ1-2_TRA:CAAPTDSWGKLQF;TRB:CASRAEASDGYTF_P09	5.08646998982706e-4	2	NA	NA	NA	NA	No	post_specific	NR-post_novel
P09	NR	035	poor	mild	A	poor	pEKD	P09-Treat	TRAV10;TRBV2_;TRBD1_TRAJ7;TRBJ1-6_TRA:CPGGNNRLAF;TRB:CASSGDRGGSYNSPLHF_P09	7.62970498474059e-4	3	P09-Baseline	0.00123304562268803	4	No	No	pre_post_share	NR-pre_existing
P09	NR	035	poor	mild	A	poor	pEKD	P09-Treat	TRAV21;TRBV2_;_TRAJ7;TRBJ2-5_TRA:CAVEGNNRLAF;TRB:CASSESGSWETQYF_P09	0.00178026449643947	7	P09-Baseline	3.0826140567200987e-4	1	No	No	pre_post_share	NR-pre_existing
P09	NR	035	poor	mild	A	poor	pEKD	P09-Treat	TRAV35;TRBV6-2_;_TRAJ57;TRBJ1-1_TRA:CAGRFQGGSEKLVF;TRB:CASRPHGVTYTEAFF_P09	5.08646998982706e-4	2	P09-Baseline	3.0826140567200987e-4	1	No	No	pre_post_share	NR-pre_existing
P09	NR	035	poor	mild	A	poor	pEKD	P09-Treat	TRAV21;TRBV4-1_;_TRAJ42;TRBJ2-4_TRA:CAVSSRGRSQGNLIF;TRB:CASSHQGSGIINIQYF_P09	5.08646998982706e-4	2	NA	NA	NA	NA	No	post_specific	NR-post_novel
P09	NR	035	poor	mild	A	poor	pEKD	P09-Treat	TRAV21;TRBV6-5_;_TRAJ37;TRBJ1-3_TRA:CAVKGNTGKLIF;TRB:CASSTPGGYDTIYF_P09	5.08646998982706e-4	2	NA	NA	NA	NA	No	post_specific	NR-post_novel
P09	NR	035	poor	mild	A	poor	pEKD	P09-Treat	TRAV12-2;TRBV11-1_;_TRAJ32;TRBJ1-1_TRA:CAGPYGGATNKLIF;TRB:CASSVDSYMNTEAFF_P09	5.08646998982706e-4	2	P09-Baseline	0.00154130702836004	5	No	No	pre_post_share	NR-pre_existing
P09	NR	035	poor	mild	A	poor	pEKD	P09-Treat	TRAV22;TRBV11-2_;_TRAJ35;TRBJ2-7_TRA:CAVQSFGNVLHC;TRB:CASSLGGYYEQYF_P09	0.00101729399796541	4	NA	NA	NA	NA	No	post_specific	NR-post_novel
P09	NR	035	poor	mild	A	poor	pEKD	P09-Treat	TRAV22;TRBV19_;TRBD1_TRAJ5;TRBJ2-6_TRA:CAVPSDTGRRALTF;TRB:CASPPIPGQGAFGANVLTF_P09	0.00101729399796541	4	NA	NA	NA	NA	No	post_specific	NR-post_novel
P09	NR	035	poor	mild	A	poor	pEKD	P09-Treat	TRAV12-2;TRBV25-1_;_TRAJ32;TRBJ1-1_TRA:CAVGMNYGGATNKLIF;TRB:CASSGASKGIF_P09	0.00457782299084435	18	NA	NA	NA	NA	No	post_specific	NR-post_novel
P09	NR	035	poor	mild	A	poor	pEKD	P09-Treat	TRAV22;TRBV5-1_;_TRAJ26;TRBJ2-3_TRA:CAVRDNYGQNFVF;TRB:CASSRGTSGFTDTQYF_P09	5.08646998982706e-4	2	NA	NA	NA	NA	No	post_specific	NR-post_novel
P09	NR	035	poor	mild	A	poor	pEKD	P09-Treat	TRAV23/DV6;TRBV11-3_;_TRAJ45;TRBJ1-6_TRA:CAASTTGGGADGLTF;TRB:CASRKDSRYNSPLHF_P09	0.00127161749745676	5	NA	NA	NA	NA	No	post_specific	NR-post_novel
P09	NR	035	poor	mild	A	poor	pEKD	P09-Treat	TRAV12-2;TRBV9_;_TRAJ48;TRBJ2-5_TRA:CAVNIGGNEKLTF;TRB:CASSVGVQETQYF_P09	7.62970498474059e-4	3	NA	NA	NA	NA	No	post_specific	NR-post_novel
P09	NR	035	poor	mild	A	poor	pEKD	P09-Treat	TRAV23/DV6;TRBV28_;_TRAJ30;TRBJ1-6_TRA:CAASMRDDKIIF;TRB:CASKGRDSPLHF_P09	7.62970498474059e-4	3	NA	NA	NA	NA	No	post_specific	NR-post_novel
P09	NR	035	poor	mild	A	poor	pEKD	P09-Treat	TRAV12-3;TRBV20-1_;_TRAJ48;TRBJ2-3_TRA:CAMRQALWGNEKLTF;TRB:CSASLAGETLTDTQYF_P09	5.08646998982706e-4	2	NA	NA	NA	NA	No	post_specific	NR-post_novel
P09	NR	035	poor	mild	A	poor	pEKD	P09-Treat	TRAV41;TRBV7-3_;_TRAJ48;TRBJ2-7_TRA:CAVNRNEKLTF;TRB:CASSFYRGYEQYF_P09	0.00178026449643947	7	NA	NA	NA	NA	No	post_specific	NR-post_novel
P09	NR	035	poor	mild	A	poor	pEKD	P09-Treat	TRAV12-3;TRBV6-1_;_TRAJ29;TRBJ1-2_TRA:CAMSGGGLSGNTPLVF;TRB:CASSPHRGNYGYTF_P09	7.62970498474059e-4	3	NA	NA	NA	NA	No	post_specific	NR-post_novel
P09	NR	035	poor	mild	A	poor	pEKD	P09-Treat	TRAV38-2/DV8;TRBV5-1_;TRBD1_TRAJ49;TRBJ1-1_TRA:CAYRRVITGNQFYF;TRB:CASSWTGGANTEAFF_P09	0.00101729399796541	4	NA	NA	NA	NA	No	post_specific	NR-post_novel
P09	NR	035	poor	mild	A	poor	pEKD	P09-Treat	TRAV21;TRBV2_;_TRAJ24;TRBJ2-7_TRA:CAPGTDSWGKLQF;TRB:CASREEAASEQYF_P09	0.00356052899287894	14	P09-Baseline	0.00215782983970406	7	No	No	pre_post_share	NR-pre_existing
P09	NR	035	poor	mild	A	poor	pEKD	P09-Treat	TRAV26-1;TRBV12-5_;_TRAJ43;TRBJ2-1_TRA:CIVRVNNDMRF;TRB:CASGPEGLATYNEQFF_P09	5.08646998982706e-4	2	P09-Baseline	3.0826140567200987e-4	1	No	No	pre_post_share	NR-pre_existing
P09	NR	035	poor	mild	A	poor	pEKD	P09-Treat	TRAV21;TRBV6-2_;_TRAJ39;TRBJ1-2_TRA:CAVSDAGNMLTF;TRB:CASRPNLGGYHGYTF_P09	7.62970498474059e-4	3	NA	NA	NA	NA	No	post_specific	NR-post_novel
P09	NR	035	poor	mild	A	poor	pEKD	P09-Treat	TRAV4;TRBV2_;_TRAJ29;TRBJ2-7_TRA:CLVSGNTPLVF;TRB:CASREGLAEAYEQYF_P09	7.62970498474059e-4	3	P09-Baseline	3.0826140567200987e-4	1	No	No	pre_post_share	NR-pre_existing
P09	NR	035	poor	mild	A	poor	pEKD	P09-Treat	TRAV13-2;TRBV6-1_;_TRAJ40;TRBJ2-7_TRA:CAEKNSGTYKYIF;TRB:CATGVVPEQYF_P09	0.012970498474059	51	P09-Baseline	0.0533292231812577	173	Yes	Yes	pre_post_share	NR-pre_existing
P09	NR	035	poor	mild	A	poor	pEKD	P09-Treat	TRAV4;TRBV29-1_;_TRAJ29;TRBJ1-1_TRA:CLVGLLSGNTPLVF;TRB:CSVATGGGLNTEAFF_P09	0.00101729399796541	4	P09-Baseline	3.0826140567200987e-4	1	No	No	pre_post_share	NR-pre_existing
P09	NR	035	poor	mild	A	poor	pEKD	P09-Treat	TRAV4;TRBV29-1_;TRBD1_TRAJ29;TRBJ1-1_TRA:CLVGSFSGNTPLVF;TRB:CSVGTGGGKNTEAFF_P09	5.08646998982706e-4	2	P09-Baseline	3.0826140567200987e-4	1	No	No	pre_post_share	NR-pre_existing
P09	NR	035	poor	mild	A	poor	pEKD	P09-Treat	TRAV4;TRBV6-5_;_TRAJ39;TRBJ2-3_TRA:CLVAANNAGNMLTF;TRB:CASSNQGVGTDTQYF_P09	0.00152594099694811	6	NA	NA	NA	NA	No	post_specific	NR-post_novel
P09	NR	035	poor	mild	A	poor	pEKD	P09-Treat	TRAV12-2;TRBV6-5_;_TRAJ13;TRBJ1-5_TRA:CAVSRGYQKVTF;TRB:CASSLDGKNQPQHF_P09	7.62970498474059e-4	3	P09-Baseline	3.0826140567200987e-4	1	No	No	pre_post_share	NR-pre_existing
P09	NR	035	poor	mild	A	poor	pEKD	P09-Treat	TRAV26-1;TRBV7-9_;_TRAJ52;TRBJ1-1_TRA:CIVRASNAGGTSYGKLTF;TRB:CASSLATAEAFF_P09	0.00101729399796541	4	NA	NA	NA	NA	No	post_specific	NR-post_novel
P09	NR	035	poor	mild	A	poor	pEKD	P09-Treat	TRAV16;TRBV10-2_;_TRAJ29;TRBJ2-7_TRA:CALHSGNTPLVF;TRB:CASSESTRDYEQYF_P09	5.08646998982706e-4	2	NA	NA	NA	NA	No	post_specific	NR-post_novel
P09	NR	035	poor	mild	A	poor	pEKD	P09-Treat	TRAV16;TRBV5-6_;_TRAJ38;TRBJ1-2_TRA:CAPPPGAGNNRKLIW;TRB:CASSLGRDGENYGYTF_P09	5.08646998982706e-4	2	NA	NA	NA	NA	No	post_specific	NR-post_novel
P09	NR	035	poor	mild	A	poor	pEKD	P09-Treat	TRAV6;TRBV5-1_;_TRAJ23;TRBJ1-6_TRA:CALLYNQGGKLIF;TRB:CASSPGQPNSPLHF_P09	5.08646998982706e-4	2	NA	NA	NA	NA	No	post_specific	NR-post_novel
P09	NR	035	poor	mild	A	poor	pEKD	P09-Treat	TRAV27;TRBV9_;_TRAJ7;TRBJ2-7_TRA:CAGAINGNNRLAF;TRB:CASSVGGLAGDEQYF_P09	5.08646998982706e-4	2	NA	NA	NA	NA	No	post_specific	NR-post_novel
P09	NR	035	poor	mild	A	poor	pEKD	P09-Treat	TRAV29/DV5;TRBV20-1_;_TRAJ54;TRBJ2-7_TRA:CAASAGGGAQKLVF;TRB:CSARPGSAYEQYF_P09	5.08646998982706e-4	2	NA	NA	NA	NA	No	post_specific	NR-post_novel
P09	NR	035	poor	mild	A	poor	pEKD	P09-Treat	TRAV8-3;TRBV11-3_;_TRAJ23;TRBJ2-7_TRA:CAVGVDNQGGKLIF;TRB:CASTQGRFYEQYF_P09	5.08646998982706e-4	2	P09-Baseline	3.0826140567200987e-4	1	No	No	pre_post_share	NR-pre_existing
P09	NR	035	poor	mild	A	poor	pEKD	P09-Treat	TRAV13-1;TRBV7-6_;TRBD1_TRAJ24;TRBJ2-2_TRA:CATDSWGKLQF;TRB:CASSLGAGELFF_P09	5.08646998982706e-4	2	NA	NA	NA	NA	No	post_specific	NR-post_novel
P09	NR	035	poor	mild	A	poor	pEKD	P09-Treat	TRAV8-3;TRBV3-1_;_TRAJ43;TRBJ2-2_TRA:CAVGALNNNDMRF;TRB:CASSQRVGAGGELFF_P09	0.00127161749745676	5	P09-Baseline	0.00215782983970406	7	No	No	pre_post_share	NR-pre_existing
P09	NR	035	poor	mild	A	poor	pEKD	P09-Treat	TRAV8-3;TRBV5-1_;_TRAJ10;TRBJ2-2_TRA:CAAPILTGGGNKLTF;TRB:CASLDRTAGELFF_P09	5.08646998982706e-4	2	NA	NA	NA	NA	No	post_specific	NR-post_novel
P09	NR	035	poor	mild	A	poor	pEKD	P09-Treat	TRAV29/DV5;TRBV5-1_;_TRAJ45;TRBJ2-5_TRA:CAASAGADGLTF;TRB:CASSLGRAETQYF_P09	7.62970498474059e-4	3	NA	NA	NA	NA	No	post_specific	NR-post_novel
P09	NR	035	poor	mild	A	poor	pEKD	P09-Treat	TRAV8-3;TRBV6-5_;_TRAJ33;TRBJ1-1_TRA:CAVVGNYQLIW;TRB:CASSFSSDRDTEAFF_P09	5.08646998982706e-4	2	NA	NA	NA	NA	No	post_specific	NR-post_novel
P09	NR	035	poor	mild	A	poor	pEKD	P09-Treat	TRAV29/DV5;TRBV5-6_;_TRAJ31;TRBJ2-7_TRA:CAASEGARLMF;TRB:CASSRSGRTYEQYF_P09	0.00254323499491353	10	P09-Baseline	3.0826140567200987e-4	1	No	No	pre_post_share	NR-pre_existing
P09	NR	035	poor	mild	A	poor	pEKD	P09-Treat	TRAV20;TRBV10-3_;_TRAJ24;TRBJ2-1_TRA:CAVQGDSWGKLQF;TRB:CAIRAGREGDEQFF_P09	5.08646998982706e-4	2	NA	NA	NA	NA	No	post_specific	NR-post_novel
P09	NR	035	poor	mild	A	poor	pEKD	P09-Treat	TRAV20;TRBV5-6_;TRBD1_TRAJ24;TRBJ2-7_TRA:CAVQVPDSWGKLQF;TRB:CASSLPGTGWIEQYF_P09	7.62970498474059e-4	3	NA	NA	NA	NA	No	post_specific	NR-post_novel
P09	NR	035	poor	mild	A	poor	pEKD	P09-Treat	TRAV27;TRBV19_;_TRAJ46;TRBJ2-7_TRA:CAGRQLRSSGDKLTF;TRB:CASSILGGASYEQYF_P09	5.08646998982706e-4	2	NA	NA	NA	NA	No	post_specific	NR-post_novel
P09	NR	035	poor	mild	A	poor	pEKD	P09-Treat	TRAV9-2;TRBV11-2_;_TRAJ23;TRBJ2-1_TRA:CALLYNQGGKLIF;TRB:CASSLGGVYHNEQFF_P09	5.08646998982706e-4	2	NA	NA	NA	NA	No	post_specific	NR-post_novel
P09	NR	035	poor	mild	A	poor	pEKD	P09-Treat	TRAV35;TRBV19_;TRBD1_TRAJ42;TRBJ2-4_TRA:CAGRDYGGSQGNLIF;TRB:CASSDGQGGKNIQYF_P09	0.00127161749745676	5	NA	NA	NA	NA	No	post_specific	NR-post_novel
P09	NR	035	poor	mild	A	poor	pEKD	P09-Treat	TRAV9-2;TRBV15_;_TRAJ10;TRBJ1-2_TRA:CALFTGGGNKLTF;TRB:CATSRYEGRSYGYTF_P09	5.08646998982706e-4	2	P09-Baseline	3.0826140567200987e-4	1	No	No	pre_post_share	NR-pre_existing
P09	NR	035	poor	mild	A	poor	pEKD	P09-Treat	TRAV21;TRBV2_;_TRAJ47;TRBJ2-3_TRA:CAVEYGNKLVF;TRB:CASSESGSWHTQYF_P09	5.08646998982706e-4	2	NA	NA	NA	NA	No	post_specific	NR-post_novel
P09	NR	035	poor	mild	A	poor	pEKD	P09-Treat	TRAV35;TRBV2_;TRBD1_TRAJ54;TRBJ1-2_TRA:CAGPSRGAQKLVF;TRB:CASSGDRSRQPSF_P09	0.00101729399796541	4	P09-Baseline	6.165228113440197e-4	2	No	No	pre_post_share	NR-pre_existing
P09	NR	035	poor	mild	A	poor	pEKD	P09-Treat	TRAV10;TRBV28_;_TRAJ4;TRBJ2-1_TRA:CVVRLQGGGYNKLIF;TRB:CASSLSGDEQFF_P09	0.00101729399796541	4	NA	NA	NA	NA	No	post_specific	NR-post_novel
P09	NR	035	poor	mild	A	poor	pEKD	P09-Treat	TRAV21;TRBV4-1_;_TRAJ36;TRBJ1-6_TRA:CAVPQTGANNLFF;TRB:CASSQVETVNSPLHF_P09	0.00152594099694811	6	NA	NA	NA	NA	No	post_specific	NR-post_novel
P09	NR	035	poor	mild	A	poor	pEKD	P09-Treat	TRAV39;TRBV5-1_;_TRAJ42;TRBJ1-2_TRA:CAVGRRGGSQGNLIF;TRB:CASSLAAGIGYGYTF_P09	7.62970498474059e-4	3	NA	NA	NA	NA	No	post_specific	NR-post_novel
P09	NR	035	poor	mild	A	poor	pEKD	P09-Treat	TRAV9-2;TRBV7-3_;_TRAJ52;TRBJ2-6_TRA:CALGGHNAGGTSYGKLTF;TRB:CASSAWTGQAGANVLTF_P09	0.00127161749745676	5	P09-Baseline	3.0826140567200987e-4	1	No	No	pre_post_share	NR-pre_existing
P09	NR	035	poor	mild	A	poor	pEKD	P09-Treat	TRAV12-2;TRBV18_;_TRAJ23;TRBJ2-3_TRA:CAVNPVYNQGGKLIF;TRB:CASSMSASGLTDTQYF_P09	5.08646998982706e-4	2	P09-Baseline	6.165228113440197e-4	2	No	No	pre_post_share	NR-pre_existing
P09	NR	035	poor	mild	A	poor	pEKD	P09-Treat	TRAV36/DV7;TRBV7-3_;_TRAJ58;TRBJ2-2_TRA:CAFNSETSGSRLTF;TRB:CASSLTGPGELFF_P09	0.00101729399796541	4	P09-Baseline	3.0826140567200987e-4	1	No	No	pre_post_share	NR-pre_existing
P09	NR	035	poor	mild	A	poor	pEKD	P09-Treat	TRAV38-1;TRBV15_;_TRAJ41;TRBJ1-1_TRA:CAFQSNSGYALNF;TRB:CATSRVENTEAFF_P09	5.08646998982706e-4	2	NA	NA	NA	NA	No	post_specific	NR-post_novel
P09	NR	035	poor	mild	A	poor	pEKD	P09-Treat	TRAV12-2;TRBV9_;_TRAJ47;TRBJ2-7_TRA:CAVEGNKLVF;TRB:CASSSTSGTSSPYEQYF_P09	5.08646998982706e-4	2	NA	NA	NA	NA	No	post_specific	NR-post_novel
P09	NR	035	poor	mild	A	poor	pEKD	P09-Treat	TRAV12-2;TRBV9_;_TRAJ20;TRBJ1-6_TRA:CAVNDDYKLSF;TRB:CASSVGGSSYNSPLHF_P09	7.62970498474059e-4	3	P09-Baseline	3.0826140567200987e-4	1	No	No	pre_post_share	NR-pre_existing
P09	NR	035	poor	mild	A	poor	pEKD	P09-Treat	TRAV38-2/DV8;TRBV14_;_TRAJ53;TRBJ2-7_TRA:CAYRSYSGGSNYKLTF;TRB:CASSQVGYTYEQYF_P09	0.01093591047812818	43	NA	NA	NA	NA	No	post_specific	NR-post_novel
P09	NR	035	poor	mild	A	poor	pEKD	P09-Treat	TRAV23/DV6;TRBV5-4_;TRBD2_TRAJ22;TRBJ2-3_TRA:CAAFPGSARQLTF;TRB:CASSSRTSGTTDTQYF_P09	0.00101729399796541	4	P09-Baseline	3.0826140567200987e-4	1	No	No	pre_post_share	NR-pre_existing
P09	NR	035	poor	mild	A	poor	pEKD	P09-Treat	TRAV5;TRBV19_;_TRAJ43;TRBJ1-3_TRA:CAGPSNNNDMRF;TRB:CASSISLGPRNTIYF_P09	5.08646998982706e-4	2	P09-Baseline	6.165228113440197e-4	2	No	No	pre_post_share	NR-pre_existing
P09	NR	035	poor	mild	A	poor	pEKD	P09-Treat	TRAV27;TRBV5-1_;_TRAJ33;TRBJ2-1_TRA:CAVRLSDSNYQLIW;TRB:CASLPGPSSYNEQFF_P09	0.00101729399796541	4	NA	NA	NA	NA	No	post_specific	NR-post_novel
P09	NR	035	poor	mild	A	poor	pEKD	P09-Treat	TRAV25;TRBV9_;_TRAJ18;TRBJ2-2_TRA:CAGIGRGSTLGRLYF;TRB:CASSVDSFPGELFF_P09	5.08646998982706e-4	2	P09-Baseline	6.165228113440197e-4	2	No	No	pre_post_share	NR-pre_existing
P09	NR	035	poor	mild	A	poor	pEKD	P09-Treat	TRAV38-2/DV8;TRBV7-9_;_TRAJ58;TRBJ1-6_TRA:CAYRSADRRTSGSRLTF;TRB:CASSLSYGSPLHF_P09	5.08646998982706e-4	2	P09-Baseline	0.00123304562268803	4	No	No	pre_post_share	NR-pre_existing
P09	NR	035	poor	mild	A	poor	pEKD	P09-Treat	TRAV39;TRBV27_;_TRAJ30;TRBJ2-3_TRA:CAVDMRGDDKIIF;TRB:CATSRGFTDTQYF_P09	0.00508646998982706	20	NA	NA	NA	NA	No	post_specific	NR-post_novel
P09	NR	035	poor	mild	A	poor	pEKD	P09-Treat	TRAV39;TRBV4-1_;_TRAJ52;TRBJ1-5_TRA:CAVTLAGGTSYGKLTF;TRB:CASSPHGVGNQPQHF_P09	7.62970498474059e-4	3	P09-Baseline	3.0826140567200987e-4	1	No	No	pre_post_share	NR-pre_existing
P09	NR	035	poor	mild	A	poor	pEKD	P09-Treat	TRAV14/DV4;TRBV13_;_TRAJ29;TRBJ2-5_TRA:CAMREVNSGNTPLVF;TRB:CASSYHISREGGETQYF_P09	5.08646998982706e-4	2	P09-Baseline	6.165228113440197e-4	2	No	No	pre_post_share	NR-pre_existing
P09	NR	035	poor	mild	A	poor	pEKD	P09-Treat	TRAV14/DV4;TRBV5-1_;_TRAJ8;TRBJ1-1_TRA:CAMNGNTGFQKLVF;TRB:CASSLYGRENTEAFF_P09	7.62970498474059e-4	3	P09-Baseline	0.00154130702836004	5	No	No	pre_post_share	NR-pre_existing
P09	NR	035	poor	mild	A	poor	pEKD	P09-Treat	TRAV14/DV4;TRBV7-9_;_TRAJ43;TRBJ1-1_TRA:CAMRGGYNNNDMRF;TRB:CASSRPLGYTEAFF_P09	0.00254323499491353	10	P09-Baseline	9.247842170160296e-4	3	No	No	pre_post_share	NR-pre_existing
P09	NR	035	poor	mild	A	poor	pEKD	P09-Treat	TRAV16;TRBV24-1_;_TRAJ26;TRBJ2-1_TRA:CAPPGDGQNFVF;TRB:CATSEGGNNEQFF_P09	5.08646998982706e-4	2	NA	NA	NA	NA	No	post_specific	NR-post_novel
P09	NR	035	poor	mild	A	poor	pEKD	P09-Treat	TRAV27;TRBV5-1_;TRBD1_TRAJ24;TRBJ2-1_TRA:CASEGWGKLQF;TRB:CASSPGTGGLKNKQFF_P09	0.00101729399796541	4	NA	NA	NA	NA	No	post_specific	NR-post_novel
P09	NR	035	poor	mild	A	poor	pEKD	P09-Treat	TRAV17;TRBV29-1_;_TRAJ10;TRBJ1-2_TRA:CATVVTGGGNKLTF;TRB:CSVEDGAGTPLPF_P09	7.62970498474059e-4	3	NA	NA	NA	NA	No	post_specific	NR-post_novel
P09	NR	035	poor	mild	A	poor	pEKD	P09-Treat	TRAV29/DV5;TRBV11-3_;_TRAJ48;TRBJ1-2_TRA:CAAGVNEKLTF;TRB:CASKLTGEYGYTF_P09	5.08646998982706e-4	2	NA	NA	NA	NA	No	post_specific	NR-post_novel
P09	NR	035	poor	mild	A	poor	pEKD	P09-Treat	TRAV8-1;TRBV5-4_;TRBD1_TRAJ34;TRBJ2-5_TRA:CAVNRRNTDKLIF;TRB:CASSLGTGRVGSETQYF_P09	7.62970498474059e-4	3	NA	NA	NA	NA	No	post_specific	NR-post_novel
P09	NR	035	poor	mild	A	poor	pEKD	P09-Treat	TRAV9-2;TRBV28_;_TRAJ18;TRBJ2-7_TRA:CALTIRGSTLGRLYF;TRB:CASITGGGSYGEQYF_P09	0.00203458799593082	8	P09-Baseline	9.247842170160296e-4	3	No	No	pre_post_share	NR-pre_existing
P09	NR	035	poor	mild	A	poor	pEKD	P09-Treat	TRAV36/DV7;TRBV13_;_TRAJ31;TRBJ2-2_TRA:CAVPSNNARLMF;TRB:CASTLGGRGNTGELFF_P09	0.00457782299084435	18	NA	NA	NA	NA	No	post_specific	NR-post_novel
P09	NR	035	poor	mild	A	poor	pEKD	P09-Treat	TRAV19;TRBV28_;_TRAJ37;TRBJ2-7_TRA:CALSERSSNTGKLIF;TRB:CASSLGRLVSLSNEQYF_P09	0.00381485249237029	15	P09-Baseline	0.00493218249075215	16	No	No	pre_post_share	NR-pre_existing
P09	NR	035	poor	mild	A	poor	pEKD	P09-Treat	TRAV30;TRBV4-1_;_TRAJ35;TRBJ2-7_TRA:CGTEAGGGGFGNVLHC;TRB:CASSQYWGSAYEQYF_P09	0.00127161749745676	5	NA	NA	NA	NA	No	post_specific	NR-post_novel
P09	NR	035	poor	mild	A	poor	pEKD	P09-Treat	TRAV27;TRBV4-1_;_TRAJ34;TRBJ2-4_TRA:CAGGSGDTDKLIF;TRB:CASSHVLGSAKNIQYF_P09	5.08646998982706e-4	2	P09-Baseline	0.00123304562268803	4	No	No	pre_post_share	NR-pre_existing
P09	NR	035	poor	mild	A	poor	pEKD	P09-Treat	TRAV21;TRBV2_;_TRAJ24;TRBJ2-1_TRA:CAVPTDSWGKLQF;TRB:CASKREGGNEQFF_P09	0.00101729399796541	4	NA	NA	NA	NA	No	post_specific	NR-post_novel
P09	NR	035	poor	mild	A	poor	pEKD	P09-Treat	TRAV35;TRBV5-6_;TRBD1_TRAJ52;TRBJ1-2_TRA:CAGFNAGGTSYGKLTF;TRB:CASSLTGTGLIYGYTF_P09	5.08646998982706e-4	2	NA	NA	NA	NA	No	post_specific	NR-post_novel
P09	NR	035	poor	mild	A	poor	pEKD	P09-Treat	TRAV12-1;TRBV20-1_;_TRAJ57;TRBJ1-5_TRA:CVVNQKGGSEKLVF;TRB:CSAKRTSREPQHF_P09	0.00101729399796541	4	P09-Baseline	0.00123304562268803	4	No	No	pre_post_share	NR-pre_existing
P09	NR	035	poor	mild	A	poor	pEKD	P09-Treat	TRAV12-1;TRBV5-4_;_TRAJ28;TRBJ2-1_TRA:CVVQSGAGSYQLTF;TRB:CASSLGGRSEQFF_P09	5.08646998982706e-4	2	NA	NA	NA	NA	No	post_specific	NR-post_novel
P09	NR	035	poor	mild	A	poor	pEKD	P09-Treat	TRAV13-1;TRBV7-2_;_TRAJ12;TRBJ2-3_TRA:CAARGGMDSSYKLIF;TRB:CASSLRQSTDTQYF_P09	0.00127161749745676	5	NA	NA	NA	NA	No	post_specific	NR-post_novel
P09	NR	035	poor	mild	A	poor	pEKD	P09-Treat	TRAV26-1;TRBV20-1_;_TRAJ23;TRBJ1-5_TRA:CIVRGAIYNQGGKLIF;TRB:CSATRSYSNQPQHF_P09	5.08646998982706e-4	2	NA	NA	NA	NA	No	post_specific	NR-post_novel
P09	NR	035	poor	mild	A	poor	pEKD	P09-Treat	TRAV13-1;TRBV7-2_;_TRAJ16;TRBJ2-1_TRA:CAASKGGQKLLF;TRB:CASSSRTSDIHNEQFF_P09	7.62970498474059e-4	3	NA	NA	NA	NA	No	post_specific	NR-post_novel
P09	NR	035	poor	mild	A	poor	pEKD	P09-Treat	TRAV9-2;TRBV7-9_;_TRAJ22;TRBJ2-1_TRA:CALSDLSGSARQLTF;TRB:CASSLDSEQFF_P09	7.62970498474059e-4	3	P09-Baseline	3.0826140567200987e-4	1	No	No	pre_post_share	NR-pre_existing
P09	NR	035	poor	mild	A	poor	pEKD	P09-Treat	TRAV13-2;TRBV5-4_;_TRAJ29;TRBJ2-3_TRA:CAERGNTPLVF;TRB:CASSFRAKGRDTQYF_P09	5.08646998982706e-4	2	NA	NA	NA	NA	No	post_specific	NR-post_novel
P09	NR	035	poor	mild	A	poor	pEKD	P09-Treat	TRAV4;TRBV29-1_;TRBD1_TRAJ29;TRBJ1-1_TRA:CLVGLYSGNTPLVF;TRB:CSVGTGGGLNTEAFF_P09	7.62970498474059e-4	3	P09-Baseline	3.0826140567200987e-4	1	No	No	pre_post_share	NR-pre_existing
P09	NR	035	poor	mild	A	poor	pEKD	P09-Treat	TRAV12-2;TRBV5-6_;_TRAJ22;TRBJ1-2_TRA:CAVNLAGSARQLTF;TRB:CASSLGRANYGYTF_P09	5.08646998982706e-4	2	P09-Baseline	3.0826140567200987e-4	1	No	No	pre_post_share	NR-pre_existing
P09	NR	035	poor	mild	A	poor	pEKD	P09-Treat	TRAV16;TRBV12-4_;_TRAJ27;TRBJ1-2_TRA:CAYGPAGKSTF;TRB:CASSLTSGQVWGYTF_P09	5.08646998982706e-4	2	NA	NA	NA	NA	No	post_specific	NR-post_novel
P09	NR	035	poor	mild	A	poor	pEKD	P09-Treat	TRAV38-2/DV8;TRBV11-2_;_TRAJ58;TRBJ2-1_TRA:CAYRSGETSGSRLTF;TRB:CASSLWTSYNEQFF_P09	5.08646998982706e-4	2	NA	NA	NA	NA	No	post_specific	NR-post_novel
P09	NR	035	poor	mild	A	poor	pEKD	P09-Treat	TRAV12-3;TRBV14_;_TRAJ10;TRBJ2-7_TRA:CAMNRRLTGGGNKLTF;TRB:CASSQGLASLYEQYF_P09	0.00127161749745676	5	NA	NA	NA	NA	No	post_specific	NR-post_novel
P09	NR	035	poor	mild	A	poor	pEKD	P09-Treat	TRAV23/DV6;TRBV5-4_;_TRAJ22;TRBJ2-3_TRA:CAAWPGSARQLTF;TRB:CASSSRTGTTDTQYF_P09	0.00203458799593082	8	NA	NA	NA	NA	No	post_specific	NR-post_novel
P09	NR	035	poor	mild	A	poor	pEKD	P09-Treat	TRAV9-2;TRBV3-1_;_TRAJ16;TRBJ1-2_TRA:CALSPFSDGQKLLF;TRB:CASSLRLRGDGYTF_P09	5.08646998982706e-4	2	NA	NA	NA	NA	No	post_specific	NR-post_novel
P09	NR	035	poor	mild	A	poor	pEKD	P09-Treat	TRAV39;TRBV19_;_TRAJ44;TRBJ2-2_TRA:CAVVRTGTASKLTF;TRB:CASRKPISGRGYTGELFF_P09	5.08646998982706e-4	2	NA	NA	NA	NA	No	post_specific	NR-post_novel
P09	NR	035	poor	mild	A	poor	pEKD	P09-Treat	TRAV29/DV5;TRBV4-2_;TRBD1_TRAJ47;TRBJ1-2_TRA:CAAGMEYGNKLVF;TRB:CASSQVERTGYYGYTF_P09	5.08646998982706e-4	2	P09-Baseline	0.00184956843403205	6	No	No	pre_post_share	NR-pre_existing
P09	NR	035	poor	mild	A	poor	pEKD	P09-Treat	TRAV4;TRBV20-1_;_TRAJ37;TRBJ2-2_TRA:CLVGSSNTGKLIF;TRB:CSARQGTTGELFF_P09	5.08646998982706e-4	2	NA	NA	NA	NA	No	post_specific	NR-post_novel
P09	NR	035	poor	mild	A	poor	pEKD	P09-Treat	TRAV14/DV4;TRBV20-1_;_TRAJ9;TRBJ2-3_TRA:CAMRGAYTGGFKTIF;TRB:CSANRHRTSGYTDTQYF_P09	0.00788402848423194	31	NA	NA	NA	NA	No	post_specific	NR-post_novel
P09	NR	035	poor	mild	A	poor	pEKD	P09-Treat	TRAV14/DV4;TRBV5-1_;_TRAJ7;TRBJ1-1_TRA:CAMREGSNRLAF;TRB:CASSLVLRGLNTEAFF_P09	0.00178026449643947	7	NA	NA	NA	NA	No	post_specific	NR-post_novel
P09	NR	035	poor	mild	A	poor	pEKD	P09-Treat	TRAV26-1;TRBV7-6_;_TRAJ57;TRBJ1-4_TRA:CIATLIQGGSEKLVF;TRB:CASSLEQGHPRKLFF_P09	0.00127161749745676	5	NA	NA	NA	NA	No	post_specific	NR-post_novel
P09	NR	035	poor	mild	A	poor	pEKD	P09-Treat	TRAV8-4;TRBV5-1_;_TRAJ13;TRBJ2-7_TRA:CAVTPEGYQKVTF;TRB:CASSLAASGTYEQYF_P09	5.08646998982706e-4	2	NA	NA	NA	NA	No	post_specific	NR-post_novel
P09	NR	035	poor	mild	A	poor	pEKD	P09-Treat	TRAV21;TRBV11-2_;_TRAJ39;TRBJ2-3_TRA:CAPRGGLYNAGNMLTF;TRB:CASSPDAGAGDTQYF_P09	5.08646998982706e-4	2	P09-Baseline	0.00184956843403205	6	No	No	pre_post_share	NR-pre_existing
P09	NR	035	poor	mild	A	poor	pEKD	P09-Treat	TRAV8-2;TRBV12-4_;_TRAJ13;TRBJ1-2_TRA:CVVSEGTGGYQKVTF;TRB:CASSLTSGQVWGYTF_P09	5.08646998982706e-4	2	NA	NA	NA	NA	No	post_specific	NR-post_novel
P09	NR	035	poor	mild	A	poor	pEKD	P09-Treat	TRAV17;TRBV5-6_;_TRAJ4;TRBJ2-1_TRA:CATVAYRMFSGGYNKLIF;TRB:CASSLPRDGAYNEQFF_P09	5.08646998982706e-4	2	NA	NA	NA	NA	No	post_specific	NR-post_novel
P09	NR	035	poor	mild	A	poor	pEKD	P09-Treat	TRAV13-1;TRBV6-5_;_TRAJ6;TRBJ2-1_TRA:CAPPKGGGSYIPTF;TRB:CASCVAGAYNEQFF_P09	5.08646998982706e-4	2	NA	NA	NA	NA	No	post_specific	NR-post_novel
P09	NR	035	poor	mild	A	poor	pEKD	P09-Treat	TRAV21;TRBV5-1_;_TRAJ39;TRBJ2-2_TRA:CAAYNNAGNMLTF;TRB:CASSLIAGEGGDTGELFF_P09	5.08646998982706e-4	2	P09-Baseline	0.00154130702836004	5	No	No	pre_post_share	NR-pre_existing
P09	NR	035	poor	mild	A	poor	pEKD	P09-Treat	TRAV13-1;TRBV6-1_;_TRAJ40;TRBJ2-1_TRA:CAARDSGTYKYIF;TRB:CASGTWPEQFF_P09	0.00788402848423194	31	P09-Baseline	0.0157213316892725	51	Yes	No	pre_post_share	NR-pre_existing
P09	NR	035	poor	mild	A	poor	pEKD	P09-Treat	TRAV39;TRBV6-1_;_TRAJ42;TRBJ1-2_TRA:CAVEVLGYGGSQGNLIF;TRB:CASGWFPEHTF_P09	0.01271617497456765	50	NA	NA	NA	NA	Yes	post_specific	NR-post_novel
P09	NR	035	poor	mild	A	poor	pEKD	P09-Treat	TRAV29/DV5;TRBV3-1_;_TRAJ37;TRBJ2-1_TRA:CAASARSSNTGKLIF;TRB:CASSQASLARIVEQFF_P09	0.00127161749745676	5	P09-Baseline	6.165228113440197e-4	2	No	No	pre_post_share	NR-pre_existing
P09	NR	035	poor	mild	A	poor	pEKD	P09-Treat	TRAV19;TRBV20-1_;_TRAJ22;TRBJ2-7_TRA:CALSERGSARQLTF;TRB:CSAPPSGLVSYEQYF_P09	0.08646998982706001	340	P09-Baseline	9.247842170160296e-4	3	No	Yes	pre_post_share	NR-pre_existing
P09	NR	035	poor	mild	A	poor	pEKD	P09-Treat	TRAV29/DV5;TRBV5-8_;_TRAJ40;TRBJ2-2_TRA:CAASRTSGTYKYIF;TRB:CASSLEFTFTGELFF_P09	5.08646998982706e-4	2	NA	NA	NA	NA	No	post_specific	NR-post_novel
P09	NR	035	poor	mild	A	poor	pEKD	P09-Treat	TRAV19;TRBV9_;_TRAJ43;TRBJ2-3_TRA:CALSEAYNNNDMRF;TRB:CASSLGQPRVTDTQYF_P09	0.00127161749745676	5	P09-Baseline	6.165228113440197e-4	2	No	No	pre_post_share	NR-pre_existing
P09	NR	035	poor	mild	A	poor	pEKD	P09-Treat	TRAV26-1;TRBV6-5_;_TRAJ54;TRBJ2-3_TRA:CIVTRQGAQKLVF;TRB:CASSYLLGDTQYF_P09	7.62970498474059e-4	3	P09-Baseline	9.247842170160296e-4	3	No	No	pre_post_share	NR-pre_existing
P09	NR	035	poor	mild	A	poor	pEKD	P09-Treat	TRAV20;TRBV13_;_TRAJ54;TRBJ1-2_TRA:CAVHVLIQGAQKLVF;TRB:CASSTGNYGYTF_P09	5.08646998982706e-4	2	NA	NA	NA	NA	No	post_specific	NR-post_novel
P09	NR	035	poor	mild	A	poor	pEKD	P09-Treat	TRAV21;TRBV20-1_;TRBD2_TRAJ52;TRBJ2-5_TRA:CAVKTSYGKLTF;TRB:CSATGLAGGVGETQYF_P09	0.00101729399796541	4	NA	NA	NA	NA	No	post_specific	NR-post_novel
P09	NR	035	poor	mild	A	poor	pEKD	P09-Treat	TRAV12-1;TRBV11-3_;_TRAJ31;TRBJ1-1_TRA:CVVNEGRLMF;TRB:CASSPWAEEAFF_P09	7.62970498474059e-4	3	P09-Baseline	6.165228113440197e-4	2	No	No	pre_post_share	NR-pre_existing
P09	NR	035	poor	mild	A	poor	pEKD	P09-Treat	TRAV12-3;TRBV20-1_;TRBD1_TRAJ27;TRBJ1-1_TRA:CAMSAGAGKSTF;TRB:CSAVQGAVNTEAFF_P09	5.08646998982706e-4	2	NA	NA	NA	NA	No	post_specific	NR-post_novel
P09	NR	035	poor	mild	A	poor	pEKD	P09-Treat	TRAV5;TRBV24-1_;TRBD1_TRAJ4;TRBJ2-2_TRA:CAETESGGYNKLIF;TRB:CATSDSTGGGRITGELFF_P09	5.08646998982706e-4	2	NA	NA	NA	NA	No	post_specific	NR-post_novel
P09	NR	035	poor	mild	A	poor	pEKD	P09-Treat	TRAV17;TRBV12-3_;_TRAJ45;TRBJ2-1_TRA:CATGPSGGGADGLTF;TRB:CASSFRESYNEQFF_P09	0.00584944048830111	23	NA	NA	NA	NA	No	post_specific	NR-post_novel
P09	NR	035	poor	mild	A	poor	pEKD	P09-Treat	TRAV1-2;TRBV11-3_;TRBD1_TRAJ40;TRBJ2-7_TRA:CAVDRFSGTYKYIF;TRB:CASSFGTGAYEQYF_P09	5.08646998982706e-4	2	P09-Baseline	6.165228113440197e-4	2	No	No	pre_post_share	NR-pre_existing
P09	NR	035	poor	mild	A	poor	pEKD	P09-Treat	TRAV24;TRBV7-9_;_TRAJ20;TRBJ2-5_TRA:CAPLGDYKLSF;TRB:CASSTDWRETQYF_P09	7.62970498474059e-4	3	NA	NA	NA	NA	No	post_specific	NR-post_novel
P09	NR	035	poor	mild	A	poor	pEKD	P09-Treat	TRAV21;TRBV19_;_TRAJ37;TRBJ2-6_TRA:CAVRPSNTGKLIF;TRB:CASSPSLSSGANVLTF_P09	5.08646998982706e-4	2	P09-Baseline	3.0826140567200987e-4	1	No	No	pre_post_share	NR-pre_existing
P09	NR	035	poor	mild	A	poor	pEKD	P09-Treat	TRAV9-2;TRBV11-2_;_TRAJ57;TRBJ2-7_TRA:CALSVAQGGSEKLVF;TRB:CASSQHVSYEQYF_P09	5.08646998982706e-4	2	P09-Baseline	3.0826140567200987e-4	1	No	No	pre_post_share	NR-pre_existing
P09	NR	035	poor	mild	A	poor	pEKD	P09-Treat	TRAV21;TRBV28_;_TRAJ48;TRBJ2-1_TRA:CAVSPPHFGNEKLTF;TRB:CAVTPGSYNEQFF_P09	0.01500508646998982	59	NA	NA	NA	NA	Yes	post_specific	NR-post_novel
P09	NR	035	poor	mild	A	poor	pEKD	P09-Treat	TRAV21;TRBV6-1_;_TRAJ49;TRBJ1-1_TRA:CAPYTGNQFYF;TRB:CAGGWAPEAFF_P09	0.00508646998982706	20	NA	NA	NA	NA	No	post_specific	NR-post_novel
P09	NR	035	poor	mild	A	poor	pEKD	P09-Treat	TRAV39;TRBV28_;_TRAJ43;TRBJ2-7_TRA:CAVAYNNNDMRF;TRB:CASSPRHWDEQYF_P09	7.62970498474059e-4	3	NA	NA	NA	NA	No	post_specific	NR-post_novel
P09	NR	035	poor	mild	A	poor	pEKD	P09-Treat	TRAV36/DV7;TRBV30_;_TRAJ45;TRBJ2-7_TRA:CAVEAPYSGGGADGLTF;TRB:CAWSVQLGYEQYF_P09	0.00203458799593082	8	NA	NA	NA	NA	No	post_specific	NR-post_novel
P09	NR	035	poor	mild	A	poor	pEKD	P09-Treat	TRAV22;TRBV12-3_;_TRAJ57;TRBJ2-3_TRA:CAFQGGSEKLVF;TRB:CASRKGPRGDTQYF_P09	7.62970498474059e-4	3	P09-Baseline	3.0826140567200987e-4	1	No	No	pre_post_share	NR-pre_existing
P09	NR	035	poor	mild	A	poor	pEKD	P09-Treat	TRAV38-2/DV8;TRBV12-4_;_TRAJ30;TRBJ2-5_TRA:CAYRSWNIDDKIIF;TRB:CASSPSAPGTQYF_P09	5.08646998982706e-4	2	NA	NA	NA	NA	No	post_specific	NR-post_novel
P09	NR	035	poor	mild	A	poor	pEKD	P09-Treat	TRAV13-1;TRBV20-1_;_TRAJ17;TRBJ2-2_TRA:CAATPAGNKLTF;TRB:CSAAAWNTGELFF_P09	5.08646998982706e-4	2	NA	NA	NA	NA	No	post_specific	NR-post_novel
P09	NR	035	poor	mild	A	poor	pEKD	P09-Treat	TRAV12-2;TRBV28_;_TRAJ44;TRBJ1-2_TRA:CAVNPAGTASKLTF;TRB:CASSLGRANYGYTF_P09	0.00101729399796541	4	NA	NA	NA	NA	No	post_specific	NR-post_novel
P09	NR	035	poor	mild	A	poor	pEKD	P09-Treat	TRAV12-3;TRBV13_;_TRAJ7;TRBJ2-5_TRA:CAMISYGNNRLAF;TRB:CASSLGRETQYF_P09	5.08646998982706e-4	2	NA	NA	NA	NA	No	post_specific	NR-post_novel
P09	NR	035	poor	mild	A	poor	pEKD	P09-Treat	TRAV29/DV5;TRBV5-1_;_TRAJ23;TRBJ2-5_TRA:CAASAGNQGGKLIF;TRB:CASSTRRDNQETQYF_P09	5.08646998982706e-4	2	NA	NA	NA	NA	No	post_specific	NR-post_novel
P09	NR	035	poor	mild	A	poor	pEKD	P09-Treat	TRAV24;TRBV19_;_TRAJ17;TRBJ1-2_TRA:CAFIKGNKLTF;TRB:CASSPQLTSPGYTF_P09	7.62970498474059e-4	3	P09-Baseline	0.00246609124537607	8	No	No	pre_post_share	NR-pre_existing
P09	NR	035	poor	mild	A	poor	pEKD	P09-Treat	TRAV17;TRBV15_;_TRAJ41;TRBJ2-7_TRA:CATDGTGYALNF;TRB:CATSNDAYEQYF_P09	7.62970498474059e-4	3	NA	NA	NA	NA	No	post_specific	NR-post_novel
P09	NR	035	poor	mild	A	poor	pEKD	P09-Treat	TRAV17;TRBV15_;_TRAJ48;TRBJ2-7_TRA:CATEGDFGNEKLTF;TRB:CATSSLAGEVQYF_P09	0.00203458799593082	8	P09-Baseline	9.247842170160296e-4	3	No	No	pre_post_share	NR-pre_existing
P09	NR	035	poor	mild	A	poor	pEKD	P09-Treat	TRAV38-2/DV8;TRBV5-5_;_TRAJ39;TRBJ1-2_TRA:CAYRRNRNNAGNMLTF;TRB:CASSLLLDFYAYTF_P09	5.08646998982706e-4	2	NA	NA	NA	NA	No	post_specific	NR-post_novel
P09	NR	035	poor	mild	A	poor	pEKD	P09-Treat	TRAV29/DV5;TRBV13_;_TRAJ43;TRBJ1-4_TRA:CAASNDMRF;TRB:CASSLGRINEKLFF_P09	0.00127161749745676	5	NA	NA	NA	NA	No	post_specific	NR-post_novel
P09	NR	035	poor	mild	A	poor	pEKD	P09-Treat	TRAV39;TRBV2_;_TRAJ52;TRBJ1-1_TRA:CAALPQTSYGKLTF;TRB:CASSELDRGNTEAFF_P09	0.00152594099694811	6	NA	NA	NA	NA	No	post_specific	NR-post_novel
P09	NR	035	poor	mild	A	poor	pEKD	P09-Treat	TRAV6;TRBV5-4_;TRBD1_TRAJ44;TRBJ1-4_TRA:CALSGGSTASKLTF;TRB:CASSRDSGNEKLFF_P09	0.00228891149542217	9	P09-Baseline	6.165228113440197e-4	2	No	No	pre_post_share	NR-pre_existing
P09	NR	035	poor	mild	A	poor	pEKD	P09-Treat	TRAV29/DV5;TRBV5-4_;_TRAJ53;TRBJ2-1_TRA:CAASAWNSGGSNYKLTF;TRB:CASSLESPYNEQFF_P09	5.08646998982706e-4	2	P09-Baseline	3.0826140567200987e-4	1	No	No	pre_post_share	NR-pre_existing
P09	NR	035	poor	mild	A	poor	pEKD	P09-Treat	TRAV2;TRBV9_;_TRAJ29;TRBJ2-1_TRA:CAVEDSLGNTPLVF;TRB:CASSLTSGSSYNEQFF_P09	0.00559511698880976	22	NA	NA	NA	NA	No	post_specific	NR-post_novel
P09	NR	035	poor	mild	A	poor	pEKD	P09-Treat	TRAV29/DV5;TRBV4-1_;_TRAJ34;TRBJ1-2_TRA:CAASAGTDKLIF;TRB:CASSQTIGSSLVNYGYTF_P09	5.08646998982706e-4	2	NA	NA	NA	NA	No	post_specific	NR-post_novel
P09	NR	035	poor	mild	A	poor	pEKD	P09-Treat	TRAV24;TRBV29-1_;_TRAJ39;TRBJ2-1_TRA:CALNNAGNMLTF;TRB:CSAILAGDTSSYNEQFF_P09	0.00101729399796541	4	P09-Baseline	6.165228113440197e-4	2	No	No	pre_post_share	NR-pre_existing
P09	NR	035	poor	mild	A	poor	pEKD	P09-Treat	TRAV16;TRBV6-5_;_TRAJ7;TRBJ2-1_TRA:CAPTYGNNRLAF;TRB:CASSPSSSGGPTYLFF_P09	7.62970498474059e-4	3	P09-Baseline	3.0826140567200987e-4	1	No	No	pre_post_share	NR-pre_existing
P09	NR	035	poor	mild	A	poor	pEKD	P09-Treat	TRAV17;TRBV12-4_;_TRAJ42;TRBJ1-5_TRA:CATRGSQGNLIF;TRB:CASSWGRTNQPQHF_P09	5.08646998982706e-4	2	P09-Baseline	0.00154130702836004	5	No	No	pre_post_share	NR-pre_existing
P09	NR	035	poor	mild	A	poor	pEKD	P09-Treat	TRAV8-6;TRBV5-6_;_TRAJ52;TRBJ2-1_TRA:CAVSGSAGGTSYGKLTF;TRB:CASSLTFRGSSYNEQFF_P09	7.62970498474059e-4	3	NA	NA	NA	NA	No	post_specific	NR-post_novel
P09	NR	035	poor	mild	A	poor	pEKD	P09-Treat	TRAV6;TRBV5-4_;_TRAJ37;TRBJ2-5_TRA:CALPPGSSNTGKLIF;TRB:CASSLDPGGAEETQYF_P09	5.08646998982706e-4	2	NA	NA	NA	NA	No	post_specific	NR-post_novel
P09	NR	035	poor	mild	A	poor	pEKD	P09-Treat	TRAV13-1;TRBV7-2_;_TRAJ40;TRBJ2-7_TRA:CAASITSGTYKYIF;TRB:CASSFTSGHEQYF_P09	5.08646998982706e-4	2	NA	NA	NA	NA	No	post_specific	NR-post_novel
P09	NR	035	poor	mild	A	poor	pEKD	P09-Treat	TRAV19;TRBV20-1_;_TRAJ40;TRBJ1-5_TRA:CALSPLTYTSGTYKYIF;TRB:CSARPLGAGYQPQHF_P09	7.62970498474059e-4	3	NA	NA	NA	NA	No	post_specific	NR-post_novel
P09	NR	035	poor	mild	A	poor	pEKD	P09-Treat	TRAV38-1;TRBV13_;_TRAJ17;TRBJ1-1_TRA:CAFMKPVAAGNKLTF;TRB:CASSLGPFTSNTEAFF_P09	5.08646998982706e-4	2	NA	NA	NA	NA	No	post_specific	NR-post_novel
P09	NR	035	poor	mild	A	poor	pEKD	P09-Treat	TRAV38-2/DV8;TRBV19_;_TRAJ49;TRBJ2-3_TRA:CAYRDTGNQFYF;TRB:CASSIGAVGTDTQYF_P09	0.00152594099694811	6	NA	NA	NA	NA	No	post_specific	NR-post_novel
P09	NR	035	poor	mild	A	poor	pEKD	P09-Treat	TRAV38-2/DV8;TRBV19_;_TRAJ42;TRBJ2-3_TRA:CALGGYGGSQGNLIF;TRB:CASSHGATSTDTQYF_P09	0.00101729399796541	4	NA	NA	NA	NA	No	post_specific	NR-post_novel
P09	NR	035	poor	mild	A	poor	pEKD	P09-Treat	TRAV24;TRBV12-4_;_TRAJ15;TRBJ2-7_TRA:CAPFQAGTALIF;TRB:CASSFGRRYEQYF_P09	7.62970498474059e-4	3	NA	NA	NA	NA	No	post_specific	NR-post_novel
P09	NR	035	poor	mild	A	poor	pEKD	P09-Treat	TRAV12-3;TRBV24-1_;_TRAJ54;TRBJ2-3_TRA:CAMRVQGAQKLVF;TRB:CATSDYDDRGGTDTQYF_P09	5.08646998982706e-4	2	NA	NA	NA	NA	No	post_specific	NR-post_novel
P09	NR	035	poor	mild	A	poor	pEKD	P09-Treat	TRAV21;TRBV30_;_TRAJ17;TRBJ1-2_TRA:CYVEGGAAGNKLTF;TRB:CAWSMGTANYGYTF_P09	0.00127161749745676	5	NA	NA	NA	NA	No	post_specific	NR-post_novel
P09	NR	035	poor	mild	A	poor	pEKD	P09-Treat	TRAV12-3;TRBV6-5_;_TRAJ18;TRBJ2-1_TRA:CAGYRGSTLGRLYF;TRB:CASSYGGSAMVEQFF_P09	0.12538148524923703	493	NA	NA	NA	NA	Yes	post_specific	NR-post_novel
P09	NR	035	poor	mild	A	poor	pEKD	P09-Treat	TRAV35;TRBV6-5_;_TRAJ56;TRBJ2-5_TRA:CAGATGANSKLTF;TRB:CASSLSGEGETQYF_P09	5.08646998982706e-4	2	P09-Baseline	3.0826140567200987e-4	1	No	No	pre_post_share	NR-pre_existing
P09	NR	035	poor	mild	A	poor	pEKD	P09-Treat	TRAV39;TRBV27_;_TRAJ34;TRBJ2-3_TRA:CAVDMRNTDKLIF;TRB:CASSRGYTDTQYF_P09	5.08646998982706e-4	2	NA	NA	NA	NA	No	post_specific	NR-post_novel
P09	NR	035	poor	mild	A	poor	pEKD	P09-Treat	TRAV36/DV7;TRBV13_;_TRAJ42;TRBJ2-1_TRA:CARAGYGGSQGNLIF;TRB:CASSLGGRGSNEQFF_P09	0.00254323499491353	10	NA	NA	NA	NA	No	post_specific	NR-post_novel
P09	NR	035	poor	mild	A	poor	pEKD	P09-Treat	TRAV26-1;TRBV12-3_;_TRAJ57;TRBJ2-1_TRA:CIVRFQGGSEKLVF;TRB:CASSHGGNTYNEQFF_P09	0.00127161749745676	5	P09-Baseline	0.00123304562268803	4	No	No	pre_post_share	NR-pre_existing
P09	NR	035	poor	mild	A	poor	pEKD	P09-Treat	TRAV21;TRBV29-1_;_TRAJ28;TRBJ2-1_TRA:CAVWGAGSYQLTF;TRB:CSVEERESGYEQFF_P09	0.00152594099694811	6	NA	NA	NA	NA	No	post_specific	NR-post_novel
P09	NR	035	poor	mild	A	poor	pEKD	P09-Treat	TRAV26-1;TRBV7-3_;_TRAJ39;TRBJ2-3_TRA:CIVRVPKNAGNMLTF;TRB:CASGSTDTQYF_P09	5.08646998982706e-4	2	NA	NA	NA	NA	No	post_specific	NR-post_novel
P09	NR	035	poor	mild	A	poor	pEKD	P09-Treat	TRAV20;TRBV19_;_TRAJ40;TRBJ1-2_TRA:CAVHVAISGTYKYIF;TRB:CASSIGQEYYYGYTF_P09	0.00101729399796541	4	P09-Baseline	3.0826140567200987e-4	1	No	No	pre_post_share	NR-pre_existing
P09	NR	035	poor	mild	A	poor	pEKD	P09-Treat	TRAV12-3;TRBV7-9_;_TRAJ28;TRBJ2-5_TRA:CAGAGSYQLTF;TRB:CASSGPQETQYF_P09	0.00203458799593082	8	P09-Baseline	0.00123304562268803	4	No	No	pre_post_share	NR-pre_existing
P09	NR	035	poor	mild	A	poor	pEKD	P09-Treat	TRAV12-1;TRBV2_;_TRAJ42;TRBJ2-7_TRA:CVVKGYGGSQGNLIF;TRB:CASNRDGDSYEQYF_P09	7.62970498474059e-4	3	P09-Baseline	9.247842170160296e-4	3	No	No	pre_post_share	NR-pre_existing
P09	NR	035	poor	mild	A	poor	pEKD	P09-Treat	TRAV38-1;TRBV10-3_;_TRAJ49;TRBJ2-4_TRA:CASGNTGNQFYF;TRB:CAISEDLGAKNIQYF_P09	5.08646998982706e-4	2	NA	NA	NA	NA	No	post_specific	NR-post_novel
P09	NR	035	poor	mild	A	poor	pEKD	P09-Treat	TRAV24;TRBV12-4_;_TRAJ6;TRBJ1-2_TRA:CAFPAGGGSYIPTF;TRB:CASSFGQMYGYTF_P09	5.08646998982706e-4	2	NA	NA	NA	NA	No	post_specific	NR-post_novel
P09	NR	035	poor	mild	A	poor	pEKD	P09-Treat	TRAV20;TRBV10-3_;_TRAJ37;TRBJ2-1_TRA:CAVSNSSSNTGKLIF;TRB:CAISEEGQYGWDEQFF_P09	5.08646998982706e-4	2	NA	NA	NA	NA	No	post_specific	NR-post_novel
P09	NR	035	poor	mild	A	poor	pEKD	P09-Treat	TRAV38-2/DV8;TRBV18_;_TRAJ58;TRBJ1-4_TRA:CAYRGETSGSRLTF;TRB:CASSLRQGHSTEKLFF_P09	5.08646998982706e-4	2	NA	NA	NA	NA	No	post_specific	NR-post_novel
P09	NR	035	poor	mild	A	poor	pEKD	P09-Treat	TRAV9-2;TRBV27_;TRBD1_TRAJ26;TRBJ2-3_TRA:CALDNYGQNFVF;TRB:CASRDRGADTQYF_P09	5.08646998982706e-4	2	P09-Baseline	3.0826140567200987e-4	1	No	No	pre_post_share	NR-pre_existing
P09	NR	035	poor	mild	A	poor	pEKD	P09-Treat	TRAV6;TRBV24-1_;_TRAJ53;TRBJ1-5_TRA:CALETSGGSNYKLTF;TRB:CATSDRGFQPQHF_P09	5.08646998982706e-4	2	NA	NA	NA	NA	No	post_specific	NR-post_novel
P09	NR	035	poor	mild	A	poor	pEKD	P09-Treat	TRAV26-1;TRBV6-1_;_TRAJ40;TRBJ1-6_TRA:CIVREPHGTYKYIF;TRB:CASGVSPLHF_P09	0.00737538148524923	29	P09-Baseline	0.00832305795314426	27	No	No	pre_post_share	NR-pre_existing
P09	NR	035	poor	mild	A	poor	pEKD	P09-Treat	TRAV9-2;TRBV5-1_;_TRAJ38;TRBJ2-5_TRA:CALRDAGNNRKLIW;TRB:CASNIGPSQETQYF_P09	7.62970498474059e-4	3	NA	NA	NA	NA	No	post_specific	NR-post_novel
P09	NR	035	poor	mild	A	poor	pEKD	P09-Treat	TRAV23/DV6;TRBV12-3_;_TRAJ34;TRBJ1-4_TRA:CAASPLNRTNTDKLIF;TRB:CASSPAGAQEKLFF_P09	5.08646998982706e-4	2	P09-Baseline	3.0826140567200987e-4	1	No	No	pre_post_share	NR-pre_existing
P12	NR	044	poor	NA	C	pEKD	pEKD	P12-Treat	TRAV30;TRBV6-2_;_TRAJ12;TRBJ1-5_TRA:CGTSRMDSSYKLIF;TRB:CASSYSGQAYSNQPQHF_P12	0.00155038759689922	2	P12-Baseline	0.0012569130216189	5	No	No	pre_post_share	NR-pre_existing
P12	NR	044	poor	NA	C	pEKD	pEKD	P12-Treat	TRAV3;TRBV9_;_TRAJ9;TRBJ2-1_TRA:CAVSPPGGFKTIF;TRB:CASSLGASGGAGGNEQFF_P12	0.00310077519379844	4	NA	NA	NA	NA	No	post_specific	NR-post_novel
P12	NR	044	poor	NA	C	pEKD	pEKD	P12-Treat	TRAV19;TRBV11-2_;_TRAJ26;TRBJ2-3_TRA:CARGEGQNFVF;TRB:CASSARLAGRDTQYF_P12	0.00232558139534883	3	P12-Baseline	0.00175967823026646	7	No	No	pre_post_share	NR-pre_existing
P12	NR	044	poor	NA	C	pEKD	pEKD	P12-Treat	TRAV4;TRBV6-5_;TRBD2_TRAJ8;TRBJ2-6_TRA:CLVGVKGFQKLVF;TRB:CASSPSSGTSGGFLSSGANVLTF_P12	0.00155038759689922	2	NA	NA	NA	NA	No	post_specific	NR-post_novel
P12	NR	044	poor	NA	C	pEKD	pEKD	P12-Treat	TRAV16;TRBV29-1_;_TRAJ13;TRBJ2-5_TRA:CAPRGGLKGGYQKVTF;TRB:CSVAPGQIQETQYF_P12	0.00155038759689922	2	P12-Baseline	2.5138260432378077e-4	1	No	No	pre_post_share	NR-pre_existing
P12	NR	044	poor	NA	C	pEKD	pEKD	P12-Treat	TRAV1-1;TRBV6-5_;_TRAJ15;TRBJ1-4_TRA:CAVRANQAGTALIF;TRB:CASSYTTGDNEKLFF_P12	0.00155038759689922	2	P12-Baseline	2.5138260432378077e-4	1	No	No	pre_post_share	NR-pre_existing
P12	NR	044	poor	NA	C	pEKD	pEKD	P12-Treat	TRAV14/DV4;TRBV28_;_TRAJ45;TRBJ2-3_TRA:CAMRGHSGGGADGLTF;TRB:CASSSAQTGMNTDTQYF_P12	0.00155038759689922	2	NA	NA	NA	NA	No	post_specific	NR-post_novel
P12	NR	044	poor	NA	C	pEKD	pEKD	P12-Treat	TRAV21;TRBV6-5_;_TRAJ49;TRBJ1-1_TRA:CAVATGNQFYF;TRB:CASSYSTRGATEAFF_P12	0.00310077519379844	4	NA	NA	NA	NA	No	post_specific	NR-post_novel
P12	NR	044	poor	NA	C	pEKD	pEKD	P12-Treat	TRAV29/DV5;TRBV15_;_TRAJ43;TRBJ1-1_TRA:CAASFYNNNDMRF;TRB:CATSRDLDMNTEAFF_P12	0.00155038759689922	2	P12-Baseline	2.5138260432378077e-4	1	No	No	pre_post_share	NR-pre_existing
P12	NR	044	poor	NA	C	pEKD	pEKD	P12-Treat	TRAV19;TRBV6-5_;TRBD1_TRAJ43;TRBJ1-1_TRA:CALSELNNDMRF;TRB:CASSYTGQGMNTEAFF_P12	0.00155038759689922	2	NA	NA	NA	NA	No	post_specific	NR-post_novel
P12	NR	044	poor	NA	C	pEKD	pEKD	P12-Treat	TRAV23/DV6;TRBV12-3_;_TRAJ52;TRBJ1-2_TRA:CAALNAGGTSYGKLTF;TRB:CASSLAQGVGYGYTF_P12	0.00155038759689922	2	NA	NA	NA	NA	No	post_specific	NR-post_novel
P12	NR	044	poor	NA	C	pEKD	pEKD	P12-Treat	TRAV17;TRBV5-4_;TRBD1_TRAJ43;TRBJ1-1_TRA:CARNDMRF;TRB:CASSLRGRDTEAFF_P12	0.00155038759689922	2	NA	NA	NA	NA	No	post_specific	NR-post_novel
P12	NR	044	poor	NA	C	pEKD	pEKD	P12-Treat	TRAV1-2;TRBV2_;_TRAJ18;TRBJ2-3_TRA:CAVKGRLYF;TRB:CASRDLTSGRFTDTQYF_P12	0.00155038759689922	2	NA	NA	NA	NA	No	post_specific	NR-post_novel
P12	NR	044	poor	NA	C	pEKD	pEKD	P12-Treat	TRAV8-3;TRBV6-5_;_TRAJ6;TRBJ2-1_TRA:CAVGGGSYIPTF;TRB:CASTPSAYNEQFF_P12	0.00155038759689922	2	NA	NA	NA	NA	No	post_specific	NR-post_novel
P12	NR	044	poor	NA	C	pEKD	pEKD	P12-Treat	TRAV25;TRBV9_;_TRAJ40;TRBJ2-7_TRA:CAGKGTSGTYKYIF;TRB:CASSVGGGGAYEQYF_P12	0.00310077519379844	4	NA	NA	NA	NA	No	post_specific	NR-post_novel
P12	NR	044	poor	NA	C	pEKD	pEKD	P12-Treat	TRAV27;TRBV12-3_;_TRAJ53;TRBJ2-3_TRA:CAGVRGSNYKLTF;TRB:CASSLRGTDTQYF_P12	0.00232558139534883	3	P12-Baseline	0.00100553041729512	4	No	No	pre_post_share	NR-pre_existing
P12	NR	044	poor	NA	C	pEKD	pEKD	P12-Treat	TRAV29/DV5;TRBV20-1_;_TRAJ47;TRBJ1-5_TRA:CAASVRVEYGNKLVF;TRB:CSATGESNQPQHF_P12	0.00155038759689922	2	NA	NA	NA	NA	No	post_specific	NR-post_novel
P12	NR	044	poor	NA	C	pEKD	pEKD	P12-Treat	TRAV16;TRBV7-9_;_TRAJ39;TRBJ1-2_TRA:CARKAGNMLTF;TRB:CASSPNSGNYGYTF_P12	0.00155038759689922	2	NA	NA	NA	NA	No	post_specific	NR-post_novel
P12	NR	044	poor	NA	C	pEKD	pEKD	P12-Treat	TRAV38-2/DV8;TRBV4-2_;_TRAJ10;TRBJ2-3_TRA:CAYGAGGGNKLTF;TRB:CASSQIGLAGSTDTQYF_P12	0.00155038759689922	2	NA	NA	NA	NA	No	post_specific	NR-post_novel
P12	NR	044	poor	NA	C	pEKD	pEKD	P12-Treat	TRAV29/DV5;TRBV7-8_;TRBD1_TRAJ44;TRBJ2-5_TRA:CATPPGFTF;TRB:CASSLRDRETAKETQYF_P12	0.00155038759689922	2	NA	NA	NA	NA	No	post_specific	NR-post_novel
P12	NR	044	poor	NA	C	pEKD	pEKD	P12-Treat	TRAV17;TRBV5-4_;_TRAJ20;TRBJ2-2_TRA:CAARSNDYKLSF;TRB:CASSLEGLYTGELFF_P12	0.00155038759689922	2	P12-Baseline	2.5138260432378077e-4	1	No	No	pre_post_share	NR-pre_existing
P12	NR	044	poor	NA	C	pEKD	pEKD	P12-Treat	TRAV8-4;TRBV11-2_;TRBD1_TRAJ3;TRBJ2-7_TRA:CAVSEGYSSASKIIF;TRB:CASSSPGTGDHEQYF_P12	0.00155038759689922	2	NA	NA	NA	NA	No	post_specific	NR-post_novel
P12	NR	044	poor	NA	C	pEKD	pEKD	P12-Treat	TRAV5;TRBV7-2_;_TRAJ6;TRBJ2-4_TRA:CAEKGGSYIPTF;TRB:CASSLGTGGGEYF_P12	0.00155038759689922	2	P12-Baseline	0.00100553041729512	4	No	No	pre_post_share	NR-pre_existing
P12	NR	044	poor	NA	C	pEKD	pEKD	P12-Treat	TRAV14/DV4;TRBV6-6_;_TRAJ31;TRBJ2-7_TRA:CAMSSPYARLMF;TRB:CASRRPGTLSTYEQYF_P12	0.00155038759689922	2	P12-Baseline	5.027652086475615e-4	2	No	No	pre_post_share	NR-pre_existing
P12	NR	044	poor	NA	C	pEKD	pEKD	P12-Treat	TRAV29/DV5;TRBV15_;_TRAJ39;TRBJ1-1_TRA:CAASLNNAGNMLTF;TRB:CATSLPEPGTPKRKAFF_P12	0.00232558139534883	3	P12-Baseline	0.00201106083459024	8	No	No	pre_post_share	NR-pre_existing
P12	NR	044	poor	NA	C	pEKD	pEKD	P12-Treat	TRAV9-2;TRBV15_;_TRAJ5;TRBJ2-5_TRA:CATGRRALTF;TRB:CATSRDMDSQETQYF_P12	0.00232558139534883	3	NA	NA	NA	NA	No	post_specific	NR-post_novel
P12	NR	044	poor	NA	C	pEKD	pEKD	P12-Treat	TRAV21;TRBV19_;_TRAJ53;TRBJ2-1_TRA:CAVCLSGGSNYKLTF;TRB:CASSIFDSSYNEQFF_P12	0.00155038759689922	2	P12-Baseline	7.541478129713424e-4	3	No	No	pre_post_share	NR-pre_existing
P12	NR	044	poor	NA	C	pEKD	pEKD	P12-Treat	TRAV9-2;TRBV3-1_;_TRAJ28;TRBJ2-3_TRA:CALSDRPGAGSYQLTF;TRB:CASSPGLTDTQYF_P12	0.00155038759689922	2	P12-Baseline	0.00427350427350427	17	No	No	pre_post_share	NR-pre_existing
P12	NR	044	poor	NA	C	pEKD	pEKD	P12-Treat	TRAV38-2/DV8;TRBV7-3_;_TRAJ48;TRBJ2-2_TRA:CAYRGLVDFGNEKLTF;TRB:CASSPWVTGELFF_P12	0.00155038759689922	2	NA	NA	NA	NA	No	post_specific	NR-post_novel
P12	NR	044	poor	NA	C	pEKD	pEKD	P12-Treat	TRAV10;TRBV7-8_;_TRAJ34;TRBJ2-7_TRA:CVVSAAYNTDKLIF;TRB:CASSYPSDLYEQYF_P12	0.00155038759689922	2	NA	NA	NA	NA	No	post_specific	NR-post_novel
P12	NR	044	poor	NA	C	pEKD	pEKD	P12-Treat	TRAV1-2;TRBV19_;TRBD2_TRAJ33;TRBJ2-1_TRA:CAVMDSNYQLIW;TRB:CASSIGTSGSNEQFF_P12	0.00232558139534883	3	P12-Baseline	0.00175967823026646	7	No	No	pre_post_share	NR-pre_existing
P12	NR	044	poor	NA	C	pEKD	pEKD	P12-Treat	TRAV23/DV6;TRBV10-3_;TRBD1_TRAJ29;TRBJ2-7_TRA:CAASIIGNTPLVF;TRB:CATMGQGYEQYF_P12	0.00155038759689922	2	P12-Baseline	0.00100553041729512	4	No	No	pre_post_share	NR-pre_existing
P12	NR	044	poor	NA	C	pEKD	pEKD	P12-Treat	TRAV23/DV6;TRBV12-4_;TRBD1_TRAJ44;TRBJ1-2_TRA:CAAVNTGTASKLTF;TRB:CASKLGGQGGGYTF_P12	0.00232558139534883	3	NA	NA	NA	NA	No	post_specific	NR-post_novel
P12	NR	044	poor	NA	C	pEKD	pEKD	P12-Treat	TRAV19;TRBV9_;_TRAJ42;TRBJ2-1_TRA:CALSEASTSQGNLIF;TRB:CASSVGLAGASYNEQFF_P12	0.00232558139534883	3	P12-Baseline	2.5138260432378077e-4	1	No	No	pre_post_share	NR-pre_existing
P12	NR	044	poor	NA	C	pEKD	pEKD	P12-Treat	TRAV12-2;TRBV5-4_;_TRAJ20;TRBJ2-7_TRA:CAVNMNDYKLSF;TRB:CASSPGPSYEQYF_P12	0.00155038759689922	2	NA	NA	NA	NA	No	post_specific	NR-post_novel
P12	NR	044	poor	NA	C	pEKD	pEKD	P12-Treat	TRAV29/DV5;TRBV19_;_TRAJ28;TRBJ2-7_TRA:CAASNMGAGSYQLTF;TRB:CASSIATGQLSYEQYF_P12	0.00465116279069767	6	P12-Baseline	0.00326797385620915	13	No	No	pre_post_share	NR-pre_existing
P12	NR	044	poor	NA	C	pEKD	pEKD	P12-Treat	TRAV25;TRBV6-2_;_TRAJ36;TRBJ2-5_TRA:CAGDTGANNLFF;TRB:CASSYGETQYF_P12	0.00155038759689922	2	P12-Baseline	0.00100553041729512	4	No	No	pre_post_share	NR-pre_existing
P12	NR	044	poor	NA	C	pEKD	pEKD	P12-Treat	TRAV13-1;TRBV3-1_;_TRAJ13;TRBJ2-7_TRA:CAASNSGGYQKVTF;TRB:CASSQIGGSSYEQYF_P12	0.00155038759689922	2	P12-Baseline	2.5138260432378077e-4	1	No	No	pre_post_share	NR-pre_existing
P12	NR	044	poor	NA	C	pEKD	pEKD	P12-Treat	TRAV17;TRBV7-3_;_TRAJ23;TRBJ2-2_TRA:CATVPLGGKLIF;TRB:CASSQGTSGPYSGELFF_P12	0.00620155038759689	8	P12-Baseline	0.00301659125188536	12	No	No	pre_post_share	NR-pre_existing
P12	NR	044	poor	NA	C	pEKD	pEKD	P12-Treat	TRAV22;TRBV5-6_;_TRAJ24;TRBJ2-7_TRA:CAPMTTDSWGKLQF;TRB:CASSLTGSYEQYF_P12	0.00620155038759689	8	P12-Baseline	5.027652086475615e-4	2	No	No	pre_post_share	NR-pre_existing
P12	NR	044	poor	NA	C	pEKD	pEKD	P12-Treat	TRAV14/DV4;TRBV5-5_;_TRAJ40;TRBJ2-5_TRA:CAMSISGTYKYIF;TRB:CASSSTGHLQETQYF_P12	0.00232558139534883	3	NA	NA	NA	NA	No	post_specific	NR-post_novel
P12	NR	044	poor	NA	C	pEKD	pEKD	P12-Treat	TRAV24;TRBV19_;TRBD1_TRAJ20;TRBJ1-1_TRA:CAFIDYKLSF;TRB:CASSIEDRARGIEAFF_P12	0.00155038759689922	2	P12-Baseline	5.027652086475615e-4	2	No	No	pre_post_share	NR-pre_existing
P12	NR	044	poor	NA	C	pEKD	pEKD	P12-Treat	TRAV24;TRBV7-8_;_TRAJ29;TRBJ1-5_TRA:CAFNSGNTPLVF;TRB:CASSLGSIQPQHF_P12	0.00387596899224806	5	NA	NA	NA	NA	No	post_specific	NR-post_novel
P12	NR	044	poor	NA	C	pEKD	pEKD	P12-Treat	TRAV29/DV5;TRBV6-6_;_TRAJ53;TRBJ1-1_TRA:CAATPDGGSNYKLTF;TRB:CASSLGSFGNTEAFF_P12	0.00155038759689922	2	P12-Baseline	0.00377073906485671	15	No	No	pre_post_share	NR-pre_existing
P12	NR	044	poor	NA	C	pEKD	pEKD	P12-Treat	TRAV27;TRBV7-9_;_TRAJ28;TRBJ2-7_TRA:CAGLITGAGSYQLTF;TRB:CASIPTASYEQYF_P12	0.00155038759689922	2	NA	NA	NA	NA	No	post_specific	NR-post_novel
P12	NR	044	poor	NA	C	pEKD	pEKD	P12-Treat	TRAV29/DV5;TRBV25-1_;_TRAJ39;TRBJ2-1_TRA:CAASANAGNMLTF;TRB:CASSDMRGPKGDEQFF_P12	0.00155038759689922	2	NA	NA	NA	NA	No	post_specific	NR-post_novel
P12	NR	044	poor	NA	C	pEKD	pEKD	P12-Treat	TRAV10;TRBV4-3_;_TRAJ7;TRBJ2-3_TRA:CVVSAEGNNRLAF;TRB:CASSQERTRVDTQYF_P12	0.00155038759689922	2	P12-Baseline	2.5138260432378077e-4	1	No	No	pre_post_share	NR-pre_existing
P12	NR	044	poor	NA	C	pEKD	pEKD	P12-Treat	TRAV21;TRBV7-9_;_TRAJ28;TRBJ2-1_TRA:CAPEYSGAGSYQLTF;TRB:CASSLLAGVSNEQFF_P12	0.00155038759689922	2	NA	NA	NA	NA	No	post_specific	NR-post_novel
P12	NR	044	poor	NA	C	pEKD	pEKD	P12-Treat	TRAV26-1;TRBV4-2_;_TRAJ22;TRBJ1-5_TRA:CIALISSGSARQLTF;TRB:CASSQEGGVYQPQHF_P12	0.00155038759689922	2	P12-Baseline	5.027652086475615e-4	2	No	No	pre_post_share	NR-pre_existing
P12	NR	044	poor	NA	C	pEKD	pEKD	P12-Treat	TRAV8-4;TRBV2_;_TRAJ49;TRBJ2-3_TRA:CAVSEENTGNQFYF;TRB:CASKGARSTDTQYF_P12	0.00155038759689922	2	NA	NA	NA	NA	No	post_specific	NR-post_novel
P12	NR	044	poor	NA	C	pEKD	pEKD	P12-Treat	TRAV13-2;TRBV5-6_;_TRAJ9;TRBJ1-1_TRA:CAENIRTGGFKTIF;TRB:CASSLEGGRRNTEAFF_P12	0.00232558139534883	3	P12-Baseline	2.5138260432378077e-4	1	No	No	pre_post_share	NR-pre_existing
P12	NR	044	poor	NA	C	pEKD	pEKD	P12-Treat	TRAV23/DV6;TRBV5-1_;TRBD1_TRAJ9;TRBJ2-1_TRA:CAASSGTGGFKTIF;TRB:CASRQGQGSYNEQFF_P12	0.00232558139534883	3	NA	NA	NA	NA	No	post_specific	NR-post_novel
P12	NR	044	poor	NA	C	pEKD	pEKD	P12-Treat	TRAV29/DV5;TRBV10-3_;_TRAJ49;TRBJ2-3_TRA:CAASAKTGNQFYF;TRB:CATSTSGGHTDTQYF_P12	0.00232558139534883	3	NA	NA	NA	NA	No	post_specific	NR-post_novel
P12	NR	044	poor	NA	C	pEKD	pEKD	P12-Treat	TRAV17;TRBV18_;_TRAJ45;TRBJ1-4_TRA:CATDPDSGGGADGLTF;TRB:CASSPKGYYEKLFF_P12	0.00155038759689922	2	P12-Baseline	0.00100553041729512	4	No	No	pre_post_share	NR-pre_existing
P12	NR	044	poor	NA	C	pEKD	pEKD	P12-Treat	TRAV3;TRBV28_;_TRAJ5;TRBJ2-5_TRA:CAVRDIHTGRRALTF;TRB:CASSLLAGEETQYF_P12	0.00155038759689922	2	P12-Baseline	7.541478129713424e-4	3	No	No	pre_post_share	NR-pre_existing
P12	NR	044	poor	NA	C	pEKD	pEKD	P12-Treat	TRAV19;TRBV10-3_;_TRAJ28;TRBJ2-1_TRA:CALSESRAGSYQLTF;TRB:CAISGSSYNEQFF_P12	0.00310077519379844	4	P12-Baseline	2.5138260432378077e-4	1	No	No	pre_post_share	NR-pre_existing
P12	NR	044	poor	NA	C	pEKD	pEKD	P12-Treat	TRAV12-3;TRBV4-3_;_TRAJ57;TRBJ2-7_TRA:CASSQGGSEKLVF;TRB:CASRLGLAALGEQYF_P12	0.00387596899224806	5	NA	NA	NA	NA	No	post_specific	NR-post_novel
P12	NR	044	poor	NA	C	pEKD	pEKD	P12-Treat	TRAV29/DV5;TRBV7-2_;_TRAJ53;TRBJ2-7_TRA:CAASAQGGSNYKLTF;TRB:CASSLTAGIGEQYF_P12	0.00155038759689922	2	P12-Baseline	2.5138260432378077e-4	1	No	No	pre_post_share	NR-pre_existing
P12	NR	044	poor	NA	C	pEKD	pEKD	P12-Treat	TRAV21;TRBV7-2_;_TRAJ23;TRBJ2-7_TRA:CASRPNQGGKLIF;TRB:CASSWGYEQYF_P12	0.00310077519379844	4	P12-Baseline	5.027652086475615e-4	2	No	No	pre_post_share	NR-pre_existing
P12	NR	044	poor	NA	C	pEKD	pEKD	P12-Treat	TRAV4;TRBV6-1_;_TRAJ22;TRBJ1-6_TRA:CLVGLTSSSGSARQLTF;TRB:CASSEHTAAENSPLHF_P12	0.00155038759689922	2	P12-Baseline	7.541478129713424e-4	3	No	No	pre_post_share	NR-pre_existing
P12	NR	044	poor	NA	C	pEKD	pEKD	P12-Treat	TRAV2;TRBV6-2_;_TRAJ27;TRBJ1-1_TRA:CAVVANAGKSTF;TRB:CASSYKGSDTEAFF_P12	0.00155038759689922	2	P12-Baseline	2.5138260432378077e-4	1	No	No	pre_post_share	NR-pre_existing
P12	NR	044	poor	NA	C	pEKD	pEKD	P12-Treat	TRAV12-3;TRBV7-6_;_TRAJ32;TRBJ2-5_TRA:CAMKGGATNKLIF;TRB:CASSATTKGETQYF_P12	0.00155038759689922	2	NA	NA	NA	NA	No	post_specific	NR-post_novel
P12	NR	044	poor	NA	C	pEKD	pEKD	P12-Treat	TRAV8-3;TRBV30_;TRBD1_TRAJ8;TRBJ1-2_TRA:CAVGAIGFQKLVF;TRB:CAWGTGSVRGYTF_P12	0.00155038759689922	2	P12-Baseline	2.5138260432378077e-4	1	No	No	pre_post_share	NR-pre_existing
P12	NR	044	poor	NA	C	pEKD	pEKD	P12-Treat	TRAV26-1;TRBV5-1_;TRBD2_TRAJ45;TRBJ2-5_TRA:CIVRSYSGGGADGLTF;TRB:CASSPGLAGARGETQYF_P12	0.00232558139534883	3	NA	NA	NA	NA	No	post_specific	NR-post_novel
P12	NR	044	poor	NA	C	pEKD	pEKD	P12-Treat	TRAV5;TRBV6-5_;TRBD1_TRAJ5;TRBJ1-2_TRA:CAESNPGRRALTF;TRB:CASSYSGQGADGYTF_P12	0.00155038759689922	2	P12-Baseline	0.00150829562594268	6	No	No	pre_post_share	NR-pre_existing
P12	NR	044	poor	NA	C	pEKD	pEKD	P12-Treat	TRAV13-1;TRBV6-6_;_TRAJ37;TRBJ2-7_TRA:CAASRDNTGKLIF;TRB:CASRRPGTLSTYEQYF_P12	0.00465116279069767	6	P12-Baseline	0.00351935646053293	14	No	No	pre_post_share	NR-pre_existing
P12	NR	044	poor	NA	C	pEKD	pEKD	P12-Treat	TRAV19;TRBV19_;_TRAJ58;TRBJ2-3_TRA:CALSEAYETSGSRLTF;TRB:CASSAPWQPYVTDTQYF_P12	0.00387596899224806	5	P12-Baseline	0.00351935646053293	14	No	No	pre_post_share	NR-pre_existing
P12	NR	044	poor	NA	C	pEKD	pEKD	P12-Treat	TRAV38-1;TRBV11-2_;_TRAJ34;TRBJ2-3_TRA:CAPQYTDKLIF;TRB:CASSLASDTQYF_P12	0.00387596899224806	5	P12-Baseline	0.00201106083459024	8	No	No	pre_post_share	NR-pre_existing
P12	NR	044	poor	NA	C	pEKD	pEKD	P12-Treat	TRAV38-1;TRBV2_;_TRAJ57;TRBJ2-3_TRA:CAFTQGGSEKLVF;TRB:CASSEGTTSTDTQYF_P12	0.00232558139534883	3	NA	NA	NA	NA	No	post_specific	NR-post_novel
P12	NR	044	poor	NA	C	pEKD	pEKD	P12-Treat	TRAV8-1;TRBV19_;_TRAJ39;TRBJ1-5_TRA:CAVNAPGRNAGNMLTF;TRB:CASAYSNQPQHF_P12	0.00155038759689922	2	P12-Baseline	0.0012569130216189	5	No	No	pre_post_share	NR-pre_existing
P12	NR	044	poor	NA	C	pEKD	pEKD	P12-Treat	TRAV25;TRBV6-1_;TRBD1_TRAJ32;TRBJ2-7_TRA:CGAGGATNKLIF;TRB:CASRIGQGAYEQYF_P12	0.00155038759689922	2	P12-Baseline	0.00100553041729512	4	No	No	pre_post_share	NR-pre_existing
P12	NR	044	poor	NA	C	pEKD	pEKD	P12-Treat	TRAV1-2;TRBV15_;_TRAJ33;TRBJ2-7_TRA:CAALDSNYQLIW;TRB:CATSRSGGVTNEQYF_P12	0.00310077519379844	4	P12-Baseline	0.0065359477124183	26	No	No	pre_post_share	NR-pre_existing
P12	NR	044	poor	NA	C	pEKD	pEKD	P12-Treat	TRAV20;TRBV9_;_TRAJ34;TRBJ1-6_TRA:CAVPPLYNTDKLIF;TRB:CASSALNSPLHF_P12	0.00155038759689922	2	NA	NA	NA	NA	No	post_specific	NR-post_novel
P12	NR	044	poor	NA	C	pEKD	pEKD	P12-Treat	TRAV12-1;TRBV30_;_TRAJ45;TRBJ1-2_TRA:CVVNQYSGGGADGLTF;TRB:CAWSEGFNYGYTF_P12	0.00310077519379844	4	NA	NA	NA	NA	No	post_specific	NR-post_novel
P12	NR	044	poor	NA	C	pEKD	pEKD	P12-Treat	TRAV22;TRBV2_;_TRAJ33;TRBJ2-7_TRA:CAVVVDSNYQLIW;TRB:CASSEWLLSYEQYF_P12	0.00775193798449612	10	P12-Baseline	0.00578179989944695	23	No	No	pre_post_share	NR-pre_existing
P12	NR	044	poor	NA	C	pEKD	pEKD	P12-Treat	TRAV5;TRBV6-6_;TRBD1_TRAJ18;TRBJ2-6_TRA:CAESRGSTLGRLYF;TRB:CASIKGTGANVLTF_P12	0.00155038759689922	2	NA	NA	NA	NA	No	post_specific	NR-post_novel
P12	NR	044	poor	NA	C	pEKD	pEKD	P12-Treat	TRAV27;TRBV7-3_;_TRAJ37;TRBJ2-3_TRA:CAGAPGNTGKLIF;TRB:CASSLGGGRADTQYF_P12	0.00155038759689922	2	P12-Baseline	2.5138260432378077e-4	1	No	No	pre_post_share	NR-pre_existing
P12	NR	044	poor	NA	C	pEKD	pEKD	P12-Treat	TRAV12-3;TRBV20-1_;TRBD1_TRAJ30;TRBJ2-3_TRA:CAMSEGRDDKIIF;TRB:CSASGQGTDTQYF_P12	0.00155038759689922	2	P12-Baseline	0.00100553041729512	4	No	No	pre_post_share	NR-pre_existing
P12	NR	044	poor	NA	C	pEKD	pEKD	P12-Treat	TRAV12-3;TRBV4-3_;_TRAJ4;TRBJ2-2_TRA:CAMSASGGYNKLIF;TRB:CASSQDVPAISSGITTGELFF_P12	0.00232558139534883	3	P12-Baseline	5.027652086475615e-4	2	No	No	pre_post_share	NR-pre_existing
P12	NR	044	poor	NA	C	pEKD	pEKD	P12-Treat	TRAV26-1;TRBV14_;TRBD1_TRAJ48;TRBJ2-1_TRA:CIVRPKIQFNFGNEKLTF;TRB:CASSQNPRQGDYNEQFF_P12	0.00232558139534883	3	NA	NA	NA	NA	No	post_specific	NR-post_novel
P12	NR	044	poor	NA	C	pEKD	pEKD	P12-Treat	TRAV27;TRBV6-6_;_TRAJ26;TRBJ1-6_TRA:CAGVFYGQNFVF;TRB:CASSEFSYNSPLHF_P12	0.00232558139534883	3	NA	NA	NA	NA	No	post_specific	NR-post_novel
P12	NR	044	poor	NA	C	pEKD	pEKD	P12-Treat	TRAV14/DV4;TRBV7-2_;_TRAJ36;TRBJ2-1_TRA:CAMRERLTGANNLFF;TRB:CASSPHPNEQFF_P12	0.00155038759689922	2	P12-Baseline	0.0012569130216189	5	No	No	pre_post_share	NR-pre_existing
P12	NR	044	poor	NA	C	pEKD	pEKD	P12-Treat	TRAV9-2;TRBV11-2_;_TRAJ39;TRBJ2-2_TRA:CALDNAGNMLTF;TRB:CASSFYPGGPTDGELFF_P12	0.00155038759689922	2	P12-Baseline	5.027652086475615e-4	2	No	No	pre_post_share	NR-pre_existing
P12	NR	044	poor	NA	C	pEKD	pEKD	P12-Treat	TRAV29/DV5;TRBV5-6_;TRBD1_TRAJ35;TRBJ1-4_TRA:CAASGEGFGNVLHC;TRB:CASSPGPGSTNEKLFF_P12	0.00232558139534883	3	NA	NA	NA	NA	No	post_specific	NR-post_novel
P12	NR	044	poor	NA	C	pEKD	pEKD	P12-Treat	TRAV29/DV5;TRBV6-6_;_TRAJ58;TRBJ1-2_TRA:CAAPEETSGSRLTF;TRB:CASSRFYGYTF_P12	0.00232558139534883	3	P12-Baseline	0.00452488687782805	18	No	No	pre_post_share	NR-pre_existing
P12	NR	044	poor	NA	C	pEKD	pEKD	P12-Treat	TRAV3;TRBV20-1_;TRBD1_TRAJ9;TRBJ2-2_TRA:CAVRANTGGFKTIF;TRB:CSAKAGTGVGGELFF_P12	0.00232558139534883	3	NA	NA	NA	NA	No	post_specific	NR-post_novel
P12	NR	044	poor	NA	C	pEKD	pEKD	P12-Treat	TRAV19;TRBV15_;_TRAJ33;TRBJ1-1_TRA:CALSEGEEDSNYQLIW;TRB:CATSRDLDMNTEAFF_P12	0.00155038759689922	2	P12-Baseline	5.027652086475615e-4	2	No	No	pre_post_share	NR-pre_existing
P12	NR	044	poor	NA	C	pEKD	pEKD	P12-Treat	TRAV19;TRBV14_;_TRAJ34;TRBJ2-3_TRA:CALNSYNTDKLIF;TRB:CASSQVASGGADTQYF_P12	0.00387596899224806	5	P12-Baseline	0.00955253896430367	38	No	No	pre_post_share	NR-pre_existing
P12	NR	044	poor	NA	C	pEKD	pEKD	P12-Treat	TRAV25;TRBV29-1_;_TRAJ23;TRBJ1-2_TRA:CAGKRGGKLIF;TRB:CSVVRDEPYGYTF_P12	0.00232558139534883	3	P12-Baseline	2.5138260432378077e-4	1	No	No	pre_post_share	NR-pre_existing
P12	NR	044	poor	NA	C	pEKD	pEKD	P12-Treat	TRAV38-2/DV8;TRBV27_;_TRAJ38;TRBJ1-6_TRA:CAFCAGNNRKLIW;TRB:CASSLWSGGWSPLHF_P12	0.00232558139534883	3	P12-Baseline	7.541478129713424e-4	3	No	No	pre_post_share	NR-pre_existing
P12	NR	044	poor	NA	C	pEKD	pEKD	P12-Treat	TRAV1-2;TRBV3-1_;TRBD1_TRAJ36;TRBJ2-2_TRA:CAVSGDQTGANNLFF;TRB:CASSRPGQGNTGELFF_P12	0.00155038759689922	2	NA	NA	NA	NA	No	post_specific	NR-post_novel
P12	NR	044	poor	NA	C	pEKD	pEKD	P12-Treat	TRAV1-2;TRBV6-2_;_TRAJ13;TRBJ1-6_TRA:CAVAPGGYQKVTF;TRB:CASTLTGPSSNLHF_P12	0.00232558139534883	3	P12-Baseline	0.00276520864756158	11	No	No	pre_post_share	NR-pre_existing
P12	NR	044	poor	NA	C	pEKD	pEKD	P12-Treat	TRAV10;TRBV20-1_;_TRAJ6;TRBJ2-7_TRA:CVVSPGRPSGGSYIPTF;TRB:CSARPSGAVSYEQYF_P12	0.00155038759689922	2	P12-Baseline	0.0012569130216189	5	No	No	pre_post_share	NR-pre_existing
P12	NR	044	poor	NA	C	pEKD	pEKD	P12-Treat	TRAV12-1;TRBV7-2_;_TRAJ15;TRBJ1-2_TRA:CAVNWGQAGTALIF;TRB:CASSFYETGNYGYTF_P12	0.00310077519379844	4	NA	NA	NA	NA	No	post_specific	NR-post_novel
P12	NR	044	poor	NA	C	pEKD	pEKD	P12-Treat	TRAV12-2;TRBV27_;_TRAJ29;TRBJ2-7_TRA:CAVKVQGNTPLVF;TRB:CASRSGTLTYEQYF_P12	0.00310077519379844	4	NA	NA	NA	NA	No	post_specific	NR-post_novel
P12	NR	044	poor	NA	C	pEKD	pEKD	P12-Treat	TRAV6;TRBV4-3_;_TRAJ4;TRBJ1-1_TRA:CALWGGYNKLIF;TRB:CASSRETGLNTEAFF_P12	0.00155038759689922	2	P12-Baseline	0.00578179989944695	23	No	No	pre_post_share	NR-pre_existing
P12	NR	044	poor	NA	C	pEKD	pEKD	P12-Treat	TRAV8-3;TRBV4-3_;_TRAJ28;TRBJ2-1_TRA:CAVAPSGAGSYQLTF;TRB:CASSQGVGAGNEQFF_P12	0.00232558139534883	3	NA	NA	NA	NA	No	post_specific	NR-post_novel
P12	NR	044	poor	NA	C	pEKD	pEKD	P12-Treat	TRAV13-1;TRBV9_;_TRAJ40;TRBJ2-3_TRA:CAAPPRGTYKYIF;TRB:CASSVGGGAGTDTQYF_P12	0.00697674418604651	9	NA	NA	NA	NA	No	post_specific	NR-post_novel
P12	NR	044	poor	NA	C	pEKD	pEKD	P12-Treat	TRAV19;TRBV30_;TRBD2_TRAJ15;TRBJ2-1_TRA:CALSLWAGTALIF;TRB:CAWSAGTSGRANEQFF_P12	0.00155038759689922	2	NA	NA	NA	NA	No	post_specific	NR-post_novel
P12	NR	044	poor	NA	C	pEKD	pEKD	P12-Treat	TRAV38-1;TRBV28_;_TRAJ48;TRBJ1-6_TRA:CAFMKHANFGNEKLTF;TRB:CASVSSGRGVGSPLHF_P12	0.00310077519379844	4	NA	NA	NA	NA	No	post_specific	NR-post_novel
P12	NR	044	poor	NA	C	pEKD	pEKD	P12-Treat	TRAV29/DV5;TRBV4-1_;_TRAJ44;TRBJ2-1_TRA:CAASEIGTASKLTF;TRB:CASSLRLAGTYNEQFF_P12	0.00232558139534883	3	P12-Baseline	2.5138260432378077e-4	1	No	No	pre_post_share	NR-pre_existing
P12	NR	044	poor	NA	C	pEKD	pEKD	P12-Treat	TRAV29/DV5;TRBV5-1_;TRBD1_TRAJ9;TRBJ2-1_TRA:CAASGAGGFKTIF;TRB:CASRAGQGSYNEQFF_P12	0.00232558139534883	3	NA	NA	NA	NA	No	post_specific	NR-post_novel
P12	NR	044	poor	NA	C	pEKD	pEKD	P12-Treat	TRAV29/DV5;TRBV7-2_;_TRAJ17;TRBJ2-5_TRA:CAASAVTAGNKLTF;TRB:CASSSNRARETQYF_P12	0.00155038759689922	2	NA	NA	NA	NA	No	post_specific	NR-post_novel
P12	NR	044	poor	NA	C	pEKD	pEKD	P12-Treat	TRAV9-2;TRBV6-2_;_TRAJ15;TRBJ1-2_TRA:CALSVQAGTALIF;TRB:CASTQTIYGYTF_P12	0.00155038759689922	2	P12-Baseline	2.5138260432378077e-4	1	No	No	pre_post_share	NR-pre_existing
P12	NR	044	poor	NA	C	pEKD	pEKD	P12-Treat	TRAV26-1;TRBV3-1_;_TRAJ26;TRBJ2-1_TRA:CIVYGQNFVF;TRB:CASSPRGAGAPYNEQFF_P12	0.00155038759689922	2	NA	NA	NA	NA	No	post_specific	NR-post_novel
P12	NR	044	poor	NA	C	pEKD	pEKD	P12-Treat	TRAV2;TRBV6-1_;_TRAJ20;TRBJ1-5_TRA:CAVEDQGDYKLSF;TRB:CASSEVLTGNSNQPQHF_P12	0.00155038759689922	2	NA	NA	NA	NA	No	post_specific	NR-post_novel
P12	NR	044	poor	NA	C	pEKD	pEKD	P12-Treat	TRAV12-2;TRBV6-1_;_TRAJ35;TRBJ1-4_TRA:CAAIGFGNVLHC;TRB:CASSETPGSGEKLFF_P12	0.00155038759689922	2	P12-Baseline	2.5138260432378077e-4	1	No	No	pre_post_share	NR-pre_existing
P12	NR	044	poor	NA	C	pEKD	pEKD	P12-Treat	TRAV38-1;TRBV7-2_;TRBD2_TRAJ52;TRBJ2-5_TRA:CASAPNAGGTSYGKLTF;TRB:CASSRLLAGGKETQYF_P12	0.00155038759689922	2	P12-Baseline	0.00100553041729512	4	No	No	pre_post_share	NR-pre_existing
P12	NR	044	poor	NA	C	pEKD	pEKD	P12-Treat	TRAV38-1;TRBV7-3_;_TRAJ49;TRBJ2-6_TRA:CAFMKTGNQFYF;TRB:CASSLNPSGGANVLTF_P12	0.00310077519379844	4	P12-Baseline	0.00377073906485671	15	No	No	pre_post_share	NR-pre_existing
P12	NR	044	poor	NA	C	pEKD	pEKD	P12-Treat	TRAV38-1;TRBV9_;TRBD1_TRAJ42;TRBJ1-2_TRA:CAHNYGGSQGNLIF;TRB:CASSVAGGQGGHNYGYTF_P12	0.00232558139534883	3	P12-Baseline	0.00226244343891402	9	No	No	pre_post_share	NR-pre_existing
P12	NR	044	poor	NA	C	pEKD	pEKD	P12-Treat	TRAV20;TRBV6-1_;_TRAJ37;TRBJ2-2_TRA:CAVPDPLAGNTGKLIF;TRB:CASSDWDTPFF_P12	0.00232558139534883	3	NA	NA	NA	NA	No	post_specific	NR-post_novel
P12	NR	044	poor	NA	C	pEKD	pEKD	P12-Treat	TRAV38-2/DV8;TRBV25-1_;_TRAJ36;TRBJ1-6_TRA:CAYRRTGANNLFF;TRB:CASGQFMGSPLHF_P12	0.00155038759689922	2	NA	NA	NA	NA	No	post_specific	NR-post_novel
P12	NR	044	poor	NA	C	pEKD	pEKD	P12-Treat	TRAV29/DV5;TRBV5-5_;_TRAJ45;TRBJ2-7_TRA:CAAMDSGGGADGLTF;TRB:CASSFGLAVAYEQYF_P12	0.00155038759689922	2	NA	NA	NA	NA	No	post_specific	NR-post_novel
P12	NR	044	poor	NA	C	pEKD	pEKD	P12-Treat	TRAV1-2;TRBV6-2_;_TRAJ33;TRBJ2-7_TRA:CAVKDSNYQLIW;TRB:CASSTGTESNEQYF_P12	0.00775193798449612	10	P12-Baseline	0.01734539969834087	69	Yes	No	pre_post_share	NR-pre_existing
P12	NR	044	poor	NA	C	pEKD	pEKD	P12-Treat	TRAV10;TRBV4-3_;_TRAJ10;TRBJ2-1_TRA:CVVSAQGGGNKLTF;TRB:CASSQEASGGYGEQFF_P12	0.00310077519379844	4	NA	NA	NA	NA	No	post_specific	NR-post_novel
P12	NR	044	poor	NA	C	pEKD	pEKD	P12-Treat	TRAV38-2/DV8;TRBV6-1_;_TRAJ49;TRBJ1-2_TRA:CAYRRETGNQFYF;TRB:CASIQGQVGGYTF_P12	0.00155038759689922	2	P12-Baseline	2.5138260432378077e-4	1	No	No	pre_post_share	NR-pre_existing
P12	NR	044	poor	NA	C	pEKD	pEKD	P12-Treat	TRAV17;TRBV6-5_;_TRAJ27;TRBJ2-2_TRA:CATGDAGKSTF;TRB:CASSPQGPDTGELFF_P12	0.00310077519379844	4	P12-Baseline	0.00226244343891402	9	No	No	pre_post_share	NR-pre_existing
P12	NR	044	poor	NA	C	pEKD	pEKD	P12-Treat	TRAV41;TRBV6-1_;_TRAJ52;TRBJ2-7_TRA:CAVRITGGTSYGKLTF;TRB:CASSEAVEARPVF_P12	0.00155038759689922	2	NA	NA	NA	NA	No	post_specific	NR-post_novel
P12	NR	044	poor	NA	C	pEKD	pEKD	P12-Treat	TRAV12-2;TRBV28_;TRBD1_TRAJ13;TRBJ1-4_TRA:CAVKNSGGYQKVTF;TRB:CASSFGAGGSEKLFF_P12	0.00155038759689922	2	NA	NA	NA	NA	No	post_specific	NR-post_novel
P12	NR	044	poor	NA	C	pEKD	pEKD	P12-Treat	TRAV8-1;TRBV6-1_;_TRAJ43;TRBJ2-7_TRA:CAVKAVNNNDMRF;TRB:CASYRDTQYF_P12	0.00310077519379844	4	P12-Baseline	0.00502765208647561	20	No	No	pre_post_share	NR-pre_existing
P12	NR	044	poor	NA	C	pEKD	pEKD	P12-Treat	TRAV8-3;TRBV4-1_;_TRAJ5;TRBJ2-5_TRA:CALPNTGRRALTF;TRB:CASSQDQAGGLGTQYF_P12	0.00387596899224806	5	P12-Baseline	0.00150829562594268	6	No	No	pre_post_share	NR-pre_existing
P12	NR	044	poor	NA	C	pEKD	pEKD	P12-Treat	TRAV17;TRBV5-1_;_TRAJ28;TRBJ2-3_TRA:CATDSGAGSYQLTF;TRB:CASSLQRGTTDTQYF_P12	0.00155038759689922	2	P12-Baseline	7.541478129713424e-4	3	No	No	pre_post_share	NR-pre_existing
P12	NR	044	poor	NA	C	pEKD	pEKD	P12-Treat	TRAV27;TRBV19_;_TRAJ48;TRBJ2-7_TRA:CAGAMKTNFGNEKLTF;TRB:CASSISDYLSYEQYF_P12	0.00232558139534883	3	P12-Baseline	0.0012569130216189	5	No	No	pre_post_share	NR-pre_existing
P12	NR	044	poor	NA	C	pEKD	pEKD	P12-Treat	TRAV14/DV4;TRBV12-4_;_TRAJ53;TRBJ1-1_TRA:CAMKQSGGSNYKLTF;TRB:CASSLRFRGWNTEAFF_P12	0.00387596899224806	5	NA	NA	NA	NA	No	post_specific	NR-post_novel
P12	NR	044	poor	NA	C	pEKD	pEKD	P12-Treat	TRAV38-1;TRBV5-1_;_TRAJ36;TRBJ1-4_TRA:CAFLPDQTGANNLFF;TRB:CASSLDGRPNEKLFF_P12	0.00155038759689922	2	P12-Baseline	7.541478129713424e-4	3	No	No	pre_post_share	NR-pre_existing
P12	NR	044	poor	NA	C	pEKD	pEKD	P12-Treat	TRAV2;TRBV6-1_;_TRAJ38;TRBJ2-5_TRA:CAVPYAGNNRKLIW;TRB:CASSEGGLAETQYF_P12	0.00155038759689922	2	NA	NA	NA	NA	No	post_specific	NR-post_novel
P12	NR	044	poor	NA	C	pEKD	pEKD	P12-Treat	TRAV38-1;TRBV6-5_;_TRAJ48;TRBJ2-2_TRA:CAFNNFGNEKLTF;TRB:CASSVLQGYTGELFF_P12	0.00775193798449612	10	NA	NA	NA	NA	No	post_specific	NR-post_novel
P12	NR	044	poor	NA	C	pEKD	pEKD	P12-Treat	TRAV8-3;TRBV11-2_;_TRAJ27;TRBJ2-1_TRA:CAVGASTNAGKSTF;TRB:CASSLFNNEQFF_P12	0.00155038759689922	2	NA	NA	NA	NA	No	post_specific	NR-post_novel
P12	NR	044	poor	NA	C	pEKD	pEKD	P12-Treat	TRAV21;TRBV2_;_TRAJ41;TRBJ2-3_TRA:CASNSNSGYALNF;TRB:CASSRYTSTDTQYF_P12	0.00155038759689922	2	P12-Baseline	0.00603318250377073	24	No	No	pre_post_share	NR-pre_existing
P12	NR	044	poor	NA	C	pEKD	pEKD	P12-Treat	TRAV39;TRBV19_;TRBD1_TRAJ33;TRBJ1-4_TRA:CAVAPDSNYQLIW;TRB:CASSKPGQGPANEKLFF_P12	0.00155038759689922	2	P12-Baseline	2.5138260432378077e-4	1	No	No	pre_post_share	NR-pre_existing
P12	NR	044	poor	NA	C	pEKD	pEKD	P12-Treat	TRAV19;TRBV7-2_;_TRAJ3;TRBJ1-1_TRA:CALSEARSSASKIIF;TRB:CASSHRTGRGNTEAFF_P12	0.00155038759689922	2	P12-Baseline	7.541478129713424e-4	3	No	No	pre_post_share	NR-pre_existing
P12	NR	044	poor	NA	C	pEKD	pEKD	P12-Treat	TRAV10;TRBV30_;_TRAJ10;TRBJ2-1_TRA:CVVRALTGGGNKLTF;TRB:CAPGGRDEQFF_P12	0.00155038759689922	2	NA	NA	NA	NA	No	post_specific	NR-post_novel
P12	NR	044	poor	NA	C	pEKD	pEKD	P12-Treat	TRAV26-1;TRBV20-1_;_TRAJ44;TRBJ1-3_TRA:CIVRVNTGTASKLTF;TRB:CSALRQGRAGNTIYF_P12	0.00155038759689922	2	NA	NA	NA	NA	No	post_specific	NR-post_novel
P12	NR	044	poor	NA	C	pEKD	pEKD	P12-Treat	TRAV13-1;TRBV7-2_;_TRAJ6;TRBJ1-2_TRA:CAAYLSGGSYIPTF;TRB:CASSLGTVSNYGYTF_P12	0.00155038759689922	2	NA	NA	NA	NA	No	post_specific	NR-post_novel
P12	NR	044	poor	NA	C	pEKD	pEKD	P12-Treat	TRAV17;TRBV29-1_;_TRAJ54;TRBJ1-1_TRA:CATDRATQKLVF;TRB:CSVRLGGNTEAFF_P12	0.00155038759689922	2	NA	NA	NA	NA	No	post_specific	NR-post_novel
P12	NR	044	poor	NA	C	pEKD	pEKD	P12-Treat	TRAV29/DV5;TRBV28_;_TRAJ33;TRBJ1-1_TRA:CAASPMDSNYQLIW;TRB:CASSFSFRGLNTEAFF_P12	0.00155038759689922	2	P12-Baseline	2.5138260432378077e-4	1	No	No	pre_post_share	NR-pre_existing
P12	NR	044	poor	NA	C	pEKD	pEKD	P12-Treat	TRAV38-2/DV8;TRBV7-9_;TRBD1_TRAJ30;TRBJ1-4_TRA:CAYRSVRDDKIIF;TRB:CASSLAGTGPLNEKLFF_P12	0.00387596899224806	5	P12-Baseline	2.5138260432378077e-4	1	No	No	pre_post_share	NR-pre_existing
P12	NR	044	poor	NA	C	pEKD	pEKD	P12-Treat	TRAV12-3;TRBV7-9_;_TRAJ17;TRBJ2-5_TRA:CAVKAAGNKLTF;TRB:CASSTNQRDVQETQYF_P12	0.00155038759689922	2	P12-Baseline	0.00553041729512317	22	No	No	pre_post_share	NR-pre_existing
P12	NR	044	poor	NA	C	pEKD	pEKD	P12-Treat	TRAV13-2;TRBV18_;_TRAJ22;TRBJ1-5_TRA:CAENPKGPSGSARQLTF;TRB:CASSPAATNQPQHF_P12	0.00155038759689922	2	P12-Baseline	0.00150829562594268	6	No	No	pre_post_share	NR-pre_existing
P12	NR	044	poor	NA	C	pEKD	pEKD	P12-Treat	TRAV13-1;TRBV9_;_TRAJ16;TRBJ2-1_TRA:CAASKGGQKLLF;TRB:CASSSRTSSVRNEQFF_P12	0.00155038759689922	2	NA	NA	NA	NA	No	post_specific	NR-post_novel
P12	NR	044	poor	NA	C	pEKD	pEKD	P12-Treat	TRAV1-2;TRBV12-4_;_TRAJ18;TRBJ2-7_TRA:CAVNKGRGSTLGRLYF;TRB:CASSTLLREQYF_P12	0.00155038759689922	2	P12-Baseline	0.00150829562594268	6	No	No	pre_post_share	NR-pre_existing
P12	NR	044	poor	NA	C	pEKD	pEKD	P12-Treat	TRAV5;TRBV28_;_TRAJ24;TRBJ2-3_TRA:CAESIPADSWGKLQF;TRB:CASSFVSGTDTQYF_P12	0.00310077519379844	4	P12-Baseline	0.00502765208647561	20	No	No	pre_post_share	NR-pre_existing
P13	NR	041	poor	mild	A	pEKD	pEKD	P13-Treat	TRAV1-2;TRBV27_;TRBD1_TRAJ20;TRBJ2-5_TRA:CAVSRNDYKLSF;TRB:CASSFPGGQGTQYF_P13	0.01111111111111111	3	NA	NA	NA	NA	No	post_specific	NR-post_novel
P13	NR	041	poor	mild	A	pEKD	pEKD	P13-Treat	TRAV1-2;TRBV20-1_;_TRAJ33;TRBJ2-7_TRA:CACMDSNYQLIW;TRB:CSARDVRKEVGEQYF_P13	0.01851851851851851	5	P13-Baseline	0.00634554369772137	22	No	Yes	pre_post_share	NR-pre_existing
P13	NR	041	poor	mild	A	pEKD	pEKD	P13-Treat	TRAV12-2;TRBV20-1_;TRBD2_TRAJ9;TRBJ2-2_TRA:CAVTGTGGFKTIF;TRB:CSARGGTSGRTGWAGELFF_P13	0.0074074074074074	2	NA	NA	NA	NA	No	post_specific	NR-post_novel
P13	NR	041	poor	mild	A	pEKD	pEKD	P13-Treat	TRAV1-2;TRBV20-1_;_TRAJ33;TRBJ2-1_TRA:CAVMDSNYQLIW;TRB:CSARDLASSYNEQFF_P13	0.0074074074074074	2	P13-Baseline	2.8843380444188056e-4	1	No	No	pre_post_share	NR-pre_existing
P13	NR	041	poor	mild	A	pEKD	pEKD	P13-Treat	TRAV1-2;TRBV28_;TRBD1_TRAJ6;TRBJ2-5_TRA:CAVRAIGGSYIPTF;TRB:CASSLEQGAGETQYF_P13	0.02592592592592592	7	NA	NA	NA	NA	Yes	post_specific	NR-post_novel
P13	NR	041	poor	mild	A	pEKD	pEKD	P13-Treat	TRAV9-2;TRBV12-3_;TRBD1_TRAJ49;TRBJ2-6_TRA:CALSHPNTGNQFYF;TRB:CASCRPGANVLTF_P13	0.0074074074074074	2	NA	NA	NA	NA	No	post_specific	NR-post_novel
P13	NR	041	poor	mild	A	pEKD	pEKD	P13-Treat	TRAV20;TRBV19_;_TRAJ42;TRBJ2-7_TRA:CAAGGSQGNLIF;TRB:CASGGAGSYEQYF_P13	0.01481481481481481	4	NA	NA	NA	NA	Yes	post_specific	NR-post_novel
P13	NR	041	poor	mild	A	pEKD	pEKD	P13-Treat	TRAV21;TRBV12-4_;TRBD1_TRAJ33;TRBJ2-7_TRA:CAVLGSNYQLIW;TRB:CASSFLGDRGYEQYF_P13	0.01481481481481481	4	P13-Baseline	0.00230747043553504	8	No	Yes	pre_post_share	NR-pre_existing
P13	NR	041	poor	mild	A	pEKD	pEKD	P13-Treat	TRAV1-2;TRBV5-6_;TRBD1_TRAJ10;TRBJ2-5_TRA:CAVSPPGGGNKLTF;TRB:CASSLVAGGGETQYF_P13	0.0074074074074074	2	NA	NA	NA	NA	No	post_specific	NR-post_novel
P13	NR	041	poor	mild	A	pEKD	pEKD	P13-Treat	TRAV2;TRBV7-9_;_TRAJ15;TRBJ1-1_TRA:CAGNQAGTALIF;TRB:CASSISQGATLEAFF_P13	0.01111111111111111	3	NA	NA	NA	NA	No	post_specific	NR-post_novel
P13	NR	041	poor	mild	A	pEKD	pEKD	P13-Treat	TRAV26-1;TRBV20-1_;TRBD1_TRAJ26;TRBJ2-7_TRA:CIVRVLYGQNFVF;TRB:CSARQGANNYEQYF_P13	0.0074074074074074	2	NA	NA	NA	NA	No	post_specific	NR-post_novel
P13	NR	041	poor	mild	A	pEKD	pEKD	P13-Treat	TRAV3;TRBV2_;TRBD2_TRAJ36;TRBJ2-7_TRA:CAVRDPQTGANNLFF;TRB:CASSYELAGGNYEQYF_P13	0.0074074074074074	2	NA	NA	NA	NA	No	post_specific	NR-post_novel
P13	NR	041	poor	mild	A	pEKD	pEKD	P13-Treat	TRAV41;TRBV28_;_TRAJ45;TRBJ2-1_TRA:CAVPLLSGGGADGLTF;TRB:CASSPFPTTYNEQFF_P13	0.01481481481481481	4	NA	NA	NA	NA	Yes	post_specific	NR-post_novel
P13	NR	041	poor	mild	A	pEKD	pEKD	P13-Treat	TRAV1-2;TRBV20-1_;_TRAJ33;TRBJ2-7_TRA:CAPVDSNYQLIW;TRB:CSAKMLAGGDYEQYF_P13	0.0074074074074074	2	P13-Baseline	8.653014133256418e-4	3	No	No	pre_post_share	NR-pre_existing
P13	NR	041	poor	mild	A	pEKD	pEKD	P13-Treat	TRAV13-2;TRBV6-2_;_TRAJ11;TRBJ1-1_TRA:CAENRKNSGYSTLTF;TRB:CASSYSSSYEAFF_P13	0.0074074074074074	2	NA	NA	NA	NA	No	post_specific	NR-post_novel
P13	NR	041	poor	mild	A	pEKD	pEKD	P13-Treat	TRAV2;TRBV7-3_;_TRAJ32;TRBJ2-4_TRA:CAVEERTGGATNKLIF;TRB:CASSLNPGPIQYF_P13	0.0074074074074074	2	NA	NA	NA	NA	No	post_specific	NR-post_novel
P13	NR	041	poor	mild	A	pEKD	pEKD	P13-Treat	TRAV1-2;TRBV20-1_;_TRAJ16;TRBJ2-7_TRA:CAGRDGQKLLF;TRB:CSAKMLAGGDYEQYF_P13	0.0074074074074074	2	P13-Baseline	0.00346120565330256	12	No	No	pre_post_share	NR-pre_existing
P13	NR	041	poor	mild	A	pEKD	pEKD	P13-Treat	TRAV1-2;TRBV6-1_;TRBD1_TRAJ33;TRBJ2-2_TRA:CAVKDSNYQLIW;TRB:CASRERTGGAGELFF_P13	0.01481481481481481	4	NA	NA	NA	NA	Yes	post_specific	NR-post_novel
P13	NR	041	poor	mild	A	pEKD	pEKD	P13-Treat	TRAV17;TRBV6-2_;_TRAJ33;TRBJ2-3_TRA:CATEGNYQLIW;TRB:CASSPRELTDTQYF_P13	0.01111111111111111	3	NA	NA	NA	NA	No	post_specific	NR-post_novel
P13	NR	041	poor	mild	A	pEKD	pEKD	P13-Treat	TRAV14/DV4;TRBV7-9_;_TRAJ40;TRBJ2-6_TRA:CAMRVTTSGTYKYIF;TRB:CASSFSGAPSGANVLTF_P13	0.0074074074074074	2	P13-Baseline	0.00317277184886068	11	No	No	pre_post_share	NR-pre_existing
P13	NR	041	poor	mild	A	pEKD	pEKD	P13-Treat	TRAV17;TRBV15_;TRBD1_TRAJ48;TRBJ2-5_TRA:CATEGDFGNEKLTF;TRB:CATSRTAGETQYF_P13	0.01111111111111111	3	P13-Baseline	0.01211421978655898	42	Yes	Yes	pre_post_share	NR-pre_existing
P13	NR	041	poor	mild	A	pEKD	pEKD	P13-Treat	TRAV2;TRBV12-4_;_TRAJ42;TRBJ2-2_TRA:CAVEGGSQGNLIF;TRB:CASTNAVPGTGELFF_P13	0.0074074074074074	2	NA	NA	NA	NA	No	post_specific	NR-post_novel
P13	NR	041	poor	mild	A	pEKD	pEKD	P13-Treat	TRAV29/DV5;TRBV15_;_TRAJ49;TRBJ2-3_TRA:CAARNTGNQFYF;TRB:CATSRDTLAGAPTDTQYF_P13	0.02592592592592592	7	P13-Baseline	0.00490337467551197	17	No	Yes	pre_post_share	NR-pre_existing
P13	NR	041	poor	mild	A	pEKD	pEKD	P13-Treat	TRAV13-1;TRBV28_;_TRAJ20;TRBJ1-4_TRA:CAAPRKLSF;TRB:CASSTQPTHNEKLFF_P13	0.01111111111111111	3	P13-Baseline	0.01442169022209403	50	Yes	No	pre_post_share	NR-pre_existing
P13	NR	041	poor	mild	A	pEKD	pEKD	P13-Treat	TRAV17;TRBV3-1_;TRBD1_TRAJ29;TRBJ1-2_TRA:CAPRNSGNTPLVF;TRB:CASSQGDRLIYGYTF_P13	0.01111111111111111	3	NA	NA	NA	NA	No	post_specific	NR-post_novel
P13	NR	041	poor	mild	A	pEKD	pEKD	P13-Treat	TRAV26-1;TRBV20-1_;TRBD1_TRAJ13;TRBJ1-1_TRA:CIVRVAPGGYQKVTF;TRB:CSAYGGTGILNTEAFF_P13	0.0074074074074074	2	NA	NA	NA	NA	No	post_specific	NR-post_novel
P13	NR	041	poor	mild	A	pEKD	pEKD	P13-Treat	TRAV3;TRBV7-3_;_TRAJ23;TRBJ2-5_TRA:CAVRDREVNQGGKLIF;TRB:CASSPWGSGQETQYF_P13	0.0074074074074074	2	NA	NA	NA	NA	No	post_specific	NR-post_novel
P13	NR	041	poor	mild	A	pEKD	pEKD	P13-Treat	TRAV38-2/DV8;TRBV19_;_TRAJ39;TRBJ2-1_TRA:CAYNEAYNAGNMLTF;TRB:CASSIWLAVGRDEQFF_P13	0.01851851851851851	5	NA	NA	NA	NA	Yes	post_specific	NR-post_novel
P13	NR	041	poor	mild	A	pEKD	pEKD	P13-Treat	TRAV19;TRBV4-1_;TRBD2_TRAJ52;TRBJ2-5_TRA:CALSEPNAGGTSYGKLTF;TRB:CASSQETSGSGETQYF_P13	0.1037037037037037	28	P13-Baseline	0.04701471012402653	163	Yes	Yes	pre_post_share	NR-pre_existing
P13	NR	041	poor	mild	A	pEKD	pEKD	P13-Treat	TRAV20;TRBV7-3_;_TRAJ37;TRBJ2-1_TRA:CAVEGDTGKLIF;TRB:CASSAGTSNEQFF_P13	0.01851851851851851	5	NA	NA	NA	NA	Yes	post_specific	NR-post_novel
P13	NR	041	poor	mild	A	pEKD	pEKD	P13-Treat	TRAV29/DV5;TRBV7-9_;_TRAJ44;TRBJ2-2_TRA:CAAGVAETGTASKLTF;TRB:CASSPITHQRYLNTGELFF_P13	0.0074074074074074	2	NA	NA	NA	NA	No	post_specific	NR-post_novel
P13	NR	041	poor	mild	A	pEKD	pEKD	P13-Treat	TRAV13-2;TRBV6-6_;_TRAJ26;TRBJ2-7_TRA:CAENRGHGQNFVF;TRB:CASSYSPSYEQYF_P13	0.01111111111111111	3	NA	NA	NA	NA	No	post_specific	NR-post_novel
P13	NR	041	poor	mild	A	pEKD	pEKD	P13-Treat	TRAV19;TRBV6-1_;_TRAJ33;TRBJ2-2_TRA:CALKSNYQLIW;TRB:CASSEMGLTGPTGELFF_P13	0.0074074074074074	2	P13-Baseline	5.768676088837611e-4	2	No	No	pre_post_share	NR-pre_existing
P13	NR	041	poor	mild	A	pEKD	pEKD	P13-Treat	TRAV19;TRBV6-5_;_TRAJ58;TRBJ1-1_TRA:CALRRETSGSRLTF;TRB:CASRLQGWTEAFF_P13	0.01111111111111111	3	P13-Baseline	0.0014421690222094	5	No	No	pre_post_share	NR-pre_existing
P13	NR	041	poor	mild	A	pEKD	pEKD	P13-Treat	TRAV1-2;TRBV6-1_;TRBD2_TRAJ33;TRBJ2-3_TRA:CAVMDSNYQLIW;TRB:CASSGTSGSTDTQYF_P13	0.0074074074074074	2	NA	NA	NA	NA	No	post_specific	NR-post_novel
P13	NR	041	poor	mild	A	pEKD	pEKD	P13-Treat	TRAV8-3;TRBV24-1_;TRBD1_TRAJ41;TRBJ1-5_TRA:CAVANSNSGYALNF;TRB:CATSDPGTGHQPQHF_P13	0.01481481481481481	4	P13-Baseline	0.00201903663109316	7	No	Yes	pre_post_share	NR-pre_existing
P13	NR	041	poor	mild	A	pEKD	pEKD	P13-Treat	TRAV2;TRBV20-1_;_TRAJ17;TRBJ2-7_TRA:CAVEDPGEAAGNKLTF;TRB:CSARLLAGVIYEQYF_P13	0.01481481481481481	4	P13-Baseline	2.8843380444188056e-4	1	No	Yes	pre_post_share	NR-pre_existing
P13	NR	041	poor	mild	A	pEKD	pEKD	P13-Treat	TRAV19;TRBV5-1_;_TRAJ5;TRBJ2-1_TRA:CALSERDTGRRALTF;TRB:CASSLGGNNEQFF_P13	0.0074074074074074	2	P13-Baseline	5.768676088837611e-4	2	No	No	pre_post_share	NR-pre_existing
P13	NR	041	poor	mild	A	pEKD	pEKD	P13-Treat	TRAV30;TRBV7-8_;TRBD2_TRAJ45;TRBJ2-7_TRA:CGTEMGTGGGADGLTF;TRB:CASSPGLAGDGPPYEQYF_P13	0.05925925925925926	16	P13-Baseline	0.01269108739544274	44	Yes	Yes	pre_post_share	NR-pre_existing
P13	NR	041	poor	mild	A	pEKD	pEKD	P13-Treat	TRAV19;TRBV7-6_;TRBD1_TRAJ28;TRBJ2-7_TRA:CALSEERYSGAGSYQLTF;TRB:CASSFISGQGRNEQYF_P13	0.01111111111111111	3	NA	NA	NA	NA	No	post_specific	NR-post_novel
P13	NR	041	poor	mild	A	pEKD	pEKD	P13-Treat	TRAV8-3;TRBV14_;TRBD1_TRAJ37;TRBJ2-7_TRA:CAVGSHGSGNTGKLIF;TRB:CASNQPTDRVDEQYF_P13	0.0074074074074074	2	P13-Baseline	2.8843380444188056e-4	1	No	No	pre_post_share	NR-pre_existing
P13	NR	041	poor	mild	A	pEKD	pEKD	P13-Treat	TRAV5;TRBV9_;_TRAJ50;TRBJ2-3_TRA:CAELSGKKTSYDKVIF;TRB:CASSHNSREGSTDTQYF_P13	0.01481481481481481	4	NA	NA	NA	NA	Yes	post_specific	NR-post_novel
P15	R	042	good	severe	A	good	good	P15-Treat	TRAV29/DV5;TRBV28_;_TRAJ41;TRBJ2-7_TRA:CAASGNSGYALNF;TRB:CASSMGYEQYF_P15	0.00383141762452107	4	NA	NA	NA	NA	No	post_specific	R-post_novel
P15	R	042	good	severe	A	good	good	P15-Treat	TRAV29/DV5;TRBV20-1_;_TRAJ23;TRBJ2-1_TRA:CASSNQGGKLIF;TRB:CSAALLAEQFF_P15	0.00191570881226053	2	P15-Baseline	0.00146627565982404	6	No	No	pre_post_share	R-pre_existing
P15	R	042	good	severe	A	good	good	P15-Treat	TRAV27;TRBV20-1_;_TRAJ23;TRBJ2-3_TRA:CAGDDNQGGKLIF;TRB:CSAAGWGTPGDTQYF_P15	0.00383141762452107	4	NA	NA	NA	NA	No	post_specific	R-post_novel
P15	R	042	good	severe	A	good	good	P15-Treat	TRAV8-2;TRBV3-1_;_TRAJ29;TRBJ2-5_TRA:CVVSESGNTPLVF;TRB:CASSQDGGFGETQYF_P15	0.03831417624521072	40	P15-Baseline	0.00219941348973607	9	No	Yes	pre_post_share	R-pre_existing
P15	R	042	good	severe	A	good	good	P15-Treat	TRAV21;TRBV9_;_TRAJ45;TRBJ1-5_TRA:CAVRPGGADGLTF;TRB:CASSVDGGSQPQHF_P15	0.01532567049808429	16	P15-Baseline	4.887585532746823e-4	2	No	Yes	pre_post_share	R-pre_existing
P15	R	042	good	severe	A	good	good	P15-Treat	TRAV13-1;TRBV20-1_;_TRAJ45;TRBJ2-1_TRA:CAASIGGGADGLTF;TRB:CSAMAYNEQFF_P15	0.00862068965517241	9	NA	NA	NA	NA	No	post_specific	R-post_novel
P15	R	042	good	severe	A	good	good	P15-Treat	TRAV3;TRBV5-1_;_TRAJ36;TRBJ2-3_TRA:CAVRDITPNNLFF;TRB:CASGLAGYSTDTQYF_P15	0.00670498084291187	7	NA	NA	NA	NA	No	post_specific	R-post_novel
P15	R	042	good	severe	A	good	good	P15-Treat	TRAV12-1;TRBV3-1_;_TRAJ16;TRBJ2-5_TRA:CVVNMSDGQKLLF;TRB:CASSQDGGFGETQYF_P15	0.03927203065134099	41	P15-Baseline	0.00268817204301075	11	No	Yes	pre_post_share	R-pre_existing
P15	R	042	good	severe	A	good	good	P15-Treat	TRAV25;TRBV6-6_;_TRAJ48;TRBJ2-3_TRA:CAGHTNFGNEKLTF;TRB:CASRKRSTDTQYF_P15	0.00191570881226053	2	NA	NA	NA	NA	No	post_specific	R-post_novel
P15	R	042	good	severe	A	good	good	P15-Treat	TRAV3;TRBV19_;TRBD1_TRAJ6;TRBJ2-3_TRA:CAVRDDWSGGSYIPTF;TRB:CASRTEGHDTQYF_P15	0.0028735632183908	3	NA	NA	NA	NA	No	post_specific	R-post_novel
P15	R	042	good	severe	A	good	good	P15-Treat	TRAV17;TRBV11-2_;TRBD2_TRAJ26;TRBJ2-3_TRA:CATLPINYGQNFVF;TRB:CASSLAGGQADTQYF_P15	0.01819923371647509	19	P15-Baseline	2.4437927663734115e-4	1	No	Yes	pre_post_share	R-pre_existing
P15	R	042	good	severe	A	good	good	P15-Treat	TRAV34;TRBV19_;_TRAJ29;TRBJ2-6_TRA:CGADIFGFSGNTPLVF;TRB:CASQSGANVLTF_P15	0.02203065134099616	23	P15-Baseline	0.0012218963831867	5	No	Yes	pre_post_share	R-pre_existing
P15	R	042	good	severe	A	good	good	P15-Treat	TRAV3;TRBV7-9_;_TRAJ35;TRBJ1-1_TRA:CAVRDPGFGNVLHC;TRB:CASSTSTEAFF_P15	0.0028735632183908	3	P15-Baseline	0.00195503421309872	8	No	No	pre_post_share	R-pre_existing
P15	R	042	good	severe	A	good	good	P15-Treat	TRAV2;TRBV7-7_;_TRAJ21;TRBJ2-5_TRA:CAVAVYNFNKFYF;TRB:CASSFGQGGETQYF_P15	0.0028735632183908	3	NA	NA	NA	NA	No	post_specific	R-post_novel
P15	R	042	good	severe	A	good	good	P15-Treat	TRAV21;TRBV2_;_TRAJ39;TRBJ2-5_TRA:CAANNAGNMLTF;TRB:CANGRMGYQETQYF_P15	0.00383141762452107	4	P15-Baseline	2.4437927663734115e-4	1	No	No	pre_post_share	R-pre_existing
P15	R	042	good	severe	A	good	good	P15-Treat	TRAV25;TRBV10-2_;_TRAJ48;TRBJ2-1_TRA:CAGPRANFGNEKLTF;TRB:CASSPTSGRINEQFF_P15	0.00191570881226053	2	P15-Baseline	0.0012218963831867	5	No	No	pre_post_share	R-pre_existing
P15	R	042	good	severe	A	good	good	P15-Treat	TRAV26-1;TRBV20-1_;TRBD1_TRAJ28;TRBJ2-7_TRA:CIVSGSGAGSYQLTF;TRB:CSARGDRVIYEQYF_P15	0.00191570881226053	2	P15-Baseline	4.887585532746823e-4	2	No	No	pre_post_share	R-pre_existing
P15	R	042	good	severe	A	good	good	P15-Treat	TRAV13-1;TRBV27_;_TRAJ40;TRBJ2-3_TRA:CAGTSGTYKYIF;TRB:CASSSGAADTQYF_P15	0.00191570881226053	2	NA	NA	NA	NA	No	post_specific	R-post_novel
P15	R	042	good	severe	A	good	good	P15-Treat	TRAV14/DV4;TRBV15_;_TRAJ18;TRBJ2-2_TRA:CAMREHRGSTLGRLYF;TRB:CATSPGTNTGELFF_P15	0.0028735632183908	3	P15-Baseline	7.331378299120235e-4	3	No	No	pre_post_share	R-pre_existing
P15	R	042	good	severe	A	good	good	P15-Treat	TRAV9-2;TRBV29-1_;_TRAJ27;TRBJ2-7_TRA:CALKNRTNAGKSTF;TRB:CSVGSVPREQYF_P15	0.00670498084291187	7	P15-Baseline	2.4437927663734115e-4	1	No	No	pre_post_share	R-pre_existing
P15	R	042	good	severe	A	good	good	P15-Treat	TRAV12-2;TRBV20-1_;_TRAJ7;TRBJ1-2_TRA:CAVNNGNNRLAF;TRB:CSARDVTGALGYGYTF_P15	0.00191570881226053	2	NA	NA	NA	NA	No	post_specific	R-post_novel
P15	R	042	good	severe	A	good	good	P15-Treat	TRAV17;TRBV5-5_;_TRAJ58;TRBJ2-7_TRA:CATDETGPGGGSRLTF;TRB:CASSPGPGREAYEQYF_P15	0.0028735632183908	3	P15-Baseline	2.4437927663734115e-4	1	No	No	pre_post_share	R-pre_existing
P15	R	042	good	severe	A	good	good	P15-Treat	TRAV13-1;TRBV27_;_TRAJ33;TRBJ2-3_TRA:CAASESNYQLIW;TRB:CASSPDREGTDTQYF_P15	0.0028735632183908	3	NA	NA	NA	NA	No	post_specific	R-post_novel
P15	R	042	good	severe	A	good	good	P15-Treat	TRAV8-4;TRBV3-1_;TRBD1_TRAJ11;TRBJ2-5_TRA:CAVSDGSGYSTLTF;TRB:CASSQATGTGGETQYF_P15	0.00191570881226053	2	P15-Baseline	2.4437927663734115e-4	1	No	No	pre_post_share	R-pre_existing
P15	R	042	good	severe	A	good	good	P15-Treat	TRAV17;TRBV10-3_;_TRAJ42;TRBJ2-1_TRA:CATAAGGSQGNLIF;TRB:CAISESHREVNEQFF_P15	0.01053639846743295	11	NA	NA	NA	NA	Yes	post_specific	R-post_novel
P15	R	042	good	severe	A	good	good	P15-Treat	TRAV1-1;TRBV6-1_;_TRAJ31;TRBJ2-2_TRA:CAGPRNNNARLMF;TRB:CASSEASGRAGTGELFF_P15	0.00862068965517241	9	NA	NA	NA	NA	No	post_specific	R-post_novel
P15	R	042	good	severe	A	good	good	P15-Treat	TRAV17;TRBV6-1_;_TRAJ23;TRBJ2-1_TRA:CATAIYNQGGKLIF;TRB:CASRLVAGNNEQFF_P15	0.00670498084291187	7	NA	NA	NA	NA	No	post_specific	R-post_novel
P15	R	042	good	severe	A	good	good	P15-Treat	TRAV2;TRBV6-5_;TRBD1_TRAJ37;TRBJ1-6_TRA:CAGFSGNTGKLIF;TRB:CASSYQPGQGGSPLHF_P15	0.01245210727969348	13	P15-Baseline	4.887585532746823e-4	2	No	Yes	pre_post_share	R-pre_existing
P15	R	042	good	severe	A	good	good	P15-Treat	TRAV2;TRBV5-8_;_TRAJ33;TRBJ1-1_TRA:CAVEGGDSNYQLIW;TRB:CASSLAGGGAEAFF_P15	0.00191570881226053	2	P15-Baseline	9.775171065493646e-4	4	No	No	pre_post_share	R-pre_existing
P15	R	042	good	severe	A	good	good	P15-Treat	TRAV6;TRBV7-2_;_TRAJ28;TRBJ1-1_TRA:CALPLYSGAGSYQLTF;TRB:CASSSFLNTEAFF_P15	0.00670498084291187	7	NA	NA	NA	NA	No	post_specific	R-post_novel
P15	R	042	good	severe	A	good	good	P15-Treat	TRAV27;TRBV19_;_TRAJ23;TRBJ1-5_TRA:CAPARYGFRNQGGKLIF;TRB:CASRLTGDSNQPQHF_P15	0.00191570881226053	2	NA	NA	NA	NA	No	post_specific	R-post_novel
P15	R	042	good	severe	A	good	good	P15-Treat	TRAV27;TRBV29-1_;_TRAJ32;TRBJ2-5_TRA:CAGAYGGATNKLIF;TRB:CSVGTAIWTQYF_P15	0.00957854406130268	10	NA	NA	NA	NA	No	post_specific	R-post_novel
P15	R	042	good	severe	A	good	good	P15-Treat	TRAV3;TRBV27_;_TRAJ24;TRBJ1-2_TRA:CAVSRTSTTDSWGKFQF;TRB:CASSLGGVDGYTF_P15	0.0028735632183908	3	P15-Baseline	2.4437927663734115e-4	1	No	No	pre_post_share	R-pre_existing
P15	R	042	good	severe	A	good	good	P15-Treat	TRAV17;TRBV4-1_;_TRAJ36;TRBJ1-5_TRA:CATVPQTGANNLFF;TRB:CASSQVPGSNQPQHF_P15	0.0028735632183908	3	NA	NA	NA	NA	No	post_specific	R-post_novel
P15	R	042	good	severe	A	good	good	P15-Treat	TRAV17;TRBV5-1_;_TRAJ53;TRBJ2-3_TRA:CATGENSGGSNYKLTF;TRB:CASSLWGDSADTQYF_P15	0.00191570881226053	2	NA	NA	NA	NA	No	post_specific	R-post_novel
P15	R	042	good	severe	A	good	good	P15-Treat	TRAV14/DV4;TRBV20-1_;_TRAJ5;TRBJ2-1_TRA:CAMNTGRRALTF;TRB:CSARELAGPGNEQFF_P15	0.00191570881226053	2	P15-Baseline	9.775171065493646e-4	4	No	No	pre_post_share	R-pre_existing
P15	R	042	good	severe	A	good	good	P15-Treat	TRAV3;TRBV13_;_TRAJ20;TRBJ2-1_TRA:CACNDYKLSF;TRB:CASSFESTLNEQFF_P15	0.00478927203065134	5	NA	NA	NA	NA	No	post_specific	R-post_novel
P15	R	042	good	severe	A	good	good	P15-Treat	TRAV9-2;TRBV2_;_TRAJ48;TRBJ2-5_TRA:CALITNFGNEKLTF;TRB:CASSAGQVQETQYF_P15	0.00766283524904214	8	NA	NA	NA	NA	No	post_specific	R-post_novel
P15	R	042	good	severe	A	good	good	P15-Treat	TRAV1-1;TRBV2_;_TRAJ26;TRBJ2-3_TRA:CAADYGQNFVF;TRB:CASTKARMTQYF_P15	0.00766283524904214	8	P15-Baseline	4.887585532746823e-4	2	No	No	pre_post_share	R-pre_existing
P15	R	042	good	severe	A	good	good	P15-Treat	TRAV6;TRBV7-2_;_TRAJ28;TRBJ1-1_TRA:CALPAYSGAGSYQLTF;TRB:CASSLWANTEAFF_P15	0.00957854406130268	10	P15-Baseline	0.00244379276637341	10	No	No	pre_post_share	R-pre_existing
P15	R	042	good	severe	A	good	good	P15-Treat	TRAV12-2;TRBV3-1_;_TRAJ43;TRBJ2-1_TRA:CAVNPRNDMRF;TRB:CASSQGVSSPLFF_P15	0.0028735632183908	3	P15-Baseline	7.331378299120235e-4	3	No	No	pre_post_share	R-pre_existing
P15	R	042	good	severe	A	good	good	P15-Treat	TRAV12-3;TRBV20-1_;_TRAJ4;TRBJ2-7_TRA:CAMIGSGGYNKLIF;TRB:CSAREGEGIPYEQYF_P15	0.00383141762452107	4	NA	NA	NA	NA	No	post_specific	R-post_novel
P15	R	042	good	severe	A	good	good	P15-Treat	TRAV13-1;TRBV27_;_TRAJ4;TRBJ2-1_TRA:CAAKGGYNKLIF;TRB:CASRGSLAGSVHNEQFF_P15	0.00191570881226053	2	NA	NA	NA	NA	No	post_specific	R-post_novel
P15	R	042	good	severe	A	good	good	P15-Treat	TRAV9-2;TRBV2_;_TRAJ45;TRBJ2-1_TRA:CALSDESGGGADGLTF;TRB:CASSEYNEQFF_P15	0.00191570881226053	2	NA	NA	NA	NA	No	post_specific	R-post_novel
P15	R	042	good	severe	A	good	good	P15-Treat	TRAV17;TRBV14_;_TRAJ44;TRBJ1-1_TRA:CATALPYTGTASKLTF;TRB:CASSPNRREAFF_P15	0.0028735632183908	3	NA	NA	NA	NA	No	post_specific	R-post_novel
P15	R	042	good	severe	A	good	good	P15-Treat	TRAV23/DV6;TRBV2_;_TRAJ30;TRBJ2-7_TRA:CAASRPPPKIIF;TRB:CASGGRQGVTYEQYF_P15	0.00191570881226053	2	NA	NA	NA	NA	No	post_specific	R-post_novel
P15	R	042	good	severe	A	good	good	P15-Treat	TRAV41;TRBV4-3_;_TRAJ58;TRBJ2-3_TRA:CAVRETSGSRLTF;TRB:CASSIWQSADTQYF_P15	0.00383141762452107	4	P15-Baseline	4.887585532746823e-4	2	No	No	pre_post_share	R-pre_existing
P15	R	042	good	severe	A	good	good	P15-Treat	TRAV20;TRBV3-1_;_TRAJ21;TRBJ2-5_TRA:CAVQARNFNKFYF;TRB:CASSQDGGFGETQYF_P15	0.00191570881226053	2	NA	NA	NA	NA	No	post_specific	R-post_novel
P15	R	042	good	severe	A	good	good	P15-Treat	TRAV8-1;TRBV5-4_;_TRAJ17;TRBJ2-1_TRA:CAVNEGAQAAGNKLTF;TRB:CASSLDSRGLDEQFF_P15	0.02203065134099616	23	P15-Baseline	4.887585532746823e-4	2	No	Yes	pre_post_share	R-pre_existing
P15	R	042	good	severe	A	good	good	P15-Treat	TRAV9-2;TRBV7-9_;_TRAJ26;TRBJ1-6_TRA:CALSAWNYGQNFVF;TRB:CASTRGKEGDSPLHF_P15	0.01053639846743295	11	P15-Baseline	4.887585532746823e-4	2	No	No	pre_post_share	R-pre_existing
P15	R	042	good	severe	A	good	good	P15-Treat	TRAV1-2;TRBV9_;_TRAJ39;TRBJ2-2_TRA:CARRGAGNMLTF;TRB:CASGSPFGTAKGAGELFF_P15	0.00478927203065134	5	NA	NA	NA	NA	No	post_specific	R-post_novel
P15	R	042	good	severe	A	good	good	P15-Treat	TRAV21;TRBV15_;_TRAJ48;TRBJ2-3_TRA:CAAKTLEKLTF;TRB:CATSRDPEGYTDTQYF_P15	0.00191570881226053	2	NA	NA	NA	NA	No	post_specific	R-post_novel
P15	R	042	good	severe	A	good	good	P15-Treat	TRAV13-2;TRBV20-1_;_TRAJ15;TRBJ2-3_TRA:CAEKGSQAGTALIF;TRB:CSASQWGAGVGDTQYF_P15	0.00191570881226053	2	NA	NA	NA	NA	No	post_specific	R-post_novel
P15	R	042	good	severe	A	good	good	P15-Treat	TRAV13-2;TRBV2_;_TRAJ39;TRBJ2-7_TRA:CAENNAGNMLTF;TRB:CASSIGGPYEQYF_P15	0.01053639846743295	11	NA	NA	NA	NA	Yes	post_specific	R-post_novel
P15	R	042	good	severe	A	good	good	P15-Treat	TRAV2;TRBV5-8_;_TRAJ21;TRBJ2-5_TRA:CAPNKFYF;TRB:CASSLEGAGGFAETQYF_P15	0.01915708812260536	20	P15-Baseline	2.4437927663734115e-4	1	No	Yes	pre_post_share	R-pre_existing
P15	R	042	good	severe	A	good	good	P15-Treat	TRAV2;TRBV28_;TRBD1_TRAJ4;TRBJ2-1_TRA:CAVEGVFGGYNKLIF;TRB:CASSGQGAYNEQFF_P15	0.0028735632183908	3	NA	NA	NA	NA	No	post_specific	R-post_novel
P15	R	042	good	severe	A	good	good	P15-Treat	TRAV26-2;TRBV19_;_TRAJ29;TRBJ2-6_TRA:CGADIFGFSGNTPLVF;TRB:CASQSGANVLTF_P15	0.00478927203065134	5	NA	NA	NA	NA	No	post_specific	R-post_novel
P15	R	042	good	severe	A	good	good	P15-Treat	TRAV30;TRBV4-3_;_TRAJ28;TRBJ2-3_TRA:CGTGAYSGAGSYQLTF;TRB:CASSLGQGTSGSDTDTQYF_P15	0.00383141762452107	4	P15-Baseline	0.00219941348973607	9	No	No	pre_post_share	R-pre_existing
P15	R	042	good	severe	A	good	good	P15-Treat	TRAV38-2/DV8;TRBV11-1_;_TRAJ16;TRBJ2-7_TRA:CALDGQKLLF;TRB:CASSLAGTPYEQYF_P15	0.00191570881226053	2	P15-Baseline	7.331378299120235e-4	3	No	No	pre_post_share	R-pre_existing
P15	R	042	good	severe	A	good	good	P15-Treat	TRAV38-2/DV8;TRBV5-4_;_TRAJ40;TRBJ2-3_TRA:CAYRSALTSGTYKYIF;TRB:CASSLEFFGDTQYF_P15	0.00191570881226053	2	NA	NA	NA	NA	No	post_specific	R-post_novel
P15	R	042	good	severe	A	good	good	P15-Treat	TRAV6;TRBV7-2_;_TRAJ28;TRBJ1-1_TRA:CALPAYSGAGSYQLTF;TRB:CASSLFENTEAFF_P15	0.00191570881226053	2	NA	NA	NA	NA	No	post_specific	R-post_novel
P15	R	042	good	severe	A	good	good	P15-Treat	TRAV6;TRBV7-2_;_TRAJ28;TRBJ1-1_TRA:CALPAYSGAGSYQLTF;TRB:CASSLYENTEAFF_P15	0.00383141762452107	4	P15-Baseline	2.4437927663734115e-4	1	No	No	pre_post_share	R-pre_existing
P15	R	042	good	severe	A	good	good	P15-Treat	TRAV6;TRBV24-1_;_TRAJ33;TRBJ2-6_TRA:CALAPSNYQLIW;TRB:CATSDLKTDLLGANVLTF_P15	0.00191570881226053	2	NA	NA	NA	NA	No	post_specific	R-post_novel
P15	R	042	good	severe	A	good	good	P15-Treat	TRAV8-1;TRBV5-5_;_TRAJ48;TRBJ2-7_TRA:CAVNVLWGNEKLTF;TRB:CASSGGSSSYEQYF_P15	0.00383141762452107	4	P15-Baseline	2.4437927663734115e-4	1	No	No	pre_post_share	R-pre_existing
P15	R	042	good	severe	A	good	good	P15-Treat	TRAV9-2;TRBV11-2_;TRBD2_TRAJ42;TRBJ2-3_TRA:CALISGYGGSQGNLIF;TRB:CASSLAGGQADTQYF_P15	0.00766283524904214	8	NA	NA	NA	NA	No	post_specific	R-post_novel
P15	R	042	good	severe	A	good	good	P15-Treat	TRAV1-2;TRBV6-1_;_TRAJ22;TRBJ2-1_TRA:CAVSRDLFSSGSARQLTF;TRB:CASRLVAGNNEQFF_P15	0.00191570881226053	2	NA	NA	NA	NA	No	post_specific	R-post_novel
P15	R	042	good	severe	A	good	good	P15-Treat	TRAV12-1;TRBV14_;TRBD1_TRAJ12;TRBJ2-7_TRA:CVIPRHSSYKLIF;TRB:CASSPGQGGEQYF_P15	0.0028735632183908	3	P15-Baseline	2.4437927663734115e-4	1	No	No	pre_post_share	R-pre_existing
P15	R	042	good	severe	A	good	good	P15-Treat	TRAV13-1;TRBV12-3_;TRBD1_TRAJ53;TRBJ2-1_TRA:CAAIGGSNYKLTF;TRB:CASSRDRANNEQFF_P15	0.0028735632183908	3	P15-Baseline	2.4437927663734115e-4	1	No	No	pre_post_share	R-pre_existing
P15	R	042	good	severe	A	good	good	P15-Treat	TRAV29/DV5;TRBV13_;_TRAJ45;TRBJ2-2_TRA:CAASEWGGGADGLTF;TRB:CASSDLSGMNTGELFF_P15	0.02777777777777777	29	P15-Baseline	0.0012218963831867	5	No	Yes	pre_post_share	R-pre_existing
P15	R	042	good	severe	A	good	good	P15-Treat	TRAV3;TRBV20-1_;_TRAJ32;TRBJ2-3_TRA:CAVRDYGGATNKLIF;TRB:CSARDRPASTDTQYF_P15	0.00191570881226053	2	NA	NA	NA	NA	No	post_specific	R-post_novel
P15	R	042	good	severe	A	good	good	P15-Treat	TRAV36/DV7;TRBV5-4_;_TRAJ49;TRBJ1-1_TRA:CAVTGNQFYF;TRB:CASSFQSPPRRVWPNMNTEAFF_P15	0.0028735632183908	3	NA	NA	NA	NA	No	post_specific	R-post_novel
P15	R	042	good	severe	A	good	good	P15-Treat	TRAV8-3;TRBV28_;_TRAJ42;TRBJ2-6_TRA:CVESGGSQGNLIF;TRB:CASSFLGNSGANVLTF_P15	0.00191570881226053	2	NA	NA	NA	NA	No	post_specific	R-post_novel
P15	R	042	good	severe	A	good	good	P15-Treat	TRAV8-4;TRBV29-1_;_TRAJ54;TRBJ2-3_TRA:CAVSPPQGAQKLVF;TRB:CSVELQATDTQYF_P15	0.00191570881226053	2	NA	NA	NA	NA	No	post_specific	R-post_novel
P15	R	042	good	severe	A	good	good	P15-Treat	TRAV8-6;TRBV11-3_;TRBD2_TRAJ36;TRBJ2-1_TRA:CAVQTGANNLFF;TRB:CASSFRTSGNEQFF_P15	0.0028735632183908	3	NA	NA	NA	NA	No	post_specific	R-post_novel
P15	R	042	good	severe	A	good	good	P15-Treat	TRAV8-6;TRBV7-9_;TRBD2_TRAJ29;TRBJ2-1_TRA:CAVPGSRNTPLVF;TRB:CASSSTGLAGGTSYNEQFF_P15	0.00670498084291187	7	NA	NA	NA	NA	No	post_specific	R-post_novel
P15	R	042	good	severe	A	good	good	P15-Treat	TRAV9-2;TRBV6-1_;TRBD1_TRAJ29;TRBJ2-7_TRA:CALASGNTPLVF;TRB:CASSTSGTGIQEQYF_P15	0.0028735632183908	3	NA	NA	NA	NA	No	post_specific	R-post_novel
P15	R	042	good	severe	A	good	good	P15-Treat	TRAV1-2;TRBV9_;_TRAJ39;TRBJ1-1_TRA:CAVKNAGNMLTF;TRB:CASSGSNTEAFF_P15	0.00383141762452107	4	P15-Baseline	4.887585532746823e-4	2	No	No	pre_post_share	R-pre_existing
P15	R	042	good	severe	A	good	good	P15-Treat	TRAV1-2;TRBV9_;_TRAJ49;TRBJ2-2_TRA:CAVRGSGNQFYF;TRB:CASGSPGGELFF_P15	0.00191570881226053	2	NA	NA	NA	NA	No	post_specific	R-post_novel
P15	R	042	good	severe	A	good	good	P15-Treat	TRAV10;TRBV27_;TRBD2_TRAJ4;TRBJ2-1_TRA:CVVSLFSGGYNKLIF;TRB:CASSRTEPGTPIPGTSGNKLYNEQFF_P15	0.00191570881226053	2	P15-Baseline	4.887585532746823e-4	2	No	No	pre_post_share	R-pre_existing
P15	R	042	good	severe	A	good	good	P15-Treat	TRAV12-3;TRBV20-1_;_TRAJ4;TRBJ2-7_TRA:CAMSRAGGYNKLIF;TRB:CSARDGEGIPYEQYF_P15	0.00191570881226053	2	P15-Baseline	0.00195503421309872	8	No	No	pre_post_share	R-pre_existing
P15	R	042	good	severe	A	good	good	P15-Treat	TRAV13-2;TRBV13_;TRBD2_TRAJ41;TRBJ2-7_TRA:CAERAGYALNF;TRB:CASSLGTSGWNEQYF_P15	0.02681992337164751	28	P15-Baseline	0.00317693059628543	13	No	Yes	pre_post_share	R-pre_existing
P15	R	042	good	severe	A	good	good	P15-Treat	TRAV14/DV4;TRBV27_;TRBD2_TRAJ4;TRBJ2-1_TRA:CAMRESTLSGGYNKLIF;TRB:CASSSGLAGSNEQFF_P15	0.00191570881226053	2	NA	NA	NA	NA	No	post_specific	R-post_novel
P15	R	042	good	severe	A	good	good	P15-Treat	TRAV29/DV5;TRBV5-1_;_TRAJ29;TRBJ1-2_TRA:CAASTGNTPLVF;TRB:CASSLIGQATYGNYGYTF_P15	0.0028735632183908	3	NA	NA	NA	NA	No	post_specific	R-post_novel
P15	R	042	good	severe	A	good	good	P15-Treat	TRAV3;TRBV20-1_;TRBD2_TRAJ15;TRBJ2-4_TRA:CAVRPRRQAGTALIF;TRB:CSARGLAGAPRLLPIYIQYF_P15	0.00957854406130268	10	NA	NA	NA	NA	No	post_specific	R-post_novel
P15	R	042	good	severe	A	good	good	P15-Treat	TRAV3;TRBV5-8_;_TRAJ4;TRBJ2-5_TRA:CAVRDYGGGYNKLIF;TRB:CASSLEGAGGFAETQYF_P15	0.01340996168582375	14	P15-Baseline	2.4437927663734115e-4	1	No	Yes	pre_post_share	R-pre_existing
P15	R	042	good	severe	A	good	good	P15-Treat	TRAV39;TRBV20-1_;_TRAJ32;TRBJ2-3_TRA:CAVDTPRWYYGGATNKLIF;TRB:CSARAGNRRSF_P15	0.00478927203065134	5	NA	NA	NA	NA	No	post_specific	R-post_novel
P15	R	042	good	severe	A	good	good	P15-Treat	TRAV4;TRBV28_;_TRAJ9;TRBJ2-3_TRA:CLVGDINTGGFKTIF;TRB:CASSLRASGSTDTQYF_P15	0.01436781609195402	15	P15-Baseline	7.331378299120235e-4	3	No	Yes	pre_post_share	R-pre_existing
P15	R	042	good	severe	A	good	good	P15-Treat	TRAV5;TRBV28_;TRBD1_TRAJ20;TRBJ2-7_TRA:CAEGFPKLSF;TRB:CASSPAGQEGLSGTYEQYF_P15	0.00478927203065134	5	P15-Baseline	0.0053763440860215	22	No	No	pre_post_share	R-pre_existing
P15	R	042	good	severe	A	good	good	P15-Treat	TRAV8-3;TRBV19_;_TRAJ26;TRBJ2-3_TRA:CAVGADYGQNFVF;TRB:CASSTWTGNTDTQYF_P15	0.00191570881226053	2	NA	NA	NA	NA	No	post_specific	R-post_novel
P15	R	042	good	severe	A	good	good	P15-Treat	TRAV1-1;TRBV3-1_;_TRAJ28;TRBJ2-7_TRA:CAVLAYSGAGSYQLTF;TRB:CASSQDPGRAHEQYF_P15	0.00191570881226053	2	NA	NA	NA	NA	No	post_specific	R-post_novel
P15	R	042	good	severe	A	good	good	P15-Treat	TRAV12-1;TRBV28_;_TRAJ32;TRBJ1-6_TRA:CAVNSYGGATNKLIF;TRB:CASSLRGAYSPLHF_P15	0.00478927203065134	5	NA	NA	NA	NA	No	post_specific	R-post_novel
P15	R	042	good	severe	A	good	good	P15-Treat	TRAV12-1;TRBV29-1_;_TRAJ41;TRBJ2-7_TRA:CVVNSNSGYALNF;TRB:CSVGSVPREQYF_P15	0.00383141762452107	4	NA	NA	NA	NA	No	post_specific	R-post_novel
P15	R	042	good	severe	A	good	good	P15-Treat	TRAV12-2;TRBV20-1_;TRBD1_TRAJ3;TRBJ1-2_TRA:CAVSPYSSASKIIF;TRB:CSARDPPGQGDYGYTF_P15	0.00191570881226053	2	NA	NA	NA	NA	No	post_specific	R-post_novel
P15	R	042	good	severe	A	good	good	P15-Treat	TRAV13-1;TRBV4-1_;_TRAJ40;TRBJ1-6_TRA:CAALTSGTYKYIF;TRB:CASSQVPGSYNSPLHF_P15	0.0028735632183908	3	NA	NA	NA	NA	No	post_specific	R-post_novel
P15	R	042	good	severe	A	good	good	P15-Treat	TRAV29/DV5;TRBV4-2_;_TRAJ31;TRBJ2-5_TRA:CAASIQGDARLMF;TRB:CASSQDYALQETQYF_P15	0.00191570881226053	2	NA	NA	NA	NA	No	post_specific	R-post_novel
P15	R	042	good	severe	A	good	good	P15-Treat	TRAV14/DV4;TRBV4-3_;TRBD1_TRAJ32;TRBJ1-1_TRA:CAMRDPNYGGATNKLIF;TRB:CASSQGGKGTEAFF_P15	0.00670498084291187	7	P15-Baseline	9.775171065493646e-4	4	No	No	pre_post_share	R-pre_existing
P15	R	042	good	severe	A	good	good	P15-Treat	TRAV4;TRBV5-4_;_TRAJ28;TRBJ2-1_TRA:CLGPDAYSGAGSYQLTF;TRB:CASSLDSRGLDEQFF_P15	0.03544061302681992	37	P15-Baseline	7.331378299120235e-4	3	No	Yes	pre_post_share	R-pre_existing
P15	R	042	good	severe	A	good	good	P15-Treat	TRAV23/DV6;TRBV14_;_TRAJ37;TRBJ1-1_TRA:CAASKAGSGNTGKLIF;TRB:CASSPNRREAFF_P15	0.00766283524904214	8	NA	NA	NA	NA	No	post_specific	R-post_novel
P15	R	042	good	severe	A	good	good	P15-Treat	TRAV29/DV5;TRBV28_;TRBD2_TRAJ26;TRBJ2-7_TRA:CAATENYGQNFVF;TRB:CASSSRIAGGRYEQYF_P15	0.0028735632183908	3	P15-Baseline	7.331378299120235e-4	3	No	No	pre_post_share	R-pre_existing
P15	R	042	good	severe	A	good	good	P15-Treat	TRAV8-6;TRBV5-6_;_TRAJ22;TRBJ2-7_TRA:CAVSDHGSARQLTF;TRB:CASSLGGSYEQYF_P15	0.00478927203065134	5	P15-Baseline	2.4437927663734115e-4	1	No	No	pre_post_share	R-pre_existing
P15	R	042	good	severe	A	good	good	P15-Treat	TRAV35;TRBV10-3_;TRBD1_TRAJ54;TRBJ1-1_TRA:CAGDQGAQKLVF;TRB:CAISGGQGVFAEAFF_P15	0.00670498084291187	7	P15-Baseline	2.4437927663734115e-4	1	No	No	pre_post_share	R-pre_existing
P15	R	042	good	severe	A	good	good	P15-Treat	TRAV12-2;TRBV7-2_;_TRAJ30;TRBJ2-1_TRA:CAVKRDDKIIF;TRB:CASSLGGHTEQFF_P15	0.00191570881226053	2	NA	NA	NA	NA	No	post_specific	R-post_novel
P15	R	042	good	severe	A	good	good	P15-Treat	TRAV13-1;TRBV7-6_;_TRAJ30;TRBJ2-1_TRA:CAASDDKIIF;TRB:CASSLTSGSSNEQFF_P15	0.00383141762452107	4	P15-Baseline	4.887585532746823e-4	2	No	No	pre_post_share	R-pre_existing
P15	R	042	good	severe	A	good	good	P15-Treat	TRAV8-4;TRBV6-5_;_TRAJ52;TRBJ2-3_TRA:CAVSDRWAGGTSYGKLTF;TRB:CASSFAISTDTQYF_P15	0.01149425287356321	12	NA	NA	NA	NA	Yes	post_specific	R-post_novel
P15	R	042	good	severe	A	good	good	P15-Treat	TRAV8-4;TRBV7-9_;_TRAJ17;TRBJ1-6_TRA:CAVSDTIAAGNKLTF;TRB:CASTRGKEGDSPLHF_P15	0.01628352490421455	17	P15-Baseline	9.775171065493646e-4	4	No	Yes	pre_post_share	R-pre_existing
P15	R	042	good	severe	A	good	good	P15-Treat	TRAV14/DV4;TRBV27_;_TRAJ3;TRBJ1-5_TRA:CAMREAMGSSASKIIF;TRB:CASSLGRARPQHF_P15	0.00478927203065134	5	P15-Baseline	4.887585532746823e-4	2	No	No	pre_post_share	R-pre_existing
P15	R	042	good	severe	A	good	good	P15-Treat	TRAV1-2;TRBV9_;_TRAJ49;TRBJ1-6_TRA:CAVRYTGNQFYF;TRB:CASAASNSPLHF_P15	0.02969348659003831	31	P15-Baseline	0.00268817204301075	11	No	Yes	pre_post_share	R-pre_existing
P15	R	042	good	severe	A	good	good	P15-Treat	TRAV38-2/DV8;TRBV7-2_;TRBD1_TRAJ40;TRBJ2-3_TRA:CAYRSFTSGTYKYIF;TRB:CASSTGTGWTDTQYF_P15	0.00191570881226053	2	NA	NA	NA	NA	No	post_specific	R-post_novel
P15	R	042	good	severe	A	good	good	P15-Treat	TRAV1-2;TRBV30_;TRBD1_TRAJ28;TRBJ2-1_TRA:CAVRDRGAGSYQLTF;TRB:CAWRGGTGGSYNEQFF_P15	0.0028735632183908	3	P15-Baseline	9.775171065493646e-4	4	No	No	pre_post_share	R-pre_existing
P15	R	042	good	severe	A	good	good	P15-Treat	TRAV22;TRBV7-2_;_TRAJ49;TRBJ1-5_TRA:CAAVLNTGNQFYF;TRB:CASSLWTIYSNQPQHF_P15	0.00191570881226053	2	NA	NA	NA	NA	No	post_specific	R-post_novel
P15	R	042	good	severe	A	good	good	P15-Treat	TRAV22;TRBV11-2_;_TRAJ24;TRBJ2-5_TRA:CAVLGTDSWGKLQF;TRB:CASSFSGRETQYF_P15	0.0028735632183908	3	P15-Baseline	2.4437927663734115e-4	1	No	No	pre_post_share	R-pre_existing
P15	R	042	good	severe	A	good	good	P15-Treat	TRAV8-4;TRBV7-3_;_TRAJ31;TRBJ2-7_TRA:CAVSEGARLMF;TRB:CASSPSGSSYEQYF_P15	0.0028735632183908	3	NA	NA	NA	NA	No	post_specific	R-post_novel
P15	R	042	good	severe	A	good	good	P15-Treat	TRAV8-3;TRBV6-1_;_TRAJ42;TRBJ2-3_TRA:CAVVPPHGSQGNLIF;TRB:CASRALGYTDTQYF_P15	0.00957854406130268	10	NA	NA	NA	NA	No	post_specific	R-post_novel
P15	R	042	good	severe	A	good	good	P15-Treat	TRAV3;TRBV5-6_;_TRAJ15;TRBJ1-2_TRA:CAVRGQAGTALIF;TRB:CASRIQGHYGYTF_P15	0.00191570881226053	2	NA	NA	NA	NA	No	post_specific	R-post_novel
P15	R	042	good	severe	A	good	good	P15-Treat	TRAV16;TRBV20-1_;_TRAJ10;TRBJ2-1_TRA:CALGSGGNKLTF;TRB:CSATDNNEQFF_P15	0.00191570881226053	2	NA	NA	NA	NA	No	post_specific	R-post_novel
P15	R	042	good	severe	A	good	good	P15-Treat	TRAV14/DV4;TRBV5-4_;TRBD1_TRAJ58;TRBJ1-2_TRA:CAMREIGGETSGSRLTF;TRB:CASSLGQGWGYTF_P15	0.01628352490421455	17	P15-Baseline	4.887585532746823e-4	2	No	Yes	pre_post_share	R-pre_existing
P17	NR	037	poor	mild	A	pEKD	pEKD	P17-Treat	TRAV14/DV4;TRBV28_;_TRAJ48;TRBJ2-7_TRA:CAMRDDDNFGNEKLTF;TRB:CASSLFSLAGYEQYF_P17	0.00295475530932594	16	NA	NA	NA	NA	No	post_specific	NR-post_novel
P17	NR	037	poor	mild	A	pEKD	pEKD	P17-Treat	TRAV13-2;TRBV6-1_;_TRAJ39;TRBJ1-5_TRA:CAENVNAGNMLTF;TRB:CASLLYRGDWPQHF_P17	5.54016620498615e-4	3	P17-Baseline	4.927322000492732e-4	2	No	No	pre_post_share	NR-pre_existing
P17	NR	037	poor	mild	A	pEKD	pEKD	P17-Treat	TRAV3;TRBV27_;_TRAJ26;TRBJ2-3_TRA:CAVRDPYGQNFVF;TRB:CASSSISYSGRPSTDTQYF_P17	3.693444136657433e-4	2	P17-Baseline	0.00591278640059127	24	No	No	pre_post_share	NR-pre_existing
P17	NR	037	poor	mild	A	pEKD	pEKD	P17-Treat	TRAV12-1;TRBV24-1_;_TRAJ34;TRBJ2-7_TRA:CVVKGKLIF;TRB:CAAAGDRLATYEQYF_P17	0.00221606648199446	12	NA	NA	NA	NA	No	post_specific	NR-post_novel
P17	NR	037	poor	mild	A	pEKD	pEKD	P17-Treat	TRAV3;TRBV11-2_;_TRAJ7;TRBJ1-4_TRA:CAVRGYGNNRLAF;TRB:CASSPQGQTNEKLFF_P17	5.54016620498615e-4	3	NA	NA	NA	NA	No	post_specific	NR-post_novel
P17	NR	037	poor	mild	A	pEKD	pEKD	P17-Treat	TRAV35;TRBV10-3_;_TRAJ33;TRBJ2-7_TRA:CAGLPPDSNYQLIW;TRB:CAISEGRVLYEQYF_P17	3.693444136657433e-4	2	NA	NA	NA	NA	No	post_specific	NR-post_novel
P17	NR	037	poor	mild	A	pEKD	pEKD	P17-Treat	TRAV12-1;TRBV5-6_;_TRAJ27;TRBJ2-4_TRA:CVVSLHNTNAGKSTF;TRB:CASTTTGLGAKNIQYF_P17	3.693444136657433e-4	2	NA	NA	NA	NA	No	post_specific	NR-post_novel
P17	NR	037	poor	mild	A	pEKD	pEKD	P17-Treat	TRAV19;TRBV11-2_;_TRAJ39;TRBJ1-4_TRA:CALIRAGNMLTF;TRB:CASSLETWGRGSEKLFF_P17	0.00572483841181902	31	NA	NA	NA	NA	No	post_specific	NR-post_novel
P17	NR	037	poor	mild	A	pEKD	pEKD	P17-Treat	TRAV1-2;TRBV7-9_;_TRAJ9;TRBJ1-6_TRA:CAVFGGFKTIF;TRB:CASSYTGGSYNSPLHF_P17	3.693444136657433e-4	2	P17-Baseline	4.927322000492732e-4	2	No	No	pre_post_share	NR-pre_existing
P17	NR	037	poor	mild	A	pEKD	pEKD	P17-Treat	TRAV29/DV5;TRBV5-6_;TRBD2_TRAJ39;TRBJ2-5_TRA:CAARGRNNAGNMLTF;TRB:CASSLRLAGGRTQYF_P17	5.54016620498615e-4	3	P17-Baseline	4.927322000492732e-4	2	No	No	pre_post_share	NR-pre_existing
P17	NR	037	poor	mild	A	pEKD	pEKD	P17-Treat	TRAV13-1;TRBV5-1_;_TRAJ29;TRBJ2-7_TRA:CAASIMGNTPLVF;TRB:CASSPGIGSYDEQYF_P17	3.693444136657433e-4	2	P17-Baseline	4.927322000492732e-4	2	No	No	pre_post_share	NR-pre_existing
P17	NR	037	poor	mild	A	pEKD	pEKD	P17-Treat	TRAV12-1;TRBV20-1_;TRBD1_TRAJ4;TRBJ2-2_TRA:CAVNDRDGGYNKLIF;TRB:CSGGGRETGELFF_P17	3.693444136657433e-4	2	NA	NA	NA	NA	No	post_specific	NR-post_novel
P17	NR	037	poor	mild	A	pEKD	pEKD	P17-Treat	TRAV12-1;TRBV5-1_;_TRAJ42;TRBJ2-7_TRA:CVVNRQDYGGSQGNLIF;TRB:CASSLGPSYEQYF_P17	3.693444136657433e-4	2	NA	NA	NA	NA	No	post_specific	NR-post_novel
P17	NR	037	poor	mild	A	pEKD	pEKD	P17-Treat	TRAV29/DV5;TRBV7-8_;_TRAJ44;TRBJ2-1_TRA:CAASTIGTASKLTF;TRB:CASSFSADNEQFF_P17	5.54016620498615e-4	3	NA	NA	NA	NA	No	post_specific	NR-post_novel
P17	NR	037	poor	mild	A	pEKD	pEKD	P17-Treat	TRAV29/DV5;TRBV4-3_;_TRAJ45;TRBJ2-7_TRA:CAALGGGADGLTF;TRB:CASSQETGAYYEQYF_P17	5.54016620498615e-4	3	NA	NA	NA	NA	No	post_specific	NR-post_novel
P17	NR	037	poor	mild	A	pEKD	pEKD	P17-Treat	TRAV3;TRBV11-2_;_TRAJ27;TRBJ1-4_TRA:CAVRDVGAGKSTF;TRB:CASSLQGQTNEKLFF_P17	5.54016620498615e-4	3	P17-Baseline	2.463661000246366e-4	1	No	No	pre_post_share	NR-pre_existing
P17	NR	037	poor	mild	A	pEKD	pEKD	P17-Treat	TRAV3;TRBV11-2_;_TRAJ6;TRBJ1-4_TRA:CAVRAGQSGGSYIPTF;TRB:CASSPQGQNNEKLFF_P17	3.693444136657433e-4	2	P17-Baseline	2.463661000246366e-4	1	No	No	pre_post_share	NR-pre_existing
P17	NR	037	poor	mild	A	pEKD	pEKD	P17-Treat	TRAV9-2;TRBV7-9_;_TRAJ53;TRBJ2-3_TRA:CALSDPSGGSNYKLTF;TRB:CASSWTSGLTDTQYF_P17	7.386888273314866e-4	4	NA	NA	NA	NA	No	post_specific	NR-post_novel
P17	NR	037	poor	mild	A	pEKD	pEKD	P17-Treat	TRAV3;TRBV11-3_;_TRAJ28;TRBJ2-1_TRA:CAVRTPYSGAGSYQLTF;TRB:CASSVQGPADNEQFF_P17	0.00147737765466297	8	NA	NA	NA	NA	No	post_specific	NR-post_novel
P17	NR	037	poor	mild	A	pEKD	pEKD	P17-Treat	TRAV9-2;TRBV24-1_;_TRAJ27;TRBJ1-2_TRA:CALSDRYNTNAGKSTF;TRB:CATSDPNNYGYTF_P17	3.693444136657433e-4	2	NA	NA	NA	NA	No	post_specific	NR-post_novel
P17	NR	037	poor	mild	A	pEKD	pEKD	P17-Treat	TRAV13-1;TRBV29-1_;TRBD1_TRAJ42;TRBJ1-1_TRA:CAAPGSQGNLIF;TRB:CSVRTGGAGTEAFF_P17	0.00313942751615881	17	NA	NA	NA	NA	No	post_specific	NR-post_novel
P17	NR	037	poor	mild	A	pEKD	pEKD	P17-Treat	TRAV9-2;TRBV9_;_TRAJ42;TRBJ2-7_TRA:CALSDHSRGSQGNLIF;TRB:CASSLAVGSYEQYF_P17	9.233610341643582e-4	5	P17-Baseline	9.854644000985464e-4	4	No	No	pre_post_share	NR-pre_existing
P17	NR	037	poor	mild	A	pEKD	pEKD	P17-Treat	TRAV2;TRBV6-2_;_TRAJ15;TRBJ2-1_TRA:CAVVQGQAGTALIF;TRB:CASSYPTGWSVNEQFF_P17	3.693444136657433e-4	2	P17-Baseline	0.00147819660014781	6	No	No	pre_post_share	NR-pre_existing
P17	NR	037	poor	mild	A	pEKD	pEKD	P17-Treat	TRAV19;TRBV20-1_;_TRAJ48;TRBJ1-2_TRA:CALSVRISNFGNEKLTF;TRB:CSARDSNYGYTF_P17	7.386888273314866e-4	4	NA	NA	NA	NA	No	post_specific	NR-post_novel
P17	NR	037	poor	mild	A	pEKD	pEKD	P17-Treat	TRAV39;TRBV4-3_;_TRAJ23;TRBJ2-7_TRA:CAVDNNQGGKLIF;TRB:CASSQETGAYYEQYF_P17	5.54016620498615e-4	3	NA	NA	NA	NA	No	post_specific	NR-post_novel
P17	NR	037	poor	mild	A	pEKD	pEKD	P17-Treat	TRAV9-2;TRBV7-9_;_TRAJ53;TRBJ2-3_TRA:CALSSYSGGSNYKLTF;TRB:CASSWTSGLSDTQYF_P17	5.54016620498615e-4	3	NA	NA	NA	NA	No	post_specific	NR-post_novel
P17	NR	037	poor	mild	A	pEKD	pEKD	P17-Treat	TRAV24;TRBV6-6_;_TRAJ54;TRBJ1-2_TRA:CASLIQGAQKLVF;TRB:CASSYGREYGYTF_P17	7.386888273314866e-4	4	NA	NA	NA	NA	No	post_specific	NR-post_novel
P17	NR	037	poor	mild	A	pEKD	pEKD	P17-Treat	TRAV17;TRBV9_;_TRAJ43;TRBJ1-2_TRA:CATYNNDMRF;TRB:CASSVANDDYGYTF_P17	0.00332409972299168	18	NA	NA	NA	NA	No	post_specific	NR-post_novel
P17	NR	037	poor	mild	A	pEKD	pEKD	P17-Treat	TRAV4;TRBV6-5_;_TRAJ33;TRBJ2-7_TRA:CLVGYSNYQLIW;TRB:CASSPGQGRYEQYF_P17	5.54016620498615e-4	3	P17-Baseline	9.854644000985464e-4	4	No	No	pre_post_share	NR-pre_existing
P17	NR	037	poor	mild	A	pEKD	pEKD	P17-Treat	TRAV26-1;TRBV11-2_;TRBD1_TRAJ39;TRBJ2-3_TRA:CIVRAYNNAGNMLTF;TRB:CASSRRQGPSTDTQYF_P17	3.693444136657433e-4	2	P17-Baseline	2.463661000246366e-4	1	No	No	pre_post_share	NR-pre_existing
P17	NR	037	poor	mild	A	pEKD	pEKD	P17-Treat	TRAV8-4;TRBV7-9_;_TRAJ53;TRBJ2-1_TRA:CAVSAPGGGSNYKLTF;TRB:CASSWTSGLSDEQFF_P17	0.00110803324099723	6	NA	NA	NA	NA	No	post_specific	NR-post_novel
P17	NR	037	poor	mild	A	pEKD	pEKD	P17-Treat	TRAV17;TRBV6-1_;_TRAJ48;TRBJ2-7_TRA:CATDLGKLTF;TRB:CASSEFWGASYEQYF_P17	3.693444136657433e-4	2	P17-Baseline	2.463661000246366e-4	1	No	No	pre_post_share	NR-pre_existing
P17	NR	037	poor	mild	A	pEKD	pEKD	P17-Treat	TRAV34;TRBV6-9_;_TRAJ34;TRBJ2-4_TRA:CGAFQNTDKLIF;TRB:CASSSHQGIALWVKNIQYF_P17	3.693444136657433e-4	2	NA	NA	NA	NA	No	post_specific	NR-post_novel
P17	NR	037	poor	mild	A	pEKD	pEKD	P17-Treat	TRAV35;TRBV28_;_TRAJ32;TRBJ1-5_TRA:CAGQLRGGATNKLIF;TRB:CASSSAGGYQPQHF_P17	3.693444136657433e-4	2	NA	NA	NA	NA	No	post_specific	NR-post_novel
P17	NR	037	poor	mild	A	pEKD	pEKD	P17-Treat	TRAV1-1;TRBV7-9_;_TRAJ31;TRBJ1-6_TRA:CAVMKARLMF;TRB:CASSLGEGSPLHF_P17	5.54016620498615e-4	3	P17-Baseline	4.927322000492732e-4	2	No	No	pre_post_share	NR-pre_existing
P17	NR	037	poor	mild	A	pEKD	pEKD	P17-Treat	TRAV8-4;TRBV6-6_;_TRAJ57;TRBJ2-1_TRA:CAVRPQGGSEKLVF;TRB:CASRTGGDFSYNEQFF_P17	3.693444136657433e-4	2	P17-Baseline	0.00172456270017245	7	No	No	pre_post_share	NR-pre_existing
P17	NR	037	poor	mild	A	pEKD	pEKD	P17-Treat	TRAV14/DV4;TRBV6-5_;_TRAJ53;TRBJ1-1_TRA:CAMRESGSGGSNYKLTF;TRB:CASSYSTIGTEAFF_P17	0.00406278855032317	22	NA	NA	NA	NA	No	post_specific	NR-post_novel
P17	NR	037	poor	mild	A	pEKD	pEKD	P17-Treat	TRAV1-2;TRBV20-1_;_TRAJ24;TRBJ2-7_TRA:CAVRLPMTTDSWGKLQF;TRB:CSANSGGGIYEQYF_P17	3.693444136657433e-4	2	NA	NA	NA	NA	No	post_specific	NR-post_novel
P17	NR	037	poor	mild	A	pEKD	pEKD	P17-Treat	TRAV21;TRBV15_;TRBD1_TRAJ34;TRBJ2-5_TRA:CAPHTDKLIF;TRB:CATSSLRDIGTQYF_P17	3.693444136657433e-4	2	P17-Baseline	9.854644000985464e-4	4	No	No	pre_post_share	NR-pre_existing
P17	NR	037	poor	mild	A	pEKD	pEKD	P17-Treat	TRAV3;TRBV11-2_;_TRAJ9;TRBJ1-4_TRA:CAVRDIGGFKTIF;TRB:CASSLQGATNEKLFF_P17	7.386888273314866e-4	4	P17-Baseline	4.927322000492732e-4	2	No	No	pre_post_share	NR-pre_existing
P17	NR	037	poor	mild	A	pEKD	pEKD	P17-Treat	TRAV17;TRBV15_;TRBD1_TRAJ32;TRBJ2-5_TRA:CATDAEYGGATNKLIF;TRB:CATSRDRGQETQYF_P17	5.54016620498615e-4	3	P17-Baseline	0.00197092880019709	8	No	No	pre_post_share	NR-pre_existing
P17	NR	037	poor	mild	A	pEKD	pEKD	P17-Treat	TRAV13-1;TRBV12-3_;_TRAJ43;TRBJ2-2_TRA:CAASSDMRF;TRB:CASSLSTGENTGELFF_P17	3.693444136657433e-4	2	NA	NA	NA	NA	No	post_specific	NR-post_novel
P17	NR	037	poor	mild	A	pEKD	pEKD	P17-Treat	TRAV13-1;TRBV20-1_;_TRAJ3;TRBJ2-3_TRA:CAASRLYKIIF;TRB:CSASEAGGPPGDF_P17	3.693444136657433e-4	2	NA	NA	NA	NA	No	post_specific	NR-post_novel
P17	NR	037	poor	mild	A	pEKD	pEKD	P17-Treat	TRAV8-4;TRBV5-6_;_TRAJ37;TRBJ1-1_TRA:CAVSDQLAGNTGKLIF;TRB:CASSYYDKTWEAFF_P17	5.54016620498615e-4	3	NA	NA	NA	NA	No	post_specific	NR-post_novel
P17	NR	037	poor	mild	A	pEKD	pEKD	P17-Treat	TRAV3;TRBV6-5_;_TRAJ39;TRBJ2-1_TRA:CAVNYGNMLTF;TRB:CASSYIAGGPYNEQFF_P17	5.54016620498615e-4	3	P17-Baseline	9.854644000985464e-4	4	No	No	pre_post_share	NR-pre_existing
P17	NR	037	poor	mild	A	pEKD	pEKD	P17-Treat	TRAV26-1;TRBV11-2_;_TRAJ37;TRBJ2-3_TRA:CIVRVGSNTGKLIF;TRB:CASSHYTDTQYF_P17	3.693444136657433e-4	2	P17-Baseline	7.390983000739098e-4	3	No	No	pre_post_share	NR-pre_existing
P17	NR	037	poor	mild	A	pEKD	pEKD	P17-Treat	TRAV4;TRBV4-1_;_TRAJ10;TRBJ1-5_TRA:CLVGDNKLTF;TRB:CASSQDPGGGGNQPQHF_P17	7.386888273314866e-4	4	NA	NA	NA	NA	No	post_specific	NR-post_novel
P17	NR	037	poor	mild	A	pEKD	pEKD	P17-Treat	TRAV4;TRBV4-1_;_TRAJ34;TRBJ1-5_TRA:CLVGHTDKLIF;TRB:CASSQDPGGGTNQPQHF_P17	0.00221606648199446	12	NA	NA	NA	NA	No	post_specific	NR-post_novel
P17	NR	037	poor	mild	A	pEKD	pEKD	P17-Treat	TRAV14/DV4;TRBV2_;_TRAJ5;TRBJ2-2_TRA:CAMREVDTGRRALTF;TRB:CASNGRATGELFF_P17	0.01126500461680517	61	P17-Baseline	4.927322000492732e-4	2	No	Yes	pre_post_share	NR-pre_existing
P17	NR	037	poor	mild	A	pEKD	pEKD	P17-Treat	TRAV2;TRBV4-1_;_TRAJ20;TRBJ1-5_TRA:CAVSSNDYKLSF;TRB:CASSQVAGLPDQPQHF_P17	7.386888273314866e-4	4	P17-Baseline	0.00320275930032027	13	No	No	pre_post_share	NR-pre_existing
P17	NR	037	poor	mild	A	pEKD	pEKD	P17-Treat	TRAV1-2;TRBV9_;_TRAJ33;TRBJ1-2_TRA:CAVRIPMDSNYQLIW;TRB:CASSVDTTNYGYTF_P17	3.693444136657433e-4	2	NA	NA	NA	NA	No	post_specific	NR-post_novel
P17	NR	037	poor	mild	A	pEKD	pEKD	P17-Treat	TRAV22;TRBV29-1_;_TRAJ13;TRBJ1-1_TRA:CAPHSGGYQKVTF;TRB:CSVKIGGTEAFF_P17	0.00110803324099723	6	NA	NA	NA	NA	No	post_specific	NR-post_novel
P17	NR	037	poor	mild	A	pEKD	pEKD	P17-Treat	TRAV10;TRBV9_;_TRAJ31;TRBJ1-5_TRA:CVVSVSNNARLMF;TRB:CASSVGGSPNQPQHF_P17	0.00295475530932594	16	P17-Baseline	2.463661000246366e-4	1	No	No	pre_post_share	NR-pre_existing
P17	NR	037	poor	mild	A	pEKD	pEKD	P17-Treat	TRAV21;TRBV10-2_;_TRAJ33;TRBJ1-1_TRA:CAVLMDSNYQLIW;TRB:CASSADGMNTEAFF_P17	9.233610341643582e-4	5	P17-Baseline	0.00147819660014781	6	No	No	pre_post_share	NR-pre_existing
P17	NR	037	poor	mild	A	pEKD	pEKD	P17-Treat	TRAV12-1;TRBV28_;_TRAJ34;TRBJ1-1_TRA:CVVKGKLIF;TRB:CASRPGNTEAFF_P17	0.00812557710064635	44	NA	NA	NA	NA	No	post_specific	NR-post_novel
P17	NR	037	poor	mild	A	pEKD	pEKD	P17-Treat	TRAV12-1;TRBV9_;_TRAJ34;TRBJ1-5_TRA:CVVNYGDKLIF;TRB:CASSVGGSPNQPQHF_P17	0.1368421052631579	741	P17-Baseline	0.005420054200542	22	No	Yes	pre_post_share	NR-pre_existing
P17	NR	037	poor	mild	A	pEKD	pEKD	P17-Treat	TRAV3;TRBV7-9_;_TRAJ30;TRBJ2-1_TRA:CAVRDRIRDDKIIF;TRB:CASSLARASSYNEQFF_P17	3.693444136657433e-4	2	NA	NA	NA	NA	No	post_specific	NR-post_novel
P17	NR	037	poor	mild	A	pEKD	pEKD	P17-Treat	TRAV8-3;TRBV7-9_;TRBD1_TRAJ49;TRBJ2-7_TRA:CAVGPGNQFYF;TRB:CASSWGGTGGAEQYF_P17	3.693444136657433e-4	2	P17-Baseline	0.002710027100271	11	No	No	pre_post_share	NR-pre_existing
P17	NR	037	poor	mild	A	pEKD	pEKD	P17-Treat	TRAV12-2;TRBV6-2_;_TRAJ24;TRBJ2-7_TRA:CAVDPDSWGKLQF;TRB:CASSSTPYEQYF_P17	3.693444136657433e-4	2	P17-Baseline	2.463661000246366e-4	1	No	No	pre_post_share	NR-pre_existing
P17	NR	037	poor	mild	A	pEKD	pEKD	P17-Treat	TRAV12-2;TRBV5-1_;_TRAJ3;TRBJ2-7_TRA:CAVDSSASKIIF;TRB:CASSTGTVAEQYF_P17	5.54016620498615e-4	3	NA	NA	NA	NA	No	post_specific	NR-post_novel
P17	NR	037	poor	mild	A	pEKD	pEKD	P17-Treat	TRAV26-1;TRBV5-6_;_TRAJ31;TRBJ2-1_TRA:CIVRVEGNNARLMF;TRB:CASSSPGGPDPYNEQFF_P17	0.00110803324099723	6	P17-Baseline	0.00123183050012318	5	No	No	pre_post_share	NR-pre_existing
P17	NR	037	poor	mild	A	pEKD	pEKD	P17-Treat	TRAV2;TRBV5-4_;_TRAJ5;TRBJ2-7_TRA:CAVEDRDTGRRALTF;TRB:CASNRDGSYEQYF_P17	3.693444136657433e-4	2	P17-Baseline	2.463661000246366e-4	1	No	No	pre_post_share	NR-pre_existing
P17	NR	037	poor	mild	A	pEKD	pEKD	P17-Treat	TRAV9-2;TRBV27_;_TRAJ24;TRBJ2-3_TRA:CALILMTTDSWGKLQF;TRB:CASSSLARGTDTQYF_P17	9.233610341643582e-4	5	P17-Baseline	0.005420054200542	22	No	No	pre_post_share	NR-pre_existing
P17	NR	037	poor	mild	A	pEKD	pEKD	P17-Treat	TRAV12-3;TRBV2_;_TRAJ31;TRBJ2-1_TRA:CARGPSNARLMF;TRB:CASSELPRLAGIPNEQFF_P17	0.00221606648199446	12	NA	NA	NA	NA	No	post_specific	NR-post_novel
P17	NR	037	poor	mild	A	pEKD	pEKD	P17-Treat	TRAV21;TRBV2_;TRBD2_TRAJ20;TRBJ2-7_TRA:CAVGNDYKLSF;TRB:CASSDLAGGVYEQYF_P17	0.00184672206832871	10	NA	NA	NA	NA	No	post_specific	NR-post_novel
P17	NR	037	poor	mild	A	pEKD	pEKD	P17-Treat	TRAV38-1;TRBV28_;_TRAJ29;TRBJ2-2_TRA:CASLHSGNTPLVF;TRB:CASRTGVIGTGELFF_P17	0.00147737765466297	8	NA	NA	NA	NA	No	post_specific	NR-post_novel
P17	NR	037	poor	mild	A	pEKD	pEKD	P17-Treat	TRAV13-1;TRBV19_;_TRAJ43;TRBJ1-1_TRA:CAASMNDMRF;TRB:CASSGQGKSEAFF_P17	5.54016620498615e-4	3	NA	NA	NA	NA	No	post_specific	NR-post_novel
P17	NR	037	poor	mild	A	pEKD	pEKD	P17-Treat	TRAV3;TRBV11-2_;_TRAJ9;TRBJ1-4_TRA:CAVRDTGGFKTIF;TRB:CASSSQGQTNEKLFF_P17	7.386888273314866e-4	4	P17-Baseline	0.00123183050012318	5	No	No	pre_post_share	NR-pre_existing
P17	NR	037	poor	mild	A	pEKD	pEKD	P17-Treat	TRAV3;TRBV3-1_;_TRAJ20;TRBJ2-7_TRA:CAVRDTGDYKLSF;TRB:CASSQEGRGVFEQYF_P17	3.693444136657433e-4	2	NA	NA	NA	NA	No	post_specific	NR-post_novel
P17	NR	037	poor	mild	A	pEKD	pEKD	P17-Treat	TRAV12-2;TRBV28_;_TRAJ49;TRBJ2-4_TRA:CAVRETGNQFYF;TRB:CASNPGGENIQYF_P17	3.693444136657433e-4	2	NA	NA	NA	NA	No	post_specific	NR-post_novel
P17	NR	037	poor	mild	A	pEKD	pEKD	P17-Treat	TRAV14/DV4;TRBV18_;_TRAJ15;TRBJ1-1_TRA:CAMRALNQAGTALIF;TRB:CASSLPQAGTEAFF_P17	5.54016620498615e-4	3	P17-Baseline	2.463661000246366e-4	1	No	No	pre_post_share	NR-pre_existing
P17	NR	037	poor	mild	A	pEKD	pEKD	P17-Treat	TRAV34;TRBV12-3_;_TRAJ34;TRBJ2-1_TRA:CGAFQNTDKLIF;TRB:CASLNGYNEQFF_P17	3.693444136657433e-4	2	NA	NA	NA	NA	No	post_specific	NR-post_novel
P17	NR	037	poor	mild	A	pEKD	pEKD	P17-Treat	TRAV12-3;TRBV2_;_TRAJ33;TRBJ2-7_TRA:CAGAMDSNYQLIW;TRB:CASSEHLQGYEQYF_P17	0.00867959372114496	47	NA	NA	NA	NA	No	post_specific	NR-post_novel
P17	NR	037	poor	mild	A	pEKD	pEKD	P17-Treat	TRAV16;TRBV20-1_;TRBD1_TRAJ23;TRBJ2-1_TRA:CALGGGGGKLIF;TRB:CSALQGDEQFF_P17	0.00203139427516158	11	NA	NA	NA	NA	No	post_specific	NR-post_novel
P17	NR	037	poor	mild	A	pEKD	pEKD	P17-Treat	TRAV17;TRBV11-3_;_TRAJ26;TRBJ2-2_TRA:CATDYGQNFVF;TRB:CASSSRQNGELFF_P17	3.693444136657433e-4	2	NA	NA	NA	NA	No	post_specific	NR-post_novel
P17	NR	037	poor	mild	A	pEKD	pEKD	P17-Treat	TRAV38-2/DV8;TRBV7-9_;_TRAJ43;TRBJ2-3_TRA:CAYTPYNNNDMRF;TRB:CASSLAGASTDTQYF_P17	0.00443213296398892	24	NA	NA	NA	NA	No	post_specific	NR-post_novel
P17	NR	037	poor	mild	A	pEKD	pEKD	P17-Treat	TRAV13-1;TRBV29-1_;TRBD2_TRAJ39;TRBJ2-2_TRA:CAADAGNMLTF;TRB:CSVEGTSGRFAGELFF_P17	9.233610341643582e-4	5	P17-Baseline	0.00517368810051736	21	No	No	pre_post_share	NR-pre_existing
P17	NR	037	poor	mild	A	pEKD	pEKD	P17-Treat	TRAV17;TRBV5-1_;_TRAJ30;TRBJ2-7_TRA:CATDADDKIIF;TRB:CASSEHPSGDEQYF_P17	0.02253000923361034	122	NA	NA	NA	NA	Yes	post_specific	NR-post_novel
P17	NR	037	poor	mild	A	pEKD	pEKD	P17-Treat	TRAV23/DV6;TRBV20-1_;_TRAJ30;TRBJ1-2_TRA:CAASKGLDKIIF;TRB:CSARDSNYGYTF_P17	0.00110803324099723	6	NA	NA	NA	NA	No	post_specific	NR-post_novel
P17	NR	037	poor	mild	A	pEKD	pEKD	P17-Treat	TRAV17;TRBV7-3_;TRBD1_TRAJ18;TRBJ2-5_TRA:CATSDRGSTLGRLYF;TRB:CASSSGGRGETQYF_P17	5.54016620498615e-4	3	P17-Baseline	2.463661000246366e-4	1	No	No	pre_post_share	NR-pre_existing
P17	NR	037	poor	mild	A	pEKD	pEKD	P17-Treat	TRAV41;TRBV20-1_;_TRAJ45;TRBJ1-5_TRA:CAVGRDGGGADGLTF;TRB:CSARAGSPYQPQHF_P17	3.693444136657433e-4	2	P17-Baseline	2.463661000246366e-4	1	No	No	pre_post_share	NR-pre_existing
P17	NR	037	poor	mild	A	pEKD	pEKD	P17-Treat	TRAV12-2;TRBV28_;_TRAJ34;TRBJ2-2_TRA:CAVNSPGGGDKLIF;TRB:CASSFMGGELFF_P17	7.386888273314866e-4	4	P17-Baseline	0.00147819660014781	6	No	No	pre_post_share	NR-pre_existing
P17	NR	037	poor	mild	A	pEKD	pEKD	P17-Treat	TRAV14/DV4;TRBV7-9_;TRBD2_TRAJ54;TRBJ2-1_TRA:CAMRESSGAQKLVF;TRB:CASRDTSGRAPINSYNEQFF_P17	5.54016620498615e-4	3	P17-Baseline	9.854644000985464e-4	4	No	No	pre_post_share	NR-pre_existing
P17	NR	037	poor	mild	A	pEKD	pEKD	P17-Treat	TRAV8-2;TRBV18_;_TRAJ11;TRBJ1-2_TRA:CVVSLNSGYSTLTF;TRB:CASSPRGGESESYTF_P17	3.693444136657433e-4	2	NA	NA	NA	NA	No	post_specific	NR-post_novel
P17	NR	037	poor	mild	A	pEKD	pEKD	P17-Treat	TRAV29/DV5;TRBV3-1_;_TRAJ40;TRBJ2-1_TRA:CAATHSGTYKYIF;TRB:CASSQDLGSSYNEQFF_P17	9.233610341643582e-4	5	P17-Baseline	4.927322000492732e-4	2	No	No	pre_post_share	NR-pre_existing
P17	NR	037	poor	mild	A	pEKD	pEKD	P17-Treat	TRAV13-1;TRBV18_;_TRAJ12;TRBJ1-4_TRA:CAGLRMDSSYKLIF;TRB:CASSPAGEKLFF_P17	3.693444136657433e-4	2	P17-Baseline	2.463661000246366e-4	1	No	No	pre_post_share	NR-pre_existing
P17	NR	037	poor	mild	A	pEKD	pEKD	P17-Treat	TRAV21;TRBV6-5_;_TRAJ40;TRBJ2-1_TRA:CAVRFTSGTYKYIF;TRB:CASSYWIGADHNEQFF_P17	3.693444136657433e-4	2	NA	NA	NA	NA	No	post_specific	NR-post_novel
P17	NR	037	poor	mild	A	pEKD	pEKD	P17-Treat	TRAV8-3;TRBV7-6_;TRBD1_TRAJ16;TRBJ2-3_TRA:CAVAFSDGQKLLF;TRB:CASSLVASAPGGTDTQYF_P17	0.00609418282548476	33	P17-Baseline	2.463661000246366e-4	1	No	No	pre_post_share	NR-pre_existing
P17	NR	037	poor	mild	A	pEKD	pEKD	P17-Treat	TRAV8-3;TRBV6-6_;_TRAJ44;TRBJ2-4_TRA:CAVGATGTASKLTF;TRB:CATSSPGTDKNIQYF_P17	7.386888273314866e-4	4	NA	NA	NA	NA	No	post_specific	NR-post_novel
P17	NR	037	poor	mild	A	pEKD	pEKD	P17-Treat	TRAV24;TRBV10-3_;_TRAJ40;TRBJ2-3_TRA:CAPYTSGTYKYIF;TRB:CAISESGTGNRGTDTQYF_P17	3.693444136657433e-4	2	P17-Baseline	4.927322000492732e-4	2	No	No	pre_post_share	NR-pre_existing
P17	NR	037	poor	mild	A	pEKD	pEKD	P17-Treat	TRAV26-1;TRBV11-3_;_TRAJ33;TRBJ2-2_TRA:CIVSPDSNYQLIW;TRB:CASSLDGKNTGELFF_P17	7.386888273314866e-4	4	P17-Baseline	7.390983000739098e-4	3	No	No	pre_post_share	NR-pre_existing
P17	NR	037	poor	mild	A	pEKD	pEKD	P17-Treat	TRAV12-2;TRBV20-1_;TRBD1_TRAJ56;TRBJ1-4_TRA:CAVVPTGANSKLTF;TRB:CSARGVRDRGEKLFF_P17	9.233610341643582e-4	5	NA	NA	NA	NA	No	post_specific	NR-post_novel
P17	NR	037	poor	mild	A	pEKD	pEKD	P17-Treat	TRAV14/DV4;TRBV14_;TRBD1_TRAJ37;TRBJ1-6_TRA:CAMRGYGSSNTGKLIF;TRB:CASSRDRAGSPLHF_P17	5.54016620498615e-4	3	NA	NA	NA	NA	No	post_specific	NR-post_novel
P17	NR	037	poor	mild	A	pEKD	pEKD	P17-Treat	TRAV12-2;TRBV5-1_;_TRAJ3;TRBJ2-7_TRA:CAVDSSASKIIF;TRB:CASSRGSADEQYF_P17	3.693444136657433e-4	2	NA	NA	NA	NA	No	post_specific	NR-post_novel
P17	NR	037	poor	mild	A	pEKD	pEKD	P17-Treat	TRAV6;TRBV5-6_;_TRAJ3;TRBJ2-7_TRA:CAGPGYSSASKIIF;TRB:CASLGGGSQPPYEQYF_P17	0.00849492151431209	46	P17-Baseline	0.0202020202020202	82	Yes	No	pre_post_share	NR-pre_existing
P17	NR	037	poor	mild	A	pEKD	pEKD	P17-Treat	TRAV9-2;TRBV20-1_;_TRAJ6;TRBJ2-3_TRA:CALSPQGGSYIPTF;TRB:CSASLDTQYF_P17	5.54016620498615e-4	3	P17-Baseline	2.463661000246366e-4	1	No	No	pre_post_share	NR-pre_existing
P17	NR	037	poor	mild	A	pEKD	pEKD	P17-Treat	TRAV29/DV5;TRBV11-2_;_TRAJ40;TRBJ2-7_TRA:CAATSGTYKYIF;TRB:CASSPRPVSGRASDEQYF_P17	3.693444136657433e-4	2	NA	NA	NA	NA	No	post_specific	NR-post_novel
P17	NR	037	poor	mild	A	pEKD	pEKD	P17-Treat	TRAV29/DV5;TRBV6-5_;_TRAJ31;TRBJ2-3_TRA:CAAANNNARLMF;TRB:CASSLEGSADTQYF_P17	9.233610341643582e-4	5	P17-Baseline	0.00123183050012318	5	No	No	pre_post_share	NR-pre_existing
P17	NR	037	poor	mild	A	pEKD	pEKD	P17-Treat	TRAV17;TRBV5-8_;_TRAJ56;TRBJ2-1_TRA:CATDDPAGANSKLTF;TRB:CASRDGTFLSSYNEQFF_P17	7.386888273314866e-4	4	NA	NA	NA	NA	No	post_specific	NR-post_novel
P17	NR	037	poor	mild	A	pEKD	pEKD	P17-Treat	TRAV13-2;TRBV29-1_;_TRAJ45;TRBJ1-1_TRA:CAENRNSGGGADGLTF;TRB:CSVRVGGSNTEAFF_P17	3.693444136657433e-4	2	NA	NA	NA	NA	No	post_specific	NR-post_novel
P17	NR	037	poor	mild	A	pEKD	pEKD	P17-Treat	TRAV8-6;TRBV27_;_TRAJ22;TRBJ2-7_TRA:CAMGGSARQLTF;TRB:CASSLGYAYEQYF_P17	3.693444136657433e-4	2	NA	NA	NA	NA	No	post_specific	NR-post_novel
P17	NR	037	poor	mild	A	pEKD	pEKD	P17-Treat	TRAV12-2;TRBV27_;_TRAJ6;TRBJ2-7_TRA:CAVKMYRGGSYIPTF;TRB:CASSLSLAGGIYF_P17	3.693444136657433e-4	2	P17-Baseline	2.463661000246366e-4	1	No	No	pre_post_share	NR-pre_existing
P17	NR	037	poor	mild	A	pEKD	pEKD	P17-Treat	TRAV38-1;TRBV24-1_;_TRAJ42;TRBJ2-3_TRA:CAFMSYGGSQGNLIF;TRB:CATSDTGRDLTDTQYF_P17	5.54016620498615e-4	3	NA	NA	NA	NA	No	post_specific	NR-post_novel
P17	NR	037	poor	mild	A	pEKD	pEKD	P17-Treat	TRAV29/DV5;TRBV27_;_TRAJ20;TRBJ2-1_TRA:CAASGGGYDYKLSF;TRB:CASSLLGQPSNEQFF_P17	3.693444136657433e-4	2	NA	NA	NA	NA	No	post_specific	NR-post_novel
P17	NR	037	poor	mild	A	pEKD	pEKD	P17-Treat	TRAV29/DV5;TRBV6-1_;_TRAJ26;TRBJ1-3_TRA:CAPYGQNFVF;TRB:CASSEAPGAGNTIYF_P17	7.386888273314866e-4	4	NA	NA	NA	NA	No	post_specific	NR-post_novel
P17	NR	037	poor	mild	A	pEKD	pEKD	P17-Treat	TRAV10;TRBV4-2_;_TRAJ43;TRBJ2-2_TRA:CVALLYNDMRF;TRB:CASSLLGAGANTGELFF_P17	5.54016620498615e-4	3	NA	NA	NA	NA	No	post_specific	NR-post_novel
P17	NR	037	poor	mild	A	pEKD	pEKD	P17-Treat	TRAV3;TRBV5-6_;_TRAJ42;TRBJ2-1_TRA:CAVRGSQGNLIF;TRB:CASSLWVDEQFF_P17	5.54016620498615e-4	3	NA	NA	NA	NA	No	post_specific	NR-post_novel
P17	NR	037	poor	mild	A	pEKD	pEKD	P17-Treat	TRAV19;TRBV14_;_TRAJ33;TRBJ1-2_TRA:CALRYDSNYQLIW;TRB:CASSPTENYGYTF_P17	9.233610341643582e-4	5	P17-Baseline	0.00320275930032027	13	No	No	pre_post_share	NR-pre_existing
P17	NR	037	poor	mild	A	pEKD	pEKD	P17-Treat	TRAV14/DV4;TRBV15_;_TRAJ33;TRBJ1-1_TRA:CAMRASPLVDSNYQLIW;TRB:CATSRDLGGAEAFF_P17	0.00554016620498615	30	NA	NA	NA	NA	No	post_specific	NR-post_novel
P17	NR	037	poor	mild	A	pEKD	pEKD	P17-Treat	TRAV2;TRBV4-1_;_TRAJ49;TRBJ1-1_TRA:CAVEAVTGNQFYF;TRB:CASSQERGRDTEAFF_P17	0.0025854108956602	14	NA	NA	NA	NA	No	post_specific	NR-post_novel
P17	NR	037	poor	mild	A	pEKD	pEKD	P17-Treat	TRAV14/DV4;TRBV29-1_;_TRAJ43;TRBJ1-2_TRA:CAMREGYGNNDMRF;TRB:CSVGLGTGNGYTF_P17	0.00350877192982456	19	NA	NA	NA	NA	No	post_specific	NR-post_novel
P17	NR	037	poor	mild	A	pEKD	pEKD	P17-Treat	TRAV1-1;TRBV11-2_;_TRAJ33;TRBJ2-3_TRA:CAVLMDSNYQLIW;TRB:CASSLQEKRESDTQYF_P17	5.54016620498615e-4	3	NA	NA	NA	NA	No	post_specific	NR-post_novel
P17	NR	037	poor	mild	A	pEKD	pEKD	P17-Treat	TRAV1-1;TRBV20-1_;_TRAJ4;TRBJ2-7_TRA:CAVRDPRFSGGYNKLIF;TRB:CSASWRGRYEQYF_P17	5.54016620498615e-4	3	NA	NA	NA	NA	No	post_specific	NR-post_novel
P17	NR	037	poor	mild	A	pEKD	pEKD	P17-Treat	TRAV8-2;TRBV10-3_;_TRAJ17;TRBJ2-7_TRA:CVVSDLPKAAGNKLTF;TRB:CAISEVHRGRSGYEQYF_P17	5.54016620498615e-4	3	NA	NA	NA	NA	No	post_specific	NR-post_novel
P17	NR	037	poor	mild	A	pEKD	pEKD	P17-Treat	TRAV1-2;TRBV28_;_TRAJ23;TRBJ2-7_TRA:CAPEGGGKLIF;TRB:CASSFVTGTYEQYF_P17	5.54016620498615e-4	3	P17-Baseline	4.927322000492732e-4	2	No	No	pre_post_share	NR-pre_existing
P17	NR	037	poor	mild	A	pEKD	pEKD	P17-Treat	TRAV1-2;TRBV4-1_;_TRAJ34;TRBJ2-7_TRA:CAVRDNTDKLIF;TRB:CASSSDPTYEQYF_P17	3.693444136657433e-4	2	NA	NA	NA	NA	No	post_specific	NR-post_novel
P17	NR	037	poor	mild	A	pEKD	pEKD	P17-Treat	TRAV38-2/DV8;TRBV5-4_;_TRAJ44;TRBJ1-1_TRA:CAYRSASGTASKLTF;TRB:CASSLAGRLTEAFF_P17	3.693444136657433e-4	2	NA	NA	NA	NA	No	post_specific	NR-post_novel
P17	NR	037	poor	mild	A	pEKD	pEKD	P17-Treat	TRAV12-1;TRBV14_;_TRAJ4;TRBJ2-7_TRA:CVAPFSGGYNKLIF;TRB:CASSQTSESYEQYF_P17	0.00166204986149584	9	NA	NA	NA	NA	No	post_specific	NR-post_novel
P17	NR	037	poor	mild	A	pEKD	pEKD	P17-Treat	TRAV8-4;TRBV2_;_TRAJ48;TRBJ2-1_TRA:CAVSESIKGFGNEKLTF;TRB:CASSELPRLAGIPNEQFF_P17	5.54016620498615e-4	3	NA	NA	NA	NA	No	post_specific	NR-post_novel
P17	NR	037	poor	mild	A	pEKD	pEKD	P17-Treat	TRAV25;TRBV19_;_TRAJ21;TRBJ2-7_TRA:CAGRPINNFNKFYF;TRB:CASSTSGSSYEQYF_P17	3.693444136657433e-4	2	P17-Baseline	0.00172456270017245	7	No	No	pre_post_share	NR-pre_existing
P17	NR	037	poor	mild	A	pEKD	pEKD	P17-Treat	TRAV4;TRBV7-2_;TRBD1_TRAJ8;TRBJ1-6_TRA:CLVGDTGFQKLVF;TRB:CASSPRDRADSPLHF_P17	3.693444136657433e-4	2	P17-Baseline	0.00147819660014781	6	No	No	pre_post_share	NR-pre_existing
P17	NR	037	poor	mild	A	pEKD	pEKD	P17-Treat	TRAV8-6;TRBV28_;_TRAJ23;TRBJ2-7_TRA:CAVSDGYNQGGKLIF;TRB:CASSLWRSGPYEQYF_P17	7.386888273314866e-4	4	P17-Baseline	4.927322000492732e-4	2	No	No	pre_post_share	NR-pre_existing
P17	NR	037	poor	mild	A	pEKD	pEKD	P17-Treat	TRAV30;TRBV3-1_;_TRAJ39;TRBJ2-3_TRA:CGTPTPGNAGNMLTF;TRB:CASSQIAGESGTDTQYF_P17	5.54016620498615e-4	3	NA	NA	NA	NA	No	post_specific	NR-post_novel
P17	NR	037	poor	mild	A	pEKD	pEKD	P17-Treat	TRAV9-2;TRBV4-3_;_TRAJ52;TRBJ2-5_TRA:CALTGGTSYGKLTF;TRB:CASRATGLEETQYF_P17	0.01274238227146814	69	NA	NA	NA	NA	Yes	post_specific	NR-post_novel
P17	NR	037	poor	mild	A	pEKD	pEKD	P17-Treat	TRAV27;TRBV7-9_;_TRAJ44;TRBJ1-1_TRA:CAGHSGTASKLTF;TRB:CASSFFRGDTEAFF_P17	3.693444136657433e-4	2	NA	NA	NA	NA	No	post_specific	NR-post_novel
P17	NR	037	poor	mild	A	pEKD	pEKD	P17-Treat	TRAV12-3;TRBV9_;_TRAJ6;TRBJ2-7_TRA:CAMIGSYIPTF;TRB:CASSVELAGVGEQYF_P17	0.00941828254847645	51	NA	NA	NA	NA	No	post_specific	NR-post_novel
P17	NR	037	poor	mild	A	pEKD	pEKD	P17-Treat	TRAV21;TRBV28_;_TRAJ53;TRBJ1-5_TRA:CAVLVAGSNYKLTF;TRB:CAGAEDGNQPQHF_P17	0.01034164358264081	56	NA	NA	NA	NA	No	post_specific	NR-post_novel
P17	NR	037	poor	mild	A	pEKD	pEKD	P17-Treat	TRAV22;TRBV5-1_;_TRAJ16;TRBJ2-2_TRA:CAVGSDGQKLLF;TRB:CASSLATGELFF_P17	5.54016620498615e-4	3	NA	NA	NA	NA	No	post_specific	NR-post_novel
P17	NR	037	poor	mild	A	pEKD	pEKD	P17-Treat	TRAV13-2;TRBV12-3_;_TRAJ9;TRBJ2-2_TRA:CAENTGGFKTIF;TRB:CASRPLAGGSNTGELFF_P17	0.0012927054478301	7	P17-Baseline	4.927322000492732e-4	2	No	No	pre_post_share	NR-pre_existing
P17	NR	037	poor	mild	A	pEKD	pEKD	P17-Treat	TRAV13-2;TRBV27_;_TRAJ4;TRBJ2-5_TRA:CAENSLSGGYNKLIF;TRB:CASSSWDNQETQYF_P17	3.693444136657433e-4	2	NA	NA	NA	NA	No	post_specific	NR-post_novel
P17	NR	037	poor	mild	A	pEKD	pEKD	P17-Treat	TRAV3;TRBV6-6_;_TRAJ11;TRBJ2-1_TRA:CAVRWGSTLTF;TRB:CASTSTGDSYNEQFF_P17	7.386888273314866e-4	4	NA	NA	NA	NA	No	post_specific	NR-post_novel
P17	NR	037	poor	mild	A	pEKD	pEKD	P17-Treat	TRAV14/DV4;TRBV7-3_;_TRAJ11;TRBJ2-5_TRA:CAMRMNSGYSTLTF;TRB:CASSLIPASGETQYF_P17	3.693444136657433e-4	2	P17-Baseline	0.00172456270017245	7	No	No	pre_post_share	NR-pre_existing
P17	NR	037	poor	mild	A	pEKD	pEKD	P17-Treat	TRAV12-1;TRBV27_;_TRAJ31;TRBJ2-7_TRA:CAVNTGARLMF;TRB:CASSLSPTSYDEQYF_P17	9.233610341643582e-4	5	NA	NA	NA	NA	No	post_specific	NR-post_novel
P17	NR	037	poor	mild	A	pEKD	pEKD	P17-Treat	TRAV17;TRBV7-9_;_TRAJ15;TRBJ2-1_TRA:CATDGRQAGTALIF;TRB:CASSWPQGSSYNEQFF_P17	5.54016620498615e-4	3	NA	NA	NA	NA	No	post_specific	NR-post_novel
P17	NR	037	poor	mild	A	pEKD	pEKD	P17-Treat	TRAV41;TRBV6-1_;_TRAJ45;TRBJ2-7_TRA:CAVSAGGGADGLTF;TRB:CASSVMGQSYEQYF_P17	0.01329639889196675	72	P17-Baseline	4.927322000492732e-4	2	No	Yes	pre_post_share	NR-pre_existing
P17	NR	037	poor	mild	A	pEKD	pEKD	P17-Treat	TRAV2;TRBV20-1_;TRBD1_TRAJ9;TRBJ2-1_TRA:CAVVLNTGGFKTIF;TRB:CSVRTGGQGVNNEQFF_P17	3.693444136657433e-4	2	P17-Baseline	7.390983000739098e-4	3	No	No	pre_post_share	NR-pre_existing
P17	NR	037	poor	mild	A	pEKD	pEKD	P17-Treat	TRAV2;TRBV7-8_;_TRAJ26;TRBJ2-1_TRA:CAVPRDNYGQNFVF;TRB:CASSLVRESDPEQFF_P17	7.386888273314866e-4	4	NA	NA	NA	NA	No	post_specific	NR-post_novel
P17	NR	037	poor	mild	A	pEKD	pEKD	P17-Treat	TRAV8-1;TRBV2_;_TRAJ26;TRBJ2-5_TRA:CAVNEDYGQNFVF;TRB:CASSSTGWETQYF_P17	7.386888273314866e-4	4	NA	NA	NA	NA	No	post_specific	NR-post_novel
P17	NR	037	poor	mild	A	pEKD	pEKD	P17-Treat	TRAV21;TRBV20-1_;TRBD1_TRAJ47;TRBJ2-7_TRA:CAVKLGGNKLVF;TRB:CSALKAQGADEQYF_P17	3.693444136657433e-4	2	NA	NA	NA	NA	No	post_specific	NR-post_novel
P17	NR	037	poor	mild	A	pEKD	pEKD	P17-Treat	TRAV21;TRBV29-1_;_TRAJ57;TRBJ1-2_TRA:CAVGCITQGGSEKLVF;TRB:CSALGPYYGYTF_P17	5.54016620498615e-4	3	NA	NA	NA	NA	No	post_specific	NR-post_novel
P17	NR	037	poor	mild	A	pEKD	pEKD	P17-Treat	TRAV21;TRBV6-2_;_TRAJ52;TRBJ2-6_TRA:CAVRPGGTSYGKLTF;TRB:CASRRLGTSSGANVLTF_P17	3.693444136657433e-4	2	NA	NA	NA	NA	No	post_specific	NR-post_novel
P17	NR	037	poor	mild	A	pEKD	pEKD	P17-Treat	TRAV22;TRBV4-1_;_TRAJ12;TRBJ1-5_TRA:CAVTMMDSSYKLIF;TRB:CASSQVAEGNQPQHF_P17	0.00572483841181902	31	P17-Baseline	0.005420054200542	22	No	No	pre_post_share	NR-pre_existing
P17	NR	037	poor	mild	A	pEKD	pEKD	P17-Treat	TRAV12-1;TRBV9_;_TRAJ34;TRBJ1-5_TRA:CAVNRGTYNTDKLIF;TRB:CASSVGGSPNQPQHF_P17	7.386888273314866e-4	4	P17-Baseline	4.927322000492732e-4	2	No	No	pre_post_share	NR-pre_existing
P17	NR	037	poor	mild	A	pEKD	pEKD	P17-Treat	TRAV8-6;TRBV19_;_TRAJ42;TRBJ2-7_TRA:CAVGGSQGNLIF;TRB:CASSIRSSYEQYF_P17	9.233610341643582e-4	5	P17-Baseline	0.01601379650160138	65	Yes	No	pre_post_share	NR-pre_existing
P17	NR	037	poor	mild	A	pEKD	pEKD	P17-Treat	TRAV12-2;TRBV6-5_;_TRAJ26;TRBJ2-7_TRA:CAVKISDNYGQNFVF;TRB:CASSYFRTSNEQYF_P17	5.54016620498615e-4	3	NA	NA	NA	NA	No	post_specific	NR-post_novel
P17	NR	037	poor	mild	A	pEKD	pEKD	P17-Treat	TRAV6;TRBV13_;TRBD1_TRAJ6;TRBJ1-2_TRA:CALSGGSYIPTF;TRB:CASRAGTGVHYGYTF_P17	0.00110803324099723	6	P17-Baseline	4.927322000492732e-4	2	No	No	pre_post_share	NR-pre_existing
P17	NR	037	poor	mild	A	pEKD	pEKD	P17-Treat	TRAV12-2;TRBV9_;_TRAJ40;TRBJ2-1_TRA:CAVPSTSGTYKYIF;TRB:CASSENNEQFF_P17	0.0038781163434903	21	NA	NA	NA	NA	No	post_specific	NR-post_novel
P17	NR	037	poor	mild	A	pEKD	pEKD	P17-Treat	TRAV9-2;TRBV19_;_TRAJ49;TRBJ1-2_TRA:CAPLPLTGNQFYF;TRB:CASSWGYGYTF_P17	3.693444136657433e-4	2	NA	NA	NA	NA	No	post_specific	NR-post_novel
P17	NR	037	poor	mild	A	pEKD	pEKD	P17-Treat	TRAV27;TRBV5-1_;TRBD1_TRAJ31;TRBJ2-4_TRA:CAGRSGARLMF;TRB:CASSLRTTGVGDIQYF_P17	5.54016620498615e-4	3	NA	NA	NA	NA	No	post_specific	NR-post_novel
P17	NR	037	poor	mild	A	pEKD	pEKD	P17-Treat	TRAV38-2/DV8;TRBV7-3_;_TRAJ7;TRBJ2-7_TRA:CAFCFYGNNRLAF;TRB:CASSLTRLAGPSSYEQYF_P17	3.693444136657433e-4	2	P17-Baseline	4.927322000492732e-4	2	No	No	pre_post_share	NR-pre_existing
P17	NR	037	poor	mild	A	pEKD	pEKD	P17-Treat	TRAV8-3;TRBV6-6_;_TRAJ10;TRBJ1-2_TRA:CAVGGELTGGGNKLTF;TRB:CASSPSPRYGYTF_P17	3.693444136657433e-4	2	P17-Baseline	2.463661000246366e-4	1	No	No	pre_post_share	NR-pre_existing
P17	NR	037	poor	mild	A	pEKD	pEKD	P17-Treat	TRAV23/DV6;TRBV9_;TRBD2_TRAJ29;TRBJ2-1_TRA:CAAPPSGNTPLVF;TRB:CASSVGVGLAGGPLYNEQFF_P17	0.00369344413665743	20	NA	NA	NA	NA	No	post_specific	NR-post_novel
P17	NR	037	poor	mild	A	pEKD	pEKD	P17-Treat	TRAV3;TRBV4-1_;_TRAJ30;TRBJ2-3_TRA:CAVRPFPNRDDKIIF;TRB:CASSQVVSTDTQYF_P17	0.00147737765466297	8	P17-Baseline	2.463661000246366e-4	1	No	No	pre_post_share	NR-pre_existing
P17	NR	037	poor	mild	A	pEKD	pEKD	P17-Treat	TRAV3;TRBV5-4_;_TRAJ27;TRBJ2-1_TRA:CAVRALNTNAGKSTF;TRB:CASNDLAGGALGEQFF_P17	5.54016620498615e-4	3	NA	NA	NA	NA	No	post_specific	NR-post_novel
P17	NR	037	poor	mild	A	pEKD	pEKD	P17-Treat	TRAV13-1;TRBV7-9_;TRBD1_TRAJ48;TRBJ2-1_TRA:CAASYFGNEKLTF;TRB:CASSSPTGGNEQFF_P17	3.693444136657433e-4	2	P17-Baseline	9.854644000985464e-4	4	No	No	pre_post_share	NR-pre_existing
P17	NR	037	poor	mild	A	pEKD	pEKD	P17-Treat	TRAV25;TRBV9_;_TRAJ5;TRBJ2-7_TRA:CALDTGRRALTF;TRB:CASSASGQSSQQYF_P17	3.693444136657433e-4	2	P17-Baseline	2.463661000246366e-4	1	No	No	pre_post_share	NR-pre_existing
P17	NR	037	poor	mild	A	pEKD	pEKD	P17-Treat	TRAV13-2;TRBV5-4_;_TRAJ42;TRBJ2-3_TRA:CAEGPNYGGSQGNLIF;TRB:CASSRVGGRSDTQYF_P17	0.00110803324099723	6	NA	NA	NA	NA	No	post_specific	NR-post_novel
P17	NR	037	poor	mild	A	pEKD	pEKD	P17-Treat	TRAV13-2;TRBV7-9_;_TRAJ37;TRBJ2-3_TRA:CAYTGNTGKLIF;TRB:CASSHRTRNTDTQYF_P17	7.386888273314866e-4	4	NA	NA	NA	NA	No	post_specific	NR-post_novel
P17	NR	037	poor	mild	A	pEKD	pEKD	P17-Treat	TRAV14/DV4;TRBV2_;_TRAJ44;TRBJ1-4_TRA:CAMREGQKGTASKLTF;TRB:CASTVGKARGNEKLFF_P17	9.233610341643582e-4	5	P17-Baseline	4.927322000492732e-4	2	No	No	pre_post_share	NR-pre_existing
P17	NR	037	poor	mild	A	pEKD	pEKD	P17-Treat	TRAV6;TRBV7-2_;TRBD2_TRAJ17;TRBJ2-1_TRA:CALDGIGAAGNKLTF;TRB:CASSPRTSGSPVFF_P17	5.54016620498615e-4	3	P17-Baseline	2.463661000246366e-4	1	No	No	pre_post_share	NR-pre_existing
P17	NR	037	poor	mild	A	pEKD	pEKD	P17-Treat	TRAV35;TRBV5-1_;_TRAJ48;TRBJ2-7_TRA:CAGLGNFGNEKLTF;TRB:CASSRTVTYEQYF_P17	0.00166204986149584	9	NA	NA	NA	NA	No	post_specific	NR-post_novel
P17	NR	037	poor	mild	A	pEKD	pEKD	P17-Treat	TRAV21;TRBV27_;_TRAJ29;TRBJ2-7_TRA:CAGFLSGNTPLVF;TRB:CASGFTYEQYF_P17	0.01514312096029547	82	P17-Baseline	0.00911554570091155	37	No	Yes	pre_post_share	NR-pre_existing
P17	NR	037	poor	mild	A	pEKD	pEKD	P17-Treat	TRAV8-3;TRBV11-2_;_TRAJ54;TRBJ1-4_TRA:CAVIIQGAQKLVF;TRB:CASSLQGQLNEKLFF_P17	3.693444136657433e-4	2	NA	NA	NA	NA	No	post_specific	NR-post_novel
P17	NR	037	poor	mild	A	pEKD	pEKD	P17-Treat	TRAV17;TRBV2_;_TRAJ34;TRBJ2-7_TRA:CATDAENTDKLIF;TRB:CASTSRDYSYEQYF_P17	0.00110803324099723	6	NA	NA	NA	NA	No	post_specific	NR-post_novel
P17	NR	037	poor	mild	A	pEKD	pEKD	P17-Treat	TRAV8-3;TRBV5-1_;_TRAJ44;TRBJ2-5_TRA:CAVHTGTASKLTF;TRB:CASSLPSNQETQYF_P17	3.693444136657433e-4	2	NA	NA	NA	NA	No	post_specific	NR-post_novel
P17	NR	037	poor	mild	A	pEKD	pEKD	P17-Treat	TRAV17;TRBV5-1_;_TRAJ17;TRBJ2-5_TRA:CATDQVEAAGNKLTF;TRB:CASSFWGLQETQYF_P17	0.2768236380424746	1499	P17-Baseline	0.07169253510716925	291	Yes	Yes	pre_post_share	NR-pre_existing
P17	NR	037	poor	mild	A	pEKD	pEKD	P17-Treat	TRAV17;TRBV5-1_;_TRAJ10;TRBJ1-4_TRA:CATVWGGGNKLTF;TRB:CASSLGQNEKLFF_P17	3.693444136657433e-4	2	NA	NA	NA	NA	No	post_specific	NR-post_novel
P17	NR	037	poor	mild	A	pEKD	pEKD	P17-Treat	TRAV4;TRBV6-2_;_TRAJ20;TRBJ2-7_TRA:CLVGDGDDYKLSF;TRB:CASSYVSSGWYEQYF_P17	5.54016620498615e-4	3	NA	NA	NA	NA	No	post_specific	NR-post_novel
P17	NR	037	poor	mild	A	pEKD	pEKD	P17-Treat	TRAV25;TRBV5-6_;_TRAJ10;TRBJ2-7_TRA:CVPGVTGGGNKLTF;TRB:CASSWGSSYEQYF_P17	0.00147737765466297	8	NA	NA	NA	NA	No	post_specific	NR-post_novel
P17	NR	037	poor	mild	A	pEKD	pEKD	P17-Treat	TRAV5;TRBV27_;_TRAJ17;TRBJ1-1_TRA:CADPAAGNKLTF;TRB:CASSLTQGIEAFF_P17	0.00923361034164358	50	P17-Baseline	9.854644000985464e-4	4	No	No	pre_post_share	NR-pre_existing
P17	NR	037	poor	mild	A	pEKD	pEKD	P17-Treat	TRAV6;TRBV30_;_TRAJ31;TRBJ2-1_TRA:CALPPPRLMF;TRB:CAAYTSRGYNEQFF_P17	0.01218836565096953	66	NA	NA	NA	NA	Yes	post_specific	NR-post_novel
P17	NR	037	poor	mild	A	pEKD	pEKD	P17-Treat	TRAV8-1;TRBV27_;_TRAJ13;TRBJ2-1_TRA:CAVTYSGGYQKVTF;TRB:CASSLSGSSSEQFF_P17	3.693444136657433e-4	2	NA	NA	NA	NA	No	post_specific	NR-post_novel
P17	NR	037	poor	mild	A	pEKD	pEKD	P17-Treat	TRAV1-2;TRBV11-2_;_TRAJ24;TRBJ2-1_TRA:CAVTDSWGKLQF;TRB:CASSLLAINNEQFF_P17	3.693444136657433e-4	2	P17-Baseline	0.00147819660014781	6	No	No	pre_post_share	NR-pre_existing
P17	NR	037	poor	mild	A	pEKD	pEKD	P17-Treat	TRAV8-2;TRBV9_;TRBD1_TRAJ11;TRBJ1-1_TRA:CVVSEGYSTLTF;TRB:CASSVAGTGNTEAFF_P17	3.693444136657433e-4	2	P17-Baseline	7.390983000739098e-4	3	No	No	pre_post_share	NR-pre_existing
P17	NR	037	poor	mild	A	pEKD	pEKD	P17-Treat	TRAV13-2;TRBV20-1_;TRBD1_TRAJ16;TRBJ2-2_TRA:CAENKVSDGQKLLF;TRB:CSGGGRETGELFF_P17	3.693444136657433e-4	2	NA	NA	NA	NA	No	post_specific	NR-post_novel
P17	NR	037	poor	mild	A	pEKD	pEKD	P17-Treat	TRAV19;TRBV27_;_TRAJ27;TRBJ2-3_TRA:CALSESYNTNAGKSTF;TRB:CASSLTIGTTTDTQYF_P17	0.00110803324099723	6	P17-Baseline	0.00418822370041882	17	No	No	pre_post_share	NR-pre_existing
P17	NR	037	poor	mild	A	pEKD	pEKD	P17-Treat	TRAV8-6;TRBV20-1_;_TRAJ52;TRBJ2-5_TRA:CAVSDPFAGGTSYGKLTF;TRB:CSARGLAGDQETQYF_P17	3.693444136657433e-4	2	NA	NA	NA	NA	No	post_specific	NR-post_novel
P17	NR	037	poor	mild	A	pEKD	pEKD	P17-Treat	TRAV26-1;TRBV29-1_;TRBD1_TRAJ18;TRBJ2-1_TRA:CIVPLGRGSTLGRLYF;TRB:CSVGARGPSYNEQFF_P17	3.693444136657433e-4	2	P17-Baseline	2.463661000246366e-4	1	No	No	pre_post_share	NR-pre_existing
P17	NR	037	poor	mild	A	pEKD	pEKD	P17-Treat	TRAV6;TRBV18_;TRBD1_TRAJ33;TRBJ2-7_TRA:CALGHSNYQLIW;TRB:CASSRAGQGDYEQYF_P17	3.693444136657433e-4	2	NA	NA	NA	NA	No	post_specific	NR-post_novel
P17	NR	037	poor	mild	A	pEKD	pEKD	P17-Treat	TRAV27;TRBV28_;_TRAJ40;TRBJ1-2_TRA:CAGLVSGTYKYIF;TRB:CASTLGTGNYGYTF_P17	3.693444136657433e-4	2	NA	NA	NA	NA	No	post_specific	NR-post_novel
P17	NR	037	poor	mild	A	pEKD	pEKD	P17-Treat	TRAV29/DV5;TRBV10-1_;_TRAJ9;TRBJ1-1_TRA:CAARGGGFKTIF;TRB:CASSGTPNTEAFF_P17	3.693444136657433e-4	2	NA	NA	NA	NA	No	post_specific	NR-post_novel
P17	NR	037	poor	mild	A	pEKD	pEKD	P17-Treat	TRAV9-2;TRBV7-2_;_TRAJ22;TRBJ1-2_TRA:CALIVPSSGSARQLTF;TRB:CASRGGGEDYGYTF_P17	3.693444136657433e-4	2	P17-Baseline	7.390983000739098e-4	3	No	No	pre_post_share	NR-pre_existing
P17	NR	037	poor	mild	A	pEKD	pEKD	P17-Treat	TRAV21;TRBV30_;_TRAJ26;TRBJ1-2_TRA:CAVRGNYGQNFVF;TRB:CAWSNIGTTYGYTF_P17	3.693444136657433e-4	2	NA	NA	NA	NA	No	post_specific	NR-post_novel
P17	NR	037	poor	mild	A	pEKD	pEKD	P17-Treat	TRAV38-2/DV8;TRBV3-1_;_TRAJ42;TRBJ2-7_TRA:CAYRSPNYGGSQGNLIF;TRB:CASSQDRWKTIQYF_P17	3.693444136657433e-4	2	P17-Baseline	0.00172456270017245	7	No	No	pre_post_share	NR-pre_existing
P17	NR	037	poor	mild	A	pEKD	pEKD	P17-Treat	TRAV22;TRBV19_;_TRAJ45;TRBJ2-2_TRA:CAVERGGADGLTF;TRB:CASSPGVATGELFF_P17	5.54016620498615e-4	3	NA	NA	NA	NA	No	post_specific	NR-post_novel
P17	NR	037	poor	mild	A	pEKD	pEKD	P17-Treat	TRAV17;TRBV4-1_;_TRAJ34;TRBJ2-3_TRA:CATDLTNTDKLIF;TRB:CASSQVVNRADTQYF_P17	0.00960295475530932	52	P17-Baseline	4.927322000492732e-4	2	No	No	pre_post_share	NR-pre_existing
P17	NR	037	poor	mild	A	pEKD	pEKD	P17-Treat	TRAV29/DV5;TRBV7-9_;_TRAJ36;TRBJ2-4_TRA:CAASALAVAGANNLFF;TRB:CASRVIAKNIQYF_P17	0.0012927054478301	7	NA	NA	NA	NA	No	post_specific	NR-post_novel
P17	NR	037	poor	mild	A	pEKD	pEKD	P17-Treat	TRAV8-3;TRBV5-6_;_TRAJ10;TRBJ2-7_TRA:CAVASTGGGNKLTF;TRB:CASSAGSAYEQYF_P17	0.0012927054478301	7	NA	NA	NA	NA	No	post_specific	NR-post_novel
P17	NR	037	poor	mild	A	pEKD	pEKD	P17-Treat	TRAV41;TRBV4-1_;_TRAJ32;TRBJ1-6_TRA:CAVRGDATNKLIF;TRB:CASSQGPILNSPLHF_P17	5.54016620498615e-4	3	NA	NA	NA	NA	No	post_specific	NR-post_novel
P17	NR	037	poor	mild	A	pEKD	pEKD	P17-Treat	TRAV6;TRBV20-1_;_TRAJ34;TRBJ1-1_TRA:CALERSTDKLIF;TRB:CSARDPLNLQGTMNTEAFF_P17	0.00240073868882733	13	NA	NA	NA	NA	No	post_specific	NR-post_novel
P17	NR	037	poor	mild	A	pEKD	pEKD	P17-Treat	TRAV8-3;TRBV10-2_;TRBD1_TRAJ7;TRBJ2-5_TRA:CAVAGGNNRLAF;TRB:CASRIGGGSETQYF_P17	7.386888273314866e-4	4	P17-Baseline	9.854644000985464e-4	4	No	No	pre_post_share	NR-pre_existing
P17	NR	037	poor	mild	A	pEKD	pEKD	P17-Treat	TRAV38-2/DV8;TRBV19_;_TRAJ44;TRBJ1-2_TRA:CAYRNYYTGTASKLTF;TRB:CASLKMGDLLDYGYTF_P17	3.693444136657433e-4	2	NA	NA	NA	NA	No	post_specific	NR-post_novel
P17	NR	037	poor	mild	A	pEKD	pEKD	P17-Treat	TRAV17;TRBV4-3_;_TRAJ5;TRBJ1-5_TRA:CATFTTGRRALTF;TRB:CASSPNPSNQPQHF_P17	3.693444136657433e-4	2	P17-Baseline	4.927322000492732e-4	2	No	No	pre_post_share	NR-pre_existing
P17	NR	037	poor	mild	A	pEKD	pEKD	P17-Treat	TRAV4;TRBV5-1_;_TRAJ33;TRBJ2-7_TRA:CLVGFNYQLIW;TRB:CASSQGQVLSYEQYF_P17	9.233610341643582e-4	5	P17-Baseline	7.390983000739098e-4	3	No	No	pre_post_share	NR-pre_existing
P17	NR	037	poor	mild	A	pEKD	pEKD	P17-Treat	TRAV12-1;TRBV9_;_TRAJ34;TRBJ1-5_TRA:CVVNRNDKLIF;TRB:CASSVGGSPNQPQHF_P17	0.01329639889196675	72	P17-Baseline	0.00443458980044345	18	No	Yes	pre_post_share	NR-pre_existing
P17	NR	037	poor	mild	A	pEKD	pEKD	P17-Treat	TRAV8-4;TRBV7-6_;_TRAJ5;TRBJ2-7_TRA:CAVTGRRALTF;TRB:CASSATSGTSVYEQYF_P17	3.693444136657433e-4	2	NA	NA	NA	NA	No	post_specific	NR-post_novel
P17	NR	037	poor	mild	A	pEKD	pEKD	P17-Treat	TRAV8-2;TRBV5-6_;TRBD1_TRAJ8;TRBJ2-7_TRA:CVVLPGNTGFQKLVF;TRB:CASSRDRGITYEQYF_P17	5.54016620498615e-4	3	NA	NA	NA	NA	No	post_specific	NR-post_novel
P17	NR	037	poor	mild	A	pEKD	pEKD	P17-Treat	TRAV2;TRBV12-4_;_TRAJ21;TRBJ2-1_TRA:CAVLQYNFNKFYF;TRB:CASRDQSHDVNEQFF_P17	5.54016620498615e-4	3	P17-Baseline	7.390983000739098e-4	3	No	No	pre_post_share	NR-pre_existing
P17	NR	037	poor	mild	A	pEKD	pEKD	P17-Treat	TRAV12-2;TRBV9_;_TRAJ27;TRBJ1-4_TRA:CAVGGTNAGKSTF;TRB:CASSGGGSTNEKLFF_P17	0.00240073868882733	13	NA	NA	NA	NA	No	post_specific	NR-post_novel
P17	NR	037	poor	mild	A	pEKD	pEKD	P17-Treat	TRAV8-1;TRBV20-1_;TRBD1_TRAJ42;TRBJ1-4_TRA:CAAGYGGSQGNLIF;TRB:CSARGVRDRGEKLFF_P17	3.693444136657433e-4	2	NA	NA	NA	NA	No	post_specific	NR-post_novel
P17	NR	037	poor	mild	A	pEKD	pEKD	P17-Treat	TRAV27;TRBV28_;_TRAJ58;TRBJ2-1_TRA:CAGEETSGSRLTF;TRB:CASSFRTYEQFF_P17	3.693444136657433e-4	2	P17-Baseline	2.463661000246366e-4	1	No	No	pre_post_share	NR-pre_existing
P17	NR	037	poor	mild	A	pEKD	pEKD	P17-Treat	TRAV1-1;TRBV13_;TRBD1_TRAJ13;TRBJ1-2_TRA:CAVRSGGYQKVTF;TRB:CASRAGTGVHYGYTF_P17	0.00590951061865189	32	P17-Baseline	0.00246366100024636	10	No	No	pre_post_share	NR-pre_existing
P17	NR	037	poor	mild	A	pEKD	pEKD	P17-Treat	TRAV26-1;TRBV19_;_TRAJ29;TRBJ2-2_TRA:CIVNPGNTPLVF;TRB:CASSPGVATGELFF_P17	0.00110803324099723	6	NA	NA	NA	NA	No	post_specific	NR-post_novel
P17	NR	037	poor	mild	A	pEKD	pEKD	P17-Treat	TRAV8-4;TRBV28_;_TRAJ16;TRBJ2-1_TRA:CAVSEGFSDGQKLLF;TRB:CASSLTDYNEQFF_P17	5.54016620498615e-4	3	P17-Baseline	2.463661000246366e-4	1	No	No	pre_post_share	NR-pre_existing
P17	NR	037	poor	mild	A	pEKD	pEKD	P17-Treat	TRAV25;TRBV12-3_;TRBD2_TRAJ20;TRBJ2-2_TRA:CAGPIDYKLSF;TRB:CASRGLAGGPNTGELFF_P17	0.00221606648199446	12	NA	NA	NA	NA	No	post_specific	NR-post_novel
P17	NR	037	poor	mild	A	pEKD	pEKD	P17-Treat	TRAV38-2/DV8;TRBV19_;TRBD1_TRAJ42;TRBJ2-3_TRA:CAYRDYYGGSQGNLIF;TRB:CASSKGRGAKSDTQYF_P17	5.54016620498615e-4	3	NA	NA	NA	NA	No	post_specific	NR-post_novel
P17	NR	037	poor	mild	A	pEKD	pEKD	P17-Treat	TRAV5;TRBV30_;_TRAJ21;TRBJ2-1_TRA:CAENGNFNKFYF;TRB:CAWSVQGRGQRNEQFF_P17	3.693444136657433e-4	2	P17-Baseline	4.927322000492732e-4	2	No	No	pre_post_share	NR-pre_existing
P17	NR	037	poor	mild	A	pEKD	pEKD	P17-Treat	TRAV24;TRBV6-5_;_TRAJ49;TRBJ2-1_TRA:CAFSYPNQFYF;TRB:CASRAPSSYNEQFF_P17	3.693444136657433e-4	2	NA	NA	NA	NA	No	post_specific	NR-post_novel
P17	NR	037	poor	mild	A	pEKD	pEKD	P17-Treat	TRAV24;TRBV28_;_TRAJ33;TRBJ1-1_TRA:CASTGMDSNYQLIW;TRB:CASSLTRTYKLNTEAFF_P17	3.693444136657433e-4	2	NA	NA	NA	NA	No	post_specific	NR-post_novel
P17	NR	037	poor	mild	A	pEKD	pEKD	P17-Treat	TRAV14/DV4;TRBV12-4_;_TRAJ24;TRBJ2-3_TRA:CAMGTDSWGKLQF;TRB:CASSFPGASTDTQYF_P17	3.693444136657433e-4	2	NA	NA	NA	NA	No	post_specific	NR-post_novel
P17	NR	037	poor	mild	A	pEKD	pEKD	P17-Treat	TRAV12-3;TRBV6-6_;_TRAJ18;TRBJ1-2_TRA:CAMSADRGSTLGRLYF;TRB:CASSYDRATYGYTF_P17	5.54016620498615e-4	3	NA	NA	NA	NA	No	post_specific	NR-post_novel
P17	NR	037	poor	mild	A	pEKD	pEKD	P17-Treat	TRAV26-1;TRBV20-1_;_TRAJ26;TRBJ2-1_TRA:CIVSLLYGQNFVF;TRB:CSAREVGGRAIEQFF_P17	5.54016620498615e-4	3	P17-Baseline	0.00123183050012318	5	No	No	pre_post_share	NR-pre_existing
P17	NR	037	poor	mild	A	pEKD	pEKD	P17-Treat	TRAV12-1;TRBV9_;_TRAJ30;TRBJ1-5_TRA:CASNRDDKIIF;TRB:CASSVGGSPNQPQHF_P17	5.54016620498615e-4	3	NA	NA	NA	NA	No	post_specific	NR-post_novel
P17	NR	037	poor	mild	A	pEKD	pEKD	P17-Treat	TRAV29/DV5;TRBV7-9_;_TRAJ32;TRBJ2-4_TRA:CAASEGGATNKLIF;TRB:CASSLSGNPQNIQYF_P17	3.693444136657433e-4	2	NA	NA	NA	NA	No	post_specific	NR-post_novel
P17	NR	037	poor	mild	A	pEKD	pEKD	P17-Treat	TRAV12-1;TRBV9_;_TRAJ30;TRBJ1-5_TRA:CAVNRDDKIIF;TRB:CASSVGGSPNQPQHF_P17	0.00941828254847645	51	P17-Baseline	9.854644000985464e-4	4	No	No	pre_post_share	NR-pre_existing
P17	NR	037	poor	mild	A	pEKD	pEKD	P17-Treat	TRAV14/DV4;TRBV7-9_;_TRAJ37;TRBJ2-5_TRA:CAMREVPFSSNTGKLIF;TRB:CASRTSGDQETQYF_P17	0.00480147737765466	26	NA	NA	NA	NA	No	post_specific	NR-post_novel
P17	NR	037	poor	mild	A	pEKD	pEKD	P17-Treat	TRAV16;TRBV5-4_;_TRAJ53;TRBJ2-1_TRA:CALSKPGSNYKLTF;TRB:CASSSPGLADNEQFF_P17	5.54016620498615e-4	3	NA	NA	NA	NA	No	post_specific	NR-post_novel
P17	NR	037	poor	mild	A	pEKD	pEKD	P17-Treat	TRAV38-2/DV8;TRBV13_;_TRAJ45;TRBJ1-1_TRA:CAYRTYSGGGADGLTF;TRB:CASSFSFTGHTEAFF_P17	3.693444136657433e-4	2	P17-Baseline	2.463661000246366e-4	1	No	No	pre_post_share	NR-pre_existing
P17	NR	037	poor	mild	A	pEKD	pEKD	P17-Treat	TRAV8-4;TRBV20-1_;TRBD2_TRAJ8;TRBJ2-3_TRA:CAVSDQDTGFQKLVF;TRB:CSARVGLAGVPLRTADTQYF_P17	0.05983379501385041	324	P17-Baseline	0.00320275930032027	13	No	Yes	pre_post_share	NR-pre_existing
P17	NR	037	poor	mild	A	pEKD	pEKD	P17-Treat	TRAV12-1;TRBV9_;_TRAJ29;TRBJ1-5_TRA:CVVIPNSGNTPLVF;TRB:CASSVGGSPNQPQHF_P17	0.00166204986149584	9	NA	NA	NA	NA	No	post_specific	NR-post_novel
P17	NR	037	poor	mild	A	pEKD	pEKD	P17-Treat	TRAV12-2;TRBV9_;_TRAJ40;TRBJ2-7_TRA:CAVNIVTSGTYKYIF;TRB:CASSVGVGRTYEQYF_P17	5.54016620498615e-4	3	NA	NA	NA	NA	No	post_specific	NR-post_novel
P17	NR	037	poor	mild	A	pEKD	pEKD	P17-Treat	TRAV8-4;TRBV20-1_;_TRAJ12;TRBJ2-2_TRA:CAVSDSSYKLIF;TRB:CSARYRGTGELFF_P17	0.0038781163434903	21	NA	NA	NA	NA	No	post_specific	NR-post_novel
P17	NR	037	poor	mild	A	pEKD	pEKD	P17-Treat	TRAV26-1;TRBV5-1_;TRBD1_TRAJ28;TRBJ1-6_TRA:CIVRVDSGAGSYQLTF;TRB:CASSLIGQGQGFSPLHF_P17	5.54016620498615e-4	3	P17-Baseline	7.390983000739098e-4	3	No	No	pre_post_share	NR-pre_existing
P17	NR	037	poor	mild	A	pEKD	pEKD	P17-Treat	TRAV8-3;TRBV28_;_TRAJ7;TRBJ2-1_TRA:CAVETYGNNRLAF;TRB:CASSSDEQFF_P17	0.00110803324099723	6	P17-Baseline	9.854644000985464e-4	4	No	No	pre_post_share	NR-pre_existing
P17	NR	037	poor	mild	A	pEKD	pEKD	P17-Treat	TRAV8-1;TRBV14_;TRBD2_TRAJ41;TRBJ2-7_TRA:CAVNPLNSGYALNF;TRB:CASDSGTSGRGAPYEQYF_P17	7.386888273314866e-4	4	NA	NA	NA	NA	No	post_specific	NR-post_novel
P17	NR	037	poor	mild	A	pEKD	pEKD	P17-Treat	TRAV17;TRBV15_;_TRAJ34;TRBJ1-6_TRA:CATDAMYNTDKLIF;TRB:CATSRGGGAGSPLHF_P17	3.693444136657433e-4	2	NA	NA	NA	NA	No	post_specific	NR-post_novel
P17	NR	037	poor	mild	A	pEKD	pEKD	P17-Treat	TRAV27;TRBV6-5_;TRBD1_TRAJ54;TRBJ2-1_TRA:CAASPGAQKLVF;TRB:CASSYSRRQGAGNEQFF_P17	0.00369344413665743	20	P17-Baseline	0.00221729490022172	9	No	No	pre_post_share	NR-pre_existing
P17	NR	037	poor	mild	A	pEKD	pEKD	P17-Treat	TRAV29/DV5;TRBV11-2_;TRBD2_TRAJ52;TRBJ2-1_TRA:CAASAYAGGTSYGKLTF;TRB:CASSLEASGRDNEQFF_P17	9.233610341643582e-4	5	NA	NA	NA	NA	No	post_specific	NR-post_novel
P17	NR	037	poor	mild	A	pEKD	pEKD	P17-Treat	TRAV41;TRBV30_;_TRAJ53;TRBJ2-5_TRA:CASRGGSNYKLTF;TRB:CAWTVPAGTQYF_P17	5.54016620498615e-4	3	NA	NA	NA	NA	No	post_specific	NR-post_novel
P17	NR	037	poor	mild	A	pEKD	pEKD	P17-Treat	TRAV35;TRBV20-1_;TRBD1_TRAJ58;TRBJ1-3_TRA:CAGQLRTSGSRLTF;TRB:CSASWGSGTFGNTIYF_P17	3.693444136657433e-4	2	P17-Baseline	2.463661000246366e-4	1	No	No	pre_post_share	NR-pre_existing
P17	NR	037	poor	mild	A	pEKD	pEKD	P17-Treat	TRAV5;TRBV28_;_TRAJ24;TRBJ2-7_TRA:CAESIPWGKLQF;TRB:CASSAQGGEQYF_P17	3.693444136657433e-4	2	P17-Baseline	0.00320275930032027	13	No	No	pre_post_share	NR-pre_existing
P17	NR	037	poor	mild	A	pEKD	pEKD	P17-Treat	TRAV26-1;TRBV15_;_TRAJ53;TRBJ2-5_TRA:CIVRSISGGSNYKLTF;TRB:CATRKAGEETQYF_P17	3.693444136657433e-4	2	P17-Baseline	2.463661000246366e-4	1	No	No	pre_post_share	NR-pre_existing
P17	NR	037	poor	mild	A	pEKD	pEKD	P17-Treat	TRAV12-1;TRBV9_;_TRAJ34;TRBJ1-5_TRA:CVVNRDDKLIF;TRB:CASSNGGSPNQPQHF_P17	0.00240073868882733	13	P17-Baseline	9.854644000985464e-4	4	No	No	pre_post_share	NR-pre_existing
P17	NR	037	poor	mild	A	pEKD	pEKD	P17-Treat	TRAV12-1;TRBV7-9_;_TRAJ43;TRBJ1-1_TRA:CAARGDMRF;TRB:CASSSLGLTEAFF_P17	7.386888273314866e-4	4	P17-Baseline	2.463661000246366e-4	1	No	No	pre_post_share	NR-pre_existing
P17	NR	037	poor	mild	A	pEKD	pEKD	P17-Treat	TRAV19;TRBV7-6_;_TRAJ40;TRBJ2-7_TRA:CALRTRPSGTYKYIF;TRB:CASSLNSYEQYF_P17	3.693444136657433e-4	2	NA	NA	NA	NA	No	post_specific	NR-post_novel
P17	NR	037	poor	mild	A	pEKD	pEKD	P17-Treat	TRAV26-1;TRBV6-5_;_TRAJ48;TRBJ2-7_TRA:CIVRVEGFGNEKLTF;TRB:CASSYSQGFPSYEQYF_P17	3.693444136657433e-4	2	NA	NA	NA	NA	No	post_specific	NR-post_novel
P17	NR	037	poor	mild	A	pEKD	pEKD	P17-Treat	TRAV1-1;TRBV7-6_;_TRAJ34;TRBJ1-5_TRA:CAVMETDKLIF;TRB:CASSPSRGYSNQPQHF_P17	5.54016620498615e-4	3	NA	NA	NA	NA	No	post_specific	NR-post_novel
P17	NR	037	poor	mild	A	pEKD	pEKD	P17-Treat	TRAV19;TRBV5-5_;_TRAJ23;TRBJ2-5_TRA:CALSEWGGYNQGGKLIF;TRB:CASSHPGQTEETQYF_P17	5.54016620498615e-4	3	P17-Baseline	0.00197092880019709	8	No	No	pre_post_share	NR-pre_existing
P17	NR	037	poor	mild	A	pEKD	pEKD	P17-Treat	TRAV20;TRBV6-6_;_TRAJ43;TRBJ1-2_TRA:CAVPINNNNDMRF;TRB:CASSFQTANYGYTF_P17	3.693444136657433e-4	2	NA	NA	NA	NA	No	post_specific	NR-post_novel
P17	NR	037	poor	mild	A	pEKD	pEKD	P17-Treat	TRAV9-2;TRBV13_;TRBD1_TRAJ53;TRBJ2-7_TRA:CALLGGGSNYKLTF;TRB:CASSLSGQGGFYEQYF_P17	9.233610341643582e-4	5	NA	NA	NA	NA	No	post_specific	NR-post_novel
P17	NR	037	poor	mild	A	pEKD	pEKD	P17-Treat	TRAV9-2;TRBV3-1_;_TRAJ48;TRBJ2-1_TRA:CALSSPNFGNEKLTF;TRB:CASSQRAVTHYNEQFF_P17	7.386888273314866e-4	4	P17-Baseline	7.390983000739098e-4	3	No	No	pre_post_share	NR-pre_existing
P17	NR	037	poor	mild	A	pEKD	pEKD	P17-Treat	TRAV8-3;TRBV5-1_;_TRAJ33;TRBJ1-2_TRA:CAVGQMDSNYQLIW;TRB:CASSFGLEVFYGYTF_P17	3.693444136657433e-4	2	NA	NA	NA	NA	No	post_specific	NR-post_novel
P17	NR	037	poor	mild	A	pEKD	pEKD	P17-Treat	TRAV27;TRBV19_;_TRAJ42;TRBJ2-2_TRA:CAGAYGGSQGNLIF;TRB:CASSLRSTGELFF_P17	3.693444136657433e-4	2	P17-Baseline	0.00295639320029563	12	No	No	pre_post_share	NR-pre_existing
P17	NR	037	poor	mild	A	pEKD	pEKD	P17-Treat	TRAV12-3;TRBV5-1_;_TRAJ49;TRBJ2-6_TRA:CAMEVWNQFYF;TRB:CASSLEYSPSGANVLTF_P17	0.00166204986149584	9	NA	NA	NA	NA	No	post_specific	NR-post_novel
P17	NR	037	poor	mild	A	pEKD	pEKD	P17-Treat	TRAV12-3;TRBV4-2_;_TRAJ12;TRBJ2-5_TRA:CAMSGGMDSSYKLIF;TRB:CASSQATSQETQYF_P17	3.693444136657433e-4	2	NA	NA	NA	NA	No	post_specific	NR-post_novel
P17	NR	037	poor	mild	A	pEKD	pEKD	P17-Treat	TRAV12-2;TRBV6-6_;_TRAJ48;TRBJ2-2_TRA:CAVNRNFGNEKLTF;TRB:CASSYGGGNTGELFF_P17	3.693444136657433e-4	2	NA	NA	NA	NA	No	post_specific	NR-post_novel
P17	NR	037	poor	mild	A	pEKD	pEKD	P17-Treat	TRAV19;TRBV7-3_;_TRAJ40;TRBJ2-5_TRA:CALVTSGTYKYIF;TRB:CASSLLAGAGETQYF_P17	0.00221606648199446	12	NA	NA	NA	NA	No	post_specific	NR-post_novel
P17	NR	037	poor	mild	A	pEKD	pEKD	P17-Treat	TRAV8-3;TRBV29-1_;TRBD1_TRAJ49;TRBJ1-6_TRA:CAVGPGNQFYF;TRB:CSVEDEGQADSYNSPLHF_P17	3.693444136657433e-4	2	P17-Baseline	2.463661000246366e-4	1	No	No	pre_post_share	NR-pre_existing
P17	NR	037	poor	mild	A	pEKD	pEKD	P17-Treat	TRAV17;TRBV4-1_;TRBD1_TRAJ30;TRBJ2-7_TRA:CATPSSGDDKIIF;TRB:CASSQVTGTGVEQYF_P17	0.01865189289012003	101	P17-Baseline	0.00123183050012318	5	No	Yes	pre_post_share	NR-pre_existing
P17	NR	037	poor	mild	A	pEKD	pEKD	P17-Treat	TRAV19;TRBV30_;_TRAJ49;TRBJ1-1_TRA:CALSGSNTGNQFYF;TRB:CAWSVLKGTEAFF_P17	9.233610341643582e-4	5	NA	NA	NA	NA	No	post_specific	NR-post_novel
P17	NR	037	poor	mild	A	pEKD	pEKD	P17-Treat	TRAV19;TRBV3-1_;_TRAJ43;TRBJ1-1_TRA:CALSAVYNNNDMRF;TRB:CASSLYRTRPEAFF_P17	3.693444136657433e-4	2	NA	NA	NA	NA	No	post_specific	NR-post_novel
P20	NR	046	poor	mild	A	pEKI	pEKI	P20-Treat	TRAV17;TRBV6-1_;TRBD1_TRAJ43;TRBJ2-5_TRA:CATVLYNNNDMRF;TRB:CASSDRDQETQYF_P20	0.00141542816702052	2	NA	NA	NA	NA	No	post_specific	NR-post_novel
P20	NR	046	poor	mild	A	pEKI	pEKI	P20-Treat	TRAV8-4;TRBV2_;_TRAJ44;TRBJ2-2_TRA:CAVSAGTASKLTF;TRB:CATAGTTLTGELFF_P20	0.04741684359518754	67	P20-Baseline	0.0022682166146867	8	No	Yes	pre_post_share	NR-pre_existing
P20	NR	046	poor	mild	A	pEKI	pEKI	P20-Treat	TRAV14/DV4;TRBV10-3_;_TRAJ33;TRBJ2-3_TRA:CAMRERDSNYQLIW;TRB:CAITPESLAGTDTQYF_P20	0.00283085633404104	4	P20-Baseline	0.00255174369152254	9	No	No	pre_post_share	NR-pre_existing
P20	NR	046	poor	mild	A	pEKI	pEKI	P20-Treat	TRAV8-2;TRBV14_;TRBD1_TRAJ9;TRBJ2-7_TRA:CVFNTGGFKTIF;TRB:CASSQGTGGYEQYF_P20	0.00141542816702052	2	P20-Baseline	0.00141763538417918	5	No	No	pre_post_share	NR-pre_existing
P20	NR	046	poor	mild	A	pEKI	pEKI	P20-Treat	TRAV1-1;TRBV18_;_TRAJ29;TRBJ2-1_TRA:CAVRGGGNTPLVF;TRB:CASSPLAGGSVDNEQFF_P20	0.00141542816702052	2	P20-Baseline	5.670541536716756e-4	2	No	No	pre_post_share	NR-pre_existing
P20	NR	046	poor	mild	A	pEKI	pEKI	P20-Treat	TRAV14/DV4;TRBV7-8_;_TRAJ15;TRBJ2-1_TRA:CAMRENQAGTALIF;TRB:CASSLEPLGSSGLSSYNEQFF_P20	0.00141542816702052	2	NA	NA	NA	NA	No	post_specific	NR-post_novel
P20	NR	046	poor	mild	A	pEKI	pEKI	P20-Treat	TRAV21;TRBV11-2_;_TRAJ26;TRBJ2-1_TRA:CAVLDPYGQNFVF;TRB:CASSKSGTIDNEQFF_P20	0.0035385704175513	5	NA	NA	NA	NA	No	post_specific	NR-post_novel
P20	NR	046	poor	mild	A	pEKI	pEKI	P20-Treat	TRAV16;TRBV7-9_;TRBD1_TRAJ37;TRBJ2-1_TRA:CALRSGNTGKLIF;TRB:CASTPGQGHGEQFF_P20	0.00141542816702052	2	P20-Baseline	5.670541536716756e-4	2	No	No	pre_post_share	NR-pre_existing
P20	NR	046	poor	mild	A	pEKI	pEKI	P20-Treat	TRAV17;TRBV14_;_TRAJ54;TRBJ2-1_TRA:CAKSQGAQKLVF;TRB:CASSRDLLAGGNEQFF_P20	0.00141542816702052	2	NA	NA	NA	NA	No	post_specific	NR-post_novel
P20	NR	046	poor	mild	A	pEKI	pEKI	P20-Treat	TRAV1-2;TRBV24-1_;_TRAJ38;TRBJ1-5_TRA:CAVKEAGNNRKLIW;TRB:CATSDANAYSNQPQHF_P20	0.00141542816702052	2	NA	NA	NA	NA	No	post_specific	NR-post_novel
P20	NR	046	poor	mild	A	pEKI	pEKI	P20-Treat	TRAV36/DV7;TRBV29-1_;_TRAJ48;TRBJ2-1_TRA:CAVYGNEKLTF;TRB:CSVEAGGHNEQFF_P20	0.00283085633404104	4	P20-Baseline	2.835270768358378e-4	1	No	No	pre_post_share	NR-pre_existing
P20	NR	046	poor	mild	A	pEKI	pEKI	P20-Treat	TRAV1-2;TRBV19_;_TRAJ20;TRBJ2-5_TRA:CAVRDGDYKLSF;TRB:CASRPITGDGETQYF_P20	0.00283085633404104	4	P20-Baseline	0.00481996030620924	17	No	No	pre_post_share	NR-pre_existing
P20	NR	046	poor	mild	A	pEKI	pEKI	P20-Treat	TRAV19;TRBV7-9_;_TRAJ6;TRBJ2-1_TRA:CALSEQASGGSYIPTF;TRB:CASSLAVNEQFF_P20	0.00141542816702052	2	NA	NA	NA	NA	No	post_specific	NR-post_novel
P20	NR	046	poor	mild	A	pEKI	pEKI	P20-Treat	TRAV29/DV5;TRBV11-3_;TRBD2_TRAJ26;TRBJ2-1_TRA:CAARGDNYGQNFVF;TRB:CASSPGLAGEQFF_P20	0.00141542816702052	2	P20-Baseline	0.0045364332293734	16	No	No	pre_post_share	NR-pre_existing
P20	NR	046	poor	mild	A	pEKI	pEKI	P20-Treat	TRAV36/DV7;TRBV29-1_;_TRAJ48;TRBJ2-4_TRA:CAVCGNEKLTF;TRB:CSVEQNPGGIQYF_P20	0.00141542816702052	2	NA	NA	NA	NA	No	post_specific	NR-post_novel
P20	NR	046	poor	mild	A	pEKI	pEKI	P20-Treat	TRAV10;TRBV4-1_;_TRAJ28;TRBJ2-7_TRA:CVVSANSGAGSYQLTF;TRB:CASSQLSGRGNEQYF_P20	0.00141542816702052	2	P20-Baseline	0.00113410830734335	4	No	No	pre_post_share	NR-pre_existing
P20	NR	046	poor	mild	A	pEKI	pEKI	P20-Treat	TRAV12-1;TRBV4-1_;_TRAJ33;TRBJ2-1_TRA:CAVNRDSNYQLIW;TRB:CASSQEGGWTSGYNEQFF_P20	0.00283085633404104	4	P20-Baseline	8.505812305075135e-4	3	No	No	pre_post_share	NR-pre_existing
P20	NR	046	poor	mild	A	pEKI	pEKI	P20-Treat	TRAV8-4;TRBV30_;_TRAJ50;TRBJ2-7_TRA:CAVSDLKTSYDKVIF;TRB:CAWALGGRYEQYF_P20	0.00849256900212314	12	NA	NA	NA	NA	No	post_specific	NR-post_novel
P20	NR	046	poor	mild	A	pEKI	pEKI	P20-Treat	TRAV17;TRBV7-9_;_TRAJ58;TRBJ2-7_TRA:CATDDETSGSRLTF;TRB:CASSFGTLYEQYF_P20	0.0035385704175513	5	NA	NA	NA	NA	No	post_specific	NR-post_novel
P20	NR	046	poor	mild	A	pEKI	pEKI	P20-Treat	TRAV20;TRBV6-6_;_TRAJ43;TRBJ2-1_TRA:CAVQADNNNDMRF;TRB:CASSPPTGERESNEQFF_P20	0.00212314225053078	3	P20-Baseline	0.00141763538417918	5	No	No	pre_post_share	NR-pre_existing
P20	NR	046	poor	mild	A	pEKI	pEKI	P20-Treat	TRAV12-2;TRBV5-6_;TRBD1_TRAJ26;TRBJ2-1_TRA:CAVRSYGQNFVF;TRB:CASSSGTGNNEQFF_P20	0.0049539985845718296	7	P20-Baseline	0.00141763538417918	5	No	No	pre_post_share	NR-pre_existing
P20	NR	046	poor	mild	A	pEKI	pEKI	P20-Treat	TRAV1-1;TRBV2_;_TRAJ38;TRBJ1-2_TRA:CAANAGNNRKLIW;TRB:CASSGDMANYGYTF_P20	0.00141542816702052	2	NA	NA	NA	NA	No	post_specific	NR-post_novel
P20	NR	046	poor	mild	A	pEKI	pEKI	P20-Treat	TRAV12-1;TRBV19_;TRBD1_TRAJ4;TRBJ2-3_TRA:CAVSPFGGYNKLIF;TRB:CASSETGSTDTQYF_P20	0.00141542816702052	2	NA	NA	NA	NA	No	post_specific	NR-post_novel
P20	NR	046	poor	mild	A	pEKI	pEKI	P20-Treat	TRAV13-2;TRBV28_;_TRAJ23;TRBJ1-1_TRA:CAENAPLIYNQGGKLIF;TRB:CASSLQVNTEAFF_P20	0.00141542816702052	2	P20-Baseline	2.835270768358378e-4	1	No	No	pre_post_share	NR-pre_existing
P20	NR	046	poor	mild	A	pEKI	pEKI	P20-Treat	TRAV12-1;TRBV27_;_TRAJ8;TRBJ1-5_TRA:CAVILLSTGFQKLVF;TRB:CASWGLGNQPQHF_P20	0.00212314225053078	3	P20-Baseline	0.00368585199886589	13	No	No	pre_post_share	NR-pre_existing
P20	NR	046	poor	mild	A	pEKI	pEKI	P20-Treat	TRAV12-2;TRBV19_;_TRAJ10;TRBJ2-2_TRA:CAVNWVTGGGNKLTF;TRB:CASRDSNTGELFF_P20	0.00283085633404104	4	P20-Baseline	8.505812305075135e-4	3	No	No	pre_post_share	NR-pre_existing
P20	NR	046	poor	mild	A	pEKI	pEKI	P20-Treat	TRAV21;TRBV27_;_TRAJ33;TRBJ2-2_TRA:CAVRPYGYQLIW;TRB:CASSQGDGITGELFF_P20	0.00283085633404104	4	P20-Baseline	2.835270768358378e-4	1	No	No	pre_post_share	NR-pre_existing
P20	NR	046	poor	mild	A	pEKI	pEKI	P20-Treat	TRAV38-1;TRBV6-6_;_TRAJ42;TRBJ1-2_TRA:CAFEDVRGSQGNLIF;TRB:CASKPYVLYGYTF_P20	0.00141542816702052	2	NA	NA	NA	NA	No	post_specific	NR-post_novel
P20	NR	046	poor	mild	A	pEKI	pEKI	P20-Treat	TRAV29/DV5;TRBV5-4_;_TRAJ53;TRBJ2-7_TRA:CAAQRVSGGSNYKLTF;TRB:CASTRDRGYEQYF_P20	0.00141542816702052	2	NA	NA	NA	NA	No	post_specific	NR-post_novel
P20	NR	046	poor	mild	A	pEKI	pEKI	P20-Treat	TRAV12-1;TRBV15_;TRBD2_TRAJ3;TRBJ2-1_TRA:CAVRESSASKIIF;TRB:CATSDRLAGGGNEQFF_P20	0.00141542816702052	2	NA	NA	NA	NA	No	post_specific	NR-post_novel
P20	NR	046	poor	mild	A	pEKI	pEKI	P20-Treat	TRAV9-2;TRBV14_;_TRAJ28;TRBJ2-5_TRA:CALISWAGSYQLTF;TRB:CASSQGTSGETQYF_P20	0.00141542816702052	2	NA	NA	NA	NA	No	post_specific	NR-post_novel
P20	NR	046	poor	mild	A	pEKI	pEKI	P20-Treat	TRAV8-1;TRBV19_;_TRAJ49;TRBJ1-1_TRA:CAANSKNTGNQFYF;TRB:CASSITAPTSPVTEAFF_P20	0.00141542816702052	2	P20-Baseline	0.01474340799546356	52	Yes	No	pre_post_share	NR-pre_existing
P20	NR	046	poor	mild	A	pEKI	pEKI	P20-Treat	TRAV8-1;TRBV19_;_TRAJ18;TRBJ2-5_TRA:CAVNLDRGSTLGRLYF;TRB:CASSLDRFQETQYF_P20	0.0035385704175513	5	P20-Baseline	0.00340232492203005	12	No	No	pre_post_share	NR-pre_existing
P20	NR	046	poor	mild	A	pEKI	pEKI	P20-Treat	TRAV29/DV5;TRBV10-3_;TRBD2_TRAJ39;TRBJ2-5_TRA:CAASSTTGGAGNMLTF;TRB:CAISGGLAGGPFETQYF_P20	0.0035385704175513	5	P20-Baseline	0.00510348738304508	18	No	No	pre_post_share	NR-pre_existing
P20	NR	046	poor	mild	A	pEKI	pEKI	P20-Treat	TRAV9-2;TRBV7-9_;_TRAJ42;TRBJ2-4_TRA:CALKEGSQGNLIF;TRB:CASSQSIAKNIQYF_P20	0.00141542816702052	2	P20-Baseline	0.00113410830734335	4	No	No	pre_post_share	NR-pre_existing
P20	NR	046	poor	mild	A	pEKI	pEKI	P20-Treat	TRAV10;TRBV4-1_;_TRAJ28;TRBJ2-7_TRA:CVVSANSGAGSYQLTF;TRB:CASSHLGQGYEQYF_P20	0.0099079971691436591	14	NA	NA	NA	NA	No	post_specific	NR-post_novel
P20	NR	046	poor	mild	A	pEKI	pEKI	P20-Treat	TRAV12-1;TRBV28_;_TRAJ52;TRBJ2-3_TRA:CVVNKGVTGGTSYGKLTF;TRB:CASSTRASQYF_P20	0.00212314225053078	3	NA	NA	NA	NA	No	post_specific	NR-post_novel
P20	NR	046	poor	mild	A	pEKI	pEKI	P20-Treat	TRAV8-4;TRBV14_;TRBD1_TRAJ6;TRBJ2-7_TRA:CAVSKSGGSYIPTF;TRB:CASTAGTGGYEQYF_P20	0.00141542816702052	2	NA	NA	NA	NA	No	post_specific	NR-post_novel
P20	NR	046	poor	mild	A	pEKI	pEKI	P20-Treat	TRAV36/DV7;TRBV29-1_;_TRAJ48;TRBJ2-3_TRA:CAVRGNEKLTF;TRB:CSVESSSTDTQYF_P20	0.00212314225053078	3	NA	NA	NA	NA	No	post_specific	NR-post_novel
P20	NR	046	poor	mild	A	pEKI	pEKI	P20-Treat	TRAV9-2;TRBV6-5_;TRBD1_TRAJ15;TRBJ2-1_TRA:CALRPPNQAGTALIF;TRB:CASSSKMTGVNEQFF_P20	0.00141542816702052	2	NA	NA	NA	NA	No	post_specific	NR-post_novel
P20	NR	046	poor	mild	A	pEKI	pEKI	P20-Treat	TRAV17;TRBV7-9_;TRBD1_TRAJ48;TRBJ2-1_TRA:CATDLSNFGNEKLTF;TRB:CASSPGTGSSQFYNEQFF_P20	0.00141542816702052	2	NA	NA	NA	NA	No	post_specific	NR-post_novel
P20	NR	046	poor	mild	A	pEKI	pEKI	P20-Treat	TRAV12-1;TRBV28_;_TRAJ21;TRBJ2-2_TRA:CVVNGNNFNKFYF;TRB:CASFRAGDTGELFF_P20	0.00141542816702052	2	NA	NA	NA	NA	No	post_specific	NR-post_novel
P20	NR	046	poor	mild	A	pEKI	pEKI	P20-Treat	TRAV3;TRBV6-2_;TRBD1_TRAJ20;TRBJ2-1_TRA:CAVREEDYKLSF;TRB:CATETDRGSRNEQFF_P20	0.00424628450106157	6	NA	NA	NA	NA	No	post_specific	NR-post_novel
P20	NR	046	poor	mild	A	pEKI	pEKI	P20-Treat	TRAV3;TRBV7-2_;_TRAJ28;TRBJ2-7_TRA:CAVRDPYSGAGSYQLTF;TRB:CASSLEIGVSLGGYEQYF_P20	0.00141542816702052	2	NA	NA	NA	NA	No	post_specific	NR-post_novel
P20	NR	046	poor	mild	A	pEKI	pEKI	P20-Treat	TRAV3;TRBV7-9_;_TRAJ29;TRBJ1-1_TRA:CAVRDIGGNTPLVF;TRB:CASSLAVGVDTEAFF_P20	0.00141542816702052	2	NA	NA	NA	NA	No	post_specific	NR-post_novel
P20	NR	046	poor	mild	A	pEKI	pEKI	P20-Treat	TRAV34;TRBV6-1_;TRBD1_TRAJ30;TRBJ2-7_TRA:CGADGDDKIIF;TRB:CASSSGTGGGLSYEQYF_P20	0.00141542816702052	2	NA	NA	NA	NA	No	post_specific	NR-post_novel
P20	NR	046	poor	mild	A	pEKI	pEKI	P20-Treat	TRAV14/DV4;TRBV5-4_;TRBD2_TRAJ26;TRBJ2-7_TRA:CAMRDNYGQNFVF;TRB:CASSPPALAGGPSHEQYF_P20	0.00141542816702052	2	P20-Baseline	2.835270768358378e-4	1	No	No	pre_post_share	NR-pre_existing
P20	NR	046	poor	mild	A	pEKI	pEKI	P20-Treat	TRAV21;TRBV20-1_;_TRAJ45;TRBJ2-7_TRA:CAVDSGGGADGLTF;TRB:CSARQTIYEQYF_P20	0.00141542816702052	2	NA	NA	NA	NA	No	post_specific	NR-post_novel
P20	NR	046	poor	mild	A	pEKI	pEKI	P20-Treat	TRAV38-1;TRBV5-4_;_TRAJ42;TRBJ2-7_TRA:CAQMNYGGSQGNLIF;TRB:CASSYGYGVPPYF_P20	0.00212314225053078	3	P20-Baseline	0.00765523107456762	27	No	No	pre_post_share	NR-pre_existing
P20	NR	046	poor	mild	A	pEKI	pEKI	P20-Treat	TRAV19;TRBV6-1_;_TRAJ24;TRBJ2-3_TRA:CALSEAGADSWGKFQF;TRB:CASSEVHGVGDTQYF_P20	0.00141542816702052	2	P20-Baseline	2.835270768358378e-4	1	No	No	pre_post_share	NR-pre_existing
P20	NR	046	poor	mild	A	pEKI	pEKI	P20-Treat	TRAV20;TRBV4-2_;_TRAJ43;TRBJ2-7_TRA:CAVRGDNNDMRF;TRB:CASSHGTYSYEQYF_P20	0.05307855626326964	75	P20-Baseline	0.02098100368585199	74	Yes	Yes	pre_post_share	NR-pre_existing
P20	NR	046	poor	mild	A	pEKI	pEKI	P20-Treat	TRAV1-2;TRBV2_;_TRAJ33;TRBJ2-3_TRA:CAVTTMDSNYQLIW;TRB:CASSEGGPGTDTQYF_P20	0.00212314225053078	3	P20-Baseline	0.00141763538417918	5	No	No	pre_post_share	NR-pre_existing
P20	NR	046	poor	mild	A	pEKI	pEKI	P20-Treat	TRAV10;TRBV18_;_TRAJ35;TRBJ2-1_TRA:CFVGFGNVLHC;TRB:CASSDASGSYNEQFF_P20	0.00141542816702052	2	P20-Baseline	2.835270768358378e-4	1	No	No	pre_post_share	NR-pre_existing
P20	NR	046	poor	mild	A	pEKI	pEKI	P20-Treat	TRAV10;TRBV4-3_;_TRAJ40;TRBJ2-7_TRA:CVVSEASGTYKYIF;TRB:CASSQGTSGAYEQYF_P20	0.00424628450106157	6	P20-Baseline	0.00623759569038843	22	No	No	pre_post_share	NR-pre_existing
P20	NR	046	poor	mild	A	pEKI	pEKI	P20-Treat	TRAV13-2;TRBV7-9_;_TRAJ34;TRBJ2-2_TRA:CAEVGLRADKLIF;TRB:CASSSTQPAPDIGGRWVTGELFF_P20	0.00212314225053078	3	P20-Baseline	0.00255174369152254	9	No	No	pre_post_share	NR-pre_existing
P20	NR	046	poor	mild	A	pEKI	pEKI	P20-Treat	TRAV12-1;TRBV6-5_;_TRAJ42;TRBJ2-5_TRA:CAVSNYGGSQGNLIF;TRB:CASSYSVGDPVTQYF_P20	0.00141542816702052	2	NA	NA	NA	NA	No	post_specific	NR-post_novel
P20	NR	046	poor	mild	A	pEKI	pEKI	P20-Treat	TRAV38-1;TRBV20-1_;TRBD1_TRAJ20;TRBJ2-5_TRA:CAFTPLSNDYKLSF;TRB:CSARDGSGGETQYF_P20	0.00141542816702052	2	NA	NA	NA	NA	No	post_specific	NR-post_novel
P20	NR	046	poor	mild	A	pEKI	pEKI	P20-Treat	TRAV13-1;TRBV12-4_;_TRAJ23;TRBJ2-2_TRA:CAESNQGGKLIF;TRB:CASDRRGRYTGELFF_P20	0.00141542816702052	2	P20-Baseline	0.00198468953785086	7	No	No	pre_post_share	NR-pre_existing
P20	NR	046	poor	mild	A	pEKI	pEKI	P20-Treat	TRAV29/DV5;TRBV5-4_;_TRAJ42;TRBJ2-7_TRA:CAGVGDYGGSQGNLIF;TRB:CASSPESGMSSYEQYF_P20	0.00141542816702052	2	NA	NA	NA	NA	No	post_specific	NR-post_novel
P20	NR	046	poor	mild	A	pEKI	pEKI	P20-Treat	TRAV13-1;TRBV4-2_;TRBD1_TRAJ20;TRBJ1-1_TRA:CAASPYDYKLSF;TRB:CASSQEGQGMNTEAFF_P20	0.00141542816702052	2	NA	NA	NA	NA	No	post_specific	NR-post_novel
P20	NR	046	poor	mild	A	pEKI	pEKI	P20-Treat	TRAV5;TRBV19_;TRBD1_TRAJ21;TRBJ1-1_TRA:CAGRYNFNKFYF;TRB:CASSRTGNTEAFF_P20	0.01203113941967445	17	P20-Baseline	0.00481996030620924	17	No	Yes	pre_post_share	NR-pre_existing
P20	NR	046	poor	mild	A	pEKI	pEKI	P20-Treat	TRAV21;TRBV13_;_TRAJ20;TRBJ2-2_TRA:CAVGDYKLSF;TRB:CASSRRGAGELFF_P20	0.00283085633404104	4	P20-Baseline	0.00141763538417918	5	No	No	pre_post_share	NR-pre_existing
P20	NR	046	poor	mild	A	pEKI	pEKI	P20-Treat	TRAV17;TRBV6-1_;_TRAJ6;TRBJ2-4_TRA:CATESGGSYIPTF;TRB:CASTLGEVAKNIQYF_P20	0.00141542816702052	2	NA	NA	NA	NA	No	post_specific	NR-post_novel
P20	NR	046	poor	mild	A	pEKI	pEKI	P20-Treat	TRAV12-3;TRBV30_;TRBD1_TRAJ42;TRBJ2-7_TRA:CAMSQEGGSQGNLIF;TRB:CAWSPRERGAEQYF_P20	0.00141542816702052	2	NA	NA	NA	NA	No	post_specific	NR-post_novel
P20	NR	046	poor	mild	A	pEKI	pEKI	P20-Treat	TRAV21;TRBV7-2_;_TRAJ39;TRBJ2-7_TRA:CAVSRLSDAGNMLTF;TRB:CASSPRAAYEQYF_P20	0.00141542816702052	2	P20-Baseline	0.00141763538417918	5	No	No	pre_post_share	NR-pre_existing
P20	NR	046	poor	mild	A	pEKI	pEKI	P20-Treat	TRAV8-3;TRBV28_;TRBD2_TRAJ9;TRBJ2-7_TRA:CAVAPLDTGGFKTIF;TRB:CASRLAGGTSYEQYF_P20	0.00141542816702052	2	NA	NA	NA	NA	No	post_specific	NR-post_novel
P20	NR	046	poor	mild	A	pEKI	pEKI	P20-Treat	TRAV4;TRBV2_;TRBD1_TRAJ44;TRBJ1-6_TRA:CLVRTGTASKLTF;TRB:CASSEGTGVGSPLHF_P20	0.00283085633404104	4	P20-Baseline	5.670541536716756e-4	2	No	No	pre_post_share	NR-pre_existing
P20	NR	046	poor	mild	A	pEKI	pEKI	P20-Treat	TRAV13-2;TRBV6-6_;_TRAJ10;TRBJ2-1_TRA:CAETTTGGGNKLTF;TRB:CASSQLAGGLNNEQFF_P20	0.00141542816702052	2	NA	NA	NA	NA	No	post_specific	NR-post_novel
P20	NR	046	poor	mild	A	pEKI	pEKI	P20-Treat	TRAV27;TRBV10-3_;_TRAJ21;TRBJ2-1_TRA:CAGDFANKFYF;TRB:CAISDGGRGSYNEQFF_P20	0.01203113941967445	17	P20-Baseline	0.00793875815140346	28	No	Yes	pre_post_share	NR-pre_existing
P20	NR	046	poor	mild	A	pEKI	pEKI	P20-Treat	TRAV9-2;TRBV12-4_;_TRAJ37;TRBJ2-3_TRA:CALSSGNTGKLIF;TRB:CASSLHGGVITDTQYF_P20	0.00141542816702052	2	P20-Baseline	2.835270768358378e-4	1	No	No	pre_post_share	NR-pre_existing
P20	NR	046	poor	mild	A	pEKI	pEKI	P20-Treat	TRAV26-1;TRBV7-2_;_TRAJ50;TRBJ2-7_TRA:CIAGDQTSYDKVIF;TRB:CASSLFMEGTYEQYF_P20	0.06157112526539278	87	P20-Baseline	0.00907286645874681	32	Yes	Yes	pre_post_share	NR-pre_existing
P20	NR	046	poor	mild	A	pEKI	pEKI	P20-Treat	TRAV12-3;TRBV25-1_;TRBD1_TRAJ40;TRBJ1-6_TRA:CAMSPTSGTYKYIF;TRB:CASSEGGLNSPLHF_P20	0.00141542816702052	2	NA	NA	NA	NA	No	post_specific	NR-post_novel
P20	NR	046	poor	mild	A	pEKI	pEKI	P20-Treat	TRAV12-3;TRBV9_;_TRAJ28;TRBJ2-5_TRA:CAMSGAGSYQLTF;TRB:CASTGQGLGETQYF_P20	0.00212314225053078	3	NA	NA	NA	NA	No	post_specific	NR-post_novel
P20	NR	046	poor	mild	A	pEKI	pEKI	P20-Treat	TRAV21;TRBV7-2_;_TRAJ58;TRBJ2-7_TRA:CAVGGTSGSRLTF;TRB:CASSDAFRSLYEQYF_P20	0.00212314225053078	3	P20-Baseline	0.00396937907570173	14	No	No	pre_post_share	NR-pre_existing
P20	NR	046	poor	mild	A	pEKI	pEKI	P20-Treat	TRAV38-2/DV8;TRBV19_;_TRAJ26;TRBJ2-1_TRA:CASTDNYGQNFVF;TRB:CASSPGPSNNEQFF_P20	0.00212314225053078	3	P20-Baseline	8.505812305075135e-4	3	No	No	pre_post_share	NR-pre_existing
P20	NR	046	poor	mild	A	pEKI	pEKI	P20-Treat	TRAV19;TRBV20-1_;_TRAJ34;TRBJ1-6_TRA:CALNTDKLIF;TRB:CSARGPPGSKHSPLHF_P20	0.00424628450106157	6	P20-Baseline	2.835270768358378e-4	1	No	No	pre_post_share	NR-pre_existing
P20	NR	046	poor	mild	A	pEKI	pEKI	P20-Treat	TRAV19;TRBV5-1_;_TRAJ17;TRBJ2-7_TRA:CALSERAIKAAGNKLTF;TRB:CASSLSTTYEQYF_P20	0.00141542816702052	2	P20-Baseline	8.505812305075135e-4	3	No	No	pre_post_share	NR-pre_existing
P20	NR	046	poor	mild	A	pEKI	pEKI	P20-Treat	TRAV2;TRBV7-8_;_TRAJ8;TRBJ2-2_TRA:CVPWRGFQKLVF;TRB:CASSPIGELFF_P20	0.00141542816702052	2	P20-Baseline	2.835270768358378e-4	1	No	No	pre_post_share	NR-pre_existing
P20	NR	046	poor	mild	A	pEKI	pEKI	P20-Treat	TRAV5;TRBV2_;TRBD2_TRAJ9;TRBJ2-4_TRA:CAESSTGGFKTIF;TRB:CASSDAGTSGRGAKNIQYF_P20	0.00141542816702052	2	NA	NA	NA	NA	No	post_specific	NR-post_novel
P20	NR	046	poor	mild	A	pEKI	pEKI	P20-Treat	TRAV5;TRBV7-3_;_TRAJ39;TRBJ2-1_TRA:CAESNNAGNMLTF;TRB:CASSLTSGLKNEQFF_P20	0.00141542816702052	2	P20-Baseline	2.835270768358378e-4	1	No	No	pre_post_share	NR-pre_existing
P20	NR	046	poor	mild	A	pEKI	pEKI	P20-Treat	TRAV27;TRBV15_;_TRAJ39;TRBJ2-1_TRA:CAGVSNAGNMLTF;TRB:CATSSESYRVSYNEQFF_P20	0.0035385704175513	5	P20-Baseline	8.505812305075135e-4	3	No	No	pre_post_share	NR-pre_existing
P20	NR	046	poor	mild	A	pEKI	pEKI	P20-Treat	TRAV12-3;TRBV14_;TRBD1_TRAJ20;TRBJ2-3_TRA:CAMRLVDYKLSF;TRB:CASSQGTGGMGQYF_P20	0.00212314225053078	3	NA	NA	NA	NA	No	post_specific	NR-post_novel
P20	NR	046	poor	mild	A	pEKI	pEKI	P20-Treat	TRAV8-1;TRBV19_;_TRAJ18;TRBJ2-5_TRA:CAVTLDRGSTLGRLYF;TRB:CASSPDRFQETQYF_P20	0.00141542816702052	2	P20-Baseline	0.00170116246101502	6	No	No	pre_post_share	NR-pre_existing
P20	NR	046	poor	mild	A	pEKI	pEKI	P20-Treat	TRAV9-2;TRBV27_;_TRAJ22;TRBJ2-7_TRA:CALSDPISSGSARQLTF;TRB:CASSLSAINEQYF_P20	0.00141542816702052	2	P20-Baseline	0.00283527076835837	10	No	No	pre_post_share	NR-pre_existing
P20	NR	046	poor	mild	A	pEKI	pEKI	P20-Treat	TRAV21;TRBV6-1_;_TRAJ40;TRBJ2-7_TRA:CAVLPTSGTYKYIF;TRB:CASSDLSEQYF_P20	0.00141542816702052	2	NA	NA	NA	NA	No	post_specific	NR-post_novel
P20	NR	046	poor	mild	A	pEKI	pEKI	P20-Treat	TRAV10;TRBV4-1_;_TRAJ28;TRBJ2-1_TRA:CVVSANSGAGSYQLTF;TRB:CASSDLAGVYNEQFF_P20	0.00566171266808209	8	P20-Baseline	0.00425290615253756	15	No	No	pre_post_share	NR-pre_existing
P20	NR	046	poor	mild	A	pEKI	pEKI	P20-Treat	TRAV23/DV6;TRBV7-6_;_TRAJ53;TRBJ2-1_TRA:CAAGGGSNYKLTF;TRB:CASSVYWGTTPGEQFF_P20	0.0049539985845718296	7	P20-Baseline	5.670541536716756e-4	2	No	No	pre_post_share	NR-pre_existing
P20	NR	046	poor	mild	A	pEKI	pEKI	P20-Treat	TRAV8-6;TRBV28_;TRBD1_TRAJ31;TRBJ1-1_TRA:CAVSDRRNNARLMF;TRB:CASSVRGRQNTEAFF_P20	0.00141542816702052	2	NA	NA	NA	NA	No	post_specific	NR-post_novel
P20	NR	046	poor	mild	A	pEKI	pEKI	P20-Treat	TRAV8-4;TRBV10-3_;_TRAJ6;TRBJ2-2_TRA:CAVSDLQSGGSYIPTF;TRB:CAISEPGGRTNTGELFF_P20	0.0092002830856334	13	P20-Baseline	0.00737170399773178	26	No	No	pre_post_share	NR-pre_existing
P20	NR	046	poor	mild	A	pEKI	pEKI	P20-Treat	TRAV12-3;TRBV28_;_TRAJ37;TRBJ1-5_TRA:CAGSGNTGKLIF;TRB:CASSKGVANQPQHF_P20	0.00141542816702052	2	NA	NA	NA	NA	No	post_specific	NR-post_novel
P20	NR	046	poor	mild	A	pEKI	pEKI	P20-Treat	TRAV17;TRBV4-2_;TRBD1_TRAJ8;TRBJ1-1_TRA:CATDDNTGFQKLVF;TRB:CASRQPGQEAEAFF_P20	0.02264685067232838	32	P20-Baseline	0.01105755599659767	39	Yes	Yes	pre_post_share	NR-pre_existing
P20	NR	046	poor	mild	A	pEKI	pEKI	P20-Treat	TRAV38-2/DV8;TRBV28_;_TRAJ48;TRBJ1-1_TRA:CVLSNFGNEKLTF;TRB:CASRIGQFTTEAFF_P20	0.00212314225053078	3	P20-Baseline	0.01020697476609016	36	Yes	No	pre_post_share	NR-pre_existing
P20	NR	046	poor	mild	A	pEKI	pEKI	P20-Treat	TRAV38-2/DV8;TRBV6-6_;_TRAJ42;TRBJ2-5_TRA:CAYGVSTGSQGNLIF;TRB:CASTPDRNLYQETQYF_P20	0.00566171266808209	8	P20-Baseline	0.01474340799546356	52	Yes	No	pre_post_share	NR-pre_existing
P20	NR	046	poor	mild	A	pEKI	pEKI	P20-Treat	TRAV35;TRBV19_;TRBD1_TRAJ36;TRBJ2-6_TRA:CAGRGANNLFF;TRB:CASSRAGGGTGANVLTF_P20	0.00212314225053078	3	P20-Baseline	2.835270768358378e-4	1	No	No	pre_post_share	NR-pre_existing
P20	NR	046	poor	mild	A	pEKI	pEKI	P20-Treat	TRAV38-2/DV8;TRBV11-2_;TRBD2_TRAJ28;TRBJ2-1_TRA:CAYRSLYSGAGSYQLTF;TRB:CASSLVKAVAGGWYEQFF_P20	0.00141542816702052	2	P20-Baseline	0.0022682166146867	8	No	No	pre_post_share	NR-pre_existing
P20	NR	046	poor	mild	A	pEKI	pEKI	P20-Treat	TRAV12-1;TRBV5-6_;_TRAJ42;TRBJ1-1_TRA:CAGENYGGSQGNLIF;TRB:CASSLWGENTEAFF_P20	0.00212314225053078	3	P20-Baseline	2.835270768358378e-4	1	No	No	pre_post_share	NR-pre_existing
P20	NR	046	poor	mild	A	pEKI	pEKI	P20-Treat	TRAV26-1;TRBV6-5_;TRBD1_TRAJ21;TRBJ1-1_TRA:CIVRVGNFNKFYF;TRB:CASRRTGTGGTEAFF_P20	0.00141542816702052	2	NA	NA	NA	NA	No	post_specific	NR-post_novel
P20	NR	046	poor	mild	A	pEKI	pEKI	P20-Treat	TRAV8-3;TRBV11-2_;_TRAJ31;TRBJ2-1_TRA:CAVGALENNARLMF;TRB:CASSFEGNEQFF_P20	0.00141542816702052	2	P20-Baseline	2.835270768358378e-4	1	No	No	pre_post_share	NR-pre_existing
P20	NR	046	poor	mild	A	pEKI	pEKI	P20-Treat	TRAV14/DV4;TRBV14_;_TRAJ49;TRBJ2-1_TRA:CAMREGEYTGNQFYF;TRB:CASSRDLLAGGNEQFF_P20	0.00212314225053078	3	NA	NA	NA	NA	No	post_specific	NR-post_novel
P20	NR	046	poor	mild	A	pEKI	pEKI	P20-Treat	TRAV1-2;TRBV7-9_;_TRAJ20;TRBJ2-3_TRA:CAVRNDYKLSF;TRB:CALRSASDTQYF_P20	0.00141542816702052	2	NA	NA	NA	NA	No	post_specific	NR-post_novel
P20	NR	046	poor	mild	A	pEKI	pEKI	P20-Treat	TRAV14/DV4;TRBV28_;_TRAJ49;TRBJ2-5_TRA:CAMREYAGNQFYF;TRB:CASSPWRDNQETQYF_P20	0.00141542816702052	2	P20-Baseline	8.505812305075135e-4	3	No	No	pre_post_share	NR-pre_existing
P20	NR	046	poor	mild	A	pEKI	pEKI	P20-Treat	TRAV12-1;TRBV20-1_;_TRAJ43;TRBJ1-6_TRA:CVVNMRRNNDMRF;TRB:CSARGPPGSKHSPLHF_P20	0.00141542816702052	2	P20-Baseline	5.670541536716756e-4	2	No	No	pre_post_share	NR-pre_existing
P20	NR	046	poor	mild	A	pEKI	pEKI	P20-Treat	TRAV8-1;TRBV12-3_;TRBD1_TRAJ23;TRBJ2-2_TRA:CAVNEEGKLIF;TRB:CASSTHRGGELFF_P20	0.00141542816702052	2	NA	NA	NA	NA	No	post_specific	NR-post_novel
P20	NR	046	poor	mild	A	pEKI	pEKI	P20-Treat	TRAV27;TRBV18_;_TRAJ30;TRBJ2-1_TRA:CAGADDKIIF;TRB:CASSPWGLAGYNEQFF_P20	0.00283085633404104	4	P20-Baseline	0.00368585199886589	13	No	No	pre_post_share	NR-pre_existing
P20	NR	046	poor	mild	A	pEKI	pEKI	P20-Treat	TRAV1-2;TRBV9_;TRBD2_TRAJ6;TRBJ2-5_TRA:CAVPSGGSYIPTF;TRB:CASSEGLAGGGPQETQYF_P20	0.00141542816702052	2	NA	NA	NA	NA	No	post_specific	NR-post_novel
P20	NR	046	poor	mild	A	pEKI	pEKI	P20-Treat	TRAV17;TRBV29-1_;_TRAJ37;TRBJ1-2_TRA:CAYHYTGKLIF;TRB:CSVYRDLGDGYTF_P20	0.00424628450106157	6	P20-Baseline	0.01105755599659767	39	Yes	No	pre_post_share	NR-pre_existing
P20	NR	046	poor	mild	A	pEKI	pEKI	P20-Treat	TRAV12-1;TRBV20-1_;TRBD1_TRAJ43;TRBJ2-6_TRA:CAVYNDMRF;TRB:CSARDRGMGSGANVLTF_P20	0.0035385704175513	5	P20-Baseline	0.01842925999432946	65	Yes	No	pre_post_share	NR-pre_existing
P21	R	047	good	severe	A	good	good	P21-Treat	TRAV1-2;TRBV5-1_;_TRAJ32;TRBJ2-7_TRA:CAVRDRGYGGATNKLIF;TRB:CASSLYEQYF_P21	7.183908045977011e-4	2	P21-Baseline	8.77963125548727e-4	3	No	No	pre_post_share	R-pre_existing
P21	R	047	good	severe	A	good	good	P21-Treat	TRAV26-1;TRBV2_;_TRAJ23;TRBJ2-2_TRA:CIVRGGLYNQGGKLIF;TRB:CASSYRDTGELFF_P21	7.183908045977011e-4	2	NA	NA	NA	NA	No	post_specific	R-post_novel
P21	R	047	good	severe	A	good	good	P21-Treat	TRAV26-2;TRBV7-8_;_TRAJ52;TRBJ2-7_TRA:CILPLAGGTSYGKLTF;TRB:CASSLGQAYEQYF_P21	0.00466954022988505	13	P21-Baseline	0.00117061750073163	4	No	No	pre_post_share	R-pre_existing
P21	R	047	good	severe	A	good	good	P21-Treat	TRAV13-1;TRBV4-1_;_TRAJ20;TRBJ1-2_TRA:CAASESSNDYKLSF;TRB:CASSGTSYGYTF_P21	0.0035919540229885	10	P21-Baseline	0.00146327187591454	5	No	No	pre_post_share	R-pre_existing
P21	R	047	good	severe	A	good	good	P21-Treat	TRAV12-3;TRBV5-6_;_TRAJ22;TRBJ1-1_TRA:CAMSATGSARQLTF;TRB:CASSLAADTEAFF_P21	0.0014367816091954	4	P21-Baseline	5.85308750365818e-4	2	No	No	pre_post_share	R-pre_existing
P21	R	047	good	severe	A	good	good	P21-Treat	TRAV12-2;TRBV19_;_TRAJ33;TRBJ1-4_TRA:CAVNKSNYQLIW;TRB:CASSKTGRHNEKLFF_P21	7.183908045977011e-4	2	NA	NA	NA	NA	No	post_specific	R-post_novel
P21	R	047	good	severe	A	good	good	P21-Treat	TRAV13-2;TRBV19_;_TRAJ18;TRBJ2-1_TRA:CAENIRRGSTLGRLYF;TRB:CASSIIGGGRIVYNEQFF_P21	0.00251436781609195	7	NA	NA	NA	NA	No	post_specific	R-post_novel
P21	R	047	good	severe	A	good	good	P21-Treat	TRAV20;TRBV6-1_;TRBD1_TRAJ33;TRBJ1-1_TRA:CAVQAASNYQLIW;TRB:CASQRTGETEAFF_P21	7.183908045977011e-4	2	NA	NA	NA	NA	No	post_specific	R-post_novel
P21	R	047	good	severe	A	good	good	P21-Treat	TRAV26-1;TRBV9_;TRBD1_TRAJ39;TRBJ2-2_TRA:CIVRVVSYNAGNMLTF;TRB:CASSVTRDRRNTGELFF_P21	0.00179597701149425	5	NA	NA	NA	NA	No	post_specific	R-post_novel
P21	R	047	good	severe	A	good	good	P21-Treat	TRAV10;TRBV12-3_;_TRAJ6;TRBJ2-1_TRA:CVVKSGGSYIPTF;TRB:CASSFNLEQFF_P21	7.183908045977011e-4	2	NA	NA	NA	NA	No	post_specific	R-post_novel
P21	R	047	good	severe	A	good	good	P21-Treat	TRAV21;TRBV11-2_;_TRAJ41;TRBJ2-1_TRA:CAVIDSNSGYALNF;TRB:CASSLVGEQFF_P21	0.00323275862068965	9	NA	NA	NA	NA	No	post_specific	R-post_novel
P21	R	047	good	severe	A	good	good	P21-Treat	TRAV26-1;TRBV20-1_;_TRAJ27;TRBJ1-6_TRA:CIVRVQANAGKSTF;TRB:CSALDGIRSSYNSPLHF_P21	0.00323275862068965	9	P21-Baseline	2.92654375182909e-4	1	No	No	pre_post_share	R-pre_existing
P21	R	047	good	severe	A	good	good	P21-Treat	TRAV17;TRBV2_;_TRAJ54;TRBJ1-2_TRA:CATDGGGAQKLVF;TRB:CASSFIGDVGGYTF_P21	0.00179597701149425	5	P21-Baseline	0.00965759438103599	33	Yes	No	pre_post_share	R-pre_existing
P21	R	047	good	severe	A	good	good	P21-Treat	TRAV13-1;TRBV4-1_;_TRAJ44;TRBJ2-3_TRA:CAATPNTGTASKLTF;TRB:CASSHLAGGRRAQYF_P21	0.00179597701149425	5	NA	NA	NA	NA	No	post_specific	R-post_novel
P21	R	047	good	severe	A	good	good	P21-Treat	TRAV38-2/DV8;TRBV24-1_;_TRAJ58;TRBJ2-1_TRA:CAYRGKETSGSRLTF;TRB:CATSDLLYSYNEQFF_P21	0.00179597701149425	5	P21-Baseline	2.92654375182909e-4	1	No	No	pre_post_share	R-pre_existing
P21	R	047	good	severe	A	good	good	P21-Treat	TRAV38-2/DV8;TRBV20-1_;_TRAJ48;TRBJ1-1_TRA:CASQGVFGNEKLTF;TRB:CSARLGRGNTEAFF_P21	7.183908045977011e-4	2	NA	NA	NA	NA	No	post_specific	R-post_novel
P21	R	047	good	severe	A	good	good	P21-Treat	TRAV24;TRBV15_;_TRAJ49;TRBJ2-5_TRA:CAFRVTGNQFYF;TRB:CATSRSGEGRETQYF_P21	0.0014367816091954	4	NA	NA	NA	NA	No	post_specific	R-post_novel
P21	R	047	good	severe	A	good	good	P21-Treat	TRAV19;TRBV13_;_TRAJ3;TRBJ2-1_TRA:CALIPYSSASKIIF;TRB:CASSLRQVQYNEQFF_P21	7.183908045977011e-4	2	P21-Baseline	2.92654375182909e-4	1	No	No	pre_post_share	R-pre_existing
P21	R	047	good	severe	A	good	good	P21-Treat	TRAV23/DV6;TRBV9_;TRBD1_TRAJ40;TRBJ2-2_TRA:CAAGGSGTYKYIF;TRB:CASSVDGGLTGELFF_P21	7.183908045977011e-4	2	P21-Baseline	8.77963125548727e-4	3	No	No	pre_post_share	R-pre_existing
P21	R	047	good	severe	A	good	good	P21-Treat	TRAV29/DV5;TRBV19_;_TRAJ45;TRBJ1-1_TRA:CAASHSGGGADGLTF;TRB:CASSSMVNTEAFF_P21	7.183908045977011e-4	2	NA	NA	NA	NA	No	post_specific	R-post_novel
P21	R	047	good	severe	A	good	good	P21-Treat	TRAV2;TRBV4-1_;_TRAJ44;TRBJ2-3_TRA:CEDPGTASKLTF;TRB:CASSQFSVPTDTQYF_P21	0.0014367816091954	4	P21-Baseline	2.92654375182909e-4	1	No	No	pre_post_share	R-pre_existing
P21	R	047	good	severe	A	good	good	P21-Treat	TRAV6;TRBV7-9_;_TRAJ28;TRBJ1-1_TRA:CARSGAGSYQLTF;TRB:CASSPTNTEAFF_P21	0.00179597701149425	5	NA	NA	NA	NA	No	post_specific	R-post_novel
P21	R	047	good	severe	A	good	good	P21-Treat	TRAV16;TRBV7-8_;TRBD2_TRAJ36;TRBJ2-7_TRA:CALKGGANNLFF;TRB:CASSLRGLAGSYEQYF_P21	7.183908045977011e-4	2	NA	NA	NA	NA	No	post_specific	R-post_novel
P21	R	047	good	severe	A	good	good	P21-Treat	TRAV10;TRBV15_;TRBD1_TRAJ24;TRBJ1-1_TRA:CVVSAETTDSWGKLQF;TRB:CATSDRGLNTEAFF_P21	7.183908045977011e-4	2	NA	NA	NA	NA	No	post_specific	R-post_novel
P21	R	047	good	severe	A	good	good	P21-Treat	TRAV12-1;TRBV6-1_;_TRAJ31;TRBJ1-5_TRA:CAVNADARLMF;TRB:CASSRRGLSNQPQHF_P21	0.00646551724137931	18	NA	NA	NA	NA	No	post_specific	R-post_novel
P21	R	047	good	severe	A	good	good	P21-Treat	TRAV12-1;TRBV6-2_;_TRAJ22;TRBJ2-3_TRA:CAVILSGSARQLTF;TRB:CASTQGVLLTDTQYF_P21	0.0014367816091954	4	P21-Baseline	2.92654375182909e-4	1	No	No	pre_post_share	R-pre_existing
P21	R	047	good	severe	A	good	good	P21-Treat	TRAV23/DV6;TRBV9_;_TRAJ21;TRBJ2-2_TRA:CAATYWGDNFNKFYF;TRB:CASSTHYGMNTGELFF_P21	0.00107758620689655	3	P21-Baseline	5.85308750365818e-4	2	No	No	pre_post_share	R-pre_existing
P21	R	047	good	severe	A	good	good	P21-Treat	TRAV12-2;TRBV7-9_;_TRAJ49;TRBJ2-5_TRA:CAVKDTGNQFYF;TRB:CASSMDLQTQYF_P21	7.183908045977011e-4	2	P21-Baseline	5.85308750365818e-4	2	No	No	pre_post_share	R-pre_existing
P21	R	047	good	severe	A	good	good	P21-Treat	TRAV26-2;TRBV11-2_;_TRAJ5;TRBJ2-3_TRA:CILDMDTGRRALTF;TRB:CASSSLGSGGGDTQYF_P21	0.0014367816091954	4	NA	NA	NA	NA	No	post_specific	R-post_novel
P21	R	047	good	severe	A	good	good	P21-Treat	TRAV9-2;TRBV4-2_;_TRAJ23;TRBJ2-1_TRA:CALSDLNQGGKLIF;TRB:CASSQGYNEQFF_P21	0.0035919540229885	10	NA	NA	NA	NA	No	post_specific	R-post_novel
P21	R	047	good	severe	A	good	good	P21-Treat	TRAV29/DV5;TRBV20-1_;TRBD2_TRAJ36;TRBJ2-5_TRA:CAASAGSGANNLFF;TRB:CSATPGLERERGQETQYF_P21	0.00754310344827586	21	P21-Baseline	0.00585308750365817	20	No	No	pre_post_share	R-pre_existing
P21	R	047	good	severe	A	good	good	P21-Treat	TRAV12-1;TRBV20-1_;_TRAJ43;TRBJ2-5_TRA:CAVNHDNNNDMRF;TRB:CSAQLGYWETQYF_P21	0.00107758620689655	3	NA	NA	NA	NA	No	post_specific	R-post_novel
P21	R	047	good	severe	A	good	good	P21-Treat	TRAV29/DV5;TRBV4-1_;_TRAJ16;TRBJ2-1_TRA:CAASGGGQKLLF;TRB:CASSPGAGSVDEQFF_P21	0.00107758620689655	3	NA	NA	NA	NA	No	post_specific	R-post_novel
P21	R	047	good	severe	A	good	good	P21-Treat	TRAV26-2;TRBV27_;_TRAJ37;TRBJ1-6_TRA:CLNGSSNTGKLIF;TRB:CASSKLNSPLHF_P21	7.183908045977011e-4	2	P21-Baseline	2.92654375182909e-4	1	No	No	pre_post_share	R-pre_existing
P21	R	047	good	severe	A	good	good	P21-Treat	TRAV13-1;TRBV4-1_;_TRAJ45;TRBJ2-7_TRA:CAAKGGGADGLTF;TRB:CASSHTSGVYEQYF_P21	0.0014367816091954	4	P21-Baseline	0.00117061750073163	4	No	No	pre_post_share	R-pre_existing
P21	R	047	good	severe	A	good	good	P21-Treat	TRAV21;TRBV6-5_;_TRAJ57;TRBJ2-1_TRA:CAVRYQGGSEKLVF;TRB:CASSLTSGTYNEQFF_P21	7.183908045977011e-4	2	NA	NA	NA	NA	No	post_specific	R-post_novel
P21	R	047	good	severe	A	good	good	P21-Treat	TRAV8-1;TRBV7-6_;TRBD1_TRAJ42;TRBJ2-7_TRA:CAVMNYGGSQGNLIF;TRB:CASSSLRGQGSYEQYF_P21	7.183908045977011e-4	2	P21-Baseline	2.92654375182909e-4	1	No	No	pre_post_share	R-pre_existing
P21	R	047	good	severe	A	good	good	P21-Treat	TRAV12-1;TRBV6-1_;_TRAJ31;TRBJ1-5_TRA:CAVNSDARLMF;TRB:CASSVRGVSNQPQHF_P21	7.183908045977011e-4	2	NA	NA	NA	NA	No	post_specific	R-post_novel
P21	R	047	good	severe	A	good	good	P21-Treat	TRAV14/DV4;TRBV30_;_TRAJ45;TRBJ2-5_TRA:CAMRELYSGGGADGLTF;TRB:CAWSVLAGRTEAFSETQYF_P21	0.00107758620689655	3	P21-Baseline	2.92654375182909e-4	1	No	No	pre_post_share	R-pre_existing
P21	R	047	good	severe	A	good	good	P21-Treat	TRAV23/DV6;TRBV7-9_;_TRAJ16;TRBJ1-1_TRA:CAARMDGQKLLF;TRB:CASNTEGGMNTEAFF_P21	7.183908045977011e-4	2	NA	NA	NA	NA	No	post_specific	R-post_novel
P21	R	047	good	severe	A	good	good	P21-Treat	TRAV8-1;TRBV18_;_TRAJ20;TRBJ2-1_TRA:CAVRARSNDYKLSF;TRB:CASSAPGAGNEQFF_P21	7.183908045977011e-4	2	NA	NA	NA	NA	No	post_specific	R-post_novel
P21	R	047	good	severe	A	good	good	P21-Treat	TRAV13-1;TRBV4-3_;_TRAJ32;TRBJ2-1_TRA:CAAMDAMNYGGATNKLIF;TRB:CASSQLAGGYNEQFF_P21	0.00107758620689655	3	P21-Baseline	0.00643839625402399	22	No	No	pre_post_share	R-pre_existing
P21	R	047	good	severe	A	good	good	P21-Treat	TRAV8-4;TRBV11-2_;_TRAJ15;TRBJ2-3_TRA:CAVTVNQAGTALIF;TRB:CASSLVRTSVDTQYF_P21	7.183908045977011e-4	2	NA	NA	NA	NA	No	post_specific	R-post_novel
P21	R	047	good	severe	A	good	good	P21-Treat	TRAV12-2;TRBV20-1_;_TRAJ29;TRBJ2-7_TRA:CAVKRGNSGNTPLVF;TRB:CSAKFSYEQYF_P21	7.183908045977011e-4	2	P21-Baseline	5.85308750365818e-4	2	No	No	pre_post_share	R-pre_existing
P21	R	047	good	severe	A	good	good	P21-Treat	TRAV38-2/DV8;TRBV18_;TRBD1_TRAJ49;TRBJ2-5_TRA:CAYRRGSNQFYF;TRB:CASSPGRTGETQYF_P21	7.183908045977011e-4	2	NA	NA	NA	NA	No	post_specific	R-post_novel
P21	R	047	good	severe	A	good	good	P21-Treat	TRAV23/DV6;TRBV28_;_TRAJ33;TRBJ2-7_TRA:CAARGSNYQLIW;TRB:CASSENRGSSEQYF_P21	0.00107758620689655	3	P21-Baseline	0.00321919812701199	11	No	No	pre_post_share	R-pre_existing
P21	R	047	good	severe	A	good	good	P21-Treat	TRAV17;TRBV7-9_;_TRAJ52;TRBJ1-4_TRA:CATDEEGAGGTSYGKLTF;TRB:CASSRTWNEKLFF_P21	7.183908045977011e-4	2	P21-Baseline	5.85308750365818e-4	2	No	No	pre_post_share	R-pre_existing
P21	R	047	good	severe	A	good	good	P21-Treat	TRAV5;TRBV6-6_;TRBD1_TRAJ32;TRBJ1-4_TRA:CAESRSGATNKLIF;TRB:CASRGQGILPTNEKLFF_P21	7.183908045977011e-4	2	NA	NA	NA	NA	No	post_specific	R-post_novel
P21	R	047	good	severe	A	good	good	P21-Treat	TRAV12-2;TRBV7-9_;_TRAJ26;TRBJ1-1_TRA:CAVLWDNYGQNFVF;TRB:CASSFSWTEAFF_P21	0.00107758620689655	3	NA	NA	NA	NA	No	post_specific	R-post_novel
P21	R	047	good	severe	A	good	good	P21-Treat	TRAV4;TRBV20-1_;_TRAJ44;TRBJ2-5_TRA:CLVGATGTASKLTF;TRB:CSARDQRAGRLETQYF_P21	0.00718390804597701	20	P21-Baseline	0.00117061750073163	4	No	No	pre_post_share	R-pre_existing
P21	R	047	good	severe	A	good	good	P21-Treat	TRAV13-1;TRBV7-6_;_TRAJ23;TRBJ2-7_TRA:CAASINQGGKLIF;TRB:CASSPGPNYEQYF_P21	0.0035919540229885	10	P21-Baseline	8.77963125548727e-4	3	No	No	pre_post_share	R-pre_existing
P21	R	047	good	severe	A	good	good	P21-Treat	TRAV8-1;TRBV6-6_;TRBD1_TRAJ31;TRBJ2-7_TRA:CAVRRNNNARLMF;TRB:CASSSLTGAEQYF_P21	0.00107758620689655	3	NA	NA	NA	NA	No	post_specific	R-post_novel
P21	R	047	good	severe	A	good	good	P21-Treat	TRAV13-1;TRBV12-3_;_TRAJ45;TRBJ1-2_TRA:CAASGAGGGADGLTF;TRB:CASSSTGFGYTF_P21	0.00323275862068965	9	P21-Baseline	5.85308750365818e-4	2	No	No	pre_post_share	R-pre_existing
P21	R	047	good	severe	A	good	good	P21-Treat	TRAV17;TRBV7-6_;_TRAJ6;TRBJ2-1_TRA:CATDRITTGGSYIPTF;TRB:CASSYRDSEDNEQFF_P21	0.0050287356321839	14	P21-Baseline	0.00556043312847527	19	No	No	pre_post_share	R-pre_existing
P21	R	047	good	severe	A	good	good	P21-Treat	TRAV1-2;TRBV10-3_;_TRAJ36;TRBJ2-1_TRA:CAAYQTGANNLFF;TRB:CAIRTGTDNEQFF_P21	7.183908045977011e-4	2	P21-Baseline	8.77963125548727e-4	3	No	No	pre_post_share	R-pre_existing
P21	R	047	good	severe	A	good	good	P21-Treat	TRAV20;TRBV9_;_TRAJ42;TRBJ2-1_TRA:CAAWDGSQGNLIF;TRB:CASSSSYEQFF_P21	0.00107758620689655	3	NA	NA	NA	NA	No	post_specific	R-post_novel
P21	R	047	good	severe	A	good	good	P21-Treat	TRAV8-1;TRBV13_;_TRAJ42;TRBJ1-6_TRA:CAVGGGSQGNLIF;TRB:CASRLKGSYNSPLHF_P21	0.0014367816091954	4	P21-Baseline	2.92654375182909e-4	1	No	No	pre_post_share	R-pre_existing
P21	R	047	good	severe	A	good	good	P21-Treat	TRAV8-1;TRBV20-1_;_TRAJ28;TRBJ1-6_TRA:CAVKSGAGSYQLTF;TRB:CSASSGQPPYNSPLHF_P21	7.183908045977011e-4	2	NA	NA	NA	NA	No	post_specific	R-post_novel
P21	R	047	good	severe	A	good	good	P21-Treat	TRAV8-1;TRBV7-2_;_TRAJ26;TRBJ2-3_TRA:CAVKVYGQNFVF;TRB:CASSLAPKSGGRTDTQYF_P21	0.0035919540229885	10	P21-Baseline	2.92654375182909e-4	1	No	No	pre_post_share	R-pre_existing
P21	R	047	good	severe	A	good	good	P21-Treat	TRAV22;TRBV11-1_;_TRAJ10;TRBJ2-1_TRA:CAVLDILTGGGNKLTF;TRB:CASSARLAGAHNEQFF_P21	7.183908045977011e-4	2	NA	NA	NA	NA	No	post_specific	R-post_novel
P21	R	047	good	severe	A	good	good	P21-Treat	TRAV30;TRBV10-3_;_TRAJ44;TRBJ2-7_TRA:CGTDLTGTASKLTF;TRB:CAISESTGKPYEQYF_P21	7.183908045977011e-4	2	P21-Baseline	2.92654375182909e-4	1	No	No	pre_post_share	R-pre_existing
P21	R	047	good	severe	A	good	good	P21-Treat	TRAV13-2;TRBV5-5_;_TRAJ4;TRBJ2-7_TRA:CAENRQGGGYNKLIF;TRB:CASSYGTLYEQYF_P21	0.00323275862068965	9	P21-Baseline	0.00146327187591454	5	No	No	pre_post_share	R-pre_existing
P21	R	047	good	severe	A	good	good	P21-Treat	TRAV24;TRBV9_;TRBD1_TRAJ20;TRBJ2-3_TRA:CAFTHNDYKLSF;TRB:CASSASGAGNTDTQYF_P21	7.183908045977011e-4	2	P21-Baseline	0.00204858062628036	7	No	No	pre_post_share	R-pre_existing
P21	R	047	good	severe	A	good	good	P21-Treat	TRAV25;TRBV4-2_;_TRAJ4;TRBJ2-1_TRA:CAGREAGGYNKLIF;TRB:CASSPRGSVNNEQFF_P21	0.00107758620689655	3	P21-Baseline	0.00117061750073163	4	No	No	pre_post_share	R-pre_existing
P21	R	047	good	severe	A	good	good	P21-Treat	TRAV12-2;TRBV28_;_TRAJ48;TRBJ2-7_TRA:CAVMNFGNEKLTF;TRB:CASSLVLAGPTLTYEQYF_P21	0.0021551724137931	6	P21-Baseline	2.92654375182909e-4	1	No	No	pre_post_share	R-pre_existing
P21	R	047	good	severe	A	good	good	P21-Treat	TRAV26-1;TRBV3-1_;TRBD1_TRAJ53;TRBJ1-6_TRA:CSGGSNYKLTF;TRB:CASSQSADRWVSPLHF_P21	7.183908045977011e-4	2	NA	NA	NA	NA	No	post_specific	R-post_novel
P21	R	047	good	severe	A	good	good	P21-Treat	TRAV38-2/DV8;TRBV20-1_;_TRAJ39;TRBJ1-2_TRA:CAYRSARNAGNMLTF;TRB:CSAPTSPPSRGYTF_P21	7.183908045977011e-4	2	NA	NA	NA	NA	No	post_specific	R-post_novel
P21	R	047	good	severe	A	good	good	P21-Treat	TRAV12-2;TRBV4-2_;_TRAJ8;TRBJ2-3_TRA:CAVNGGFQKLVF;TRB:CASSQDWPSVDTQYF_P21	0.02155172413793103	60	P21-Baseline	0.00204858062628036	7	No	Yes	pre_post_share	R-pre_existing
P21	R	047	good	severe	A	good	good	P21-Treat	TRAV9-2;TRBV9_;_TRAJ8;TRBJ2-1_TRA:CALRMNTGFQKLVF;TRB:CASTQIEGPAAEQFF_P21	7.183908045977011e-4	2	NA	NA	NA	NA	No	post_specific	R-post_novel
P21	R	047	good	severe	A	good	good	P21-Treat	TRAV9-2;TRBV2_;TRBD1_TRAJ21;TRBJ1-5_TRA:CALREYNFNKFYF;TRB:CASSEGGGANNHNQPQHF_P21	7.183908045977011e-4	2	NA	NA	NA	NA	No	post_specific	R-post_novel
P21	R	047	good	severe	A	good	good	P21-Treat	TRAV19;TRBV9_;_TRAJ56;TRBJ2-1_TRA:CALSEPETGANSKLTF;TRB:CASSAPLADAYNEQFF_P21	0.00323275862068965	9	P21-Baseline	8.77963125548727e-4	3	No	No	pre_post_share	R-pre_existing
P21	R	047	good	severe	A	good	good	P21-Treat	TRAV2;TRBV5-4_;_TRAJ15;TRBJ2-3_TRA:CAVEYGQAGTALIF;TRB:CASSGSGTTDTQYF_P21	7.183908045977011e-4	2	P21-Baseline	5.85308750365818e-4	2	No	No	pre_post_share	R-pre_existing
P21	R	047	good	severe	A	good	good	P21-Treat	TRAV12-3;TRBV7-3_;TRBD2_TRAJ53;TRBJ2-2_TRA:CAMSAVYSGGSNYKLTF;TRB:CASSRLAGGTGELFF_P21	0.0014367816091954	4	P21-Baseline	0.00175592625109745	6	No	No	pre_post_share	R-pre_existing
P21	R	047	good	severe	A	good	good	P21-Treat	TRAV20;TRBV10-3_;_TRAJ23;TRBJ1-5_TRA:CAVQAYNQGGKLIF;TRB:CAISGDTNQPQHF_P21	7.183908045977011e-4	2	NA	NA	NA	NA	No	post_specific	R-post_novel
P21	R	047	good	severe	A	good	good	P21-Treat	TRAV1-1;TRBV4-1_;TRBD2_TRAJ24;TRBJ2-2_TRA:CAVRVTDSWGKFQF;TRB:CASRETSGGAPGELFF_P21	7.183908045977011e-4	2	NA	NA	NA	NA	No	post_specific	R-post_novel
P21	R	047	good	severe	A	good	good	P21-Treat	TRAV1-2;TRBV10-3_;_TRAJ40;TRBJ2-1_TRA:CAAGRGNTSGTYKYIF;TRB:CAIKGGESNEQFF_P21	0.00107758620689655	3	P21-Baseline	8.77963125548727e-4	3	No	No	pre_post_share	R-pre_existing
P21	R	047	good	severe	A	good	good	P21-Treat	TRAV1-2;TRBV2_;_TRAJ29;TRBJ2-3_TRA:CAVSSDISGNTPLVF;TRB:CASSSSRDPTTDTQYF_P21	7.183908045977011e-4	2	P21-Baseline	2.92654375182909e-4	1	No	No	pre_post_share	R-pre_existing
P21	R	047	good	severe	A	good	good	P21-Treat	TRAV13-1;TRBV29-1_;_TRAJ50;TRBJ1-2_TRA:CAASETSYDKVIF;TRB:CSVGGDSYGYTF_P21	0.00107758620689655	3	NA	NA	NA	NA	No	post_specific	R-post_novel
P21	R	047	good	severe	A	good	good	P21-Treat	TRAV6;TRBV7-2_;_TRAJ48;TRBJ2-3_TRA:CALDMIGISNFGNEKLTF;TRB:CASSLAPKSGGRTDTQYF_P21	0.0043103448275862	12	P21-Baseline	8.77963125548727e-4	3	No	No	pre_post_share	R-pre_existing
P21	R	047	good	severe	A	good	good	P21-Treat	TRAV21;TRBV19_;_TRAJ58;TRBJ2-7_TRA:CAVETSGSRLTF;TRB:CASSIASPSYYEQYF_P21	0.0035919540229885	10	P21-Baseline	5.85308750365818e-4	2	No	No	pre_post_share	R-pre_existing
P21	R	047	good	severe	A	good	good	P21-Treat	TRAV21;TRBV15_;_TRAJ28;TRBJ2-3_TRA:CAVNSGAGSYQLTF;TRB:CATSDRSGSDTQYF_P21	7.183908045977011e-4	2	NA	NA	NA	NA	No	post_specific	R-post_novel
P21	R	047	good	severe	A	good	good	P21-Treat	TRAV1-2;TRBV6-1_;TRBD2_TRAJ12;TRBJ2-3_TRA:CAVSDSSYKLIF;TRB:CASSGTSGGADTQYF_P21	0.00107758620689655	3	P21-Baseline	0.00760901375475563	26	No	No	pre_post_share	R-pre_existing
P21	R	047	good	severe	A	good	good	P21-Treat	TRAV13-1;TRBV4-1_;_TRAJ27;TRBJ2-3_TRA:CAALPNNTNAGKSTF;TRB:CASSHLAGGRRAQYF_P21	0.0014367816091954	4	NA	NA	NA	NA	No	post_specific	R-post_novel
P21	R	047	good	severe	A	good	good	P21-Treat	TRAV13-1;TRBV7-9_;TRBD1_TRAJ21;TRBJ2-1_TRA:CALQEVNKFYF;TRB:CASSLGQGAYNEQFF_P21	7.183908045977011e-4	2	NA	NA	NA	NA	No	post_specific	R-post_novel
P21	R	047	good	severe	A	good	good	P21-Treat	TRAV22;TRBV5-5_;_TRAJ45;TRBJ1-2_TRA:CAVYSGGGADGLTF;TRB:CASSFFPGPPNYGYTF_P21	0.00107758620689655	3	NA	NA	NA	NA	No	post_specific	R-post_novel
P21	R	047	good	severe	A	good	good	P21-Treat	TRAV22;TRBV6-2_;_TRAJ10;TRBJ2-1_TRA:CAVVTGGGNKLTF;TRB:CASEGNANEQFF_P21	7.183908045977011e-4	2	P21-Baseline	0.00585308750365817	20	No	No	pre_post_share	R-pre_existing
P21	R	047	good	severe	A	good	good	P21-Treat	TRAV35;TRBV28_;_TRAJ28;TRBJ2-1_TRA:CRRGAGSYQLTF;TRB:CASSLGAISEQFF_P21	0.00107758620689655	3	P21-Baseline	5.85308750365818e-4	2	No	No	pre_post_share	R-pre_existing
P21	R	047	good	severe	A	good	good	P21-Treat	TRAV16;TRBV3-1_;_TRAJ42;TRBJ1-2_TRA:CALVNYGGSQGNLIF;TRB:CASSQLPTGVGYGYTF_P21	7.183908045977011e-4	2	NA	NA	NA	NA	No	post_specific	R-post_novel
P21	R	047	good	severe	A	good	good	P21-Treat	TRAV10;TRBV11-2_;_TRAJ40;TRBJ2-5_TRA:CVVRETSGTYKYIF;TRB:CASSPGTASMRRETQYF_P21	0.00107758620689655	3	NA	NA	NA	NA	No	post_specific	R-post_novel
P21	R	047	good	severe	A	good	good	P21-Treat	TRAV12-2;TRBV11-3_;_TRAJ30;TRBJ2-7_TRA:CAVSRNRDDKIIF;TRB:CASSSTGHEQYF_P21	7.183908045977011e-4	2	P21-Baseline	0.0099502487562189	34	No	No	pre_post_share	R-pre_existing
P21	R	047	good	severe	A	good	good	P21-Treat	TRAV17;TRBV20-1_;_TRAJ30;TRBJ1-2_TRA:CVPNRDDKIIF;TRB:CSARKSGVGGYTF_P21	7.183908045977011e-4	2	NA	NA	NA	NA	No	post_specific	R-post_novel
P21	R	047	good	severe	A	good	good	P21-Treat	TRAV8-4;TRBV7-9_;TRBD1_TRAJ29;TRBJ2-1_TRA:CAVSEDSGNTPLVF;TRB:CASSLAQGDLNEQFF_P21	0.00251436781609195	7	NA	NA	NA	NA	No	post_specific	R-post_novel
P21	R	047	good	severe	A	good	good	P21-Treat	TRAV12-2;TRBV6-2_;_TRAJ41;TRBJ1-1_TRA:CAVNVNSGYALNF;TRB:CASTTSLLGTGTAYEAFF_P21	7.183908045977011e-4	2	NA	NA	NA	NA	No	post_specific	R-post_novel
P21	R	047	good	severe	A	good	good	P21-Treat	TRAV19;TRBV27_;_TRAJ49;TRBJ1-4_TRA:CALSESPSNTGNQFYF;TRB:CASSLFSEEKLFF_P21	0.00179597701149425	5	NA	NA	NA	NA	No	post_specific	R-post_novel
P21	R	047	good	severe	A	good	good	P21-Treat	TRAV12-2;TRBV9_;TRBD1_TRAJ23;TRBJ1-5_TRA:CAVTDNQGGKLIF;TRB:CASSVTGGRGQPQHF_P21	0.0021551724137931	6	P21-Baseline	0.00760901375475563	26	No	No	pre_post_share	R-pre_existing
P21	R	047	good	severe	A	good	good	P21-Treat	TRAV12-1;TRBV7-9_;_TRAJ43;TRBJ2-1_TRA:CAVNIGMRF;TRB:CASSSSLARPSYNEQFF_P21	0.00179597701149425	5	P21-Baseline	2.92654375182909e-4	1	No	No	pre_post_share	R-pre_existing
P21	R	047	good	severe	A	good	good	P21-Treat	TRAV29/DV5;TRBV12-4_;_TRAJ44;TRBJ2-1_TRA:CAASKTGTASKLTF;TRB:CASSFALGALLDEQFF_P21	7.183908045977011e-4	2	NA	NA	NA	NA	No	post_specific	R-post_novel
P21	R	047	good	severe	A	good	good	P21-Treat	TRAV13-1;TRBV9_;_TRAJ15;TRBJ2-7_TRA:CAASKPTTALIF;TRB:CASSPGPSGEYEQYF_P21	7.183908045977011e-4	2	P21-Baseline	2.92654375182909e-4	1	No	No	pre_post_share	R-pre_existing
P21	R	047	good	severe	A	good	good	P21-Treat	TRAV1-1;TRBV27_;_TRAJ31;TRBJ2-1_TRA:CAVRRPNNNARLMF;TRB:CASSLSQGVREQFF_P21	0.00538793103448275	15	P21-Baseline	2.92654375182909e-4	1	No	No	pre_post_share	R-pre_existing
P21	R	047	good	severe	A	good	good	P21-Treat	TRAV9-2;TRBV6-1_;_TRAJ49;TRBJ2-1_TRA:CAADTGNQFYF;TRB:CASSYLAGISGVSSYNEQFF_P21	0.00107758620689655	3	P21-Baseline	2.92654375182909e-4	1	No	No	pre_post_share	R-pre_existing
P21	R	047	good	severe	A	good	good	P21-Treat	TRAV13-1;TRBV13_;TRBD1_TRAJ40;TRBJ1-1_TRA:CAASSTSGTYKYIF;TRB:CASSLGQGPFF_P21	7.183908045977011e-4	2	P21-Baseline	2.92654375182909e-4	1	No	No	pre_post_share	R-pre_existing
P21	R	047	good	severe	A	good	good	P21-Treat	TRAV9-2;TRBV9_;_TRAJ49;TRBJ2-2_TRA:CALRPGNQFYF;TRB:CASSVDLGLAGTGELFF_P21	7.183908045977011e-4	2	NA	NA	NA	NA	No	post_specific	R-post_novel
P21	R	047	good	severe	A	good	good	P21-Treat	TRAV1-2;TRBV18_;TRBD1_TRAJ9;TRBJ2-2_TRA:CAVRDQNTGGFKTIF;TRB:CASSPGQGASGELFF_P21	0.00107758620689655	3	P21-Baseline	8.77963125548727e-4	3	No	No	pre_post_share	R-pre_existing
P21	R	047	good	severe	A	good	good	P21-Treat	TRAV6;TRBV2_;_TRAJ26;TRBJ2-1_TRA:CALGSYGQNFVF;TRB:CASSPTRWEEQFF_P21	7.183908045977011e-4	2	NA	NA	NA	NA	No	post_specific	R-post_novel
P21	R	047	good	severe	A	good	good	P21-Treat	TRAV13-1;TRBV7-3_;TRBD1_TRAJ8;TRBJ1-1_TRA:CAPWDFQKLVF;TRB:CASSLGTGGTEAFF_P21	7.183908045977011e-4	2	NA	NA	NA	NA	No	post_specific	R-post_novel
P21	R	047	good	severe	A	good	good	P21-Treat	TRAV10;TRBV4-1_;TRBD1_TRAJ3;TRBJ1-2_TRA:CVVTSGASKIIF;TRB:CASSQDPPGRGGYTF_P21	0.0014367816091954	4	NA	NA	NA	NA	No	post_specific	R-post_novel
P21	R	047	good	severe	A	good	good	P21-Treat	TRAV9-2;TRBV28_;_TRAJ22;TRBJ1-1_TRA:CALSDEDSARQLTF;TRB:CASSSSRISGGAFF_P21	7.183908045977011e-4	2	P21-Baseline	2.92654375182909e-4	1	No	No	pre_post_share	R-pre_existing
P21	R	047	good	severe	A	good	good	P21-Treat	TRAV13-2;TRBV18_;_TRAJ49;TRBJ1-1_TRA:CAETSANTGNQFYF;TRB:CASSATEGAFF_P21	7.183908045977011e-4	2	NA	NA	NA	NA	No	post_specific	R-post_novel
P21	R	047	good	severe	A	good	good	P21-Treat	TRAV12-1;TRBV19_;_TRAJ6;TRBJ2-1_TRA:CAVNHRPGGGSYIPTF;TRB:CASSRSGSYNEQFF_P21	0.01005747126436781	28	NA	NA	NA	NA	Yes	post_specific	R-post_novel
P21	R	047	good	severe	A	good	good	P21-Treat	TRAV13-2;TRBV27_;_TRAJ37;TRBJ2-1_TRA:CAETPSNTGKLIF;TRB:CASGKLHNEQFF_P21	7.183908045977011e-4	2	P21-Baseline	0.00117061750073163	4	No	No	pre_post_share	R-pre_existing
P21	R	047	good	severe	A	good	good	P21-Treat	TRAV12-1;TRBV29-1_;_TRAJ24;TRBJ1-2_TRA:CAVGSWGKFQF;TRB:CSAPQGHNYGYTF_P21	0.00107758620689655	3	NA	NA	NA	NA	No	post_specific	R-post_novel
P21	R	047	good	severe	A	good	good	P21-Treat	TRAV23/DV6;TRBV28_;TRBD1_TRAJ33;TRBJ2-1_TRA:CAARNSNYQLIW;TRB:CASREDRGPGEQFF_P21	0.0014367816091954	4	P21-Baseline	5.85308750365818e-4	2	No	No	pre_post_share	R-pre_existing
P21	R	047	good	severe	A	good	good	P21-Treat	TRAV35;TRBV4-3_;_TRAJ36;TRBJ1-6_TRA:CAGPSYQTGANNLFF;TRB:CASSQDRFSSYNSPLHF_P21	0.00107758620689655	3	P21-Baseline	8.77963125548727e-4	3	No	No	pre_post_share	R-pre_existing
P21	R	047	good	severe	A	good	good	P21-Treat	TRAV23/DV6;TRBV7-9_;_TRAJ6;TRBJ2-5_TRA:CAALRSGGSYIPTF;TRB:CASSILAGRGGETQYF_P21	7.183908045977011e-4	2	NA	NA	NA	NA	No	post_specific	R-post_novel
P21	R	047	good	severe	A	good	good	P21-Treat	TRAV24;TRBV30_;_TRAJ41;TRBJ1-2_TRA:CAFIGYSGYALNF;TRB:CAWRDGTQGGYTF_P21	0.00107758620689655	3	P21-Baseline	5.85308750365818e-4	2	No	No	pre_post_share	R-pre_existing
P21	R	047	good	severe	A	good	good	P21-Treat	TRAV24;TRBV6-5_;TRBD1_TRAJ49;TRBJ1-2_TRA:CARNTGNQFYF;TRB:CASSLQTGTGNYGYTF_P21	0.00466954022988505	13	P21-Baseline	0.00292654375182908	10	No	No	pre_post_share	R-pre_existing
P21	R	047	good	severe	A	good	good	P21-Treat	TRAV24;TRBV9_;TRBD1_TRAJ53;TRBJ2-5_TRA:CAFSSGGSNYKLTF;TRB:CASSVAGGEETQYF_P21	0.00107758620689655	3	P21-Baseline	0.00146327187591454	5	No	No	pre_post_share	R-pre_existing
P21	R	047	good	severe	A	good	good	P21-Treat	TRAV16;TRBV9_;_TRAJ39;TRBJ2-7_TRA:CALSSAADNAGNMLTF;TRB:CASSVSSTDAYEQYF_P21	0.0035919540229885	10	P21-Baseline	0.00263388937664618	9	No	No	pre_post_share	R-pre_existing
P21	R	047	good	severe	A	good	good	P21-Treat	TRAV8-3;TRBV7-9_;TRBD1_TRAJ44;TRBJ1-1_TRA:CAVGARSTGTASKLTF;TRB:CASSSRDRVTEAFF_P21	7.183908045977011e-4	2	P21-Baseline	2.92654375182909e-4	1	No	No	pre_post_share	R-pre_existing
P21	R	047	good	severe	A	good	good	P21-Treat	TRAV25;TRBV9_;_TRAJ26;TRBJ2-3_TRA:CAGFFYGQNFVF;TRB:CASSASGGIGDTQYF_P21	0.01544540229885057	43	P21-Baseline	0.02838747439274217	97	Yes	Yes	pre_post_share	R-pre_existing
P21	R	047	good	severe	A	good	good	P21-Treat	TRAV17;TRBV28_;_TRAJ57;TRBJ2-1_TRA:CATDAQGGSEKLVF;TRB:CASMAGGYNEQFF_P21	7.183908045977011e-4	2	NA	NA	NA	NA	No	post_specific	R-post_novel
P21	R	047	good	severe	A	good	good	P21-Treat	TRAV17;TRBV7-7_;TRBD2_TRAJ20;TRBJ2-5_TRA:CATANDYKLSF;TRB:CASSLGLAGGRETQYF_P21	7.183908045977011e-4	2	NA	NA	NA	NA	No	post_specific	R-post_novel
P21	R	047	good	severe	A	good	good	P21-Treat	TRAV17;TRBV7-9_;_TRAJ49;TRBJ2-3_TRA:CATDDGNQFYF;TRB:CASSLVWAGTDTQYF_P21	0.00466954022988505	13	P21-Baseline	0.03014340064383962	103	Yes	No	pre_post_share	R-pre_existing
P21	R	047	good	severe	A	good	good	P21-Treat	TRAV12-2;TRBV6-2_;_TRAJ20;TRBJ2-1_TRA:CAVNGNDYKLSF;TRB:CASSGGTSHVGEQFF_P21	0.00179597701149425	5	P21-Baseline	2.92654375182909e-4	1	No	No	pre_post_share	R-pre_existing
P21	R	047	good	severe	A	good	good	P21-Treat	TRAV17;TRBV9_;TRBD1_TRAJ57;TRBJ2-5_TRA:CATVSTQGGSEKLVF;TRB:CASSVADRVSLGETQYF_P21	0.00107758620689655	3	P21-Baseline	8.77963125548727e-4	3	No	No	pre_post_share	R-pre_existing
P21	R	047	good	severe	A	good	good	P21-Treat	TRAV19;TRBV11-2_;_TRAJ57;TRBJ1-1_TRA:CALRGMSGSEKLVF;TRB:CASSQDNTEAFF_P21	7.183908045977011e-4	2	NA	NA	NA	NA	No	post_specific	R-post_novel
P21	R	047	good	severe	A	good	good	P21-Treat	TRAV8-6;TRBV24-1_;_TRAJ11;TRBJ2-7_TRA:CAVSGGNSGYSTLTF;TRB:CATSEGHIGSSYEQYF_P21	0.00179597701149425	5	NA	NA	NA	NA	No	post_specific	R-post_novel
P21	R	047	good	severe	A	good	good	P21-Treat	TRAV38-2/DV8;TRBV7-9_;_TRAJ22;TRBJ2-7_TRA:CALMESGSARQLTF;TRB:CASSSGVAGVVEQYF_P21	0.01077586206896551	30	P21-Baseline	0.00204858062628036	7	No	Yes	pre_post_share	R-pre_existing
P21	R	047	good	severe	A	good	good	P21-Treat	TRAV8-6;TRBV9_;_TRAJ29;TRBJ2-2_TRA:CAVSDWRNTPLVF;TRB:CASSVVEAGELFF_P21	7.183908045977011e-4	2	NA	NA	NA	NA	No	post_specific	R-post_novel
P21	R	047	good	severe	A	good	good	P21-Treat	TRAV9-2;TRBV19_;_TRAJ58;TRBJ2-1_TRA:CALTRETSGSRLTF;TRB:CASSIHQADNEQFF_P21	7.183908045977011e-4	2	NA	NA	NA	NA	No	post_specific	R-post_novel
P21	R	047	good	severe	A	good	good	P21-Treat	TRAV2;TRBV6-2_;_TRAJ9;TRBJ2-2_TRA:CAVEDRGGGFKTIF;TRB:CASRDSLNTGELFF_P21	7.183908045977011e-4	2	P21-Baseline	2.92654375182909e-4	1	No	No	pre_post_share	R-pre_existing
P21	R	047	good	severe	A	good	good	P21-Treat	TRAV1-2;TRBV12-3_;_TRAJ41;TRBJ1-1_TRA:CATNSNSGYALNF;TRB:CASSPRTARGEAFF_P21	0.00862068965517241	24	P21-Baseline	0.00175592625109745	6	No	No	pre_post_share	R-pre_existing
P21	R	047	good	severe	A	good	good	P21-Treat	TRAV29/DV5;TRBV6-1_;_TRAJ54;TRBJ2-1_TRA:CAASAIMIQGAQKLVF;TRB:CASSLIGVGDNEQFF_P21	0.00395114942528735	11	P21-Baseline	0.00204858062628036	7	No	No	pre_post_share	R-pre_existing
P21	R	047	good	severe	A	good	good	P21-Treat	TRAV29/DV5;TRBV9_;TRBD1_TRAJ30;TRBJ2-7_TRA:CAASEDDKIIF;TRB:CASGGRGYEQYF_P21	0.0028735632183908	8	P21-Baseline	0.00204858062628036	7	No	No	pre_post_share	R-pre_existing
P21	R	047	good	severe	A	good	good	P21-Treat	TRAV8-3;TRBV5-1_;_TRAJ50;TRBJ1-5_TRA:CAEMKTSYDKVIF;TRB:CASSPGTFSNQPQHF_P21	7.183908045977011e-4	2	NA	NA	NA	NA	No	post_specific	R-post_novel
P21	R	047	good	severe	A	good	good	P21-Treat	TRAV23/DV6;TRBV3-1_;TRBD1_TRAJ34;TRBJ1-6_TRA:CAASTDKLIF;TRB:CASSQGAGTTPLHF_P21	0.00107758620689655	3	P21-Baseline	2.92654375182909e-4	1	No	No	pre_post_share	R-pre_existing
P21	R	047	good	severe	A	good	good	P21-Treat	TRAV35;TRBV4-3_;_TRAJ49;TRBJ1-6_TRA:CAGPSNTGNQFYF;TRB:CASSQDRMSSYNSPLHF_P21	0.00107758620689655	3	P21-Baseline	0.00263388937664618	9	No	No	pre_post_share	R-pre_existing
P21	R	047	good	severe	A	good	good	P21-Treat	TRAV36/DV7;TRBV27_;TRBD1_TRAJ54;TRBJ2-7_TRA:CARIQGAQKLVF;TRB:CASRNRGRYEQYF_P21	7.183908045977011e-4	2	NA	NA	NA	NA	No	post_specific	R-post_novel
P21	R	047	good	severe	A	good	good	P21-Treat	TRAV25;TRBV6-5_;_TRAJ45;TRBJ2-2_TRA:CAGLWGGGADGLTF;TRB:CASSARGGGTGELFF_P21	0.00107758620689655	3	P21-Baseline	2.92654375182909e-4	1	No	No	pre_post_share	R-pre_existing
P21	R	047	good	severe	A	good	good	P21-Treat	TRAV17;TRBV15_;_TRAJ42;TRBJ1-5_TRA:CATGGGSQGNLIF;TRB:CATSWTVSNQPQHF_P21	7.183908045977011e-4	2	NA	NA	NA	NA	No	post_specific	R-post_novel
P21	R	047	good	severe	A	good	good	P21-Treat	TRAV26-1;TRBV12-5_;_TRAJ43;TRBJ2-1_TRA:CIVRVNNDMRF;TRB:CASGPEGQATYNEQFF_P21	7.183908045977011e-4	2	NA	NA	NA	NA	No	post_specific	R-post_novel
P21	R	047	good	severe	A	good	good	P21-Treat	TRAV12-3;TRBV24-1_;TRBD2_TRAJ54;TRBJ2-5_TRA:CAMRVQGAQKLVF;TRB:CATGPAGGGETQYF_P21	7.183908045977011e-4	2	P21-Baseline	8.77963125548727e-4	3	No	No	pre_post_share	R-pre_existing
P21	R	047	good	severe	A	good	good	P21-Treat	TRAV3;TRBV28_;_TRAJ17;TRBJ2-2_TRA:CAVQAAGNKLTF;TRB:CASIHLNTGELFF_P21	7.183908045977011e-4	2	P21-Baseline	8.77963125548727e-4	3	No	No	pre_post_share	R-pre_existing
P21	R	047	good	severe	A	good	good	P21-Treat	TRAV26-1;TRBV7-9_;_TRAJ6;TRBJ2-2_TRA:CIVSGTSGGSYIPTF;TRB:CASSLVQRGTGELFF_P21	7.183908045977011e-4	2	NA	NA	NA	NA	No	post_specific	R-post_novel
P21	R	047	good	severe	A	good	good	P21-Treat	TRAV26-1;TRBV7-9_;TRBD1_TRAJ56;TRBJ2-3_TRA:CIVRVATGANSKLTF;TRB:CASSRAGGLTDTQYF_P21	7.183908045977011e-4	2	NA	NA	NA	NA	No	post_specific	R-post_novel
P21	R	047	good	severe	A	good	good	P21-Treat	TRAV38-2/DV8;TRBV6-5_;_TRAJ26;TRBJ2-7_TRA:CAYRSYNYGQNFVF;TRB:CASRLSGSSYEQYF_P21	0.00107758620689655	3	NA	NA	NA	NA	No	post_specific	R-post_novel
P21	R	047	good	severe	A	good	good	P21-Treat	TRAV27;TRBV18_;TRBD1_TRAJ44;TRBJ1-1_TRA:CAAGNTGTASKLTF;TRB:CASSRTGGLGTEAFF_P21	7.183908045977011e-4	2	P21-Baseline	2.92654375182909e-4	1	No	No	pre_post_share	R-pre_existing
P21	R	047	good	severe	A	good	good	P21-Treat	TRAV39;TRBV19_;_TRAJ34;TRBJ1-1_TRA:CAVDLGNTDKLIF;TRB:CASSIGLGWSTEAFF_P21	0.0014367816091954	4	NA	NA	NA	NA	No	post_specific	R-post_novel
P21	R	047	good	severe	A	good	good	P21-Treat	TRAV27;TRBV9_;TRBD1_TRAJ40;TRBJ1-4_TRA:CAGARGTYKYIF;TRB:CASSDRGQGVEKLFF_P21	0.00107758620689655	3	NA	NA	NA	NA	No	post_specific	R-post_novel
P21	R	047	good	severe	A	good	good	P21-Treat	TRAV19;TRBV9_;_TRAJ54;TRBJ2-7_TRA:CALSENGIQGAQKLVF;TRB:CASSVDLAGEHEQYF_P21	7.183908045977011e-4	2	NA	NA	NA	NA	No	post_specific	R-post_novel
P21	R	047	good	severe	A	good	good	P21-Treat	TRAV1-1;TRBV3-1_;_TRAJ15;TRBJ2-1_TRA:CAVRATPGGTALIF;TRB:CASSPDRGGGNEQFF_P21	0.00107758620689655	3	P21-Baseline	0.00117061750073163	4	No	No	pre_post_share	R-pre_existing
P21	R	047	good	severe	A	good	good	P21-Treat	TRAV5;TRBV6-1_;_TRAJ6;TRBJ1-5_TRA:CAEIEGGSYIPTF;TRB:CASLRDGSNQPQHF_P21	7.183908045977011e-4	2	NA	NA	NA	NA	No	post_specific	R-post_novel
P21	R	047	good	severe	A	good	good	P21-Treat	TRAV14/DV4;TRBV7-8_;_TRAJ10;TRBJ2-1_TRA:CAMREGLKAGGGNKLTF;TRB:CASSLVGGYNEQFF_P21	0.01867816091954023	52	P21-Baseline	0.00614574187884108	21	No	Yes	pre_post_share	R-pre_existing
P21	R	047	good	severe	A	good	good	P21-Treat	TRAV21;TRBV19_;_TRAJ53;TRBJ2-1_TRA:CAAMGSNYKLTF;TRB:CASTNTGLRNEQFF_P21	7.183908045977011e-4	2	NA	NA	NA	NA	No	post_specific	R-post_novel
P21	R	047	good	severe	A	good	good	P21-Treat	TRAV27;TRBV7-3_;_TRAJ33;TRBJ2-7_TRA:CAVFMDSNYQLIW;TRB:CASSSRDSYEQYF_P21	7.183908045977011e-4	2	P21-Baseline	2.92654375182909e-4	1	No	No	pre_post_share	R-pre_existing
P21	R	047	good	severe	A	good	good	P21-Treat	TRAV21;TRBV6-6_;_TRAJ7;TRBJ2-3_TRA:CAAPYGNNRLAF;TRB:CASSPMGGTDTQYF_P21	0.00107758620689655	3	P21-Baseline	5.85308750365818e-4	2	No	No	pre_post_share	R-pre_existing
P21	R	047	good	severe	A	good	good	P21-Treat	TRAV22;TRBV5-4_;_TRAJ39;TRBJ2-5_TRA:CAGENNNAGNMLTF;TRB:CASRKWSGETQYF_P21	7.183908045977011e-4	2	P21-Baseline	5.85308750365818e-4	2	No	No	pre_post_share	R-pre_existing
P21	R	047	good	severe	A	good	good	P21-Treat	TRAV12-1;TRBV3-1_;_TRAJ7;TRBJ2-3_TRA:CAVNLSGGNNRLAF;TRB:CASSGEEGTSRSDTQYF_P21	7.183908045977011e-4	2	NA	NA	NA	NA	No	post_specific	R-post_novel
P21	R	047	good	severe	A	good	good	P21-Treat	TRAV14/DV4;TRBV19_;_TRAJ58;TRBJ1-1_TRA:CAMREGKETSGSRLTF;TRB:CASSIGLGWSTEAFF_P21	0.00107758620689655	3	P21-Baseline	5.85308750365818e-4	2	No	No	pre_post_share	R-pre_existing
P21	R	047	good	severe	A	good	good	P21-Treat	TRAV19;TRBV18_;TRBD1_TRAJ32;TRBJ2-5_TRA:CALSVYGGATNKLIF;TRB:CASSRDRETQYF_P21	0.00107758620689655	3	P21-Baseline	2.92654375182909e-4	1	No	No	pre_post_share	R-pre_existing
P21	R	047	good	severe	A	good	good	P21-Treat	TRAV16;TRBV20-1_;TRBD1_TRAJ4;TRBJ2-7_TRA:CALSGSGGYNKLIF;TRB:CSASDPGQGDEQYF_P21	7.183908045977011e-4	2	P21-Baseline	5.85308750365818e-4	2	No	No	pre_post_share	R-pre_existing
P21	R	047	good	severe	A	good	good	P21-Treat	TRAV16;TRBV20-1_;_TRAJ49;TRBJ2-1_TRA:CALSGHSGNQFYF;TRB:CSARDGRGDEQFF_P21	0.0014367816091954	4	NA	NA	NA	NA	No	post_specific	R-post_novel
P21	R	047	good	severe	A	good	good	P21-Treat	TRAV19;TRBV9_;_TRAJ42;TRBJ2-2_TRA:CALSEGYGGSQGNLIF;TRB:CASSTHYGMNTGELFF_P21	0.0014367816091954	4	P21-Baseline	2.92654375182909e-4	1	No	No	pre_post_share	R-pre_existing
P21	R	047	good	severe	A	good	good	P21-Treat	TRAV8-4;TRBV20-1_;_TRAJ15;TRBJ2-7_TRA:CAEAGTALIF;TRB:CSARDGLSYEQYF_P21	0.00107758620689655	3	NA	NA	NA	NA	No	post_specific	R-post_novel
P21	R	047	good	severe	A	good	good	P21-Treat	TRAV38-1;TRBV7-9_;_TRAJ49;TRBJ2-4_TRA:CAFPTGNQFYF;TRB:CASSRKGRLGKNIQYF_P21	0.0014367816091954	4	NA	NA	NA	NA	No	post_specific	R-post_novel
P21	R	047	good	severe	A	good	good	P21-Treat	TRAV27;TRBV28_;_TRAJ47;TRBJ2-1_TRA:CAGEYGNKLVF;TRB:CASSLGAISEQFF_P21	0.00107758620689655	3	P21-Baseline	2.92654375182909e-4	1	No	No	pre_post_share	R-pre_existing
P21	R	047	good	severe	A	good	good	P21-Treat	TRAV8-3;TRBV5-6_;_TRAJ8;TRBJ2-1_TRA:CAVVPNTGFQKLVF;TRB:CASSLASLGEQFF_P21	7.183908045977011e-4	2	NA	NA	NA	NA	No	post_specific	R-post_novel
P21	R	047	good	severe	A	good	good	P21-Treat	TRAV12-3;TRBV20-1_;_TRAJ9;TRBJ2-3_TRA:CAMKAGGFKTIF;TRB:CSAREVGDSTDTQYF_P21	0.0014367816091954	4	NA	NA	NA	NA	No	post_specific	R-post_novel
P21	R	047	good	severe	A	good	good	P21-Treat	TRAV41;TRBV10-3_;_TRAJ58;TRBJ2-1_TRA:CATQQETSGSRLTF;TRB:CAISDFVEQFF_P21	0.00107758620689655	3	NA	NA	NA	NA	No	post_specific	R-post_novel
P21	R	047	good	severe	A	good	good	P21-Treat	TRAV1-1;TRBV4-1_;TRBD1_TRAJ17;TRBJ2-7_TRA:CAELPLAAGNKLTF;TRB:CASSQFSGTGGYEQYF_P21	7.183908045977011e-4	2	NA	NA	NA	NA	No	post_specific	R-post_novel
P21	R	047	good	severe	A	good	good	P21-Treat	TRAV13-1;TRBV10-3_;_TRAJ50;TRBJ1-1_TRA:CAASETSYDKVIF;TRB:CAISGGIKFDTEAFF_P21	0.0014367816091954	4	NA	NA	NA	NA	No	post_specific	R-post_novel
P21	R	047	good	severe	A	good	good	P21-Treat	TRAV1-1;TRBV5-6_;_TRAJ28;TRBJ1-1_TRA:CAGGAGSYQLTF;TRB:CASSLAADTEAFF_P21	7.183908045977011e-4	2	P21-Baseline	5.85308750365818e-4	2	No	No	pre_post_share	R-pre_existing
P21	R	047	good	severe	A	good	good	P21-Treat	TRAV1-2;TRBV6-1_;TRBD1_TRAJ23;TRBJ1-5_TRA:CAVREGGKLIF;TRB:CASRETGETQPQHF_P21	0.00107758620689655	3	NA	NA	NA	NA	No	post_specific	R-post_novel
P21	R	047	good	severe	A	good	good	P21-Treat	TRAV13-1;TRBV4-3_;_TRAJ16;TRBJ2-2_TRA:CAALSDGQKLLF;TRB:CASSLKTGHTGELFF_P21	7.183908045977011e-4	2	NA	NA	NA	NA	No	post_specific	R-post_novel
P21	R	047	good	severe	A	good	good	P21-Treat	TRAV19;TRBV7-2_;_TRAJ45;TRBJ1-5_TRA:CALSGEGGGADGLTF;TRB:CASTSHLTSNQPQHF_P21	0.00179597701149425	5	P21-Baseline	0.00117061750073163	4	No	No	pre_post_share	R-pre_existing
P21	R	047	good	severe	A	good	good	P21-Treat	TRAV3;TRBV20-1_;_TRAJ39;TRBJ2-3_TRA:CAVRDLLAGNMLTF;TRB:CSAPPSLRTDTQYF_P21	7.183908045977011e-4	2	P21-Baseline	2.92654375182909e-4	1	No	No	pre_post_share	R-pre_existing
P21	R	047	good	severe	A	good	good	P21-Treat	TRAV13-1;TRBV7-8_;_TRAJ50;TRBJ1-6_TRA:CAARETSYDKVIF;TRB:CASTDHRGVSPLHF_P21	0.00933908045977011	26	P21-Baseline	5.85308750365818e-4	2	No	No	pre_post_share	R-pre_existing
P21	R	047	good	severe	A	good	good	P21-Treat	TRAV3;TRBV30_;_TRAJ12;TRBJ2-5_TRA:CAVDGSYKLIF;TRB:CAWSSTHRETQYF_P21	7.183908045977011e-4	2	NA	NA	NA	NA	No	post_specific	R-post_novel
P21	R	047	good	severe	A	good	good	P21-Treat	TRAV13-2;TRBV5-5_;_TRAJ20;TRBJ2-5_TRA:CAEKQDDYKLSF;TRB:CASSWGAETQYF_P21	7.183908045977011e-4	2	NA	NA	NA	NA	No	post_specific	R-post_novel
P21	R	047	good	severe	A	good	good	P21-Treat	TRAV30;TRBV9_;_TRAJ30;TRBJ2-1_TRA:CGTESKGDDKIIF;TRB:CASSVSGSLGNEQFF_P21	0.00323275862068965	9	P21-Baseline	0.00146327187591454	5	No	No	pre_post_share	R-pre_existing
P21	R	047	good	severe	A	good	good	P21-Treat	TRAV23/DV6;TRBV4-2_;_TRAJ45;TRBJ1-6_TRA:CAASLTAGGGADGLTF;TRB:CASSPRGYSPLHF_P21	7.183908045977011e-4	2	NA	NA	NA	NA	No	post_specific	R-post_novel
P21	R	047	good	severe	A	good	good	P21-Treat	TRAV27;TRBV5-1_;TRBD1_TRAJ15;TRBJ2-3_TRA:CAGERQAGTALIF;TRB:CASIQTGTGTTDTQYF_P21	7.183908045977011e-4	2	NA	NA	NA	NA	No	post_specific	R-post_novel
P21	R	047	good	severe	A	good	good	P21-Treat	TRAV27;TRBV7-2_;_TRAJ9;TRBJ2-3_TRA:CAFNTGGFKTIF;TRB:CASSLGDTQYF_P21	0.0014367816091954	4	P21-Baseline	8.77963125548727e-4	3	No	No	pre_post_share	R-pre_existing
P21	R	047	good	severe	A	good	good	P21-Treat	TRAV4;TRBV6-2_;_TRAJ6;TRBJ1-2_TRA:CLVGGPGGSYIPTF;TRB:CASRRDLNYGYTF_P21	7.183908045977011e-4	2	NA	NA	NA	NA	No	post_specific	R-post_novel
P21	R	047	good	severe	A	good	good	P21-Treat	TRAV17;TRBV27_;_TRAJ16;TRBJ2-1_TRA:CATDAGPLSDGQKLLF;TRB:CASSFPGRKQFF_P21	0.00323275862068965	9	P21-Baseline	0.0035118525021949	12	No	No	pre_post_share	R-pre_existing
P21	R	047	good	severe	A	good	good	P21-Treat	TRAV38-2/DV8;TRBV19_;_TRAJ54;TRBJ2-3_TRA:CAFEGAQKLVF;TRB:CASSISYDTDTQYF_P21	7.183908045977011e-4	2	P21-Baseline	2.92654375182909e-4	1	No	No	pre_post_share	R-pre_existing
P21	R	047	good	severe	A	good	good	P21-Treat	TRAV12-2;TRBV3-1_;_TRAJ31;TRBJ1-5_TRA:CAVNNNARLMF;TRB:CASSRRGVSNQPQHF_P21	0.0014367816091954	4	NA	NA	NA	NA	No	post_specific	R-post_novel
P21	R	047	good	severe	A	good	good	P21-Treat	TRAV12-2;TRBV3-1_;_TRAJ16;TRBJ2-1_TRA:CAVTSDGQKLLF;TRB:CASSPELGGQGIHNEQFF_P21	7.183908045977011e-4	2	P21-Baseline	0.00438981562774363	15	No	No	pre_post_share	R-pre_existing
P21	R	047	good	severe	A	good	good	P21-Treat	TRAV19;TRBV12-3_;_TRAJ23;TRBJ2-7_TRA:CALSVVNQGGKLIF;TRB:CASSLEGHKGDEQYF_P21	7.183908045977011e-4	2	NA	NA	NA	NA	No	post_specific	R-post_novel
P21	R	047	good	severe	A	good	good	P21-Treat	TRAV19;TRBV11-2_;_TRAJ39;TRBJ1-4_TRA:CALSSNNAGNMLTF;TRB:CASTKNILEAGGAREKLFF_P21	7.183908045977011e-4	2	NA	NA	NA	NA	No	post_specific	R-post_novel
P21	R	047	good	severe	A	good	good	P21-Treat	TRAV29/DV5;TRBV9_;_TRAJ49;TRBJ2-1_TRA:CAARANQFYF;TRB:CASSSPLRPDNEQFF_P21	7.183908045977011e-4	2	P21-Baseline	0.0099502487562189	34	Yes	No	pre_post_share	R-pre_existing
P21	R	047	good	severe	A	good	good	P21-Treat	TRAV1-2;TRBV9_;_TRAJ4;TRBJ2-3_TRA:CAVRDLSGGYNKLIF;TRB:CASSVATPDTQYF_P21	7.183908045977011e-4	2	NA	NA	NA	NA	No	post_specific	R-post_novel
P21	R	047	good	severe	A	good	good	P21-Treat	TRAV9-2;TRBV7-2_;_TRAJ10;TRBJ2-5_TRA:CALKGPLGAGGGNKLTF;TRB:CASSLVLGTNQETQYF_P21	0.00107758620689655	3	P21-Baseline	5.85308750365818e-4	2	No	No	pre_post_share	R-pre_existing
P21	R	047	good	severe	A	good	good	P21-Treat	TRAV19;TRBV6-6_;_TRAJ23;TRBJ2-3_TRA:CALIPSQGGKLIF;TRB:CASSYGAASTDTQYF_P21	7.183908045977011e-4	2	P21-Baseline	5.85308750365818e-4	2	No	No	pre_post_share	R-pre_existing
P21	R	047	good	severe	A	good	good	P21-Treat	TRAV13-1;TRBV29-1_;TRBD1_TRAJ32;TRBJ2-7_TRA:CAASIADATNKLIF;TRB:CSVEVQGVNEQYF_P21	0.0014367816091954	4	NA	NA	NA	NA	No	post_specific	R-post_novel
P21	R	047	good	severe	A	good	good	P21-Treat	TRAV8-1;TRBV5-8_;_TRAJ37;TRBJ1-5_TRA:CAVRGGNTGKLIF;TRB:CASSLGGLGQPQHF_P21	7.183908045977011e-4	2	NA	NA	NA	NA	No	post_specific	R-post_novel
P21	R	047	good	severe	A	good	good	P21-Treat	TRAV30;TRBV5-6_;_TRAJ12;TRBJ2-1_TRA:CGPRMDSSYKLIF;TRB:CASSSSITYNEQFF_P21	7.183908045977011e-4	2	P21-Baseline	2.92654375182909e-4	1	No	No	pre_post_share	R-pre_existing
P21	R	047	good	severe	A	good	good	P21-Treat	TRAV30;TRBV6-2_;TRBD1_TRAJ12;TRBJ1-2_TRA:CGTEMDSSYKLIF;TRB:CASTFVQGALGYTF_P21	7.183908045977011e-4	2	P21-Baseline	2.92654375182909e-4	1	No	No	pre_post_share	R-pre_existing
P21	R	047	good	severe	A	good	good	P21-Treat	TRAV12-1;TRBV5-6_;_TRAJ49;TRBJ2-1_TRA:CAGTDTGNQFYF;TRB:CASSSSITYNEQFF_P21	7.183908045977011e-4	2	NA	NA	NA	NA	No	post_specific	R-post_novel
P21	R	047	good	severe	A	good	good	P21-Treat	TRAV10;TRBV20-1_;_TRAJ23;TRBJ2-7_TRA:CVVSRYNQGGKLIF;TRB:CSAPPILAVGPHEQYF_P21	0.00718390804597701	20	NA	NA	NA	NA	No	post_specific	R-post_novel
P21	R	047	good	severe	A	good	good	P21-Treat	TRAV12-2;TRBV29-1_;TRBD1_TRAJ26;TRBJ2-6_TRA:CAVTDNYGQNFVF;TRB:CSVDQGTGANVLTF_P21	0.00107758620689655	3	NA	NA	NA	NA	No	post_specific	R-post_novel
P21	R	047	good	severe	A	good	good	P21-Treat	TRAV19;TRBV7-6_;_TRAJ43;TRBJ2-5_TRA:CALSEINNDMRF;TRB:CASSLAPGDSGGAIVQETQYF_P21	7.183908045977011e-4	2	P21-Baseline	0.00204858062628036	7	No	No	pre_post_share	R-pre_existing
P21	R	047	good	severe	A	good	good	P21-Treat	TRAV27;TRBV4-1_;TRBD1_TRAJ52;TRBJ1-2_TRA:CALRGAGGTSYGKLTF;TRB:CASSQDMVTGGYGYTF_P21	0.00718390804597701	20	P21-Baseline	0.01082821188176763	37	Yes	No	pre_post_share	R-pre_existing
P21	R	047	good	severe	A	good	good	P21-Treat	TRAV35;TRBV28_;_TRAJ26;TRBJ2-7_TRA:CAGQLERNYGQNFVF;TRB:CASSLLVGVPYEQYF_P21	0.00107758620689655	3	NA	NA	NA	NA	No	post_specific	R-post_novel
P21	R	047	good	severe	A	good	good	P21-Treat	TRAV8-6;TRBV19_;_TRAJ3;TRBJ2-1_TRA:CAVTPGDSSASKIIF;TRB:CASSRAMGFYNEQFF_P21	7.183908045977011e-4	2	NA	NA	NA	NA	No	post_specific	R-post_novel
P21	R	047	good	severe	A	good	good	P21-Treat	TRAV35;TRBV5-4_;_TRAJ49;TRBJ1-1_TRA:CAGQAGNQFYF;TRB:CASRQSELNTEAFF_P21	0.00107758620689655	3	NA	NA	NA	NA	No	post_specific	R-post_novel
P21	R	047	good	severe	A	good	good	P21-Treat	TRAV41;TRBV7-9_;_TRAJ34;TRBJ1-4_TRA:CAVFNTDKLIF;TRB:CASSLSQSRGKLFF_P21	7.183908045977011e-4	2	NA	NA	NA	NA	No	post_specific	R-post_novel
P21	R	047	good	severe	A	good	good	P21-Treat	TRAV1-2;TRBV6-2_;_TRAJ27;TRBJ2-2_TRA:CAVNTNAGKSTF;TRB:CASSTLVQFTGELFF_P21	0.00754310344827586	21	P21-Baseline	0.00526777875329236	18	No	No	pre_post_share	R-pre_existing
P21	R	047	good	severe	A	good	good	P21-Treat	TRAV20;TRBV27_;_TRAJ8;TRBJ1-1_TRA:CAVQEYTGFQKLVF;TRB:CASSLVDGNTEAFF_P21	7.183908045977011e-4	2	NA	NA	NA	NA	No	post_specific	R-post_novel
P21	R	047	good	severe	A	good	good	P21-Treat	TRAV17;TRBV28_;_TRAJ26;TRBJ1-6_TRA:CASFDNYGQNFVF;TRB:CASSLEGQYNSPLHF_P21	0.0028735632183908	8	P21-Baseline	2.92654375182909e-4	1	No	No	pre_post_share	R-pre_existing
P21	R	047	good	severe	A	good	good	P21-Treat	TRAV2;TRBV6-2_;_TRAJ23;TRBJ1-5_TRA:CAALGGKLIF;TRB:CASSYSGLAGLSSNQPQHF_P21	0.00107758620689655	3	NA	NA	NA	NA	No	post_specific	R-post_novel
P21	R	047	good	severe	A	good	good	P21-Treat	TRAV29/DV5;TRBV3-1_;_TRAJ26;TRBJ1-2_TRA:CAASAQGQNFVF;TRB:CASSQTHTAYGYTF_P21	0.0014367816091954	4	NA	NA	NA	NA	No	post_specific	R-post_novel
P21	R	047	good	severe	A	good	good	P21-Treat	TRAV12-3;TRBV20-1_;_TRAJ31;TRBJ2-3_TRA:CAMSAGNARLMF;TRB:CSATPFQGDSTDTQYF_P21	7.183908045977011e-4	2	NA	NA	NA	NA	No	post_specific	R-post_novel
P21	R	047	good	severe	A	good	good	P21-Treat	TRAV13-2;TRBV27_;_TRAJ27;TRBJ2-1_TRA:CAEKNTNAGKSTF;TRB:CASSKINNEQFF_P21	0.0014367816091954	4	P21-Baseline	8.77963125548727e-4	3	No	No	pre_post_share	R-pre_existing
P21	R	047	good	severe	A	good	good	P21-Treat	TRAV13-1;TRBV29-1_;TRBD1_TRAJ26;TRBJ2-3_TRA:CAATDNYGQNFVF;TRB:CSVDRGTGVESQYF_P21	7.183908045977011e-4	2	NA	NA	NA	NA	No	post_specific	R-post_novel
P21	R	047	good	severe	A	good	good	P21-Treat	TRAV9-2;TRBV20-1_;_TRAJ11;TRBJ2-1_TRA:CALSVGSGYSTLTF;TRB:CSASPLRVSYNEQFF_P21	7.183908045977011e-4	2	NA	NA	NA	NA	No	post_specific	R-post_novel
P21	R	047	good	severe	A	good	good	P21-Treat	TRAV20;TRBV18_;_TRAJ26;TRBJ2-3_TRA:CAVQARNYGQNFVF;TRB:CASSLGGPDTQYF_P21	7.183908045977011e-4	2	NA	NA	NA	NA	No	post_specific	R-post_novel
P21	R	047	good	severe	A	good	good	P21-Treat	TRAV12-1;TRBV18_;TRBD1_TRAJ42;TRBJ1-1_TRA:CAGGGGGSQGNLIF;TRB:CASSPGGTGNTEAFF_P21	7.183908045977011e-4	2	P21-Baseline	5.85308750365818e-4	2	No	No	pre_post_share	R-pre_existing
P21	R	047	good	severe	A	good	good	P21-Treat	TRAV19;TRBV27_;TRBD2_TRAJ45;TRBJ2-1_TRA:CALGGGGADGLTF;TRB:CASRSSGGAPEYNEQFF_P21	0.00107758620689655	3	P21-Baseline	5.85308750365818e-4	2	No	No	pre_post_share	R-pre_existing
P21	R	047	good	severe	A	good	good	P21-Treat	TRAV13-2;TRBV4-2_;TRBD1_TRAJ6;TRBJ2-1_TRA:CAENIPMVGGSYIPTF;TRB:CASSQDQDRGLVF_P21	7.183908045977011e-4	2	NA	NA	NA	NA	No	post_specific	R-post_novel
P21	R	047	good	severe	A	good	good	P21-Treat	TRAV38-1;TRBV9_;_TRAJ28;TRBJ2-7_TRA:CAFFGSGAGSYQLTF;TRB:CASGPLLSSYEQYF_P21	0.00754310344827586	21	P21-Baseline	0.00907228563067017	31	No	No	pre_post_share	R-pre_existing
P21	R	047	good	severe	A	good	good	P21-Treat	TRAV9-2;TRBV6-2_;TRBD1_TRAJ43;TRBJ1-5_TRA:CALIVGNNNDMRF;TRB:CASRKTGSGGNQPQHF_P21	0.00107758620689655	3	NA	NA	NA	NA	No	post_specific	R-post_novel
P21	R	047	good	severe	A	good	good	P21-Treat	TRAV8-3;TRBV12-4_;_TRAJ27;TRBJ2-2_TRA:CAVGPGANAGKSTF;TRB:CASSTGGGWTGELFF_P21	7.183908045977011e-4	2	NA	NA	NA	NA	No	post_specific	R-post_novel
P21	R	047	good	severe	A	good	good	P21-Treat	TRAV20;TRBV14_;_TRAJ47;TRBJ1-2_TRA:CAVQARGNKLVF;TRB:CASSQAGVHGYTF_P21	0.0014367816091954	4	NA	NA	NA	NA	No	post_specific	R-post_novel
P24	NR	050	poor	mild	D	pEKI	pEKI	P24-Treat	TRAV24;TRBV27_;TRBD1_TRAJ41;TRBJ2-1_TRA:CAPSNSGYALNF;TRB:CASSYGRGLTYEQFF_P24	0.00309119010819165	2	P24-Baseline	0.0022883295194508	7	No	No	pre_post_share	NR-pre_existing
P24	NR	050	poor	mild	D	pEKI	pEKI	P24-Treat	TRAV10;TRBV9_;_TRAJ24;TRBJ2-1_TRA:CVGDSTTDSWGKFQF;TRB:CASSLLAGGYNEQFF_P24	0.00772797527047913	5	P24-Baseline	0.009807126511932	30	No	No	pre_post_share	NR-pre_existing
P24	NR	050	poor	mild	D	pEKI	pEKI	P24-Treat	TRAV25;TRBV2_;_TRAJ40;TRBJ2-5_TRA:CAGPPTSGTYKYIF;TRB:CASRMGASGGETQYF_P24	0.00309119010819165	2	P24-Baseline	0.001634521085322	5	No	No	pre_post_share	NR-pre_existing
P24	NR	050	poor	mild	D	pEKI	pEKI	P24-Treat	TRAV23/DV6;TRBV9_;_TRAJ44;TRBJ1-6_TRA:CAASSPGTASKLTF;TRB:CASSSRQGSSPLHF_P24	0.00309119010819165	2	NA	NA	NA	NA	No	post_specific	NR-post_novel
P24	NR	050	poor	mild	D	pEKI	pEKI	P24-Treat	TRAV2;TRBV5-4_;_TRAJ28;TRBJ1-2_TRA:CVTDGAGSYQLTF;TRB:CASSAGVNGYTF_P24	0.02009273570324575	13	P24-Baseline	0.0068649885583524	21	No	Yes	pre_post_share	NR-pre_existing
P24	NR	050	poor	mild	D	pEKI	pEKI	P24-Treat	TRAV9-2;TRBV11-2_;TRBD1_TRAJ15;TRBJ2-2_TRA:CALVGQAGTALIF;TRB:CASSLVSDGELFF_P24	0.00463678516228748	3	NA	NA	NA	NA	No	post_specific	NR-post_novel
P24	NR	050	poor	mild	D	pEKI	pEKI	P24-Treat	TRAV25;TRBV19_;_TRAJ23;TRBJ1-2_TRA:CAGWGSEGGKLIF;TRB:CASSIQPDYGYTF_P24	0.01545595054095826	10	P24-Baseline	0.006538084341288	20	No	Yes	pre_post_share	NR-pre_existing
P24	NR	050	poor	mild	D	pEKI	pEKI	P24-Treat	TRAV12-3;TRBV20-1_;_TRAJ10;TRBJ2-5_TRA:CAMKRLTGGGNKLTF;TRB:CSAELGSHETQYF_P24	0.00309119010819165	2	NA	NA	NA	NA	No	post_specific	NR-post_novel
P24	NR	050	poor	mild	D	pEKI	pEKI	P24-Treat	TRAV1-1;TRBV6-6_;_TRAJ39;TRBJ2-6_TRA:CAVRDLNAGNMLTF;TRB:CASADSSGANVLTF_P24	0.00309119010819165	2	P24-Baseline	3.2690421706440013e-4	1	No	No	pre_post_share	NR-pre_existing
P24	NR	050	poor	mild	D	pEKI	pEKI	P24-Treat	TRAV21;TRBV4-1_;_TRAJ28;TRBJ2-1_TRA:CAAAGAGSYQLTF;TRB:CASSQESGRITYNEQFF_P24	0.01545595054095826	10	NA	NA	NA	NA	Yes	post_specific	NR-post_novel
P24	NR	050	poor	mild	D	pEKI	pEKI	P24-Treat	TRAV9-2;TRBV6-5_;TRBD1_TRAJ5;TRBJ2-7_TRA:CALRDTGRRALTF;TRB:CASSYSGTGDSYEQYF_P24	0.00309119010819165	2	NA	NA	NA	NA	No	post_specific	NR-post_novel
P24	NR	050	poor	mild	D	pEKI	pEKI	P24-Treat	TRAV24;TRBV28_;_TRAJ22;TRBJ1-5_TRA:CAPDLSGSARQLTF;TRB:CASSFRGRGNQPQHF_P24	0.02009273570324575	13	P24-Baseline	9.807126511932004e-4	3	No	Yes	pre_post_share	NR-pre_existing
P24	NR	050	poor	mild	D	pEKI	pEKI	P24-Treat	TRAV29/DV5;TRBV24-1_;_TRAJ40;TRBJ2-6_TRA:CAASSKVSGTYKYIF;TRB:CATSEAGTVSGANVLTF_P24	0.0061823802163833	4	P24-Baseline	3.2690421706440013e-4	1	No	No	pre_post_share	NR-pre_existing
P24	NR	050	poor	mild	D	pEKI	pEKI	P24-Treat	TRAV5;TRBV12-3_;_TRAJ44;TRBJ2-7_TRA:CAAGTASKLTF;TRB:CASSLRVEQYF_P24	0.1437403400309119	93	P24-Baseline	0.06472703497875122	198	Yes	Yes	pre_post_share	NR-pre_existing
P24	NR	050	poor	mild	D	pEKI	pEKI	P24-Treat	TRAV21;TRBV20-1_;TRBD1_TRAJ15;TRBJ2-5_TRA:CAVVYQAGTALIF;TRB:CSAGDRAGETQYF_P24	0.00309119010819165	2	P24-Baseline	3.2690421706440013e-4	1	No	No	pre_post_share	NR-pre_existing
P24	NR	050	poor	mild	D	pEKI	pEKI	P24-Treat	TRAV3;TRBV11-2_;_TRAJ3;TRBJ2-1_TRA:CAGGGSASKIIF;TRB:CASSLGGLYYNEQFF_P24	0.0061823802163833	4	P24-Baseline	0.003269042170644	10	No	No	pre_post_share	NR-pre_existing
P24	NR	050	poor	mild	D	pEKI	pEKI	P24-Treat	TRAV24;TRBV9_;_TRAJ49;TRBJ2-7_TRA:CAFYTGNQFYF;TRB:CASSVEGGERGNYEQYF_P24	0.00463678516228748	3	NA	NA	NA	NA	No	post_specific	NR-post_novel
P24	NR	050	poor	mild	D	pEKI	pEKI	P24-Treat	TRAV22;TRBV9_;_TRAJ28;TRBJ2-7_TRA:CAVELYSGAGSYQLTF;TRB:CASSSVPGYEQYF_P24	0.0061823802163833	4	P24-Baseline	0.0022883295194508	7	No	No	pre_post_share	NR-pre_existing
P24	NR	050	poor	mild	D	pEKI	pEKI	P24-Treat	TRAV27;TRBV7-6_;_TRAJ22;TRBJ2-7_TRA:CAGGLSSGSARQLTF;TRB:CASSLGAGSYEQYF_P24	0.00772797527047913	5	NA	NA	NA	NA	No	post_specific	NR-post_novel
P24	NR	050	poor	mild	D	pEKI	pEKI	P24-Treat	TRAV3;TRBV13_;_TRAJ3;TRBJ2-1_TRA:CAGGGSASKIIF;TRB:CASSPTTVYSYNEQFF_P24	0.00463678516228748	3	P24-Baseline	0.0013076168682576	4	No	No	pre_post_share	NR-pre_existing
P24	NR	050	poor	mild	D	pEKI	pEKI	P24-Treat	TRAV1-2;TRBV12-3_;_TRAJ45;TRBJ2-7_TRA:CAVRSYSGGGADGLTF;TRB:CASSLDGSYEQYF_P24	0.00309119010819165	2	P24-Baseline	0.0071918927754168	22	No	No	pre_post_share	NR-pre_existing
P24	NR	050	poor	mild	D	pEKI	pEKI	P24-Treat	TRAV12-1;TRBV6-6_;_TRAJ27;TRBJ2-7_TRA:CVVGLGDAGKSTF;TRB:CASSYSPGGYEQYF_P24	0.00463678516228748	3	P24-Baseline	0.0019614253023864	6	No	No	pre_post_share	NR-pre_existing
P24	NR	050	poor	mild	D	pEKI	pEKI	P24-Treat	TRAV12-2;TRBV3-1_;_TRAJ50;TRBJ1-5_TRA:CAVKTSYDKVIF;TRB:CASSQNPGANQPQHF_P24	0.00772797527047913	5	NA	NA	NA	NA	No	post_specific	NR-post_novel
P24	NR	050	poor	mild	D	pEKI	pEKI	P24-Treat	TRAV4;TRBV6-5_;_TRAJ38;TRBJ1-1_TRA:CLVDAGNNRKLIW;TRB:CASKQEGMNTEAFF_P24	0.00309119010819165	2	P24-Baseline	9.807126511932004e-4	3	No	No	pre_post_share	NR-pre_existing
P24	NR	050	poor	mild	D	pEKI	pEKI	P24-Treat	TRAV13-1;TRBV28_;_TRAJ43;TRBJ2-1_TRA:CAAPRGFANDMRF;TRB:CASTHASGGPYYNEQFF_P24	0.00309119010819165	2	P24-Baseline	6.538084341288003e-4	2	No	No	pre_post_share	NR-pre_existing
P24	NR	050	poor	mild	D	pEKI	pEKI	P24-Treat	TRAV38-2/DV8;TRBV5-6_;_TRAJ57;TRBJ1-1_TRA:CAYTPSAMTGGSEKLVF;TRB:CASNLAPFQGNIIEAFF_P24	0.00309119010819165	2	NA	NA	NA	NA	No	post_specific	NR-post_novel
P24	NR	050	poor	mild	D	pEKI	pEKI	P24-Treat	TRAV27;TRBV30_;_TRAJ49;TRBJ1-1_TRA:CAGAIGNQFYF;TRB:CAWTANTEAFF_P24	0.00463678516228748	3	P24-Baseline	3.2690421706440013e-4	1	No	No	pre_post_share	NR-pre_existing
P24	NR	050	poor	mild	D	pEKI	pEKI	P24-Treat	TRAV14/DV4;TRBV7-9_;_TRAJ42;TRBJ1-5_TRA:CAMRVYYGGSQGNLIF;TRB:CASSLAGEMQPQHF_P24	0.00309119010819165	2	P24-Baseline	3.2690421706440013e-4	1	No	No	pre_post_share	NR-pre_existing
P24	NR	050	poor	mild	D	pEKI	pEKI	P24-Treat	TRAV12-2;TRBV5-6_;_TRAJ10;TRBJ1-1_TRA:CAVFTGGGNKLTF;TRB:CASSFQLNTEAFF_P24	0.00309119010819165	2	P24-Baseline	3.2690421706440013e-4	1	No	No	pre_post_share	NR-pre_existing
P24	NR	050	poor	mild	D	pEKI	pEKI	P24-Treat	TRAV13-1;TRBV28_;TRBD1_TRAJ13;TRBJ2-3_TRA:CAAGTGGYQKVTF;TRB:CASSFRGQGVETDTQYF_P24	0.00309119010819165	2	NA	NA	NA	NA	No	post_specific	NR-post_novel
P24	NR	050	poor	mild	D	pEKI	pEKI	P24-Treat	TRAV13-1;TRBV3-1_;TRBD1_TRAJ31;TRBJ2-7_TRA:CAASRASGHNARLMF;TRB:CASSHFPGQGAGEQYF_P24	0.00309119010819165	2	NA	NA	NA	NA	No	post_specific	NR-post_novel
P24	NR	050	poor	mild	D	pEKI	pEKI	P24-Treat	TRAV14/DV4;TRBV19_;TRBD2_TRAJ6;TRBJ2-2_TRA:CARIHASGGSYIPTF;TRB:CASEGGTSGGATGELFF_P24	0.00309119010819165	2	P24-Baseline	9.807126511932004e-4	3	No	No	pre_post_share	NR-pre_existing
P24	NR	050	poor	mild	D	pEKI	pEKI	P24-Treat	TRAV14/DV4;TRBV7-2_;TRBD2_TRAJ23;TRBJ2-3_TRA:CAMREGGNQGGKLIF;TRB:CASSPNLPGLAGAFTDTQYF_P24	0.00309119010819165	2	NA	NA	NA	NA	No	post_specific	NR-post_novel
P24	NR	050	poor	mild	D	pEKI	pEKI	P24-Treat	TRAV9-2;TRBV20-1_;TRBD1_TRAJ54;TRBJ2-4_TRA:CAQGAQKLVF;TRB:CSAGDTGDHIQYF_P24	0.00309119010819165	2	NA	NA	NA	NA	No	post_specific	NR-post_novel
P24	NR	050	poor	mild	D	pEKI	pEKI	P24-Treat	TRAV9-2;TRBV29-1_;_TRAJ44;TRBJ1-2_TRA:CALSGGTASKLTF;TRB:CSVDESGGGYTF_P24	0.00309119010819165	2	NA	NA	NA	NA	No	post_specific	NR-post_novel
P24	NR	050	poor	mild	D	pEKI	pEKI	P24-Treat	TRAV19;TRBV14_;_TRAJ37;TRBJ1-1_TRA:CALSEAGNTGKLIF;TRB:CASSQDRLRAFF_P24	0.00772797527047913	5	P24-Baseline	0.0035959463877084	11	No	Yes	pre_post_share	NR-pre_existing
P24	NR	050	poor	mild	D	pEKI	pEKI	P24-Treat	TRAV14/DV4;TRBV5-4_;_TRAJ9;TRBJ2-2_TRA:CAMREGDTGGFKTIF;TRB:CASSPEGGRTGELFF_P24	0.0061823802163833	4	P24-Baseline	0.001634521085322	5	No	No	pre_post_share	NR-pre_existing
P24	NR	050	poor	mild	D	pEKI	pEKI	P24-Treat	TRAV29/DV5;TRBV4-1_;_TRAJ9;TRBJ2-7_TRA:CAASAPGGGFKTIF;TRB:CASSSGLAGDYEQYF_P24	0.00309119010819165	2	NA	NA	NA	NA	No	post_specific	NR-post_novel
P24	NR	050	poor	mild	D	pEKI	pEKI	P24-Treat	TRAV3;TRBV27_;_TRAJ6;TRBJ2-2_TRA:CAVRDVAGGSYIPTF;TRB:CATGGYGELFF_P24	0.00463678516228748	3	NA	NA	NA	NA	No	post_specific	NR-post_novel
P24	NR	050	poor	mild	D	pEKI	pEKI	P24-Treat	TRAV3;TRBV6-2_;_TRAJ43;TRBJ2-5_TRA:CAVRHGGDDMRF;TRB:CASSLDFTGTQYF_P24	0.00772797527047913	5	P24-Baseline	0.0013076168682576	4	No	No	pre_post_share	NR-pre_existing
P24	NR	050	poor	mild	D	pEKI	pEKI	P24-Treat	TRAV29/DV5;TRBV20-1_;_TRAJ41;TRBJ1-1_TRA:CAAGRSNSGYALNF;TRB:CSAREGSIGTEAFF_P24	0.00309119010819165	2	NA	NA	NA	NA	No	post_specific	NR-post_novel
P24	NR	050	poor	mild	D	pEKI	pEKI	P24-Treat	TRAV29/DV5;TRBV3-1_;_TRAJ45;TRBJ2-5_TRA:CAAPSYSGGGADGLTF;TRB:CASSQMGEQETQYF_P24	0.00309119010819165	2	NA	NA	NA	NA	No	post_specific	NR-post_novel
P24	NR	050	poor	mild	D	pEKI	pEKI	P24-Treat	TRAV30;TRBV5-8_;_TRAJ48;TRBJ2-1_TRA:CGTANFGNEKLTF;TRB:CASSLSLTGLLDNEQFF_P24	0.00772797527047913	5	NA	NA	NA	NA	No	post_specific	NR-post_novel
P24	NR	050	poor	mild	D	pEKI	pEKI	P24-Treat	TRAV30;TRBV6-1_;_TRAJ16;TRBJ2-7_TRA:CGTESFSDGQKLLF;TRB:CASRGKYGLPAYEQYF_P24	0.0061823802163833	4	P24-Baseline	0.001634521085322	5	No	No	pre_post_share	NR-pre_existing
P24	NR	050	poor	mild	D	pEKI	pEKI	P24-Treat	TRAV12-1;TRBV4-2_;TRBD1_TRAJ29;TRBJ2-7_TRA:CVVNSNSGNTPLVF;TRB:CASSQPGPGEQYF_P24	0.04327666151468315	28	P24-Baseline	3.2690421706440013e-4	1	No	Yes	pre_post_share	NR-pre_existing
P24	NR	050	poor	mild	D	pEKI	pEKI	P24-Treat	TRAV12-3;TRBV20-1_;TRBD1_TRAJ4;TRBJ2-3_TRA:CAMTSGGYNKLIF;TRB:CSAPLSSTGTGVSDTQYF_P24	0.00309119010819165	2	P24-Baseline	6.538084341288003e-4	2	No	No	pre_post_share	NR-pre_existing
P24	NR	050	poor	mild	D	pEKI	pEKI	P24-Treat	TRAV17;TRBV7-9_;_TRAJ44;TRBJ1-2_TRA:CATDEGTGTASKLTF;TRB:CASSHPLPKGYTF_P24	0.00309119010819165	2	NA	NA	NA	NA	No	post_specific	NR-post_novel
P24	NR	050	poor	mild	D	pEKI	pEKI	P24-Treat	TRAV38-2/DV8;TRBV20-1_;_TRAJ28;TRBJ2-7_TRA:CAYAMGAGSYQLTF;TRB:CSAYSGGAVYEQYF_P24	0.00309119010819165	2	P24-Baseline	0.0013076168682576	4	No	No	pre_post_share	NR-pre_existing
P24	NR	050	poor	mild	D	pEKI	pEKI	P24-Treat	TRAV26-2;TRBV6-5_;_TRAJ49;TRBJ1-5_TRA:CILSLSTGNQFYF;TRB:CASSPGQKNQPQHF_P24	0.00309119010819165	2	NA	NA	NA	NA	No	post_specific	NR-post_novel
P24	NR	050	poor	mild	D	pEKI	pEKI	P24-Treat	TRAV26-1;TRBV4-2_;_TRAJ57;TRBJ2-1_TRA:CIARFTQGGSEKLVF;TRB:CASSQETSSHQFF_P24	0.00309119010819165	2	P24-Baseline	3.2690421706440013e-4	1	No	No	pre_post_share	NR-pre_existing
P24	NR	050	poor	mild	D	pEKI	pEKI	P24-Treat	TRAV12-1;TRBV9_;_TRAJ9;TRBJ2-1_TRA:CVGGTGGFKTIF;TRB:CASSLLAGGYNEQFF_P24	0.00463678516228748	3	P24-Baseline	0.0068649885583524	21	No	No	pre_post_share	NR-pre_existing
P24	NR	050	poor	mild	D	pEKI	pEKI	P24-Treat	TRAV27;TRBV30_;TRBD1_TRAJ49;TRBJ2-7_TRA:CAGATGNQFYF;TRB:CAWSGDRGQHEQYF_P24	0.00309119010819165	2	NA	NA	NA	NA	No	post_specific	NR-post_novel
P24	NR	050	poor	mild	D	pEKI	pEKI	P24-Treat	TRAV14/DV4;TRBV7-9_;_TRAJ28;TRBJ2-6_TRA:CAMRERGSRAGSYQLTF;TRB:CASSLAGTLSGANVLTF_P24	0.01081916537867078	7	P24-Baseline	0.0045766590389016	14	No	Yes	pre_post_share	NR-pre_existing
P24	NR	050	poor	mild	D	pEKI	pEKI	P24-Treat	TRAV12-1;TRBV9_;_TRAJ4;TRBJ2-5_TRA:CVVTHSGGYNKLIF;TRB:CASSDAPGFQETQYF_P24	0.00309119010819165	2	P24-Baseline	6.538084341288003e-4	2	No	No	pre_post_share	NR-pre_existing
P24	NR	050	poor	mild	D	pEKI	pEKI	P24-Treat	TRAV19;TRBV3-1_;_TRAJ45;TRBJ1-4_TRA:CALSDRFVGGADGLTF;TRB:CASSQETGTTNEKLFF_P24	0.00463678516228748	3	P24-Baseline	0.0058842759071592	18	No	No	pre_post_share	NR-pre_existing
P24	NR	050	poor	mild	D	pEKI	pEKI	P24-Treat	TRAV30;TRBV3-1_;_TRAJ49;TRBJ2-7_TRA:CGTELAGNQFYF;TRB:CASSHGLAVSYEQYF_P24	0.00309119010819165	2	P24-Baseline	0.0019614253023864	6	No	No	pre_post_share	NR-pre_existing
P24	NR	050	poor	mild	D	pEKI	pEKI	P24-Treat	TRAV22;TRBV18_;_TRAJ34;TRBJ1-1_TRA:CAVEWGKLIF;TRB:CASSVGTEAFF_P24	0.01700154559505409	11	P24-Baseline	0.02974828375286041	91	Yes	Yes	pre_post_share	NR-pre_existing
P24	NR	050	poor	mild	D	pEKI	pEKI	P24-Treat	TRAV14/DV4;TRBV5-1_;TRBD1_TRAJ21;TRBJ1-5_TRA:CAMREGDFNKFYF;TRB:CASRQGPQPNQPQHF_P24	0.00309119010819165	2	P24-Baseline	6.538084341288003e-4	2	No	No	pre_post_share	NR-pre_existing
P24	NR	050	poor	mild	D	pEKI	pEKI	P24-Treat	TRAV17;TRBV7-9_;_TRAJ7;TRBJ2-2_TRA:CATDEEINRLAF;TRB:CASSPGSYTGELFF_P24	0.00772797527047913	5	P24-Baseline	0.0176528277214776	54	Yes	No	pre_post_share	NR-pre_existing
P24	NR	050	poor	mild	D	pEKI	pEKI	P24-Treat	TRAV8-1;TRBV15_;_TRAJ34;TRBJ2-3_TRA:CAVNWYNTDKLIF;TRB:CATEAGTENTDTQYF_P24	0.0061823802163833	4	P24-Baseline	0.0019614253023864	6	No	No	pre_post_share	NR-pre_existing
P24	NR	050	poor	mild	D	pEKI	pEKI	P24-Treat	TRAV14/DV4;TRBV4-1_;_TRAJ16;TRBJ2-7_TRA:CAMREGFSDGQKLLF;TRB:CASSQGGSPSYEQYF_P24	0.00309119010819165	2	P24-Baseline	6.538084341288003e-4	2	No	No	pre_post_share	NR-pre_existing
P24	NR	050	poor	mild	D	pEKI	pEKI	P24-Treat	TRAV12-1;TRBV2_;TRBD1_TRAJ22;TRBJ1-2_TRA:CVVIPISSGSARQLTF;TRB:CAIPDRGNYGYTF_P24	0.00309119010819165	2	P24-Baseline	0.0045766590389016	14	No	No	pre_post_share	NR-pre_existing
P24	NR	050	poor	mild	D	pEKI	pEKI	P24-Treat	TRAV20;TRBV6-5_;_TRAJ41;TRBJ2-2_TRA:CAVQAPKESNSGYALNF;TRB:CASSWHKNTGELFF_P24	0.00309119010819165	2	P24-Baseline	9.807126511932004e-4	3	No	No	pre_post_share	NR-pre_existing
P25	R	051	good	severe	B	good	good	P25-Treat	TRAV19;TRBV9_;TRBD1_TRAJ11;TRBJ2-5_TRA:CALENSGYSTLTF;TRB:CASSGGQGGYQETQYF_P25	0.00314960629921259	2	P25-Baseline	0.00333209922251018	9	No	No	pre_post_share	R-pre_existing
P25	R	051	good	severe	B	good	good	P25-Treat	TRAV21;TRBV11-3_;_TRAJ47;TRBJ2-1_TRA:CAVRKGNKLVF;TRB:CASSFTSGDNEQFF_P25	0.02992125984251968	19	P25-Baseline	0.00370233246945575	10	No	Yes	pre_post_share	R-pre_existing
P25	R	051	good	severe	B	good	good	P25-Treat	TRAV24;TRBV2_;_TRAJ37;TRBJ2-7_TRA:CASDGSGNTGKLIF;TRB:CASEEGFFYEQYF_P25	0.00472440944881889	3	P25-Baseline	0.00222139948167345	6	No	No	pre_post_share	R-pre_existing
P25	R	051	good	severe	B	good	good	P25-Treat	TRAV1-1;TRBV6-1_;TRBD1_TRAJ40;TRBJ2-6_TRA:CAPWGTSGTYKYIF;TRB:CASRGTEPSGANVLTF_P25	0.00787401574803149	5	P25-Baseline	0.00777489818585709	21	No	No	pre_post_share	R-pre_existing
P25	R	051	good	severe	B	good	good	P25-Treat	TRAV22;TRBV28_;_TRAJ49;TRBJ2-7_TRA:CAVESGNQFYF;TRB:CASSSRRYEQYF_P25	0.00314960629921259	2	P25-Baseline	3.702332469455758e-4	1	No	No	pre_post_share	R-pre_existing
P25	R	051	good	severe	B	good	good	P25-Treat	TRAV6;TRBV6-1_;TRBD1_TRAJ42;TRBJ2-5_TRA:CATTPRGSQGNLIF;TRB:CASSEASGGTGGIQETQYF_P25	0.00314960629921259	2	P25-Baseline	0.00111069974083672	3	No	No	pre_post_share	R-pre_existing
P25	R	051	good	severe	B	good	good	P25-Treat	TRAV5;TRBV6-6_;_TRAJ49;TRBJ2-3_TRA:CAESSTGNQFYF;TRB:CASTPAGFSSTDTQYF_P25	0.00314960629921259	2	P25-Baseline	0.0014809329877823	4	No	No	pre_post_share	R-pre_existing
P25	R	051	good	severe	B	good	good	P25-Treat	TRAV9-2;TRBV11-2_;TRBD2_TRAJ35;TRBJ2-3_TRA:CALNPRRLGFGNVLHC;TRB:CASSSGGLAGVPNYNTDTQYF_P25	0.00314960629921259	2	NA	NA	NA	NA	No	post_specific	R-post_novel
P25	R	051	good	severe	B	good	good	P25-Treat	TRAV5;TRBV5-6_;_TRAJ30;TRBJ1-2_TRA:CAEGRDDKIIF;TRB:CASTLNNNYGYTF_P25	0.00629921259842519	4	P25-Baseline	0.00481303221029248	13	No	No	pre_post_share	R-pre_existing
P25	R	051	good	severe	B	good	good	P25-Treat	TRAV22;TRBV28_;_TRAJ57;TRBJ1-5_TRA:CAVGLTQGGSEKLVF;TRB:CASGVLKPQHF_P25	0.00314960629921259	2	NA	NA	NA	NA	No	post_specific	R-post_novel
P25	R	051	good	severe	B	good	good	P25-Treat	TRAV19;TRBV6-2_;_TRAJ24;TRBJ2-2_TRA:CAYTTDSWGKFQF;TRB:CASSSTSGWNTGELFF_P25	0.00314960629921259	2	NA	NA	NA	NA	No	post_specific	R-post_novel
P25	R	051	good	severe	B	good	good	P25-Treat	TRAV19;TRBV5-1_;TRBD1_TRAJ5;TRBJ2-1_TRA:CALSDEYMDTGRRALTF;TRB:CASSLEQGARSDEQFF_P25	0.00629921259842519	4	P25-Baseline	0.00111069974083672	3	No	No	pre_post_share	R-pre_existing
P25	R	051	good	severe	B	good	good	P25-Treat	TRAV19;TRBV5-1_;TRBD1_TRAJ22;TRBJ2-1_TRA:CALSDILSSGSARQLTF;TRB:CASSPEQGARSNEQFF_P25	0.00314960629921259	2	P25-Baseline	3.702332469455758e-4	1	No	No	pre_post_share	R-pre_existing
P25	R	051	good	severe	B	good	good	P25-Treat	TRAV21;TRBV5-8_;_TRAJ39;TRBJ2-5_TRA:CAVTNAGNMLTF;TRB:CASNIGEQALQETQYF_P25	0.00314960629921259	2	NA	NA	NA	NA	No	post_specific	R-post_novel
P25	R	051	good	severe	B	good	good	P25-Treat	TRAV35;TRBV3-1_;_TRAJ53;TRBJ1-6_TRA:CAGRESGGSNYKLTF;TRB:CASSQHGASPLHF_P25	0.00314960629921259	2	P25-Baseline	3.702332469455758e-4	1	No	No	pre_post_share	R-pre_existing
P25	R	051	good	severe	B	good	good	P25-Treat	TRAV12-1;TRBV2_;_TRAJ38;TRBJ2-5_TRA:CVVNMGAGNNRKLIW;TRB:CASSEGAGGGETQYF_P25	0.00314960629921259	2	NA	NA	NA	NA	No	post_specific	R-post_novel
P25	R	051	good	severe	B	good	good	P25-Treat	TRAV8-6;TRBV15_;_TRAJ47;TRBJ2-7_TRA:CAVSAGYGNKLVF;TRB:CATSRDRGFSYEQYF_P25	0.00944881889763779	6	P25-Baseline	0.00259163272861903	7	No	No	pre_post_share	R-pre_existing
P25	R	051	good	severe	B	good	good	P25-Treat	TRAV29/DV5;TRBV5-1_;TRBD1_TRAJ52;TRBJ2-5_TRA:CAASALRAGGTSYGKLTF;TRB:CASSLGDRWQETQYF_P25	0.00314960629921259	2	P25-Baseline	7.404664938911515e-4	2	No	No	pre_post_share	R-pre_existing
P25	R	051	good	severe	B	good	good	P25-Treat	TRAV9-2;TRBV20-1_;TRBD1_TRAJ42;TRBJ2-7_TRA:CARGGYGGSQGNLIF;TRB:CSASRTGGDEQYF_P25	0.00314960629921259	2	NA	NA	NA	NA	No	post_specific	R-post_novel
P25	R	051	good	severe	B	good	good	P25-Treat	TRAV2;TRBV2_;_TRAJ36;TRBJ2-3_TRA:CAVETPQTGANNLFF;TRB:CASSESGSSTDTQYF_P25	0.02519685039370078	16	P25-Baseline	0.02961865975564605	80	Yes	Yes	pre_post_share	R-pre_existing
P25	R	051	good	severe	B	good	good	P25-Treat	TRAV5;TRBV9_;_TRAJ9;TRBJ2-1_TRA:CAESIGTGGFKTIF;TRB:CASSVAGLAGQEQFF_P25	0.00314960629921259	2	NA	NA	NA	NA	No	post_specific	R-post_novel
P25	R	051	good	severe	B	good	good	P25-Treat	TRAV12-2;TRBV18_;_TRAJ6;TRBJ1-1_TRA:CAVKGAGGSYIPTF;TRB:CASSELGASSEAFF_P25	0.00314960629921259	2	P25-Baseline	3.702332469455758e-4	1	No	No	pre_post_share	R-pre_existing
P25	R	051	good	severe	B	good	good	P25-Treat	TRAV24;TRBV7-3_;_TRAJ40;TRBJ2-1_TRA:CAFGTYKYIF;TRB:CASSLIQGGGNEQFF_P25	0.00314960629921259	2	NA	NA	NA	NA	No	post_specific	R-post_novel
P25	R	051	good	severe	B	good	good	P25-Treat	TRAV26-1;TRBV18_;_TRAJ29;TRBJ2-2_TRA:CIVRFHSGNTPLVF;TRB:CASSQFPTGGLGELFF_P25	0.00472440944881889	3	P25-Baseline	0.00111069974083672	3	No	No	pre_post_share	R-pre_existing
P25	R	051	good	severe	B	good	good	P25-Treat	TRAV3;TRBV6-6_;TRBD1_TRAJ28;TRBJ2-7_TRA:CAVRDSGAGSYQLTF;TRB:CASLGQGYEQYF_P25	0.00314960629921259	2	P25-Baseline	0.0044427989633469	12	No	No	pre_post_share	R-pre_existing
P25	R	051	good	severe	B	good	good	P25-Treat	TRAV12-1;TRBV29-1_;TRBD1_TRAJ31;TRBJ2-7_TRA:CVVTPTNARLMF;TRB:CSVGPRDRGSYEQYF_P25	0.01259842519685039	8	P25-Baseline	0.00592373195112921	16	No	Yes	pre_post_share	R-pre_existing
P25	R	051	good	severe	B	good	good	P25-Treat	TRAV17;TRBV15_;_TRAJ43;TRBJ2-1_TRA:CAAGDMRF;TRB:CATSRDGLGVGNEQFF_P25	0.00472440944881889	3	P25-Baseline	0.00481303221029248	13	No	No	pre_post_share	R-pre_existing
P25	R	051	good	severe	B	good	good	P25-Treat	TRAV21;TRBV7-9_;TRBD1_TRAJ9;TRBJ2-2_TRA:CAVRGGGFKTIF;TRB:CASSSFRGADGELFF_P25	0.00314960629921259	2	P25-Baseline	3.702332469455758e-4	1	No	No	pre_post_share	R-pre_existing
P25	R	051	good	severe	B	good	good	P25-Treat	TRAV17;TRBV28_;_TRAJ6;TRBJ2-1_TRA:CATASGGSYIPTF;TRB:CASSLRGYNEQFF_P25	0.01574803149606299	10	P25-Baseline	0.00592373195112921	16	No	Yes	pre_post_share	R-pre_existing
P25	R	051	good	severe	B	good	good	P25-Treat	TRAV26-1;TRBV29-1_;TRBD1_TRAJ20;TRBJ2-5_TRA:CIVTGDYKLSF;TRB:CSVEDLKLAGQETQYF_P25	0.00629921259842519	4	P25-Baseline	3.702332469455758e-4	1	No	No	pre_post_share	R-pre_existing
P25	R	051	good	severe	B	good	good	P25-Treat	TRAV22;TRBV2_;_TRAJ15;TRBJ1-1_TRA:CAVVNQAGTALIF;TRB:CASRRSQNTEAFF_P25	0.00314960629921259	2	P25-Baseline	3.702332469455758e-4	1	No	No	pre_post_share	R-pre_existing
P25	R	051	good	severe	B	good	good	P25-Treat	TRAV13-2;TRBV6-5_;_TRAJ54;TRBJ1-1_TRA:CAENERIIQGAQKLVF;TRB:CASSDSFAAFF_P25	0.00314960629921259	2	NA	NA	NA	NA	No	post_specific	R-post_novel
P25	R	051	good	severe	B	good	good	P25-Treat	TRAV8-4;TRBV10-1_;TRBD1_TRAJ44;TRBJ2-4_TRA:CAVSGGGTGTASKLTF;TRB:CASSPGGQYADIQYF_P25	0.00314960629921259	2	NA	NA	NA	NA	No	post_specific	R-post_novel
P25	R	051	good	severe	B	good	good	P25-Treat	TRAV19;TRBV30_;_TRAJ6;TRBJ2-5_TRA:CALGGGYIPTF;TRB:CAWSVYSRETQYF_P25	0.00314960629921259	2	P25-Baseline	0.00259163272861903	7	No	No	pre_post_share	R-pre_existing
P25	R	051	good	severe	B	good	good	P25-Treat	TRAV19;TRBV4-1_;TRBD1_TRAJ52;TRBJ2-7_TRA:CALTWAGGTSYGKLTF;TRB:CASSHRDRVSYEQYF_P25	0.00314960629921259	2	P25-Baseline	0.0014809329877823	4	No	No	pre_post_share	R-pre_existing
P25	R	051	good	severe	B	good	good	P25-Treat	TRAV13-1;TRBV2_;TRBD1_TRAJ52;TRBJ1-6_TRA:CAAAGGTSYGKLTF;TRB:CASSRYWTGGNSPLHF_P25	0.00314960629921259	2	P25-Baseline	3.702332469455758e-4	1	No	No	pre_post_share	R-pre_existing
P25	R	051	good	severe	B	good	good	P25-Treat	TRAV8-3;TRBV6-2_;_TRAJ45;TRBJ1-1_TRA:CAVGAKGGGADGLTF;TRB:CASSYSTGVTEAFF_P25	0.00472440944881889	3	P25-Baseline	0.00111069974083672	3	No	No	pre_post_share	R-pre_existing
P25	R	051	good	severe	B	good	good	P25-Treat	TRAV14/DV4;TRBV9_;TRBD1_TRAJ3;TRBJ2-5_TRA:CAMREEYSSASKIIF;TRB:CASSGGQGAGETQYF_P25	0.00314960629921259	2	P25-Baseline	7.404664938911515e-4	2	No	No	pre_post_share	R-pre_existing
P25	R	051	good	severe	B	good	good	P25-Treat	TRAV1-2;TRBV10-2_;TRBD1_TRAJ37;TRBJ2-7_TRA:CAVRPRDTGKLIF;TRB:CASSAGQSEQYF_P25	0.00472440944881889	3	P25-Baseline	7.404664938911515e-4	2	No	No	pre_post_share	R-pre_existing
P25	R	051	good	severe	B	good	good	P25-Treat	TRAV24;TRBV6-5_;_TRAJ47;TRBJ2-5_TRA:CAVFKDKLVF;TRB:CASSYQRTGPTQYF_P25	0.00314960629921259	2	NA	NA	NA	NA	No	post_specific	R-post_novel
P25	R	051	good	severe	B	good	good	P25-Treat	TRAV21;TRBV27_;_TRAJ26;TRBJ2-5_TRA:CAVDYYGQNFVF;TRB:CASSLSQAETQYF_P25	0.06299212598425197	40	P25-Baseline	0.0396149574231766	107	Yes	Yes	pre_post_share	R-pre_existing
P25	R	051	good	severe	B	good	good	P25-Treat	TRAV21;TRBV5-6_;_TRAJ8;TRBJ1-1_TRA:CAVPNTGFQKLVF;TRB:CASSFGRDTEAFF_P25	0.00314960629921259	2	P25-Baseline	0.0029618659755646	8	No	No	pre_post_share	R-pre_existing
P25	R	051	good	severe	B	good	good	P25-Treat	TRAV22;TRBV28_;_TRAJ4;TRBJ2-7_TRA:CAVDPGGYNKLIF;TRB:CASSTRRNEQYF_P25	0.00314960629921259	2	NA	NA	NA	NA	No	post_specific	R-post_novel
P25	R	051	good	severe	B	good	good	P25-Treat	TRAV1-1;TRBV7-8_;_TRAJ28;TRBJ2-7_TRA:CAAYSGAGSYQLTF;TRB:CASSFQTGSSYEQYF_P25	0.00787401574803149	5	P25-Baseline	0.00925583117363939	25	No	No	pre_post_share	R-pre_existing
P25	R	051	good	severe	B	good	good	P25-Treat	TRAV27;TRBV4-1_;_TRAJ29;TRBJ1-2_TRA:CAGANSGNTPLVF;TRB:CASSQGSQFYGYTF_P25	0.00629921259842519	4	NA	NA	NA	NA	No	post_specific	R-post_novel
P25	R	051	good	severe	B	good	good	P25-Treat	TRAV1-2;TRBV14_;_TRAJ27;TRBJ2-7_TRA:CAVRGDNTNAGKSTF;TRB:CASSRSSGSRYEQYF_P25	0.01732283464566929	11	P25-Baseline	0.00592373195112921	16	No	Yes	pre_post_share	R-pre_existing
P25	R	051	good	severe	B	good	good	P25-Treat	TRAV12-2;TRBV14_;_TRAJ28;TRBJ2-7_TRA:CAGGDSGAGSYQLTF;TRB:CASSRSSGSRYEQYF_P25	0.01574803149606299	10	P25-Baseline	0.01147723065531284	31	Yes	Yes	pre_post_share	R-pre_existing
P25	R	051	good	severe	B	good	good	P25-Treat	TRAV38-2/DV8;TRBV24-1_;TRBD1_TRAJ28;TRBJ2-2_TRA:CAYRSPYSGAGSYQLTF;TRB:CATSVALGTGDTGELFF_P25	0.00472440944881889	3	P25-Baseline	0.0014809329877823	4	No	No	pre_post_share	R-pre_existing
P25	R	051	good	severe	B	good	good	P25-Treat	TRAV22;TRBV7-2_;TRBD1_TRAJ21;TRBJ1-6_TRA:CAVVLYNFNKFYF;TRB:CASSLDGAGVGSPLHF_P25	0.00314960629921259	2	P25-Baseline	0.0014809329877823	4	No	No	pre_post_share	R-pre_existing
P25	R	051	good	severe	B	good	good	P25-Treat	TRAV3;TRBV7-7_;_TRAJ13;TRBJ2-5_TRA:CAVRGFSGGYQKVTF;TRB:CASSNNAPAGGQETQYF_P25	0.01259842519685039	8	P25-Baseline	0.00407256571640133	11	No	Yes	pre_post_share	R-pre_existing
P25	R	051	good	severe	B	good	good	P25-Treat	TRAV12-1;TRBV28_;_TRAJ10;TRBJ1-1_TRA:CVVNDLPGGGNKLTF;TRB:CASSLGQNTEAFF_P25	0.00472440944881889	3	P25-Baseline	0.00370233246945575	10	No	No	pre_post_share	R-pre_existing
P25	R	051	good	severe	B	good	good	P25-Treat	TRAV27;TRBV30_;_TRAJ49;TRBJ2-5_TRA:CAGGTGNQFYF;TRB:CAWSGDYKQETQYF_P25	0.00314960629921259	2	P25-Baseline	0.0014809329877823	4	No	No	pre_post_share	R-pre_existing
P25	R	051	good	severe	B	good	good	P25-Treat	TRAV35;TRBV7-9_;TRBD1_TRAJ32;TRBJ2-5_TRA:CAGRGATNKLIF;TRB:CASFGTGGQETQYF_P25	0.00629921259842519	4	P25-Baseline	0.00333209922251018	9	No	No	pre_post_share	R-pre_existing
P25	R	051	good	severe	B	good	good	P25-Treat	TRAV12-2;TRBV7-9_;_TRAJ20;TRBJ2-6_TRA:CGVDYKLSF;TRB:CASSPGLAGSSGANVLTF_P25	0.00314960629921259	2	P25-Baseline	7.404664938911515e-4	2	No	No	pre_post_share	R-pre_existing
P25	R	051	good	severe	B	good	good	P25-Treat	TRAV12-1;TRBV27_;_TRAJ41;TRBJ2-7_TRA:CVVNGGGYALNF;TRB:CASSLLGGIDEQYF_P25	0.00314960629921259	2	NA	NA	NA	NA	No	post_specific	R-post_novel
P25	R	051	good	severe	B	good	good	P25-Treat	TRAV17;TRBV7-8_;TRBD1_TRAJ9;TRBJ2-7_TRA:CAINTGGFKTIF;TRB:CASSARRGREWEQYF_P25	0.00314960629921259	2	P25-Baseline	0.00222139948167345	6	No	No	pre_post_share	R-pre_existing
P25	R	051	good	severe	B	good	good	P25-Treat	TRAV3;TRBV11-3_;_TRAJ34;TRBJ2-1_TRA:CAVRELGNTDKLIF;TRB:CASSLVADGGRDEQFF_P25	0.00472440944881889	3	P25-Baseline	0.00370233246945575	10	No	No	pre_post_share	R-pre_existing
P25	R	051	good	severe	B	good	good	P25-Treat	TRAV21;TRBV6-5_;_TRAJ58;TRBJ2-5_TRA:CAPTGGVETSGSRLTF;TRB:CASRLLAGAETQYF_P25	0.00314960629921259	2	P25-Baseline	0.00333209922251018	9	No	No	pre_post_share	R-pre_existing
P25	R	051	good	severe	B	good	good	P25-Treat	TRAV3;TRBV7-9_;TRBD1_TRAJ48;TRBJ1-1_TRA:CAVRDFTAEKLTF;TRB:CASGQPNTEAFF_P25	0.00314960629921259	2	P25-Baseline	3.702332469455758e-4	1	No	No	pre_post_share	R-pre_existing
P25	R	051	good	severe	B	good	good	P25-Treat	TRAV14/DV4;TRBV5-1_;_TRAJ20;TRBJ2-5_TRA:CAINDYKLSF;TRB:CASSPTWANRAQETQYF_P25	0.00314960629921259	2	NA	NA	NA	NA	No	post_specific	R-post_novel
P25	R	051	good	severe	B	good	good	P25-Treat	TRAV30;TRBV27_;_TRAJ52;TRBJ1-2_TRA:CGPSGYNAGGTSYGKLTF;TRB:CASSLVPLGSYGYTF_P25	0.00314960629921259	2	NA	NA	NA	NA	No	post_specific	R-post_novel
P25	R	051	good	severe	B	good	good	P25-Treat	TRAV3;TRBV9_;_TRAJ34;TRBJ1-3_TRA:CAVRDIAGDKLIF;TRB:CASSLTGPGNTIYF_P25	0.00472440944881889	3	P25-Baseline	0.00259163272861903	7	No	No	pre_post_share	R-pre_existing
P25	R	051	good	severe	B	good	good	P25-Treat	TRAV8-3;TRBV2_;_TRAJ20;TRBJ2-5_TRA:CAVGGGDYKLSF;TRB:CASSRRQGSETQYF_P25	0.00944881889763779	6	P25-Baseline	3.702332469455758e-4	1	No	No	pre_post_share	R-pre_existing
P25	R	051	good	severe	B	good	good	P25-Treat	TRAV14/DV4;TRBV5-1_;_TRAJ53;TRBJ2-7_TRA:CAIFSGGSNYKLTF;TRB:CASSLGGGLYEQYF_P25	0.00314960629921259	2	P25-Baseline	0.01073676416142169	29	Yes	No	pre_post_share	R-pre_existing
P25	R	051	good	severe	B	good	good	P25-Treat	TRAV12-1;TRBV20-1_;_TRAJ33;TRBJ2-5_TRA:CVVNRDSNYQLIW;TRB:CSAPPFPLGEEGETQYF_P25	0.01259842519685039	8	P25-Baseline	0.00111069974083672	3	No	Yes	pre_post_share	R-pre_existing
P25	R	051	good	severe	B	good	good	P25-Treat	TRAV17;TRBV5-1_;_TRAJ52;TRBJ1-2_TRA:CATPNAGGTSYGKLTF;TRB:CASSGGQTIYTF_P25	0.00629921259842519	4	P25-Baseline	0.0044427989633469	12	No	No	pre_post_share	R-pre_existing
P25	R	051	good	severe	B	good	good	P25-Treat	TRAV21;TRBV29-1_;TRBD2_TRAJ36;TRBJ2-1_TRA:CAVQTGANNLFF;TRB:CSARTSGRRAYNEQFF_P25	0.00314960629921259	2	NA	NA	NA	NA	No	post_specific	R-post_novel
P25	R	051	good	severe	B	good	good	P25-Treat	TRAV14/DV4;TRBV20-1_;TRBD2_TRAJ13;TRBJ2-1_TRA:CALYSGGYQKVTF;TRB:CRLGTSGRSHYNEQFF_P25	0.00629921259842519	4	NA	NA	NA	NA	No	post_specific	R-post_novel
P25	R	051	good	severe	B	good	good	P25-Treat	TRAV14/DV4;TRBV6-1_;_TRAJ22;TRBJ2-4_TRA:CAMRDDFSGSARQLTF;TRB:CASSWTTANKNIQYF_P25	0.00314960629921259	2	P25-Baseline	3.702332469455758e-4	1	No	No	pre_post_share	R-pre_existing
P25	R	051	good	severe	B	good	good	P25-Treat	TRAV12-3;TRBV6-1_;_TRAJ20;TRBJ2-1_TRA:CAMRDYKLSF;TRB:CASSEAIVAGGLDEQFF_P25	0.01259842519685039	8	P25-Baseline	0.0044427989633469	12	No	Yes	pre_post_share	R-pre_existing
P25	R	051	good	severe	B	good	good	P25-Treat	TRAV13-2;TRBV18_;TRBD1_TRAJ49;TRBJ1-2_TRA:CAVTVTGNQFYF;TRB:CASSSDRGRGYTF_P25	0.00314960629921259	2	NA	NA	NA	NA	No	post_specific	R-post_novel
P25	R	051	good	severe	B	good	good	P25-Treat	TRAV8-1;TRBV30_;_TRAJ34;TRBJ2-7_TRA:CAVKRGDNTDKLIF;TRB:CAWSVPPAEQYF_P25	0.00314960629921259	2	P25-Baseline	0.00222139948167345	6	No	No	pre_post_share	R-pre_existing
P25	R	051	good	severe	B	good	good	P25-Treat	TRAV12-3;TRBV28_;_TRAJ49;TRBJ2-1_TRA:CAMKYTGNQFYF;TRB:CASSLRGVTYNEQFF_P25	0.01417322834645669	9	P25-Baseline	0.0044427989633469	12	No	Yes	pre_post_share	R-pre_existing
P25	R	051	good	severe	B	good	good	P25-Treat	TRAV10;TRBV28_;TRBD1_TRAJ27;TRBJ2-1_TRA:CVVSGNAGKSTF;TRB:CASSLEGTGHYNEQFF_P25	0.00314960629921259	2	P25-Baseline	3.702332469455758e-4	1	No	No	pre_post_share	R-pre_existing
P25	R	051	good	severe	B	good	good	P25-Treat	TRAV12-1;TRBV20-1_;_TRAJ9;TRBJ2-5_TRA:CVVNSNTGGFKTIF;TRB:CSATLLGDTQETQYF_P25	0.00629921259842519	4	P25-Baseline	3.702332469455758e-4	1	No	No	pre_post_share	R-pre_existing
P25	R	051	good	severe	B	good	good	P25-Treat	TRAV13-1;TRBV9_;_TRAJ16;TRBJ2-1_TRA:CAASKGGQKLLF;TRB:CASSSRTSGTKNEQFF_P25	0.00472440944881889	3	P25-Baseline	0.00407256571640133	11	No	No	pre_post_share	R-pre_existing
P25	R	051	good	severe	B	good	good	P25-Treat	TRAV13-1;TRBV6-6_;_TRAJ48;TRBJ2-2_TRA:CAGYAFGNEKLTF;TRB:CASSYSKNTGELFF_P25	0.00314960629921259	2	NA	NA	NA	NA	No	post_specific	R-post_novel
P25	R	051	good	severe	B	good	good	P25-Treat	TRAV12-3;TRBV6-5_;_TRAJ11;TRBJ2-1_TRA:CAMSAGDSGYSTLTF;TRB:CASSPGREQFF_P25	0.00314960629921259	2	P25-Baseline	0.00222139948167345	6	No	No	pre_post_share	R-pre_existing
P25	R	051	good	severe	B	good	good	P25-Treat	TRAV8-1;TRBV5-1_;_TRAJ7;TRBJ2-1_TRA:CAVNEGEGNNRLAF;TRB:CASFFTRGAYNEQFF_P25	0.011023622047244091	7	P25-Baseline	0.01110699740836727	30	Yes	Yes	pre_post_share	R-pre_existing
P25	R	051	good	severe	B	good	good	P25-Treat	TRAV21;TRBV30_;_TRAJ49;TRBJ1-2_TRA:CAVWGGNQFYF;TRB:CAWSVTRIGYTF_P25	0.00314960629921259	2	P25-Baseline	0.00185116623472787	5	No	No	pre_post_share	R-pre_existing
P26	R	052	good	severe	B	good	good	P26-Treat	TRAV3;TRBV11-3_;_TRAJ28;TRBJ2-1_TRA:CAVRDSGAGSYQLTF;TRB:CASSPRTGVGEQFF_P26	0.0017825311942959	3	NA	NA	NA	NA	No	post_specific	R-post_novel
P26	R	052	good	severe	B	good	good	P26-Treat	TRAV12-2;TRBV27_;_TRAJ16;TRBJ2-2_TRA:CAVTSDGQKLLF;TRB:CASSLSAPPSTGELFF_P26	0.0011883541295306	2	P26-Baseline	0.00134138162307176	6	No	No	pre_post_share	R-pre_existing
P26	R	052	good	severe	B	good	good	P26-Treat	TRAV12-2;TRBV20-1_;TRBD2_TRAJ24;TRBJ2-1_TRA:CAVGRSTDSWGKLQF;TRB:CSARDTTGTSGRWGDYNEQFF_P26	0.0017825311942959	3	P26-Baseline	8.94254415381176e-4	4	No	No	pre_post_share	R-pre_existing
P26	R	052	good	severe	B	good	good	P26-Treat	TRAV12-1;TRBV20-1_;TRBD1_TRAJ23;TRBJ1-2_TRA:CVVYLLGNQGGKLIF;TRB:CSARWTGEHGYTF_P26	0.0017825311942959	3	P26-Baseline	2.23563603845294e-4	1	No	No	pre_post_share	R-pre_existing
P26	R	052	good	severe	B	good	good	P26-Treat	TRAV21;TRBV7-9_;TRBD2_TRAJ20;TRBJ2-7_TRA:CAVYNDYKLSF;TRB:CASSFPGLAGAKTYEQYF_P26	0.0011883541295306	2	NA	NA	NA	NA	No	post_specific	R-post_novel
P26	R	052	good	severe	B	good	good	P26-Treat	TRAV12-2;TRBV9_;TRBD2_TRAJ37;TRBJ2-1_TRA:CAVFSSNTGKLIF;TRB:CASKGLEGEDEQFF_P26	0.0011883541295306	2	NA	NA	NA	NA	No	post_specific	R-post_novel
P26	R	052	good	severe	B	good	good	P26-Treat	TRAV8-3;TRBV6-2_;_TRAJ40;TRBJ2-3_TRA:CAVGPTTSGTYKYIF;TRB:CASSYSRFTTDTQYF_P26	0.0029708853238265	5	NA	NA	NA	NA	No	post_specific	R-post_novel
P26	R	052	good	severe	B	good	good	P26-Treat	TRAV8-3;TRBV6-5_;_TRAJ45;TRBJ2-7_TRA:CAVRGGADGLTF;TRB:CASTPSGRRREQYF_P26	0.0011883541295306	2	NA	NA	NA	NA	No	post_specific	R-post_novel
P26	R	052	good	severe	B	good	good	P26-Treat	TRAV25;TRBV4-2_;_TRAJ34;TRBJ2-1_TRA:CAGPGYNTDKLIF;TRB:CASSQDWGGGLAYNEQFF_P26	0.0011883541295306	2	NA	NA	NA	NA	No	post_specific	R-post_novel
P26	R	052	good	severe	B	good	good	P26-Treat	TRAV12-2;TRBV11-2_;TRBD1_TRAJ23;TRBJ2-5_TRA:CAVNNQGGKLIF;TRB:CASSLGPGGFQETQYF_P26	0.0011883541295306	2	NA	NA	NA	NA	No	post_specific	R-post_novel
P26	R	052	good	severe	B	good	good	P26-Treat	TRAV21;TRBV29-1_;TRBD1_TRAJ17;TRBJ2-3_TRA:CAVIKAAGNKLTF;TRB:CSVGQGGDTQYF_P26	0.0011883541295306	2	P26-Baseline	6.706908115358819e-4	3	No	No	pre_post_share	R-pre_existing
P26	R	052	good	severe	B	good	good	P26-Treat	TRAV3;TRBV11-3_;_TRAJ8;TRBJ2-7_TRA:CAVRDNTGFQKLVF;TRB:CASSPRTGIYEQYF_P26	0.0011883541295306	2	NA	NA	NA	NA	No	post_specific	R-post_novel
P26	R	052	good	severe	B	good	good	P26-Treat	TRAV13-1;TRBV25-1_;_TRAJ43;TRBJ1-4_TRA:CAASIYDMRF;TRB:CASSEGEKLFF_P26	0.0023767082590612	4	NA	NA	NA	NA	No	post_specific	R-post_novel
P26	R	052	good	severe	B	good	good	P26-Treat	TRAV5;TRBV24-1_;TRBD1_TRAJ11;TRBJ2-7_TRA:CAERGYSTLTF;TRB:CATSDLGDRGFHEQYF_P26	0.0023767082590612	4	NA	NA	NA	NA	No	post_specific	R-post_novel
P26	R	052	good	severe	B	good	good	P26-Treat	TRAV12-2;TRBV11-3_;_TRAJ40;TRBJ2-1_TRA:CAAVSGTYKYIF;TRB:CASSPQGLYNEQFF_P26	0.0011883541295306	2	P26-Baseline	6.706908115358819e-4	3	No	No	pre_post_share	R-pre_existing
P26	R	052	good	severe	B	good	good	P26-Treat	TRAV41;TRBV20-1_;_TRAJ45;TRBJ2-1_TRA:CAVRGGGGADGLTF;TRB:CSARGKATGGWHEQFF_P26	0.0017825311942959	3	NA	NA	NA	NA	No	post_specific	R-post_novel
P26	R	052	good	severe	B	good	good	P26-Treat	TRAV20;TRBV3-1_;_TRAJ48;TRBJ2-3_TRA:CAVRNFGNEKLTF;TRB:CASSQEVQLAKTDTQYF_P26	0.0011883541295306	2	NA	NA	NA	NA	No	post_specific	R-post_novel
P26	R	052	good	severe	B	good	good	P26-Treat	TRAV41;TRBV2_;_TRAJ52;TRBJ1-2_TRA:CAVPAYAGGTSYGKLTF;TRB:CASSDGGDSLSYGYTF_P26	0.0017825311942959	3	P26-Baseline	0.00402414486921529	18	No	No	pre_post_share	R-pre_existing
P26	R	052	good	severe	B	good	good	P26-Treat	TRAV21;TRBV5-1_;_TRAJ20;TRBJ1-1_TRA:CAVGSNDYKLSF;TRB:CASSPLRPKDDTEAFF_P26	0.0071301247771836	12	P26-Baseline	0.00134138162307176	6	No	No	pre_post_share	R-pre_existing
P26	R	052	good	severe	B	good	good	P26-Treat	TRAV14/DV4;TRBV15_;_TRAJ49;TRBJ2-5_TRA:CAMREPTGNQFYF;TRB:CATSRDPSSRVGTQYF_P26	0.0029708853238265	5	P26-Baseline	0.00491839928459646	22	No	No	pre_post_share	R-pre_existing
P26	R	052	good	severe	B	good	good	P26-Treat	TRAV4;TRBV7-9_;_TRAJ28;TRBJ2-5_TRA:CLLAGAGSYQLTF;TRB:CASSWGLAGNQETQYF_P26	0.0011883541295306	2	NA	NA	NA	NA	No	post_specific	R-post_novel
P26	R	052	good	severe	B	good	good	P26-Treat	TRAV12-1;TRBV7-8_;TRBD1_TRAJ15;TRBJ1-4_TRA:CVVIQAGTALIF;TRB:CASSLEGTGDEKLFF_P26	0.0011883541295306	2	NA	NA	NA	NA	No	post_specific	R-post_novel
P26	R	052	good	severe	B	good	good	P26-Treat	TRAV5;TRBV20-1_;TRBD1_TRAJ31;TRBJ1-5_TRA:CADLRNNNARLMF;TRB:CSAREGGQGVRQPQHF_P26	0.0011883541295306	2	P26-Baseline	6.706908115358819e-4	3	No	No	pre_post_share	R-pre_existing
P26	R	052	good	severe	B	good	good	P26-Treat	TRAV12-1;TRBV9_;_TRAJ39;TRBJ2-6_TRA:CVVNHAGNMLTF;TRB:CASSVEASGANVLTF_P26	0.0368389780154486	62	P26-Baseline	0.00625978090766823	28	No	Yes	pre_post_share	R-pre_existing
P26	R	052	good	severe	B	good	good	P26-Treat	TRAV13-1;TRBV24-1_;TRBD1_TRAJ23;TRBJ2-1_TRA:CAASRGNQGGKLIF;TRB:CATALVDRGYNEQFF_P26	0.0011883541295306	2	P26-Baseline	2.23563603845294e-4	1	No	No	pre_post_share	R-pre_existing
P26	R	052	good	severe	B	good	good	P26-Treat	TRAV13-2;TRBV6-2_;_TRAJ27;TRBJ2-7_TRA:CAENISTNAGKSTF;TRB:CASSYPVPYEQYF_P26	0.0017825311942959	3	NA	NA	NA	NA	No	post_specific	R-post_novel
P26	R	052	good	severe	B	good	good	P26-Treat	TRAV8-1;TRBV27_;TRBD1_TRAJ23;TRBJ2-3_TRA:CAVIYNQGGKLIF;TRB:CASSWGQGTTDTQYF_P26	0.0017825311942959	3	NA	NA	NA	NA	No	post_specific	R-post_novel
P26	R	052	good	severe	B	good	good	P26-Treat	TRAV26-2;TRBV4-1_;_TRAJ47;TRBJ2-5_TRA:CILTYGNKLVF;TRB:CASSQERGWGTQYF_P26	0.0023767082590612	4	NA	NA	NA	NA	No	post_specific	R-post_novel
P26	R	052	good	severe	B	good	good	P26-Treat	TRAV8-1;TRBV7-8_;_TRAJ39;TRBJ2-3_TRA:CAVNPERAGNMLTF;TRB:CASSFGTDTQYF_P26	0.0011883541295306	2	NA	NA	NA	NA	No	post_specific	R-post_novel
P26	R	052	good	severe	B	good	good	P26-Treat	TRAV12-1;TRBV9_;_TRAJ31;TRBJ2-2_TRA:CVVRGNNNARLMF;TRB:CASSVGLGGELFF_P26	0.0023767082590612	4	NA	NA	NA	NA	No	post_specific	R-post_novel
P26	R	052	good	severe	B	good	good	P26-Treat	TRAV17;TRBV5-4_;TRBD1_TRAJ20;TRBJ2-2_TRA:CATVLNDYKLSF;TRB:CASRGAGELFF_P26	0.0011883541295306	2	P26-Baseline	4.47127207690588e-4	2	No	No	pre_post_share	R-pre_existing
P26	R	052	good	severe	B	good	good	P26-Treat	TRAV29/DV5;TRBV11-3_;_TRAJ13;TRBJ2-1_TRA:CAAGGYQKVTF;TRB:CASNPAGARSGQFF_P26	0.0017825311942959	3	NA	NA	NA	NA	No	post_specific	R-post_novel
P26	R	052	good	severe	B	good	good	P26-Treat	TRAV8-2;TRBV4-1_;_TRAJ23;TRBJ1-2_TRA:CVVRSPYNQGGKLIF;TRB:CASSIDREVWYGYTF_P26	0.0011883541295306	2	NA	NA	NA	NA	No	post_specific	R-post_novel
P26	R	052	good	severe	B	good	good	P26-Treat	TRAV4;TRBV11-2_;TRBD2_TRAJ11;TRBJ2-1_TRA:CLVGDRGYSTLTF;TRB:CASSPGGSGLAGAYNEQFF_P26	0.0011883541295306	2	NA	NA	NA	NA	No	post_specific	R-post_novel
P26	R	052	good	severe	B	good	good	P26-Treat	TRAV39;TRBV7-7_;_TRAJ53;TRBJ1-5_TRA:CAVDNISGGSNYKLTF;TRB:CASSLAPGQPQHF_P26	0.0017825311942959	3	P26-Baseline	4.47127207690588e-4	2	No	No	pre_post_share	R-pre_existing
P26	R	052	good	severe	B	good	good	P26-Treat	TRAV17;TRBV18_;_TRAJ32;TRBJ2-3_TRA:CATGYGGATNKLIF;TRB:CASSPSQGADTQYF_P26	0.0011883541295306	2	NA	NA	NA	NA	No	post_specific	R-post_novel
P26	R	052	good	severe	B	good	good	P26-Treat	TRAV21;TRBV4-1_;TRBD1_TRAJ53;TRBJ1-5_TRA:CAGYSGGSNYKLTF;TRB:CASSQPGQPGNQPQHF_P26	0.0017825311942959	3	NA	NA	NA	NA	No	post_specific	R-post_novel
P26	R	052	good	severe	B	good	good	P26-Treat	TRAV17;TRBV7-9_;_TRAJ39;TRBJ2-1_TRA:CATDDNAGNMLTF;TRB:CASSSWTSPTYNEQFF_P26	0.0011883541295306	2	NA	NA	NA	NA	No	post_specific	R-post_novel
P26	R	052	good	severe	B	good	good	P26-Treat	TRAV9-2;TRBV12-4_;_TRAJ26;TRBJ1-1_TRA:CALSENYGQNFVF;TRB:CASSPLAVNTEAFF_P26	0.0011883541295306	2	P26-Baseline	2.23563603845294e-4	1	No	No	pre_post_share	R-pre_existing
P26	R	052	good	severe	B	good	good	P26-Treat	TRAV1-2;TRBV7-9_;_TRAJ40;TRBJ2-5_TRA:CAVRDWQGSGTYKYIF;TRB:CASSWGLAGNQETQYF_P26	0.0017825311942959	3	NA	NA	NA	NA	No	post_specific	R-post_novel
P26	R	052	good	severe	B	good	good	P26-Treat	TRAV8-2;TRBV15_;_TRAJ40;TRBJ1-2_TRA:CVVRVSGTYKYIF;TRB:CATSSTGTPNYGYTF_P26	0.0011883541295306	2	NA	NA	NA	NA	No	post_specific	R-post_novel
P26	R	052	good	severe	B	good	good	P26-Treat	TRAV13-1;TRBV24-1_;_TRAJ11;TRBJ2-5_TRA:CAAENSGYSTLTF;TRB:CATSVSPSETQYF_P26	0.0029708853238265	5	P26-Baseline	2.23563603845294e-4	1	No	No	pre_post_share	R-pre_existing
P26	R	052	good	severe	B	good	good	P26-Treat	TRAV26-1;TRBV20-1_;TRBD1_TRAJ11;TRBJ2-2_TRA:CIVRVGGYSTLTF;TRB:CSAGTGGNTGELFF_P26	0.0011883541295306	2	NA	NA	NA	NA	No	post_specific	R-post_novel
P26	R	052	good	severe	B	good	good	P26-Treat	TRAV8-3;TRBV7-2_;_TRAJ7;TRBJ1-2_TRA:CAVGTYYGNNRLAF;TRB:CASSPDKMNYGYTF_P26	0.0011883541295306	2	NA	NA	NA	NA	No	post_specific	R-post_novel
P26	R	052	good	severe	B	good	good	P26-Treat	TRAV20;TRBV7-9_;TRBD1_TRAJ30;TRBJ2-5_TRA:CAVQAWRDDKIIF;TRB:CASSRLKTGGTETQYF_P26	0.0095068330362448	16	NA	NA	NA	NA	No	post_specific	R-post_novel
P26	R	052	good	severe	B	good	good	P26-Treat	TRAV1-1;TRBV6-4_;_TRAJ9;TRBJ2-1_TRA:CAVRDGTGGFKTIF;TRB:CASSVNNEQFF_P26	0.0017825311942959	3	P26-Baseline	2.23563603845294e-4	1	No	No	pre_post_share	R-pre_existing
P26	R	052	good	severe	B	good	good	P26-Treat	TRAV13-2;TRBV30_;_TRAJ36;TRBJ2-3_TRA:CAEKAGANNLFF;TRB:CAWNNAGGQGQYF_P26	0.0011883541295306	2	NA	NA	NA	NA	No	post_specific	R-post_novel
P26	R	052	good	severe	B	good	good	P26-Treat	TRAV6;TRBV20-1_;_TRAJ49;TRBJ2-7_TRA:CALSNGNQFYF;TRB:CSVTSGTLYEQYF_P26	0.0011883541295306	2	NA	NA	NA	NA	No	post_specific	R-post_novel
P26	R	052	good	severe	B	good	good	P26-Treat	TRAV8-1;TRBV3-1_;_TRAJ27;TRBJ1-4_TRA:CAVNSGGKSTF;TRB:CASSHGRGNEKLFF_P26	0.0011883541295306	2	P26-Baseline	4.47127207690588e-4	2	No	No	pre_post_share	R-pre_existing
P26	R	052	good	severe	B	good	good	P26-Treat	TRAV24;TRBV4-1_;_TRAJ32;TRBJ2-5_TRA:CASPGGATNKLIF;TRB:CASSPGPLNRETQYF_P26	0.0011883541295306	2	NA	NA	NA	NA	No	post_specific	R-post_novel
P26	R	052	good	severe	B	good	good	P26-Treat	TRAV12-1;TRBV7-6_;_TRAJ52;TRBJ2-7_TRA:CVVNLNAGGTSYGKLTF;TRB:CASSLVLAGGEQYF_P26	0.0017825311942959	3	NA	NA	NA	NA	No	post_specific	R-post_novel
P26	R	052	good	severe	B	good	good	P26-Treat	TRAV3;TRBV9_;TRBD1_TRAJ43;TRBJ2-2_TRA:CAVRDINNDMRF;TRB:CASSVGQGLAGELFF_P26	0.0041592394533571	7	NA	NA	NA	NA	No	post_specific	R-post_novel
P26	R	052	good	severe	B	good	good	P26-Treat	TRAV1-2;TRBV19_;_TRAJ3;TRBJ1-6_TRA:CAVRDYSSASKIIF;TRB:CASSSPRESYNSPLHF_P26	0.0101010101010101	17	NA	NA	NA	NA	No	post_specific	R-post_novel
P26	R	052	good	severe	B	good	good	P26-Treat	TRAV17;TRBV7-2_;_TRAJ53;TRBJ2-1_TRA:CATENSGGSNYKLTF;TRB:CASSLFGSGEQFF_P26	0.0053475935828877	9	P26-Baseline	0.00268276324614352	12	No	No	pre_post_share	R-pre_existing
P26	R	052	good	severe	B	good	good	P26-Treat	TRAV17;TRBV7-9_;_TRAJ52;TRBJ1-2_TRA:CATDRGGKLTF;TRB:CASSPSNDDGYTF_P26	0.0011883541295306	2	NA	NA	NA	NA	No	post_specific	R-post_novel
P26	R	052	good	severe	B	good	good	P26-Treat	TRAV1-2;TRBV30_;_TRAJ31;TRBJ2-7_TRA:CAVRDYNARLMF;TRB:CAWRGREGRLLYEQYF_P26	0.0011883541295306	2	NA	NA	NA	NA	No	post_specific	R-post_novel
P26	R	052	good	severe	B	good	good	P26-Treat	TRAV10;TRBV12-3_;_TRAJ12;TRBJ1-6_TRA:CVVSGVGSYKLIF;TRB:CASSTQGKGSPLHF_P26	0.0017825311942959	3	NA	NA	NA	NA	No	post_specific	R-post_novel
P26	R	052	good	severe	B	good	good	P26-Treat	TRAV14/DV4;TRBV19_;_TRAJ49;TRBJ1-1_TRA:CAMREGSVTGNQFYF;TRB:CASSITGGDTEAFF_P26	0.0047534165181224	8	NA	NA	NA	NA	No	post_specific	R-post_novel
P26	R	052	good	severe	B	good	good	P26-Treat	TRAV29/DV5;TRBV7-9_;_TRAJ13;TRBJ2-3_TRA:CAAGGYQKVTF;TRB:CASSSGGTDTQYF_P26	0.0053475935828877	9	NA	NA	NA	NA	No	post_specific	R-post_novel
P26	R	052	good	severe	B	good	good	P26-Treat	TRAV20;TRBV9_;_TRAJ31;TRBJ1-1_TRA:CAVRGNNARLMF;TRB:CASSGPQNTEAFF_P26	0.0017825311942959	3	NA	NA	NA	NA	No	post_specific	R-post_novel
P26	R	052	good	severe	B	good	good	P26-Treat	TRAV1-1;TRBV6-1_;_TRAJ21;TRBJ2-7_TRA:CAVNNFNKFYF;TRB:CASSEYGDLPGDEQYF_P26	0.0011883541295306	2	NA	NA	NA	NA	No	post_specific	R-post_novel
P26	R	052	good	severe	B	good	good	P26-Treat	TRAV12-1;TRBV9_;_TRAJ6;TRBJ1-2_TRA:CVVNQGGSYIPTF;TRB:CASSVGGPDGFYGYTF_P26	0.0035650623885918	6	NA	NA	NA	NA	No	post_specific	R-post_novel
P26	R	052	good	severe	B	good	good	P26-Treat	TRAV41;TRBV24-1_;_TRAJ28;TRBJ2-3_TRA:CAVRPGAGSYQLTF;TRB:CATSDFLAEMQYF_P26	0.0011883541295306	2	NA	NA	NA	NA	No	post_specific	R-post_novel
P26	R	052	good	severe	B	good	good	P26-Treat	TRAV12-2;TRBV5-1_;_TRAJ48;TRBJ2-7_TRA:CAVSDEGNEKLTF;TRB:CASSLVGSGRSEQYF_P26	0.0011883541295306	2	NA	NA	NA	NA	No	post_specific	R-post_novel
P26	R	052	good	severe	B	good	good	P26-Treat	TRAV25;TRBV20-1_;TRBD2_TRAJ26;TRBJ2-1_TRA:CAVRDNYGQNFVF;TRB:CSARRLAGGMFNEQFF_P26	0.0017825311942959	3	NA	NA	NA	NA	No	post_specific	R-post_novel
P26	R	052	good	severe	B	good	good	P26-Treat	TRAV8-2;TRBV7-8_;_TRAJ22;TRBJ1-5_TRA:CVVSVPGSARQLTF;TRB:CASSLGYDSNQPQHF_P26	0.0023767082590612	4	NA	NA	NA	NA	No	post_specific	R-post_novel
P26	R	052	good	severe	B	good	good	P26-Treat	TRAV25;TRBV9_;_TRAJ43;TRBJ1-3_TRA:CGNNNDMRF;TRB:CASSLEGVGNTIYF_P26	0.0011883541295306	2	NA	NA	NA	NA	No	post_specific	R-post_novel
P26	R	052	good	severe	B	good	good	P26-Treat	TRAV41;TRBV11-2_;TRBD1_TRAJ34;TRBJ1-1_TRA:CAARIFNTDKLIF;TRB:CASSSRTGVWHTEAFF_P26	0.0011883541295306	2	NA	NA	NA	NA	No	post_specific	R-post_novel
P26	R	052	good	severe	B	good	good	P26-Treat	TRAV8-3;TRBV19_;_TRAJ10;TRBJ2-3_TRA:CAVGVLTGGGNKLTF;TRB:CASSISGDTQYF_P26	0.0011883541295306	2	NA	NA	NA	NA	No	post_specific	R-post_novel
P26	R	052	good	severe	B	good	good	P26-Treat	TRAV16;TRBV7-3_;_TRAJ57;TRBJ2-2_TRA:CALSGGGGSEKLVF;TRB:CASSLGGPGELFF_P26	0.0011883541295306	2	NA	NA	NA	NA	No	post_specific	R-post_novel
P26	R	052	good	severe	B	good	good	P26-Treat	TRAV3;TRBV19_;TRBD2_TRAJ28;TRBJ2-1_TRA:CAVRDSGAGSYQLTF;TRB:CASSTPPLAGGYNEQFF_P26	0.0041592394533571	7	P26-Baseline	0.00111781801922646	5	No	No	pre_post_share	R-pre_existing
P26	R	052	good	severe	B	good	good	P26-Treat	TRAV3;TRBV30_;_TRAJ30;TRBJ2-5_TRA:CAVRDLGRDDKIIF;TRB:CASDTPGDQETQYF_P26	0.0011883541295306	2	NA	NA	NA	NA	No	post_specific	R-post_novel
P26	R	052	good	severe	B	good	good	P26-Treat	TRAV3;TRBV30_;_TRAJ15;TRBJ2-1_TRA:CAVSDYQAGTALIF;TRB:CAWSVPGLAGIYNEQFF_P26	0.0011883541295306	2	P26-Baseline	8.94254415381176e-4	4	No	No	pre_post_share	R-pre_existing
P26	R	052	good	severe	B	good	good	P26-Treat	TRAV17;TRBV5-1_;_TRAJ53;TRBJ2-1_TRA:CATGWDSGGSNYKLTF;TRB:CASSLLGLDEQFF_P26	0.0017825311942959	3	NA	NA	NA	NA	No	post_specific	R-post_novel
P26	R	052	good	severe	B	good	good	P26-Treat	TRAV26-2;TRBV18_;_TRAJ41;TRBJ2-1_TRA:CILRAPLNALNF;TRB:CASSPSGREGNNEQFF_P26	0.0077243018419489	13	P26-Baseline	4.47127207690588e-4	2	No	No	pre_post_share	R-pre_existing
P26	R	052	good	severe	B	good	good	P26-Treat	TRAV30;TRBV5-1_;TRBD1_TRAJ54;TRBJ1-1_TRA:CGTEGIQGAQKLVF;TRB:CASSLNVPGQGVNTEAFF_P26	0.0011883541295306	2	NA	NA	NA	NA	No	post_specific	R-post_novel
P26	R	052	good	severe	B	good	good	P26-Treat	TRAV19;TRBV5-4_;TRBD1_TRAJ42;TRBJ2-3_TRA:CALSYGGSQGNLIF;TRB:CASSLRRTGGGDTQYF_P26	0.0011883541295306	2	NA	NA	NA	NA	No	post_specific	R-post_novel
P26	R	052	good	severe	B	good	good	P26-Treat	TRAV2;TRBV30_;_TRAJ26;TRBJ2-7_TRA:CAVEALFVGGQNFVF;TRB:CAWRNLGTGLSYEQYF_P26	0.0011883541295306	2	NA	NA	NA	NA	No	post_specific	R-post_novel
P26	R	052	good	severe	B	good	good	P26-Treat	TRAV8-1;TRBV9_;_TRAJ37;TRBJ2-1_TRA:CAVNALGSSNTGKLIF;TRB:CASSVEGGLAYNEQFF_P26	0.0011883541295306	2	P26-Baseline	2.23563603845294e-4	1	No	No	pre_post_share	R-pre_existing
P26	R	052	good	severe	B	good	good	P26-Treat	TRAV20;TRBV19_;_TRAJ44;TRBJ1-1_TRA:CAVKTGTASKLTF;TRB:CASSIDRRFMNTEAFF_P26	0.0011883541295306	2	NA	NA	NA	NA	No	post_specific	R-post_novel
P26	R	052	good	severe	B	good	good	P26-Treat	TRAV20;TRBV27_;_TRAJ23;TRBJ2-1_TRA:CAVHANQGGKLIF;TRB:CASRKLAGSYNEQFF_P26	0.0011883541295306	2	NA	NA	NA	NA	No	post_specific	R-post_novel
P26	R	052	good	severe	B	good	good	P26-Treat	TRAV4;TRBV27_;_TRAJ44;TRBJ2-7_TRA:CLVGDLDTGTASKLTF;TRB:CASSLSGTYEQYF_P26	0.0035650623885918	6	P26-Baseline	2.23563603845294e-4	1	No	No	pre_post_share	R-pre_existing
P26	R	052	good	severe	B	good	good	P26-Treat	TRAV4;TRBV4-1_;_TRAJ43;TRBJ2-7_TRA:CLVGDSSNDMRF;TRB:CASSPPLLGSQDEQYF_P26	0.0011883541295306	2	NA	NA	NA	NA	No	post_specific	R-post_novel
P26	R	052	good	severe	B	good	good	P26-Treat	TRAV17;TRBV20-1_;TRBD1_TRAJ9;TRBJ1-4_TRA:CATDAGTGGFKTIF;TRB:CSAREIQGVGEKLFF_P26	0.0023767082590612	4	NA	NA	NA	NA	No	post_specific	R-post_novel
P26	R	052	good	severe	B	good	good	P26-Treat	TRAV12-1;TRBV7-2_;_TRAJ21;TRBJ2-7_TRA:CVVLYNFNKFYF;TRB:CASSPLVGEQYF_P26	0.0017825311942959	3	NA	NA	NA	NA	No	post_specific	R-post_novel
P26	R	052	good	severe	B	good	good	P26-Treat	TRAV20;TRBV7-9_;_TRAJ6;TRBJ2-7_TRA:CAVASGGSYIPTF;TRB:CASSLEAGSEQYF_P26	0.0023767082590612	4	P26-Baseline	0.00156494522691705	7	No	No	pre_post_share	R-pre_existing
P26	R	052	good	severe	B	good	good	P26-Treat	TRAV12-2;TRBV5-1_;_TRAJ42;TRBJ2-1_TRA:CAVNRRYGGSQGNLIF;TRB:CASSPLLAHYNEQFF_P26	0.0011883541295306	2	NA	NA	NA	NA	No	post_specific	R-post_novel
P26	R	052	good	severe	B	good	good	P26-Treat	TRAV22;TRBV4-1_;TRBD2_TRAJ43;TRBJ2-2_TRA:CAVNNDMRF;TRB:CASSQSPGLAGGYGELFF_P26	0.0017825311942959	3	NA	NA	NA	NA	No	post_specific	R-post_novel
P26	R	052	good	severe	B	good	good	P26-Treat	TRAV24;TRBV29-1_;TRBD1_TRAJ29;TRBJ1-5_TRA:CAFLNSGNTPLVF;TRB:CSVDGGWGQPQHF_P26	0.0017825311942959	3	P26-Baseline	0.00290632684998882	13	No	No	pre_post_share	R-pre_existing
P26	R	052	good	severe	B	good	good	P26-Treat	TRAV24;TRBV6-5_;_TRAJ33;TRBJ2-2_TRA:CAFHSNYQLIW;TRB:CASSPSEGAGELFF_P26	0.0011883541295306	2	NA	NA	NA	NA	No	post_specific	R-post_novel
P26	R	052	good	severe	B	good	good	P26-Treat	TRAV24;TRBV6-6_;TRBD1_TRAJ28;TRBJ2-7_TRA:CAFSVSGAGSYQLTF;TRB:CASSSSGQGAYEQYF_P26	0.0047534165181224	8	NA	NA	NA	NA	No	post_specific	R-post_novel
P26	R	052	good	severe	B	good	good	P26-Treat	TRAV12-3;TRBV29-1_;_TRAJ6;TRBJ2-7_TRA:CAMSAVGGSYIPTF;TRB:CSVEDPQGREQYF_P26	0.0011883541295306	2	NA	NA	NA	NA	No	post_specific	R-post_novel
P26	R	052	good	severe	B	good	good	P26-Treat	TRAV25;TRBV6-5_;TRBD1_TRAJ37;TRBJ1-6_TRA:CAGERSNTGKLIF;TRB:CASQDRAGSPLHF_P26	0.0017825311942959	3	NA	NA	NA	NA	No	post_specific	R-post_novel
P26	R	052	good	severe	B	good	good	P26-Treat	TRAV8-3;TRBV20-1_;_TRAJ47;TRBJ2-2_TRA:CAVQEYGNKLVF;TRB:CSAPGLAATGELFF_P26	0.0023767082590612	4	NA	NA	NA	NA	No	post_specific	R-post_novel
P26	R	052	good	severe	B	good	good	P26-Treat	TRAV26-1;TRBV24-1_;TRBD1_TRAJ8;TRBJ2-5_TRA:CIVRVVNTGFQKLVF;TRB:CATSDFGQGRETQYF_P26	0.0011883541295306	2	NA	NA	NA	NA	No	post_specific	R-post_novel
P26	R	052	good	severe	B	good	good	P26-Treat	TRAV13-1;TRBV5-1_;_TRAJ42;TRBJ2-2_TRA:CAAIRGSQGNLIF;TRB:CASSQTDFITGELFF_P26	0.0011883541295306	2	NA	NA	NA	NA	No	post_specific	R-post_novel
P26	R	052	good	severe	B	good	good	P26-Treat	TRAV13-1;TRBV7-6_;_TRAJ49;TRBJ1-3_TRA:CAAPGSGNQFYF;TRB:CASSPSTGENTIYF_P26	0.0011883541295306	2	NA	NA	NA	NA	No	post_specific	R-post_novel
P26	R	052	good	severe	B	good	good	P26-Treat	TRAV13-2;TRBV27_;TRBD1_TRAJ9;TRBJ1-6_TRA:CAENTGGFKTIF;TRB:CASSSSQGARSSPLHF_P26	0.0011883541295306	2	P26-Baseline	2.23563603845294e-4	1	No	No	pre_post_share	R-pre_existing
P26	R	052	good	severe	B	good	good	P26-Treat	TRAV14/DV4;TRBV13_;TRBD1_TRAJ5;TRBJ2-7_TRA:CAMRGWDTGRRALTF;TRB:CASSSTGQGRSYEQYF_P26	0.0071301247771836	12	P26-Baseline	0.01810865191146881	81	Yes	No	pre_post_share	R-pre_existing
P26	R	052	good	severe	B	good	good	P26-Treat	TRAV2;TRBV6-2_;_TRAJ6;TRBJ2-1_TRA:CAASGGSYIPTF;TRB:CASTGTSGNYNEQFF_P26	0.0011883541295306	2	NA	NA	NA	NA	No	post_specific	R-post_novel
P26	R	052	good	severe	B	good	good	P26-Treat	TRAV14/DV4;TRBV7-8_;_TRAJ12;TRBJ2-1_TRA:CAMQDSSYKLIF;TRB:CASSLGGGYNEQFF_P26	0.0011883541295306	2	NA	NA	NA	NA	No	post_specific	R-post_novel
P26	R	052	good	severe	B	good	good	P26-Treat	TRAV17;TRBV27_;TRBD1_TRAJ41;TRBJ2-3_TRA:CATDLPNYALNF;TRB:CASSLFRDRGPDTQYF_P26	0.0101010101010101	17	P26-Baseline	2.23563603845294e-4	1	No	No	pre_post_share	R-pre_existing
P26	R	052	good	severe	B	good	good	P26-Treat	TRAV17;TRBV5-1_;_TRAJ34;TRBJ1-6_TRA:CATDSDNTDKLIF;TRB:CASRQGPNSPLHF_P26	0.0011883541295306	2	NA	NA	NA	NA	No	post_specific	R-post_novel
P26	R	052	good	severe	B	good	good	P26-Treat	TRAV38-2/DV8;TRBV4-2_;_TRAJ58;TRBJ2-3_TRA:CAYRRAETSGSRLTF;TRB:CASSHNPHGGTDTQYF_P26	0.0011883541295306	2	NA	NA	NA	NA	No	post_specific	R-post_novel
P26	R	052	good	severe	B	good	good	P26-Treat	TRAV4;TRBV20-1_;TRBD2_TRAJ16;TRBJ2-2_TRA:CLVGDTSDGQKLLF;TRB:CSARGLAGDTGELFF_P26	0.0053475935828877	9	P26-Baseline	0.00201207243460764	9	No	No	pre_post_share	R-pre_existing
P26	R	052	good	severe	B	good	good	P26-Treat	TRAV20;TRBV6-1_;_TRAJ20;TRBJ2-5_TRA:CAVQAWDYKLSF;TRB:CASSAVSTGRLETQYF_P26	0.0053475935828877	9	NA	NA	NA	NA	No	post_specific	R-post_novel
P26	R	052	good	severe	B	good	good	P26-Treat	TRAV20;TRBV7-9_;_TRAJ37;TRBJ2-5_TRA:CAVHPSSNTGKLIF;TRB:CASSLVVIRETQYF_P26	0.0023767082590612	4	P26-Baseline	0.00245919964229823	11	No	No	pre_post_share	R-pre_existing
P26	R	052	good	severe	B	good	good	P26-Treat	TRAV12-1;TRBV7-3_;_TRAJ13;TRBJ1-2_TRA:CVVPSGGYQKVTF;TRB:CASSPGPRHVDGYTF_P26	0.005941770647653	10	P26-Baseline	2.23563603845294e-4	1	No	No	pre_post_share	R-pre_existing
P26	R	052	good	severe	B	good	good	P26-Treat	TRAV12-3;TRBV20-1_;_TRAJ32;TRBJ2-1_TRA:CAMGGGATNKLIF;TRB:CSAQLPGAPGGEQFF_P26	0.0011883541295306	2	NA	NA	NA	NA	No	post_specific	R-post_novel
P26	R	052	good	severe	B	good	good	P26-Treat	TRAV24;TRBV10-3_;_TRAJ43;TRBJ1-2_TRA:CAFNDMRF;TRB:CAISESRARDGYTF_P26	0.0023767082590612	4	NA	NA	NA	NA	No	post_specific	R-post_novel
P26	R	052	good	severe	B	good	good	P26-Treat	TRAV13-1;TRBV28_;TRBD1_TRAJ57;TRBJ2-7_TRA:CAAATQGGSEKLVF;TRB:CASSNRDRGYEQYF_P26	0.0017825311942959	3	NA	NA	NA	NA	No	post_specific	R-post_novel
P26	R	052	good	severe	B	good	good	P26-Treat	TRAV8-4;TRBV7-9_;_TRAJ11;TRBJ1-1_TRA:CAVSDPGYSTLTF;TRB:CASEPGLNTEAFF_P26	0.0017825311942959	3	P26-Baseline	2.23563603845294e-4	1	No	No	pre_post_share	R-pre_existing
P26	R	052	good	severe	B	good	good	P26-Treat	TRAV9-2;TRBV27_;_TRAJ33;TRBJ2-2_TRA:CALRSPDSNYQLIW;TRB:CASSLSVVYSTGELFF_P26	0.0011883541295306	2	P26-Baseline	0.00178850883076235	8	No	No	pre_post_share	R-pre_existing
P26	R	052	good	severe	B	good	good	P26-Treat	TRAV14/DV4;TRBV19_;_TRAJ35;TRBJ1-1_TRA:CAMREGGIGFGNVLHC;TRB:CASSISGGDTEAFF_P26	0.0011883541295306	2	NA	NA	NA	NA	No	post_specific	R-post_novel
P26	R	052	good	severe	B	good	good	P26-Treat	TRAV29/DV5;TRBV30_;_TRAJ29;TRBJ2-7_TRA:CAASASGNTPLVF;TRB:CAWSLTDYEQYF_P26	0.0023767082590612	4	NA	NA	NA	NA	No	post_specific	R-post_novel
P26	R	052	good	severe	B	good	good	P26-Treat	TRAV10;TRBV5-6_;_TRAJ20;TRBJ2-7_TRA:CVVSAVNDYKLSF;TRB:CASSLSQGLFVYEQYF_P26	0.0011883541295306	2	NA	NA	NA	NA	No	post_specific	R-post_novel
P26	R	052	good	severe	B	good	good	P26-Treat	TRAV25;TRBV7-9_;_TRAJ37;TRBJ1-5_TRA:CAPGSSNTGKLIF;TRB:CASSLTGGNQPQHF_P26	0.0011883541295306	2	NA	NA	NA	NA	No	post_specific	R-post_novel
P26	R	052	good	severe	B	good	good	P26-Treat	TRAV3;TRBV11-3_;TRBD2_TRAJ40;TRBJ2-3_TRA:CAVSPSGTYKYIF;TRB:CASRPRELAGEKVTDTQYF_P26	0.0011883541295306	2	NA	NA	NA	NA	No	post_specific	R-post_novel
P26	R	052	good	severe	B	good	good	P26-Treat	TRAV3;TRBV29-1_;_TRAJ8;TRBJ2-1_TRA:CAVRDISRFQKLVF;TRB:CSAEYGTSAYNEQFF_P26	0.0011883541295306	2	P26-Baseline	2.23563603845294e-4	1	No	No	pre_post_share	R-pre_existing
P26	R	052	good	severe	B	good	good	P26-Treat	TRAV3;TRBV6-5_;_TRAJ11;TRBJ2-5_TRA:CAVKSGYSTLTF;TRB:CASSYPPETQYF_P26	0.0011883541295306	2	P26-Baseline	0.04583053878828527	205	Yes	No	pre_post_share	R-pre_existing
P26	R	052	good	severe	B	good	good	P26-Treat	TRAV13-1;TRBV6-6_;_TRAJ28;TRBJ2-1_TRA:CAAPSGAGSYQLTF;TRB:CASSFLAGDPYNEQFF_P26	0.0035650623885918	6	P26-Baseline	0.07288173485356583	326	Yes	No	pre_post_share	R-pre_existing
P26	R	052	good	severe	B	good	good	P26-Treat	TRAV3;TRBV7-9_;_TRAJ11;TRBJ2-3_TRA:CAVRDRDSGYSTLTF;TRB:CASRPVGQGRDTQYF_P26	0.0017825311942959	3	NA	NA	NA	NA	No	post_specific	R-post_novel
P26	R	052	good	severe	B	good	good	P26-Treat	TRAV17;TRBV7-9_;TRBD1_TRAJ40;TRBJ1-2_TRA:CATDPGTYKYIF;TRB:CASSLAGQGPLTRGYTF_P26	0.0017825311942959	3	NA	NA	NA	NA	No	post_specific	R-post_novel
P26	R	052	good	severe	B	good	good	P26-Treat	TRAV19;TRBV6-6_;_TRAJ15;TRBJ1-1_TRA:CALSGPNQAGTALIF;TRB:CASSYYGQPEAFF_P26	0.0017825311942959	3	P26-Baseline	2.23563603845294e-4	1	No	No	pre_post_share	R-pre_existing
P26	R	052	good	severe	B	good	good	P26-Treat	TRAV1-2;TRBV9_;TRBD1_TRAJ27;TRBJ1-1_TRA:CAVRDGGGTNAGKSTF;TRB:CASSVGGQGDTEAFF_P26	0.0071301247771836	12	NA	NA	NA	NA	No	post_specific	R-post_novel
P26	R	052	good	severe	B	good	good	P26-Treat	TRAV10;TRBV11-2_;_TRAJ12;TRBJ1-2_TRA:CVVSRMDSSYKLIF;TRB:CASSLAESNYGYTF_P26	0.0011883541295306	2	NA	NA	NA	NA	No	post_specific	R-post_novel
P26	R	052	good	severe	B	good	good	P26-Treat	TRAV10;TRBV27_;_TRAJ6;TRBJ2-7_TRA:CVVTDVRSYIPTF;TRB:CASSPQGAAPYEQYF_P26	0.0011883541295306	2	NA	NA	NA	NA	No	post_specific	R-post_novel
P26	R	052	good	severe	B	good	good	P26-Treat	TRAV10;TRBV4-1_;_TRAJ34;TRBJ1-2_TRA:CVVSALGTDKLIF;TRB:CASSLDGSNYGYTF_P26	0.0017825311942959	3	NA	NA	NA	NA	No	post_specific	R-post_novel
P26	R	052	good	severe	B	good	good	P26-Treat	TRAV12-3;TRBV25-1_;_TRAJ36;TRBJ1-4_TRA:CAMSEGTGANNLFF;TRB:CASSRAASEKLFF_P26	0.0011883541295306	2	P26-Baseline	0.00111781801922646	5	No	No	pre_post_share	R-pre_existing
P26	R	052	good	severe	B	good	good	P26-Treat	TRAV2;TRBV9_;_TRAJ20;TRBJ2-1_TRA:CAVDDYKLSF;TRB:CASSSLGEWYNEQFF_P26	0.0011883541295306	2	NA	NA	NA	NA	No	post_specific	R-post_novel
P26	R	052	good	severe	B	good	good	P26-Treat	TRAV4;TRBV27_;_TRAJ40;TRBJ1-3_TRA:CLVGVSGTYKYIF;TRB:CASRKTASGNTIYF_P26	0.0017825311942959	3	NA	NA	NA	NA	No	post_specific	R-post_novel
P26	R	052	good	severe	B	good	good	P26-Treat	TRAV12-1;TRBV27_;_TRAJ41;TRBJ2-1_TRA:CVVRNSGYALNF;TRB:CASTHSGGDEQFF_P26	0.0047534165181224	8	P26-Baseline	0.00335345405767941	15	No	No	pre_post_share	R-pre_existing
P26	R	052	good	severe	B	good	good	P26-Treat	TRAV20;TRBV7-9_;_TRAJ34;TRBJ2-5_TRA:CAVRGWSTDKLIF;TRB:CASSSLGLAETETQYF_P26	0.0017825311942959	3	NA	NA	NA	NA	No	post_specific	R-post_novel
P26	R	052	good	severe	B	good	good	P26-Treat	TRAV20;TRBV7-9_;_TRAJ32;TRBJ2-3_TRA:CAVRSYGGATNKLIF;TRB:CASSSLTLSRTDTQYF_P26	0.0011883541295306	2	NA	NA	NA	NA	No	post_specific	R-post_novel
P26	R	052	good	severe	B	good	good	P26-Treat	TRAV13-1;TRBV30_;TRBD1_TRAJ28;TRBJ2-7_TRA:CAASLGAGSYQLTF;TRB:CAWSVGTGPYEQYF_P26	0.0017825311942959	3	NA	NA	NA	NA	No	post_specific	R-post_novel
P26	R	052	good	severe	B	good	good	P26-Treat	TRAV5;TRBV11-2_;_TRAJ4;TRBJ1-1_TRA:CAESGGGYNKLIF;TRB:CASSLGQNTEAFF_P26	0.0023767082590612	4	NA	NA	NA	NA	No	post_specific	R-post_novel
P26	R	052	good	severe	B	good	good	P26-Treat	TRAV1-2;TRBV20-1_;TRBD2_TRAJ33;TRBJ2-2_TRA:CAVMDSNYQLIW;TRB:CSARGLAGDTGELFF_P26	0.0017825311942959	3	P26-Baseline	2.23563603845294e-4	1	No	No	pre_post_share	R-pre_existing
P26	R	052	good	severe	B	good	good	P26-Treat	TRAV9-2;TRBV27_;_TRAJ44;TRBJ1-4_TRA:CALLGNTGTASKLTF;TRB:CASSRFGLAGREKLFF_P26	0.0011883541295306	2	NA	NA	NA	NA	No	post_specific	R-post_novel
P26	R	052	good	severe	B	good	good	P26-Treat	TRAV24;TRBV6-5_;TRBD1_TRAJ24;TRBJ1-1_TRA:CAFIGSWGKLQF;TRB:CASSYSQGASEAFF_P26	0.0017825311942959	3	NA	NA	NA	NA	No	post_specific	R-post_novel
P26	R	052	good	severe	B	good	good	P26-Treat	TRAV29/DV5;TRBV7-2_;_TRAJ47;TRBJ2-3_TRA:CAASGNRGNKLVF;TRB:CASSLVGTSTDTQYF_P26	0.0041592394533571	7	NA	NA	NA	NA	No	post_specific	R-post_novel
P26	R	052	good	severe	B	good	good	P26-Treat	TRAV20;TRBV14_;_TRAJ37;TRBJ2-5_TRA:CAVQAFGNTGKLIF;TRB:CASSHIVLARIETQYF_P26	0.0112893642305407	19	NA	NA	NA	NA	No	post_specific	R-post_novel
P26	R	052	good	severe	B	good	good	P26-Treat	TRAV20;TRBV20-1_;_TRAJ7;TRBJ2-3_TRA:CAVHPWGNNRLAF;TRB:CSASSTSLARTDTQYF_P26	0.0023767082590612	4	NA	NA	NA	NA	No	post_specific	R-post_novel
P26	R	052	good	severe	B	good	good	P26-Treat	TRAV8-3;TRBV6-2_;_TRAJ3;TRBJ2-5_TRA:CAVGGSSSASKIIF;TRB:CASRPLGGGETQYF_P26	0.0029708853238265	5	NA	NA	NA	NA	No	post_specific	R-post_novel
P26	R	052	good	severe	B	good	good	P26-Treat	TRAV13-1;TRBV30_;_TRAJ54;TRBJ1-2_TRA:CAASNRQGAQKLVF;TRB:CACRSLIGYTF_P26	0.0017825311942959	3	NA	NA	NA	NA	No	post_specific	R-post_novel
P26	R	052	good	severe	B	good	good	P26-Treat	TRAV2;TRBV10-3_;TRBD1_TRAJ29;TRBJ1-5_TRA:CAATSGNTPLVF;TRB:CAIGTGDSNQPQHF_P26	0.0011883541295306	2	P26-Baseline	2.23563603845294e-4	1	No	No	pre_post_share	R-pre_existing
P26	R	052	good	severe	B	good	good	P26-Treat	TRAV27;TRBV7-9_;_TRAJ54;TRBJ2-1_TRA:CAGARGAQKLVF;TRB:CASSLGTSEQFF_P26	0.0017825311942959	3	P26-Baseline	0.00156494522691705	7	No	No	pre_post_share	R-pre_existing
P26	R	052	good	severe	B	good	good	P26-Treat	TRAV36/DV7;TRBV5-4_;_TRAJ40;TRBJ2-7_TRA:CAVEAGTYKYIF;TRB:CASSRRAAYEQYF_P26	0.0017825311942959	3	P26-Baseline	4.47127207690588e-4	2	No	No	pre_post_share	R-pre_existing
P26	R	052	good	severe	B	good	good	P26-Treat	TRAV14/DV4;TRBV19_;_TRAJ43;TRBJ1-1_TRA:CAMREGEINNNDMRF;TRB:CASSIHGGDTEAFF_P26	0.0035650623885918	6	NA	NA	NA	NA	No	post_specific	R-post_novel
P26	R	052	good	severe	B	good	good	P26-Treat	TRAV26-2;TRBV12-4_;_TRAJ22;TRBJ1-2_TRA:CILSKGSARQLTF;TRB:CASSLGSLGGYTF_P26	0.0011883541295306	2	NA	NA	NA	NA	No	post_specific	R-post_novel
P26	R	052	good	severe	B	good	good	P26-Treat	TRAV3;TRBV2_;_TRAJ11;TRBJ2-1_TRA:CAVRGYSTLTF;TRB:CARQLAELGNEQFF_P26	0.0017825311942959	3	NA	NA	NA	NA	No	post_specific	R-post_novel
P26	R	052	good	severe	B	good	good	P26-Treat	TRAV1-2;TRBV10-3_;_TRAJ6;TRBJ1-5_TRA:CAVRGSGGSYIPTF;TRB:CATSTGDSNQPQHF_P26	0.0011883541295306	2	NA	NA	NA	NA	No	post_specific	R-post_novel
P26	R	052	good	severe	B	good	good	P26-Treat	TRAV5;TRBV5-6_;_TRAJ11;TRBJ2-3_TRA:CAERGYSTLTF;TRB:CASRRTALGDTQYF_P26	0.0047534165181224	8	NA	NA	NA	NA	No	post_specific	R-post_novel
P26	R	052	good	severe	B	good	good	P26-Treat	TRAV19;TRBV30_;_TRAJ49;TRBJ2-1_TRA:CALSETGNQFYF;TRB:CAWTPLGGSYNEQFF_P26	0.0011883541295306	2	NA	NA	NA	NA	No	post_specific	R-post_novel
P26	R	052	good	severe	B	good	good	P26-Treat	TRAV2;TRBV11-3_;TRBD1_TRAJ13;TRBJ2-2_TRA:CAVVRSGGYQKVTF;TRB:CASSLDWAGELFF_P26	0.0017825311942959	3	NA	NA	NA	NA	No	post_specific	R-post_novel
P26	R	052	good	severe	B	good	good	P26-Treat	TRAV38-2/DV8;TRBV11-2_;_TRAJ34;TRBJ1-2_TRA:CAYRSPYTDKLIF;TRB:CASSLGGGPYGYTF_P26	0.0011883541295306	2	NA	NA	NA	NA	No	post_specific	R-post_novel
P26	R	052	good	severe	B	good	good	P26-Treat	TRAV10;TRBV6-5_;_TRAJ9;TRBJ1-1_TRA:CVVRVNTGGFKTIF;TRB:CASRPRGGLNTEAFF_P26	0.0023767082590612	4	NA	NA	NA	NA	No	post_specific	R-post_novel
P26	R	052	good	severe	B	good	good	P26-Treat	TRAV20;TRBV18_;_TRAJ16;TRBJ2-3_TRA:CAVRRFSDGQKLLF;TRB:CASSPLVPPSGRTDTQYF_P26	0.0011883541295306	2	NA	NA	NA	NA	No	post_specific	R-post_novel
P26	R	052	good	severe	B	good	good	P26-Treat	TRAV20;TRBV12-4_;_TRAJ4;TRBJ2-1_TRA:CAVQAPGGYNKLIF;TRB:CASSYSNEQFF_P26	0.0029708853238265	5	NA	NA	NA	NA	No	post_specific	R-post_novel
P26	R	052	good	severe	B	good	good	P26-Treat	TRAV20;TRBV5-5_;_TRAJ32;TRBJ2-5_TRA:CAVQAWGGATNKLIF;TRB:CASSLLSTGRQETQYF_P26	0.0041592394533571	7	NA	NA	NA	NA	No	post_specific	R-post_novel
P26	R	052	good	severe	B	good	good	P26-Treat	TRAV12-1;TRBV4-1_;_TRAJ47;TRBJ1-2_TRA:CVVNKQGEGNKLVF;TRB:CASSLDGSNYGYTF_P26	0.0017825311942959	3	NA	NA	NA	NA	No	post_specific	R-post_novel
P26	R	052	good	severe	B	good	good	P26-Treat	TRAV8-6;TRBV30_;_TRAJ45;TRBJ1-1_TRA:CAVIFAGGGADGLTF;TRB:CAWSSGQRMNTEAFF_P26	0.0011883541295306	2	NA	NA	NA	NA	No	post_specific	R-post_novel
P26	R	052	good	severe	B	good	good	P26-Treat	TRAV8-6;TRBV27_;_TRAJ21;TRBJ1-1_TRA:CAGLGFNKFYF;TRB:CASSLSPGIAEAFF_P26	0.0017825311942959	3	NA	NA	NA	NA	No	post_specific	R-post_novel
P26	R	052	good	severe	B	good	good	P26-Treat	TRAV12-3;TRBV20-1_;_TRAJ10;TRBJ2-1_TRA:CAMSRAGGGNKLTF;TRB:CSAPSQVAGNEQFF_P26	0.0017825311942959	3	P26-Baseline	4.47127207690588e-4	2	No	No	pre_post_share	R-pre_existing
P26	R	052	good	severe	B	good	good	P26-Treat	TRAV14/DV4;TRBV19_;_TRAJ49;TRBJ1-1_TRA:CAMREGSIDGNQFYF;TRB:CASSIYGGDTEAFF_P26	0.0023767082590612	4	NA	NA	NA	NA	No	post_specific	R-post_novel
P26	R	052	good	severe	B	good	good	P26-Treat	TRAV10;TRBV4-1_;_TRAJ38;TRBJ1-2_TRA:CVVSLYNAGNNRKLIW;TRB:CASSHGTEINYGYTF_P26	0.0023767082590612	4	NA	NA	NA	NA	No	post_specific	R-post_novel
P26	R	052	good	severe	B	good	good	P26-Treat	TRAV29/DV5;TRBV6-1_;_TRAJ42;TRBJ1-4_TRA:CAASGGSQGNLIF;TRB:CASLQTGLNEKLFF_P26	0.0017825311942959	3	NA	NA	NA	NA	No	post_specific	R-post_novel
P26	R	052	good	severe	B	good	good	P26-Treat	TRAV17;TRBV6-1_;_TRAJ53;TRBJ2-3_TRA:CATPGGSNYKLTF;TRB:CASSEFDHGQGYTDTQYF_P26	0.011883541295306	20	NA	NA	NA	NA	Yes	post_specific	R-post_novel
P26	R	052	good	severe	B	good	good	P26-Treat	TRAV1-2;TRBV10-3_;TRBD1_TRAJ6;TRBJ1-5_TRA:CAVRGSGGSYIPTF;TRB:CAIGTGDSNQPQHF_P26	0.0017825311942959	3	P26-Baseline	0.00156494522691705	7	No	No	pre_post_share	R-pre_existing
P26	R	052	good	severe	B	good	good	P26-Treat	TRAV13-1;TRBV11-3_;_TRAJ8;TRBJ2-7_TRA:CAGGFQKLVF;TRB:CASSLDFAGEQYF_P26	0.0011883541295306	2	P26-Baseline	4.47127207690588e-4	2	No	No	pre_post_share	R-pre_existing
P26	R	052	good	severe	B	good	good	P26-Treat	TRAV20;TRBV7-8_;_TRAJ39;TRBJ2-3_TRA:CAVRTFHNAGNMLTF;TRB:CASSSPTSGKTDTQYF_P26	0.0071301247771836	12	NA	NA	NA	NA	No	post_specific	R-post_novel
P26	R	052	good	severe	B	good	good	P26-Treat	TRAV14/DV4;TRBV19_;_TRAJ49;TRBJ1-1_TRA:CAMREGVIAGNQFYF;TRB:CASSIGGGDTEAFF_P26	0.0011883541295306	2	NA	NA	NA	NA	No	post_specific	R-post_novel
P26	R	052	good	severe	B	good	good	P26-Treat	TRAV8-1;TRBV7-3_;_TRAJ39;TRBJ2-1_TRA:CAVNAHNAGNMLTF;TRB:CASSLGPGGEQFF_P26	0.0011883541295306	2	NA	NA	NA	NA	No	post_specific	R-post_novel
P26	R	052	good	severe	B	good	good	P26-Treat	TRAV39;TRBV5-1_;_TRAJ47;TRBJ2-2_TRA:CAVNMEYGNKLVF;TRB:CASSLPGSGELFF_P26	0.0011883541295306	2	NA	NA	NA	NA	No	post_specific	R-post_novel
P26	R	052	good	severe	B	good	good	P26-Treat	TRAV3;TRBV7-2_;TRBD1_TRAJ39;TRBJ2-1_TRA:CAVRRGAGNMLTF;TRB:CASSFGQGAFYEQFF_P26	0.0011883541295306	2	NA	NA	NA	NA	No	post_specific	R-post_novel
P26	R	052	good	severe	B	good	good	P26-Treat	TRAV8-4;TRBV6-1_;_TRAJ20;TRBJ2-1_TRA:CAVSDYKLSF;TRB:CASSEDPGTGNEQFF_P26	0.0017825311942959	3	NA	NA	NA	NA	No	post_specific	R-post_novel
P26	R	052	good	severe	B	good	good	P26-Treat	TRAV8-4;TRBV7-3_;_TRAJ50;TRBJ1-1_TRA:CAVKTSYDKVIF;TRB:CASSLQGNTEAFF_P26	0.0011883541295306	2	NA	NA	NA	NA	No	post_specific	R-post_novel
P26	R	052	good	severe	B	good	good	P26-Treat	TRAV10;TRBV7-3_;TRBD1_TRAJ10;TRBJ2-2_TRA:CVAPKGGGGNKLTF;TRB:CASSPGGQGASGELFF_P26	0.0011883541295306	2	NA	NA	NA	NA	No	post_specific	R-post_novel
P26	R	052	good	severe	B	good	good	P26-Treat	TRAV12-1;TRBV27_;_TRAJ41;TRBJ2-3_TRA:CVVNSNSGYALNF;TRB:CASSTIAGGNTDTQYF_P26	0.0011883541295306	2	NA	NA	NA	NA	No	post_specific	R-post_novel
P26	R	052	good	severe	B	good	good	P26-Treat	TRAV12-3;TRBV11-2_;TRBD1_TRAJ34;TRBJ2-3_TRA:CAMRVGGDKLIF;TRB:CASSSYWTGGERGTQYF_P26	0.0029708853238265	5	NA	NA	NA	NA	No	post_specific	R-post_novel
P26	R	052	good	severe	B	good	good	P26-Treat	TRAV1-1;TRBV7-6_;TRBD2_TRAJ23;TRBJ2-1_TRA:CAVRGYNQGGKLIF;TRB:CASRRLAGADEQFF_P26	0.0017825311942959	3	NA	NA	NA	NA	No	post_specific	R-post_novel
P26	R	052	good	severe	B	good	good	P26-Treat	TRAV2;TRBV12-4_;_TRAJ20;TRBJ2-7_TRA:CAVEALGDYKLSF;TRB:CALSRGGRTYEQYF_P26	0.0011883541295306	2	NA	NA	NA	NA	No	post_specific	R-post_novel
P26	R	052	good	severe	B	good	good	P26-Treat	TRAV29/DV5;TRBV2_;TRBD1_TRAJ33;TRBJ2-7_TRA:CAASDSNYQLIW;TRB:CASSPLGQGGYEQYF_P26	0.0023767082590612	4	NA	NA	NA	NA	No	post_specific	R-post_novel
P26	R	052	good	severe	B	good	good	P26-Treat	TRAV29/DV5;TRBV6-1_;_TRAJ13;TRBJ2-3_TRA:CAAGGYQKVTF;TRB:CASSELGGAQYF_P26	0.0035650623885918	6	NA	NA	NA	NA	No	post_specific	R-post_novel
P26	R	052	good	severe	B	good	good	P26-Treat	TRAV26-1;TRBV30_;TRBD1_TRAJ26;TRBJ2-4_TRA:CIAPFYGQNFVF;TRB:CAWSGQGGTLAKNIQYF_P26	0.0017825311942959	3	NA	NA	NA	NA	No	post_specific	R-post_novel
P26	R	052	good	severe	B	good	good	P26-Treat	TRAV9-2;TRBV7-9_;TRBD1_TRAJ4;TRBJ2-3_TRA:CALPFSGGYNKLIF;TRB:CASSLWSGSTDTQYF_P26	0.0011883541295306	2	NA	NA	NA	NA	No	post_specific	R-post_novel
P26	R	052	good	severe	B	good	good	P26-Treat	TRAV13-1;TRBV29-1_;TRBD1_TRAJ44;TRBJ2-7_TRA:CAASIPLGTGTASKLTF;TRB:CSAQRGQGAHEQYF_P26	0.0011883541295306	2	P26-Baseline	2.23563603845294e-4	1	No	No	pre_post_share	R-pre_existing
P26	R	052	good	severe	B	good	good	P26-Treat	TRAV23/DV6;TRBV6-5_;_TRAJ30;TRBJ1-5_TRA:CAAIRSLGKIIF;TRB:CASSLPGEDQPQHF_P26	0.0011883541295306	2	NA	NA	NA	NA	No	post_specific	R-post_novel
P26	R	052	good	severe	B	good	good	P26-Treat	TRAV14/DV4;TRBV19_;_TRAJ35;TRBJ1-1_TRA:CAMREGSIGFGNVLHC;TRB:CASSISGGDTEAFF_P26	0.0023767082590612	4	NA	NA	NA	NA	No	post_specific	R-post_novel
P26	R	052	good	severe	B	good	good	P26-Treat	TRAV10;TRBV9_;_TRAJ9;TRBJ1-1_TRA:CVVSVTGGFKTIF;TRB:CASSPSALDTEAFF_P26	0.0011883541295306	2	P26-Baseline	2.23563603845294e-4	1	No	No	pre_post_share	R-pre_existing
P26	R	052	good	severe	B	good	good	P26-Treat	TRAV13-2;TRBV11-2_;_TRAJ34;TRBJ1-2_TRA:CAEISGTDKLIF;TRB:CASSSRTNYGYTF_P26	0.0023767082590612	4	P26-Baseline	2.23563603845294e-4	1	No	No	pre_post_share	R-pre_existing
P26	R	052	good	severe	B	good	good	P26-Treat	TRAV38-1;TRBV13_;_TRAJ44;TRBJ2-3_TRA:CAFMNTNTGTASKLTF;TRB:CASSGQASTDTQYF_P26	0.0017825311942959	3	P26-Baseline	4.47127207690588e-4	2	No	No	pre_post_share	R-pre_existing
P26	R	052	good	severe	B	good	good	P26-Treat	TRAV38-2/DV8;TRBV15_;_TRAJ52;TRBJ2-7_TRA:CAYRSAGGTSYGKLTF;TRB:CATSRDPGPFNEQYF_P26	0.0017825311942959	3	NA	NA	NA	NA	No	post_specific	R-post_novel
P26	R	052	good	severe	B	good	good	P26-Treat	TRAV10;TRBV12-4_;_TRAJ43;TRBJ1-3_TRA:CVVSARNNDMRF;TRB:CASSFVGVSSGNTIYF_P26	0.0011883541295306	2	NA	NA	NA	NA	No	post_specific	R-post_novel
P26	R	052	good	severe	B	good	good	P26-Treat	TRAV12-3;TRBV12-4_;_TRAJ3;TRBJ2-1_TRA:CAMNNSSASKIIF;TRB:CASSYSNEQFF_P26	0.0023767082590612	4	NA	NA	NA	NA	No	post_specific	R-post_novel
P26	R	052	good	severe	B	good	good	P26-Treat	TRAV29/DV5;TRBV15_;_TRAJ42;TRBJ1-4_TRA:CAASGGSQGNLIF;TRB:CATLLTGANEKLFF_P26	0.0011883541295306	2	NA	NA	NA	NA	No	post_specific	R-post_novel
P26	R	052	good	severe	B	good	good	P26-Treat	TRAV9-2;TRBV7-2_;_TRAJ57;TRBJ2-7_TRA:CALYKRGSEKLVF;TRB:CASSPPRGTGSYEQYF_P26	0.0011883541295306	2	P26-Baseline	2.23563603845294e-4	1	No	No	pre_post_share	R-pre_existing
P26	R	052	good	severe	B	good	good	P26-Treat	TRAV12-2;TRBV6-1_;TRBD2_TRAJ40;TRBJ2-1_TRA:CAVRGSGTYKYIF;TRB:CASIPKGSGLAGGSDEQFF_P26	0.0017825311942959	3	P26-Baseline	2.23563603845294e-4	1	No	No	pre_post_share	R-pre_existing
P26	R	052	good	severe	B	good	good	P26-Treat	TRAV6;TRBV10-3_;_TRAJ48;TRBJ2-1_TRA:CALVPPVGFGNEKLTF;TRB:CAIRLESGTSYNEQFF_P26	0.0011883541295306	2	NA	NA	NA	NA	No	post_specific	R-post_novel
P26	R	052	good	severe	B	good	good	P26-Treat	TRAV29/DV5;TRBV18_;_TRAJ49;TRBJ2-5_TRA:CAASNTGNQFYF;TRB:CASSRGWGQETQYF_P26	0.0017825311942959	3	P26-Baseline	2.23563603845294e-4	1	No	No	pre_post_share	R-pre_existing
P26	R	052	good	severe	B	good	good	P26-Treat	TRAV3;TRBV20-1_;_TRAJ36;TRBJ2-1_TRA:CPYRQTGANNLFF;TRB:CSAPSGGSAYNEQFF_P26	0.0011883541295306	2	NA	NA	NA	NA	No	post_specific	R-post_novel
P26	R	052	good	severe	B	good	good	P26-Treat	TRAV14/DV4;TRBV19_;_TRAJ35;TRBJ1-1_TRA:CAMREGSIGFGNVLHC;TRB:CASSIQGGDTEAFF_P26	0.0065359477124183	11	NA	NA	NA	NA	No	post_specific	R-post_novel
P26	R	052	good	severe	B	good	good	P26-Treat	TRAV9-2;TRBV6-5_;_TRAJ41;TRBJ1-1_TRA:CALSDGPGSGYALNF;TRB:CASSYKGGTEAFF_P26	0.0071301247771836	12	P26-Baseline	6.706908115358819e-4	3	No	No	pre_post_share	R-pre_existing
P26	R	052	good	severe	B	good	good	P26-Treat	TRAV1-2;TRBV7-2_;_TRAJ23;TRBJ2-5_TRA:CAVSSTYNQGGKLIF;TRB:CASSLLAGVAETQYF_P26	0.0011883541295306	2	NA	NA	NA	NA	No	post_specific	R-post_novel
P27	R	055	good	severe	C	good	good	P27-Treat	TRAV14/DV4;TRBV7-8_;TRBD2_TRAJ26;TRBJ2-2_TRA:CAMRENYGQNFVF;TRB:CASSPNPPGLAGVREDTGELFF_P27	0.05306603773584906	45	P27-Baseline	0.00578179989944695	23	No	Yes	pre_post_share	R-pre_existing
P27	R	055	good	severe	C	good	good	P27-Treat	TRAV9-2;TRBV6-5_;TRBD2_TRAJ42;TRBJ2-7_TRA:CALSERGSQGNLIF;TRB:CASSYSGLAGAGEQYF_P27	0.00235849056603773	2	NA	NA	NA	NA	No	post_specific	R-post_novel
P27	R	055	good	severe	C	good	good	P27-Treat	TRAV1-1;TRBV6-4_;_TRAJ29;TRBJ2-1_TRA:CAASSGNTPLVF;TRB:CASSPDWNNEQFF_P27	0.0035377358490566	3	P27-Baseline	5.027652086475615e-4	2	No	No	pre_post_share	R-pre_existing
P27	R	055	good	severe	C	good	good	P27-Treat	TRAV12-2;TRBV9_;_TRAJ30;TRBJ2-1_TRA:CAVNGDRDDKIIF;TRB:CASSVVPRDGNEQFF_P27	0.00235849056603773	2	P27-Baseline	2.5138260432378077e-4	1	No	No	pre_post_share	R-pre_existing
P27	R	055	good	severe	C	good	good	P27-Treat	TRAV38-2/DV8;TRBV24-1_;_TRAJ53;TRBJ2-3_TRA:CASGGSNYKLTF;TRB:CATSDFDREIADTQYF_P27	0.00235849056603773	2	NA	NA	NA	NA	No	post_specific	R-post_novel
P27	R	055	good	severe	C	good	good	P27-Treat	TRAV9-2;TRBV30_;_TRAJ15;TRBJ2-2_TRA:CALSDPGQAGTALIF;TRB:CAWSVPGGNTGELFF_P27	0.00235849056603773	2	NA	NA	NA	NA	No	post_specific	R-post_novel
P27	R	055	good	severe	C	good	good	P27-Treat	TRAV12-3;TRBV20-1_;_TRAJ52;TRBJ1-5_TRA:CAMIPAGGTSYGKLTF;TRB:CSARDLVGQPQHF_P27	0.02830188679245283	24	P27-Baseline	0.00175967823026646	7	No	Yes	pre_post_share	R-pre_existing
P27	R	055	good	severe	C	good	good	P27-Treat	TRAV5;TRBV25-1_;_TRAJ7;TRBJ2-2_TRA:CAESYGNNRLAF;TRB:CASSPEGRGRPGELFF_P27	0.0035377358490566	3	P27-Baseline	0.00527903469079939	21	No	No	pre_post_share	R-pre_existing
P27	R	055	good	severe	C	good	good	P27-Treat	TRAV3;TRBV12-5_;_TRAJ3;TRBJ1-5_TRA:CAVRDVSSASKIIF;TRB:CASGLDTGTYSNQPQHF_P27	0.00471698113207547	4	NA	NA	NA	NA	No	post_specific	R-post_novel
P27	R	055	good	severe	C	good	good	P27-Treat	TRAV38-2/DV8;TRBV6-5_;_TRAJ50;TRBJ1-1_TRA:CAYCGTSYDKVIF;TRB:CASLGFSNTEAFF_P27	0.00471698113207547	4	NA	NA	NA	NA	No	post_specific	R-post_novel
P27	R	055	good	severe	C	good	good	P27-Treat	TRAV9-2;TRBV7-6_;_TRAJ21;TRBJ2-1_TRA:CALSEPGNFNKFYF;TRB:CASSLAGGRTNEQFF_P27	0.00471698113207547	4	NA	NA	NA	NA	No	post_specific	R-post_novel
P27	R	055	good	severe	C	good	good	P27-Treat	TRAV29/DV5;TRBV28_;TRBD1_TRAJ40;TRBJ2-7_TRA:CAVYAPGTYKYIF;TRB:CASSLTGQGVSEQYF_P27	0.00235849056603773	2	NA	NA	NA	NA	No	post_specific	R-post_novel
P27	R	055	good	severe	C	good	good	P27-Treat	TRAV1-2;TRBV7-9_;_TRAJ8;TRBJ2-1_TRA:CAVTPGFQKLVF;TRB:CASSAFVLGTEYNEQFF_P27	0.00235849056603773	2	NA	NA	NA	NA	No	post_specific	R-post_novel
P27	R	055	good	severe	C	good	good	P27-Treat	TRAV8-2;TRBV11-3_;_TRAJ42;TRBJ2-1_TRA:CVVSDTGSQGNLIF;TRB:CASRRRRGWGADNEQFF_P27	0.00235849056603773	2	NA	NA	NA	NA	No	post_specific	R-post_novel
P27	R	055	good	severe	C	good	good	P27-Treat	TRAV19;TRBV6-5_;_TRAJ30;TRBJ2-5_TRA:CALRGDDKIIF;TRB:CASSYGQETQYF_P27	0.00471698113207547	4	NA	NA	NA	NA	No	post_specific	R-post_novel
P27	R	055	good	severe	C	good	good	P27-Treat	TRAV23/DV6;TRBV5-1_;_TRAJ37;TRBJ2-5_TRA:CAAIVDSSNTGKLIF;TRB:CASSLTRKETQYF_P27	0.00235849056603773	2	NA	NA	NA	NA	No	post_specific	R-post_novel
P27	R	055	good	severe	C	good	good	P27-Treat	TRAV19;TRBV10-1_;TRBD1_TRAJ11;TRBJ1-5_TRA:CALSEAGGYSTLTF;TRB:CASRRGTGDDQPQHF_P27	0.00825471698113207	7	NA	NA	NA	NA	No	post_specific	R-post_novel
P27	R	055	good	severe	C	good	good	P27-Treat	TRAV26-1;TRBV20-1_;_TRAJ57;TRBJ2-7_TRA:CIVRVDLGGSEKLVF;TRB:CSARSRGRPYEQYF_P27	0.0070754716981132	6	P27-Baseline	0.0012569130216189	5	No	No	pre_post_share	R-pre_existing
P27	R	055	good	severe	C	good	good	P27-Treat	TRAV12-3;TRBV20-1_;_TRAJ52;TRBJ1-5_TRA:CATLAAGGTSYGKLTF;TRB:CSARDLWGQPQHF_P27	0.00471698113207547	4	NA	NA	NA	NA	No	post_specific	R-post_novel
P27	R	055	good	severe	C	good	good	P27-Treat	TRAV1-1;TRBV6-6_;_TRAJ3;TRBJ2-2_TRA:CASERYSSASKIIF;TRB:CASSDRNTGELFF_P27	0.00471698113207547	4	NA	NA	NA	NA	No	post_specific	R-post_novel
P27	R	055	good	severe	C	good	good	P27-Treat	TRAV19;TRBV13_;_TRAJ53;TRBJ2-3_TRA:CALSEAHRGGSNYKLTF;TRB:CASSLVGGSTDTQYF_P27	0.00235849056603773	2	P27-Baseline	0.05605832076420312	223	Yes	No	pre_post_share	R-pre_existing
P27	R	055	good	severe	C	good	good	P27-Treat	TRAV8-1;TRBV6-1_;TRBD2_TRAJ40;TRBJ2-1_TRA:CAVNAQGTYKYIF;TRB:CAASSGASGSADEQFF_P27	0.00943396226415094	8	NA	NA	NA	NA	No	post_specific	R-post_novel
P27	R	055	good	severe	C	good	good	P27-Treat	TRAV41;TRBV28_;TRBD1_TRAJ33;TRBJ2-5_TRA:CAPHLRPDSNYQLIW;TRB:CASSPRTGGTKTQYF_P27	0.0035377358490566	3	P27-Baseline	2.5138260432378077e-4	1	No	No	pre_post_share	R-pre_existing
P27	R	055	good	severe	C	good	good	P27-Treat	TRAV17;TRBV5-8_;TRBD2_TRAJ20;TRBJ2-3_TRA:CATHDYKLSF;TRB:CASSLEASGRAGTDTQYF_P27	0.00943396226415094	8	NA	NA	NA	NA	No	post_specific	R-post_novel
P27	R	055	good	severe	C	good	good	P27-Treat	TRAV3;TRBV27_;_TRAJ34;TRBJ2-7_TRA:CAVRDMRNTDKLIF;TRB:CASSLRGAGHEQYF_P27	0.00235849056603773	2	P27-Baseline	5.027652086475615e-4	2	No	No	pre_post_share	R-pre_existing
P27	R	055	good	severe	C	good	good	P27-Treat	TRAV3;TRBV5-5_;_TRAJ18;TRBJ2-5_TRA:CAVRGSGGSTLGRLYF;TRB:CASSLDFSGGGTQYF_P27	0.00235849056603773	2	P27-Baseline	2.5138260432378077e-4	1	No	No	pre_post_share	R-pre_existing
P27	R	055	good	severe	C	good	good	P27-Treat	TRAV21;TRBV15_;TRBD1_TRAJ30;TRBJ1-6_TRA:CAVGIAGNRIIF;TRB:CATSSDGQGDSPLHF_P27	0.00235849056603773	2	NA	NA	NA	NA	No	post_specific	R-post_novel
P27	R	055	good	severe	C	good	good	P27-Treat	TRAV21;TRBV27_;_TRAJ49;TRBJ2-4_TRA:CAVRPGNQFYF;TRB:CASRKAGGAKNIQYF_P27	0.00235849056603773	2	NA	NA	NA	NA	No	post_specific	R-post_novel
P27	R	055	good	severe	C	good	good	P27-Treat	TRAV12-3;TRBV20-1_;_TRAJ45;TRBJ1-1_TRA:CAMRRSGGGADGLTF;TRB:CSARDQTGYTEAFF_P27	0.00235849056603773	2	NA	NA	NA	NA	No	post_specific	R-post_novel
P27	R	055	good	severe	C	good	good	P27-Treat	TRAV27;TRBV12-4_;_TRAJ20;TRBJ2-7_TRA:CAGDNDYKLSF;TRB:CASSSDSLYEQYF_P27	0.00943396226415094	8	P27-Baseline	0.00150829562594268	6	No	No	pre_post_share	R-pre_existing
P27	R	055	good	severe	C	good	good	P27-Treat	TRAV23/DV6;TRBV3-1_;_TRAJ13;TRBJ2-1_TRA:CAASSRSGGYQKVTF;TRB:CASSRGSQSYNEQFF_P27	0.00235849056603773	2	NA	NA	NA	NA	No	post_specific	R-post_novel
P27	R	055	good	severe	C	good	good	P27-Treat	TRAV27;TRBV6-6_;_TRAJ34;TRBJ2-1_TRA:CAGRPLNTDKLIF;TRB:CASSYLSSGVYNEQFF_P27	0.00471698113207547	4	P27-Baseline	2.5138260432378077e-4	1	No	No	pre_post_share	R-pre_existing
P27	R	055	good	severe	C	good	good	P27-Treat	TRAV2;TRBV2_;_TRAJ29;TRBJ2-7_TRA:CAVETSGNTPLVF;TRB:CASRAADSYEQYF_P27	0.0035377358490566	3	NA	NA	NA	NA	No	post_specific	R-post_novel
P27	R	055	good	severe	C	good	good	P27-Treat	TRAV20;TRBV3-1_;_TRAJ49;TRBJ1-1_TRA:CAVQVRTGNQFYF;TRB:CASSRDSLNTEAFF_P27	0.00235849056603773	2	NA	NA	NA	NA	No	post_specific	R-post_novel
P27	R	055	good	severe	C	good	good	P27-Treat	TRAV26-1;TRBV20-1_;_TRAJ53;TRBJ1-5_TRA:CIVRVGGSNYKLTF;TRB:CSARRGPSANSGQPQHF_P27	0.0035377358490566	3	NA	NA	NA	NA	No	post_specific	R-post_novel
P27	R	055	good	severe	C	good	good	P27-Treat	TRAV12-1;TRBV28_;_TRAJ33;TRBJ2-7_TRA:CVVNEGNYQLIW;TRB:CASSLSPGYPYEQYF_P27	0.0035377358490566	3	NA	NA	NA	NA	No	post_specific	R-post_novel
P27	R	055	good	severe	C	good	good	P27-Treat	TRAV27;TRBV6-5_;_TRAJ42;TRBJ2-1_TRA:CAGEGDMNYGGSQGNLIF;TRB:CASSKTSGFSYNEQFF_P27	0.00471698113207547	4	P27-Baseline	0.00477626948215183	19	No	No	pre_post_share	R-pre_existing
P27	R	055	good	severe	C	good	good	P27-Treat	TRAV19;TRBV29-1_;_TRAJ30;TRBJ1-1_TRA:CALRGDDKIIF;TRB:CSVFKGLNTEAFF_P27	0.00235849056603773	2	NA	NA	NA	NA	No	post_specific	R-post_novel
P27	R	055	good	severe	C	good	good	P27-Treat	TRAV8-2;TRBV28_;_TRAJ4;TRBJ2-7_TRA:CVVRAFSGGYNKLIF;TRB:CASSLYRTGRGEQYF_P27	0.00589622641509434	5	P27-Baseline	0.03594771241830065	143	Yes	No	pre_post_share	R-pre_existing
P27	R	055	good	severe	C	good	good	P27-Treat	TRAV2;TRBV28_;_TRAJ33;TRBJ2-3_TRA:CAVEDGWDSNYQLIW;TRB:CASIPSGRATDTQYF_P27	0.00235849056603773	2	NA	NA	NA	NA	No	post_specific	R-post_novel
P27	R	055	good	severe	C	good	good	P27-Treat	TRAV3;TRBV18_;_TRAJ4;TRBJ1-2_TRA:CAVRDLSGGYNKLIF;TRB:CASSPPAGTNYGYTF_P27	0.0035377358490566	3	NA	NA	NA	NA	No	post_specific	R-post_novel
P27	R	055	good	severe	C	good	good	P27-Treat	TRAV8-4;TRBV5-5_;_TRAJ26;TRBJ1-3_TRA:CAVSGGQNFVF;TRB:CASSLSGVIRSGNTIYF_P27	0.0035377358490566	3	P27-Baseline	5.027652086475615e-4	2	No	No	pre_post_share	R-pre_existing
P27	R	055	good	severe	C	good	good	P27-Treat	TRAV20;TRBV29-1_;_TRAJ42;TRBJ1-1_TRA:CAVQGPPMNYGGSQGNLIF;TRB:CSVEPQGRIETEAFF_P27	0.0035377358490566	3	NA	NA	NA	NA	No	post_specific	R-post_novel
P27	R	055	good	severe	C	good	good	P27-Treat	TRAV13-2;TRBV3-1_;TRBD1_TRAJ16;TRBJ1-4_TRA:CAEMDGQKLLF;TRB:CASSPRPGGEKLFF_P27	0.0035377358490566	3	P27-Baseline	5.027652086475615e-4	2	No	No	pre_post_share	R-pre_existing
P27	R	055	good	severe	C	good	good	P27-Treat	TRAV24;TRBV14_;_TRAJ23;TRBJ2-7_TRA:CAFQTYYNQGGKLIF;TRB:CASSQVRLAGGTYEQYF_P27	0.00589622641509434	5	NA	NA	NA	NA	No	post_specific	R-post_novel
P27	R	055	good	severe	C	good	good	P27-Treat	TRAV38-2/DV8;TRBV20-1_;TRBD1_TRAJ21;TRBJ1-6_TRA:CAYRSAMSKFYF;TRB:CSASNPGTGGNSPLHF_P27	0.0035377358490566	3	P27-Baseline	0.00100553041729512	4	No	No	pre_post_share	R-pre_existing
P27	R	055	good	severe	C	good	good	P27-Treat	TRAV12-1;TRBV12-4_;_TRAJ4;TRBJ1-6_TRA:CVVNGGTGGYNKLIF;TRB:CASRRRDNSPLHF_P27	0.0035377358490566	3	NA	NA	NA	NA	No	post_specific	R-post_novel
P27	R	055	good	severe	C	good	good	P27-Treat	TRAV19;TRBV6-5_;_TRAJ23;TRBJ2-1_TRA:CALSNQGGKLIF;TRB:CATGLADNEQFF_P27	0.00235849056603773	2	NA	NA	NA	NA	No	post_specific	R-post_novel
P27	R	055	good	severe	C	good	good	P27-Treat	TRAV13-1;TRBV19_;_TRAJ48;TRBJ1-2_TRA:CAATRNFGNEKLTF;TRB:CASSPSGVNYGYTF_P27	0.00235849056603773	2	NA	NA	NA	NA	No	post_specific	R-post_novel
P27	R	055	good	severe	C	good	good	P27-Treat	TRAV21;TRBV5-1_;TRBD1_TRAJ49;TRBJ2-7_TRA:CAVVSQFYF;TRB:CASSRDRGEVQYF_P27	0.00235849056603773	2	P27-Baseline	2.5138260432378077e-4	1	No	No	pre_post_share	R-pre_existing
P27	R	055	good	severe	C	good	good	P27-Treat	TRAV38-1;TRBV11-3_;_TRAJ43;TRBJ2-7_TRA:CAFLVNNNDMRF;TRB:CASSFWGAGAHSYEQYF_P27	0.00235849056603773	2	P27-Baseline	0.0130718954248366	52	Yes	No	pre_post_share	R-pre_existing
P27	R	055	good	severe	C	good	good	P27-Treat	TRAV12-2;TRBV28_;_TRAJ29;TRBJ1-1_TRA:CAVNIMRPGNTPLVF;TRB:CASSPGPREGLRAFF_P27	0.00589622641509434	5	NA	NA	NA	NA	No	post_specific	R-post_novel
P27	R	055	good	severe	C	good	good	P27-Treat	TRAV29/DV5;TRBV9_;TRBD1_TRAJ34;TRBJ2-3_TRA:CAASANADKLIF;TRB:CASSMDRALDTQYF_P27	0.0035377358490566	3	NA	NA	NA	NA	No	post_specific	R-post_novel
P27	R	055	good	severe	C	good	good	P27-Treat	TRAV8-6;TRBV12-5_;_TRAJ42;TRBJ1-1_TRA:CASSPLYGGSQGNLIF;TRB:CASGLVPDLSKITEAFF_P27	0.00235849056603773	2	P27-Baseline	2.5138260432378077e-4	1	No	No	pre_post_share	R-pre_existing
P27	R	055	good	severe	C	good	good	P27-Treat	TRAV9-2;TRBV28_;TRBD1_TRAJ33;TRBJ1-5_TRA:CALVTTMDSNYQLIW;TRB:CASEFGTGGRQPQHF_P27	0.00235849056603773	2	NA	NA	NA	NA	No	post_specific	R-post_novel
P27	R	055	good	severe	C	good	good	P27-Treat	TRAV25;TRBV19_;_TRAJ44;TRBJ1-4_TRA:CAENTGTASKLTF;TRB:CASSPAGPGEKLFF_P27	0.0035377358490566	3	NA	NA	NA	NA	No	post_specific	R-post_novel
P27	R	055	good	severe	C	good	good	P27-Treat	TRAV25;TRBV28_;_TRAJ49;TRBJ1-4_TRA:CAVNNQFYF;TRB:CASRTPGRGRVREKLFF_P27	0.00235849056603773	2	P27-Baseline	2.5138260432378077e-4	1	No	No	pre_post_share	R-pre_existing
P27	R	055	good	severe	C	good	good	P27-Treat	TRAV12-1;TRBV19_;_TRAJ12;TRBJ2-5_TRA:CVVNGEGDSSYKLIF;TRB:CASSRTGPETQYF_P27	0.00235849056603773	2	P27-Baseline	7.541478129713424e-4	3	No	No	pre_post_share	R-pre_existing
P27	R	055	good	severe	C	good	good	P27-Treat	TRAV27;TRBV5-4_;_TRAJ28;TRBJ2-3_TRA:CAGAGGSGAGSYQLTF;TRB:CASSLDLGVDTQYF_P27	0.00235849056603773	2	NA	NA	NA	NA	No	post_specific	R-post_novel
P27	R	055	good	severe	C	good	good	P27-Treat	TRAV5;TRBV5-1_;_TRAJ13;TRBJ2-1_TRA:CAESSGGYQKVTF;TRB:CASSSAGSGQFF_P27	0.00235849056603773	2	NA	NA	NA	NA	No	post_specific	R-post_novel
P27	R	055	good	severe	C	good	good	P27-Treat	TRAV29/DV5;TRBV7-9_;_TRAJ49;TRBJ1-1_TRA:CAPYTGNQFYF;TRB:CASSFGGRDTEAFF_P27	0.00471698113207547	4	P27-Baseline	0.00980392156862745	39	No	No	pre_post_share	R-pre_existing
P27	R	055	good	severe	C	good	good	P27-Treat	TRAV13-1;TRBV7-2_;_TRAJ52;TRBJ2-7_TRA:CAALDDNAGGTSYGKLTF;TRB:CASSAEPGGVHEQYF_P27	0.00235849056603773	2	P27-Baseline	0.00100553041729512	4	No	No	pre_post_share	R-pre_existing
P27	R	055	good	severe	C	good	good	P27-Treat	TRAV17;TRBV11-3_;_TRAJ11;TRBJ2-1_TRA:CATYGSGYSTLTF;TRB:CASSLGRGDMGEQFF_P27	0.00471698113207547	4	NA	NA	NA	NA	No	post_specific	R-post_novel
P27	R	055	good	severe	C	good	good	P27-Treat	TRAV26-2;TRBV5-1_;_TRAJ49;TRBJ1-4_TRA:CIPVNTGNQFYF;TRB:CASSLALTGSGEKLFF_P27	0.00235849056603773	2	NA	NA	NA	NA	No	post_specific	R-post_novel
P27	R	055	good	severe	C	good	good	P27-Treat	TRAV27;TRBV13_;TRBD2_TRAJ26;TRBJ2-7_TRA:CAGYSNYGQNFVF;TRB:CASSSGTSGSHEQYF_P27	0.00943396226415094	8	P27-Baseline	0.01558572146807441	62	Yes	No	pre_post_share	R-pre_existing
P27	R	055	good	severe	C	good	good	P27-Treat	TRAV5;TRBV4-2_;_TRAJ28;TRBJ2-1_TRA:CAEISPGAGSYQLTF;TRB:CASSQGHGGGGNEQFF_P27	0.00943396226415094	8	P27-Baseline	7.541478129713424e-4	3	No	Yes	pre_post_share	R-pre_existing
P27	R	055	good	severe	C	good	good	P27-Treat	TRAV29/DV5;TRBV11-2_;_TRAJ37;TRBJ1-1_TRA:CAARTPSNTGKLIF;TRB:CASSLEPGVGAFF_P27	0.00825471698113207	7	NA	NA	NA	NA	No	post_specific	R-post_novel
P27	R	055	good	severe	C	good	good	P27-Treat	TRAV29/DV5;TRBV24-1_;_TRAJ48;TRBJ2-3_TRA:CAAISNFGNEKLTF;TRB:CATSDFGGTGTIGADTQYF_P27	0.00235849056603773	2	P27-Baseline	0.10935143288084465	435	Yes	No	pre_post_share	R-pre_existing
P27	R	055	good	severe	C	good	good	P27-Treat	TRAV8-1;TRBV2_;_TRAJ49;TRBJ2-4_TRA:CAVNAEAGNQFYF;TRB:CASSERSIQYF_P27	0.00471698113207547	4	NA	NA	NA	NA	No	post_specific	R-post_novel
P27	R	055	good	severe	C	good	good	P27-Treat	TRAV12-3;TRBV27_;TRBD1_TRAJ3;TRBJ2-7_TRA:CAMKRSSASKIIF;TRB:CASGLGQGSSYEQYF_P27	0.00235849056603773	2	NA	NA	NA	NA	No	post_specific	R-post_novel
P27	R	055	good	severe	C	good	good	P27-Treat	TRAV8-3;TRBV25-1_;_TRAJ3;TRBJ2-2_TRA:CAVAPGYSSASKIIF;TRB:CASRATGIIPGELFF_P27	0.00235849056603773	2	NA	NA	NA	NA	No	post_specific	R-post_novel
P27	R	055	good	severe	C	good	good	P27-Treat	TRAV12-3;TRBV5-1_;_TRAJ6;TRBJ1-2_TRA:CAMKEGGSYIPTF;TRB:CASSLGFEQDYGYTF_P27	0.0035377358490566	3	NA	NA	NA	NA	No	post_specific	R-post_novel
P27	R	055	good	severe	C	good	good	P27-Treat	TRAV13-1;TRBV19_;_TRAJ48;TRBJ1-2_TRA:CAAVRNFGNEKLTF;TRB:CASSPSGVNYGYTF_P27	0.00235849056603773	2	NA	NA	NA	NA	No	post_specific	R-post_novel
P27	R	055	good	severe	C	good	good	P27-Treat	TRAV13-1;TRBV29-1_;_TRAJ40;TRBJ2-5_TRA:CAARSGTYKYIF;TRB:CSVVGGLEVQETQYF_P27	0.00235849056603773	2	NA	NA	NA	NA	No	post_specific	R-post_novel
P27	R	055	good	severe	C	good	good	P27-Treat	TRAV16;TRBV19_;_TRAJ47;TRBJ2-3_TRA:CALSEYGNKLVF;TRB:CASSEQGKSGDTQYF_P27	0.00235849056603773	2	NA	NA	NA	NA	No	post_specific	R-post_novel
P27	R	055	good	severe	C	good	good	P27-Treat	TRAV4;TRBV20-1_;TRBD1_TRAJ27;TRBJ1-1_TRA:CLVGVATNAGKSTF;TRB:CSARDIGTGTMNTEAFF_P27	0.00235849056603773	2	P27-Baseline	5.027652086475615e-4	2	No	No	pre_post_share	R-pre_existing
P27	R	055	good	severe	C	good	good	P27-Treat	TRAV26-1;TRBV7-2_;TRBD2_TRAJ44;TRBJ2-3_TRA:CIVRVEEYTGTASKLTF;TRB:CASSWTSGSTDTQYF_P27	0.00471698113207547	4	P27-Baseline	7.541478129713424e-4	3	No	No	pre_post_share	R-pre_existing
P27	R	055	good	severe	C	good	good	P27-Treat	TRAV41;TRBV6-5_;_TRAJ42;TRBJ1-1_TRA:CAVRSYSYYGGSQGNLIF;TRB:CASSYSGGDTLMNTEAFF_P27	0.00235849056603773	2	P27-Baseline	7.541478129713424e-4	3	No	No	pre_post_share	R-pre_existing
P27	R	055	good	severe	C	good	good	P27-Treat	TRAV12-1;TRBV30_;TRBD1_TRAJ49;TRBJ2-7_TRA:CVGYSIAGNQFYF;TRB:CAWQGANSYEQYF_P27	0.00235849056603773	2	NA	NA	NA	NA	No	post_specific	R-post_novel
P27	R	055	good	severe	C	good	good	P27-Treat	TRAV8-3;TRBV14_;_TRAJ48;TRBJ1-1_TRA:CAARGFGNEKLTF;TRB:CASSRDREAFF_P27	0.00235849056603773	2	NA	NA	NA	NA	No	post_specific	R-post_novel
P27	R	055	good	severe	C	good	good	P27-Treat	TRAV2;TRBV20-1_;TRBD1_TRAJ10;TRBJ1-5_TRA:CAVSTGGGNKLTF;TRB:CGIQTGQGLSQPQHF_P27	0.00235849056603773	2	P27-Baseline	5.027652086475615e-4	2	No	No	pre_post_share	R-pre_existing
P27	R	055	good	severe	C	good	good	P27-Treat	TRAV38-1;TRBV3-1_;_TRAJ39;TRBJ1-6_TRA:CAFFYNAGNMLTF;TRB:CASSQRLNQSPLHF_P27	0.00235849056603773	2	NA	NA	NA	NA	No	post_specific	R-post_novel
P27	R	055	good	severe	C	good	good	P27-Treat	TRAV38-2/DV8;TRBV6-5_;_TRAJ45;TRBJ1-6_TRA:CAYGFLYSGGGADGLTF;TRB:CASSYGQGNSPLHF_P27	0.00235849056603773	2	NA	NA	NA	NA	No	post_specific	R-post_novel
P27	R	055	good	severe	C	good	good	P27-Treat	TRAV1-2;TRBV5-1_;TRBD2_TRAJ40;TRBJ2-1_TRA:CAVTPPGGTYKYIF;TRB:CASSVGRAGVLDEQFF_P27	0.0035377358490566	3	NA	NA	NA	NA	No	post_specific	R-post_novel
P27	R	055	good	severe	C	good	good	P27-Treat	TRAV16;TRBV2_;_TRAJ17;TRBJ2-3_TRA:CALSGAAGNKLTF;TRB:CASSEGGLTDTQYF_P27	0.00235849056603773	2	NA	NA	NA	NA	No	post_specific	R-post_novel
P27	R	055	good	severe	C	good	good	P27-Treat	TRAV16;TRBV5-4_;_TRAJ7;TRBJ2-1_TRA:CALSGPGNNRLAF;TRB:CASSLDRAGEQFF_P27	0.0035377358490566	3	NA	NA	NA	NA	No	post_specific	R-post_novel
P27	R	055	good	severe	C	good	good	P27-Treat	TRAV12-3;TRBV29-1_;_TRAJ49;TRBJ2-3_TRA:CAMRSTGNQFYF;TRB:CSVAGRRDTQYF_P27	0.00235849056603773	2	P27-Baseline	2.5138260432378077e-4	1	No	No	pre_post_share	R-pre_existing
P27	R	055	good	severe	C	good	good	P27-Treat	TRAV41;TRBV5-1_;_TRAJ49;TRBJ2-5_TRA:CAVRSNTGNQFYF;TRB:CASSSGDRETQYF_P27	0.00235849056603773	2	NA	NA	NA	NA	No	post_specific	R-post_novel
P27	R	055	good	severe	C	good	good	P27-Treat	TRAV1-2;TRBV10-3_;_TRAJ8;TRBJ2-5_TRA:CAVRMNTGFQKLVF;TRB:CAISEEQGETQYF_P27	0.00471698113207547	4	NA	NA	NA	NA	No	post_specific	R-post_novel
P27	R	055	good	severe	C	good	good	P27-Treat	TRAV35;TRBV28_;TRBD1_TRAJ43;TRBJ2-5_TRA:CAGQHHALNNDMRF;TRB:CASSPRTGGTKTQYF_P27	0.00589622641509434	5	NA	NA	NA	NA	No	post_specific	R-post_novel
P27	R	055	good	severe	C	good	good	P27-Treat	TRAV17;TRBV19_;_TRAJ10;TRBJ2-1_TRA:CATDTGGGNKLTF;TRB:CASSNQGDEQFF_P27	0.00943396226415094	8	NA	NA	NA	NA	Yes	post_specific	R-post_novel
P27	R	055	good	severe	C	good	good	P27-Treat	TRAV1-1;TRBV28_;_TRAJ26;TRBJ2-7_TRA:CAVRRNGQNFVF;TRB:CASTGTPSYEQYF_P27	0.00235849056603773	2	NA	NA	NA	NA	No	post_specific	R-post_novel
P27	R	055	good	severe	C	good	good	P27-Treat	TRAV19;TRBV4-1_;_TRAJ54;TRBJ2-5_TRA:CALSEALIQGAQKLVF;TRB:CASSRGPQPLETQYF_P27	0.00235849056603773	2	NA	NA	NA	NA	No	post_specific	R-post_novel
P27	R	055	good	severe	C	good	good	P27-Treat	TRAV8-6;TRBV14_;_TRAJ37;TRBJ1-1_TRA:CAVSFSSNTGKLIF;TRB:CASSQDRVGAFF_P27	0.05306603773584906	45	P27-Baseline	0.01508295625942684	60	Yes	Yes	pre_post_share	R-pre_existing
P27	R	055	good	severe	C	good	good	P27-Treat	TRAV14/DV4;TRBV24-1_;_TRAJ28;TRBJ2-7_TRA:CAMRELQGSGAGSYQLTF;TRB:CATSGGGPSYEQYF_P27	0.00235849056603773	2	NA	NA	NA	NA	No	post_specific	R-post_novel
P27	R	055	good	severe	C	good	good	P27-Treat	TRAV23/DV6;TRBV5-4_;_TRAJ17;TRBJ2-3_TRA:CAASRKIKAAGNKLTF;TRB:CASSPGVMSTDTQYF_P27	0.00235849056603773	2	NA	NA	NA	NA	No	post_specific	R-post_novel
P27	R	055	good	severe	C	good	good	P27-Treat	TRAV1-2;TRBV30_;_TRAJ27;TRBJ1-1_TRA:CAVRLGGGKSTF;TRB:CAFYRGTEAFF_P27	0.00589622641509434	5	P27-Baseline	0.00100553041729512	4	No	No	pre_post_share	R-pre_existing
P27	R	055	good	severe	C	good	good	P27-Treat	TRAV36/DV7;TRBV12-4_;TRBD1_TRAJ53;TRBJ2-7_TRA:CAHRRGGSNYKLTF;TRB:CASSDTGGSSYEQYF_P27	0.00471698113207547	4	NA	NA	NA	NA	No	post_specific	R-post_novel
P27	R	055	good	severe	C	good	good	P27-Treat	TRAV17;TRBV12-3_;_TRAJ45;TRBJ1-1_TRA:CATDAFDSGGGADGLTF;TRB:CASRAEGARVTEAFF_P27	0.00589622641509434	5	P27-Baseline	2.5138260432378077e-4	1	No	No	pre_post_share	R-pre_existing
P27	R	055	good	severe	C	good	good	P27-Treat	TRAV8-3;TRBV10-2_;_TRAJ4;TRBJ2-1_TRA:CAVAHRSGGYNKLIF;TRB:CASSESTVREAFPEQFF_P27	0.00589622641509434	5	NA	NA	NA	NA	No	post_specific	R-post_novel
P27	R	055	good	severe	C	good	good	P27-Treat	TRAV19;TRBV29-1_;_TRAJ8;TRBJ1-1_TRA:CALSEESFQKLVF;TRB:CSVEPQGRIETEAFF_P27	0.00471698113207547	4	P27-Baseline	2.5138260432378077e-4	1	No	No	pre_post_share	R-pre_existing
P27	R	055	good	severe	C	good	good	P27-Treat	TRAV3;TRBV6-2_;_TRAJ21;TRBJ2-2_TRA:CAVRGPGFYF;TRB:CASSYIRGQANTGELFF_P27	0.00235849056603773	2	P27-Baseline	7.541478129713424e-4	3	No	No	pre_post_share	R-pre_existing
P27	R	055	good	severe	C	good	good	P27-Treat	TRAV8-6;TRBV14_;_TRAJ23;TRBJ1-5_TRA:CALLLRQGGKLIF;TRB:CASSQVTRAGNQPQHF_P27	0.00589622641509434	5	NA	NA	NA	NA	No	post_specific	R-post_novel
P27	R	055	good	severe	C	good	good	P27-Treat	TRAV8-6;TRBV28_;_TRAJ20;TRBJ2-1_TRA:CAVSEWGSDYKLSF;TRB:CASGIPDAGGAEQFF_P27	0.00471698113207547	4	P27-Baseline	2.5138260432378077e-4	1	No	No	pre_post_share	R-pre_existing
P27	R	055	good	severe	C	good	good	P27-Treat	TRAV5;TRBV28_;TRBD1_TRAJ4;TRBJ2-1_TRA:CAERSGGYNKLIF;TRB:CASNPRDGQGDNEQFF_P27	0.00235849056603773	2	NA	NA	NA	NA	No	post_specific	R-post_novel
P27	R	055	good	severe	C	good	good	P27-Treat	TRAV8-6;TRBV2_;_TRAJ23;TRBJ2-1_TRA:CALLLRQGGKLIF;TRB:CASSGGSGVGVDNEQFF_P27	0.00235849056603773	2	NA	NA	NA	NA	No	post_specific	R-post_novel
P27	R	055	good	severe	C	good	good	P27-Treat	TRAV4;TRBV9_;TRBD1_TRAJ37;TRBJ2-1_TRA:CLVGESGKLIF;TRB:CASSVERGRRNEQFF_P27	0.0035377358490566	3	NA	NA	NA	NA	No	post_specific	R-post_novel
P27	R	055	good	severe	C	good	good	P27-Treat	TRAV13-1;TRBV27_;TRBD1_TRAJ37;TRBJ1-2_TRA:CAANTGKLIF;TRB:CASSPSPQGAGGYTF_P27	0.00589622641509434	5	NA	NA	NA	NA	No	post_specific	R-post_novel
P27	R	055	good	severe	C	good	good	P27-Treat	TRAV16;TRBV5-6_;_TRAJ40;TRBJ1-3_TRA:CALRREGTYKYIF;TRB:CASSGSGNTIYF_P27	0.0035377358490566	3	P27-Baseline	2.5138260432378077e-4	1	No	No	pre_post_share	R-pre_existing
P27	R	055	good	severe	C	good	good	P27-Treat	TRAV35;TRBV6-1_;_TRAJ40;TRBJ2-6_TRA:CAGQLSPGTYKYIF;TRB:CASSGGANVLTF_P27	0.00235849056603773	2	NA	NA	NA	NA	No	post_specific	R-post_novel
P28	R	056	good	severe	C	good	good	P28-Treat	TRAV12-1;TRBV27_;_TRAJ24;TRBJ2-7_TRA:CVSLTDSWGKFQF;TRB:CASAPVGTVYEQYF_P28	0.00280898876404494	5	P28-Baseline	0.00131104555883316	4	No	No	pre_post_share	R-pre_existing
P28	R	056	good	severe	C	good	good	P28-Treat	TRAV17;TRBV5-5_;_TRAJ48;TRBJ1-1_TRA:CATAQSNFGNEKLTF;TRB:CASSFNWQVGEEAFF_P28	0.00112359550561797	2	NA	NA	NA	NA	No	post_specific	R-post_novel
P28	R	056	good	severe	C	good	good	P28-Treat	TRAV3;TRBV19_;_TRAJ10;TRBJ2-7_TRA:CAVRGREGGGNKLTF;TRB:CASSITSVTRVHPGEQYF_P28	0.00280898876404494	5	NA	NA	NA	NA	No	post_specific	R-post_novel
P28	R	056	good	severe	C	good	good	P28-Treat	TRAV19;TRBV5-4_;_TRAJ4;TRBJ2-7_TRA:CALFSGGYNKLIF;TRB:CASSPRGHLEQYF_P28	0.00112359550561797	2	NA	NA	NA	NA	No	post_specific	R-post_novel
P28	R	056	good	severe	C	good	good	P28-Treat	TRAV8-1;TRBV5-1_;TRBD1_TRAJ37;TRBJ1-4_TRA:CAVKFGGGSSNTGKLIF;TRB:CASSPGQGVEKLFF_P28	0.00112359550561797	2	NA	NA	NA	NA	No	post_specific	R-post_novel
P28	R	056	good	severe	C	good	good	P28-Treat	TRAV8-2;TRBV11-2_;_TRAJ49;TRBJ2-1_TRA:CVVSPNTGNQFYF;TRB:CASSSGTDNEQFF_P28	0.00112359550561797	2	P28-Baseline	3.2776138970829236e-4	1	No	No	pre_post_share	R-pre_existing
P28	R	056	good	severe	C	good	good	P28-Treat	TRAV21;TRBV20-1_;_TRAJ52;TRBJ2-7_TRA:CAVRGGGTSYGKLTF;TRB:CSARSRRQGYEQYF_P28	0.00112359550561797	2	NA	NA	NA	NA	No	post_specific	R-post_novel
P28	R	056	good	severe	C	good	good	P28-Treat	TRAV17;TRBV11-2_;TRBD1_TRAJ7;TRBJ1-1_TRA:CATDAYYGNNRLAF;TRB:CASSSTGGDTEAFF_P28	0.00224719101123595	4	NA	NA	NA	NA	No	post_specific	R-post_novel
P28	R	056	good	severe	C	good	good	P28-Treat	TRAV26-1;TRBV20-1_;_TRAJ6;TRBJ2-7_TRA:CIVRPTSGGSYIPTF;TRB:CSGRTPFYEQYF_P28	0.00112359550561797	2	NA	NA	NA	NA	No	post_specific	R-post_novel
P28	R	056	good	severe	C	good	good	P28-Treat	TRAV12-2;TRBV20-1_;_TRAJ47;TRBJ2-7_TRA:CAAEYGNKLVF;TRB:CSVSGQSYEQYF_P28	0.00337078651685393	6	P28-Baseline	0.00229432972795804	7	No	No	pre_post_share	R-pre_existing
P28	R	056	good	severe	C	good	good	P28-Treat	TRAV1-2;TRBV20-1_;_TRAJ33;TRBJ2-5_TRA:CAIMDSNYQLIW;TRB:CSARDVGREGGETQYF_P28	0.00112359550561797	2	P28-Baseline	3.2776138970829236e-4	1	No	No	pre_post_share	R-pre_existing
P28	R	056	good	severe	C	good	good	P28-Treat	TRAV19;TRBV27_;_TRAJ34;TRBJ2-1_TRA:CALSEATDKLIF;TRB:CASSLVATPFNEQFF_P28	0.00337078651685393	6	P28-Baseline	3.2776138970829236e-4	1	No	No	pre_post_share	R-pre_existing
P28	R	056	good	severe	C	good	good	P28-Treat	TRAV27;TRBV6-5_;TRBD1_TRAJ16;TRBJ2-5_TRA:CAGAERSDGQKLLF;TRB:CASSHWTGGRETQYF_P28	0.00337078651685393	6	NA	NA	NA	NA	No	post_specific	R-post_novel
P28	R	056	good	severe	C	good	good	P28-Treat	TRAV3;TRBV10-1_;_TRAJ3;TRBJ2-2_TRA:CAVRGSGYSSASKIIF;TRB:CASRVELNTGELFF_P28	0.00112359550561797	2	NA	NA	NA	NA	No	post_specific	R-post_novel
P28	R	056	good	severe	C	good	good	P28-Treat	TRAV8-3;TRBV5-4_;_TRAJ44;TRBJ2-7_TRA:CAVGTINTGTASKLTF;TRB:CASSPRGHLEQYF_P28	0.00112359550561797	2	NA	NA	NA	NA	No	post_specific	R-post_novel
P28	R	056	good	severe	C	good	good	P28-Treat	TRAV12-1;TRBV6-1_;_TRAJ24;TRBJ2-7_TRA:CAVLTDSWGKFQF;TRB:CASSPLGQTNSYEQYF_P28	0.00168539325842696	3	NA	NA	NA	NA	No	post_specific	R-post_novel
P28	R	056	good	severe	C	good	good	P28-Treat	TRAV35;TRBV10-3_;_TRAJ34;TRBJ2-7_TRA:CAGQLLSTDKLIF;TRB:CATGQLYEQYF_P28	0.00112359550561797	2	NA	NA	NA	NA	No	post_specific	R-post_novel
P28	R	056	good	severe	C	good	good	P28-Treat	TRAV23/DV6;TRBV4-3_;TRBD1_TRAJ39;TRBJ2-7_TRA:CAASNGNAGNMLTF;TRB:CASSQDWGQGGDEQYF_P28	0.00224719101123595	4	NA	NA	NA	NA	No	post_specific	R-post_novel
P28	R	056	good	severe	C	good	good	P28-Treat	TRAV8-3;TRBV20-1_;_TRAJ16;TRBJ1-2_TRA:CAVGSPFSDGQKLLF;TRB:CSASFGTAYGYTF_P28	0.00112359550561797	2	NA	NA	NA	NA	No	post_specific	R-post_novel
P28	R	056	good	severe	C	good	good	P28-Treat	TRAV21;TRBV28_;_TRAJ36;TRBJ1-1_TRA:CAGGQTGANNLFF;TRB:CASKGNTEAFF_P28	0.00112359550561797	2	NA	NA	NA	NA	No	post_specific	R-post_novel
P28	R	056	good	severe	C	good	good	P28-Treat	TRAV5;TRBV28_;_TRAJ26;TRBJ2-7_TRA:CAEISERNYGQNFVF;TRB:CASSLADEQYF_P28	0.00112359550561797	2	NA	NA	NA	NA	No	post_specific	R-post_novel
P28	R	056	good	severe	C	good	good	P28-Treat	TRAV13-1;TRBV6-2_;_TRAJ23;TRBJ2-4_TRA:CAASREGKLIF;TRB:CASTLGLAGPEDIQYF_P28	0.00224719101123595	4	P28-Baseline	3.2776138970829236e-4	1	No	No	pre_post_share	R-pre_existing
P28	R	056	good	severe	C	good	good	P28-Treat	TRAV19;TRBV9_;_TRAJ3;TRBJ2-7_TRA:CALSDPYSSASKIIF;TRB:CASSGLSETSGADYEQYF_P28	0.00224719101123595	4	NA	NA	NA	NA	No	post_specific	R-post_novel
P28	R	056	good	severe	C	good	good	P28-Treat	TRAV3;TRBV20-1_;_TRAJ34;TRBJ1-3_TRA:CAVRDENTDKLIF;TRB:CSAEVDFSSGNTIYF_P28	0.00168539325842696	3	NA	NA	NA	NA	No	post_specific	R-post_novel
P28	R	056	good	severe	C	good	good	P28-Treat	TRAV1-2;TRBV7-9_;TRBD1_TRAJ44;TRBJ1-1_TRA:CAVRVTGTASKLTF;TRB:CASSFGTESTEAFF_P28	0.00168539325842696	3	NA	NA	NA	NA	No	post_specific	R-post_novel
P28	R	056	good	severe	C	good	good	P28-Treat	TRAV12-1;TRBV27_;_TRAJ24;TRBJ2-7_TRA:CAALTDSWGKFQF;TRB:CASSSLGTISYEQYF_P28	0.00617977528089887	11	P28-Baseline	0.00458865945591609	14	No	No	pre_post_share	R-pre_existing
P28	R	056	good	severe	C	good	good	P28-Treat	TRAV21;TRBV27_;_TRAJ39;TRBJ2-2_TRA:CAVWGNAGNMLTF;TRB:CASSYGEVAGHTGELFF_P28	0.00112359550561797	2	NA	NA	NA	NA	No	post_specific	R-post_novel
P28	R	056	good	severe	C	good	good	P28-Treat	TRAV12-3;TRBV9_;TRBD2_TRAJ49;TRBJ2-5_TRA:CAMSGGTGNQFYF;TRB:CASSVQGTAGGGQYF_P28	0.00112359550561797	2	NA	NA	NA	NA	No	post_specific	R-post_novel
P28	R	056	good	severe	C	good	good	P28-Treat	TRAV1-2;TRBV20-1_;_TRAJ33;TRBJ2-1_TRA:CAVMDSNYQLIW;TRB:CSARDSGSSYNEQFF_P28	0.00112359550561797	2	NA	NA	NA	NA	No	post_specific	R-post_novel
P28	R	056	good	severe	C	good	good	P28-Treat	TRAV20;TRBV4-1_;_TRAJ13;TRBJ2-4_TRA:CAVHLLSGGYQKVTF;TRB:CASSQSGRAKNIQYF_P28	0.00393258426966292	7	NA	NA	NA	NA	No	post_specific	R-post_novel
P28	R	056	good	severe	C	good	good	P28-Treat	TRAV1-2;TRBV28_;_TRAJ33;TRBJ2-3_TRA:CAVVDSNYQLIW;TRB:CASSLAELSTDTQYF_P28	0.00112359550561797	2	P28-Baseline	3.2776138970829236e-4	1	No	No	pre_post_share	R-pre_existing
P28	R	056	good	severe	C	good	good	P28-Treat	TRAV19;TRBV6-1_;TRBD1_TRAJ31;TRBJ2-5_TRA:CALSDNNARLMF;TRB:CASSEWTGGGEETQYF_P28	0.00112359550561797	2	NA	NA	NA	NA	No	post_specific	R-post_novel
P28	R	056	good	severe	C	good	good	P28-Treat	TRAV38-2/DV8;TRBV11-2_;_TRAJ54;TRBJ1-3_TRA:CAFGQGAQKLVF;TRB:CASSLEDAGLSGNTIYF_P28	0.00168539325842696	3	NA	NA	NA	NA	No	post_specific	R-post_novel
P28	R	056	good	severe	C	good	good	P28-Treat	TRAV23/DV6;TRBV5-8_;_TRAJ48;TRBJ2-7_TRA:CAASIPSDFGNEKLTF;TRB:CASSSGRNEQYF_P28	0.00112359550561797	2	P28-Baseline	0.00131104555883316	4	No	No	pre_post_share	R-pre_existing
P28	R	056	good	severe	C	good	good	P28-Treat	TRAV24;TRBV30_;_TRAJ39;TRBJ1-4_TRA:CAFSRGAGNMLTF;TRB:CAWSVVRGARGKLFF_P28	0.00280898876404494	5	NA	NA	NA	NA	No	post_specific	R-post_novel
P28	R	056	good	severe	C	good	good	P28-Treat	TRAV41;TRBV27_;_TRAJ49;TRBJ2-4_TRA:CAVEAGNQFYF;TRB:CASSDPRESKNIQYF_P28	0.00561797752808988	10	NA	NA	NA	NA	No	post_specific	R-post_novel
P28	R	056	good	severe	C	good	good	P28-Treat	TRAV6;TRBV27_;_TRAJ33;TRBJ1-5_TRA:CALAADSNYQLIW;TRB:CASSLEYPGNQPQHF_P28	0.00112359550561797	2	NA	NA	NA	NA	No	post_specific	R-post_novel
P28	R	056	good	severe	C	good	good	P28-Treat	TRAV22;TRBV15_;_TRAJ31;TRBJ2-1_TRA:CAVNRARLMF;TRB:CATSRAQGHEQFF_P28	0.00112359550561797	2	P28-Baseline	3.2776138970829236e-4	1	No	No	pre_post_share	R-pre_existing
P28	R	056	good	severe	C	good	good	P28-Treat	TRAV1-2;TRBV4-1_;TRBD1_TRAJ27;TRBJ2-2_TRA:CAVYDTNAGKSTF;TRB:CASSQDGRGPGELFF_P28	0.00112359550561797	2	NA	NA	NA	NA	No	post_specific	R-post_novel
P28	R	056	good	severe	C	good	good	P28-Treat	TRAV39;TRBV4-1_;_TRAJ40;TRBJ2-7_TRA:CAVTTSGTYKYIF;TRB:CASSPGAGGSYEQYF_P28	0.00112359550561797	2	P28-Baseline	3.2776138970829236e-4	1	No	No	pre_post_share	R-pre_existing
P28	R	056	good	severe	C	good	good	P28-Treat	TRAV17;TRBV5-1_;_TRAJ28;TRBJ1-3_TRA:CATDAWNSGAGSYQLTF;TRB:CASSWGGQAGNTIYF_P28	0.00112359550561797	2	P28-Baseline	0.00229432972795804	7	No	No	pre_post_share	R-pre_existing
P28	R	056	good	severe	C	good	good	P28-Treat	TRAV9-2;TRBV2_;TRBD2_TRAJ49;TRBJ2-1_TRA:CALSDLSQTGNQFYF;TRB:CASSDYGTSGRARESSYNEQFF_P28	0.012921348314606739	23	NA	NA	NA	NA	Yes	post_specific	R-post_novel
P28	R	056	good	severe	C	good	good	P28-Treat	TRAV8-3;TRBV2_;_TRAJ45;TRBJ2-5_TRA:CAVAYDSGGGADGLTF;TRB:CASSLTSRRSETQYF_P28	0.00112359550561797	2	P28-Baseline	0.00196656833824975	6	No	No	pre_post_share	R-pre_existing
P28	R	056	good	severe	C	good	good	P28-Treat	TRAV5;TRBV7-8_;_TRAJ36;TRBJ1-3_TRA:CAGANNLFF;TRB:CASSLEGRNTIYF_P28	0.00337078651685393	6	NA	NA	NA	NA	No	post_specific	R-post_novel
P28	R	056	good	severe	C	good	good	P28-Treat	TRAV8-4;TRBV27_;_TRAJ16;TRBJ2-7_TRA:CAVRRFSDGQKLLF;TRB:CASSSLGTISYEQYF_P28	0.00112359550561797	2	P28-Baseline	0.00458865945591609	14	No	No	pre_post_share	R-pre_existing
P28	R	056	good	severe	C	good	good	P28-Treat	TRAV8-2;TRBV28_;_TRAJ45;TRBJ1-5_TRA:CVVSEGRGGADGLTF;TRB:CASGPAAREGSNQPQHF_P28	0.00112359550561797	2	NA	NA	NA	NA	No	post_specific	R-post_novel
P28	R	056	good	severe	C	good	good	P28-Treat	TRAV9-2;TRBV19_;_TRAJ52;TRBJ2-5_TRA:CALSSPANAGGTSYGKLTF;TRB:CASSTGRGATQYF_P28	0.00224719101123595	4	P28-Baseline	6.555227794165847e-4	2	No	No	pre_post_share	R-pre_existing
P28	R	056	good	severe	C	good	good	P28-Treat	TRAV21;TRBV11-2_;_TRAJ58;TRBJ2-1_TRA:CAPLTGGSRLTF;TRB:CASSLDTANNEQFF_P28	0.00112359550561797	2	NA	NA	NA	NA	No	post_specific	R-post_novel
P28	R	056	good	severe	C	good	good	P28-Treat	TRAV34;TRBV6-2_;TRBD1_TRAJ34;TRBJ2-4_TRA:CGADVTYNTDKLIF;TRB:CASSTWTGGKNIQYF_P28	0.00112359550561797	2	P28-Baseline	3.2776138970829236e-4	1	No	No	pre_post_share	R-pre_existing
P28	R	056	good	severe	C	good	good	P28-Treat	TRAV21;TRBV2_;_TRAJ20;TRBJ2-7_TRA:CAVINDYKLSF;TRB:CASGGWLPGQGNYEQYF_P28	0.00112359550561797	2	P28-Baseline	0.00524418223533267	16	No	No	pre_post_share	R-pre_existing
P28	R	056	good	severe	C	good	good	P28-Treat	TRAV12-1;TRBV27_;_TRAJ24;TRBJ2-1_TRA:CVGLTDSWGKFQF;TRB:CASSPLGGMGNEQFF_P28	0.00112359550561797	2	P28-Baseline	0.02392658144870534	73	Yes	No	pre_post_share	R-pre_existing
P28	R	056	good	severe	C	good	good	P28-Treat	TRAV12-2;TRBV28_;_TRAJ12;TRBJ2-7_TRA:CAPARMDSSYKLIF;TRB:CASSGDISYEQYF_P28	0.00617977528089887	11	P28-Baseline	0.01016060308095706	31	Yes	No	pre_post_share	R-pre_existing
P28	R	056	good	severe	C	good	good	P28-Treat	TRAV39;TRBV6-6_;_TRAJ18;TRBJ2-3_TRA:CAVDEYDRGSTLGRLYF;TRB:CASSHGGQDTQYF_P28	0.00337078651685393	6	P28-Baseline	0.00229432972795804	7	No	No	pre_post_share	R-pre_existing
P28	R	056	good	severe	C	good	good	P28-Treat	TRAV35;TRBV19_;_TRAJ57;TRBJ2-2_TRA:CAGQWGGSEKLVF;TRB:CASSFQGAGELFF_P28	0.00112359550561797	2	NA	NA	NA	NA	No	post_specific	R-post_novel
P28	R	056	good	severe	C	good	good	P28-Treat	TRAV24;TRBV4-2_;_TRAJ42;TRBJ2-7_TRA:CAFGGSQGNLIF;TRB:CASSPSARESSYEQYF_P28	0.00280898876404494	5	NA	NA	NA	NA	No	post_specific	R-post_novel
P28	R	056	good	severe	C	good	good	P28-Treat	TRAV12-1;TRBV28_;_TRAJ34;TRBJ2-3_TRA:CVVNEVTTDKLIF;TRB:CASSTSDTQYF_P28	0.00168539325842696	3	NA	NA	NA	NA	No	post_specific	R-post_novel
P28	R	056	good	severe	C	good	good	P28-Treat	TRAV12-3;TRBV7-8_;_TRAJ50;TRBJ2-1_TRA:CAMGASYDKVIF;TRB:CASSLRGPYNEQFF_P28	0.00112359550561797	2	NA	NA	NA	NA	No	post_specific	R-post_novel
P28	R	056	good	severe	C	good	good	P28-Treat	TRAV5;TRBV7-2_;_TRAJ53;TRBJ1-1_TRA:CAETGSGGSNYKLTF;TRB:CASSPRGVNTEAFF_P28	0.00112359550561797	2	P28-Baseline	6.555227794165847e-4	2	No	No	pre_post_share	R-pre_existing
P28	R	056	good	severe	C	good	good	P28-Treat	TRAV8-3;TRBV7-8_;_TRAJ43;TRBJ2-2_TRA:CAVNDMRF;TRB:CASSLAGQGGGELFF_P28	0.00337078651685393	6	P28-Baseline	0.00524418223533267	16	No	No	pre_post_share	R-pre_existing
P28	R	056	good	severe	C	good	good	P28-Treat	TRAV1-1;TRBV4-3_;_TRAJ31;TRBJ2-3_TRA:CAVGNNARLMF;TRB:CASSQAQPGRPQYF_P28	0.00112359550561797	2	NA	NA	NA	NA	No	post_specific	R-post_novel
P28	R	056	good	severe	C	good	good	P28-Treat	TRAV17;TRBV15_;_TRAJ48;TRBJ2-5_TRA:CATETNFGNEKLTF;TRB:CATSRQGGETQYF_P28	0.00112359550561797	2	P28-Baseline	3.2776138970829236e-4	1	No	No	pre_post_share	R-pre_existing
P28	R	056	good	severe	C	good	good	P28-Treat	TRAV20;TRBV19_;_TRAJ54;TRBJ1-3_TRA:CAVWRSQKLVF;TRB:CASSITGSSGNTIYF_P28	0.00112359550561797	2	NA	NA	NA	NA	No	post_specific	R-post_novel
P28	R	056	good	severe	C	good	good	P28-Treat	TRAV10;TRBV19_;TRBD1_TRAJ35;TRBJ2-1_TRA:CVVSDLRNVLHC;TRB:CASSNPSGGGWGGYEQFF_P28	0.00337078651685393	6	P28-Baseline	0.00163880694854146	5	No	No	pre_post_share	R-pre_existing
P28	R	056	good	severe	C	good	good	P28-Treat	TRAV19;TRBV11-2_;_TRAJ32;TRBJ1-2_TRA:CALSEAGGYGGATNKLIF;TRB:CASSQTGFYGYTF_P28	0.00168539325842696	3	P28-Baseline	0.00294985250737463	9	No	No	pre_post_share	R-pre_existing
P28	R	056	good	severe	C	good	good	P28-Treat	TRAV8-3;TRBV27_;TRBD1_TRAJ43;TRBJ2-5_TRA:CAGAYNNNDMRF;TRB:CASRRDRAASETQYF_P28	0.00112359550561797	2	P28-Baseline	3.2776138970829236e-4	1	No	No	pre_post_share	R-pre_existing
P28	R	056	good	severe	C	good	good	P28-Treat	TRAV19;TRBV28_;_TRAJ6;TRBJ2-1_TRA:CALRWAGGSYIPTF;TRB:CASSLIGSSPTYNEQFF_P28	0.00224719101123595	4	P28-Baseline	9.832841691248771e-4	3	No	No	pre_post_share	R-pre_existing
P28	R	056	good	severe	C	good	good	P28-Treat	TRAV19;TRBV9_;TRBD1_TRAJ49;TRBJ2-7_TRA:CALSEADTGNQFYF;TRB:CASSESSGQGALKYF_P28	0.00112359550561797	2	P28-Baseline	6.555227794165847e-4	2	No	No	pre_post_share	R-pre_existing
P28	R	056	good	severe	C	good	good	P28-Treat	TRAV8-1;TRBV2_;_TRAJ40;TRBJ1-5_TRA:CAGGGTYKYIF;TRB:CASRQGTRNQPQHF_P28	0.00112359550561797	2	NA	NA	NA	NA	No	post_specific	R-post_novel
P28	R	056	good	severe	C	good	good	P28-Treat	TRAV2;TRBV7-2_;TRBD2_TRAJ40;TRBJ2-7_TRA:CAVLGAGTYKYIF;TRB:CASSLETSGSHEQYF_P28	0.00112359550561797	2	P28-Baseline	3.2776138970829236e-4	1	No	No	pre_post_share	R-pre_existing
P28	R	056	good	severe	C	good	good	P28-Treat	TRAV17;TRBV28_;_TRAJ44;TRBJ2-7_TRA:CATARFTGTASKLTF;TRB:CASSWAGSLSYEQYF_P28	0.00112359550561797	2	NA	NA	NA	NA	No	post_specific	R-post_novel
P28	R	056	good	severe	C	good	good	P28-Treat	TRAV12-3;TRBV19_;_TRAJ52;TRBJ1-5_TRA:CAMSNAGGTSYGKLTF;TRB:CASSSPGQFNQPQHF_P28	0.00112359550561797	2	NA	NA	NA	NA	No	post_specific	R-post_novel
P28	R	056	good	severe	C	good	good	P28-Treat	TRAV30;TRBV7-6_;_TRAJ37;TRBJ2-1_TRA:CGTRNGSGNTGKLIF;TRB:CASSLVVSDNEQFF_P28	0.00224719101123595	4	P28-Baseline	3.2776138970829236e-4	1	No	No	pre_post_share	R-pre_existing
P28	R	056	good	severe	C	good	good	P28-Treat	TRAV34;TRBV7-2_;_TRAJ15;TRBJ2-1_TRA:CGADRQAGTALIF;TRB:CASSLGASGIWEQFF_P28	0.00112359550561797	2	NA	NA	NA	NA	No	post_specific	R-post_novel
P28	R	056	good	severe	C	good	good	P28-Treat	TRAV21;TRBV14_;_TRAJ37;TRBJ1-1_TRA:CAPQGSSNTGKLIF;TRB:CASSPHKGVVGNTEAFF_P28	0.00112359550561797	2	NA	NA	NA	NA	No	post_specific	R-post_novel
P28	R	056	good	severe	C	good	good	P28-Treat	TRAV35;TRBV19_;_TRAJ48;TRBJ2-7_TRA:CAGRGSNFGNEKLTF;TRB:CASSTGPYEQYF_P28	0.00112359550561797	2	NA	NA	NA	NA	No	post_specific	R-post_novel
P28	R	056	good	severe	C	good	good	P28-Treat	TRAV35;TRBV6-1_;_TRAJ53;TRBJ2-6_TRA:CAGQLGSGGSNYKLTF;TRB:CASSVGHYSGANVLTF_P28	0.00393258426966292	7	NA	NA	NA	NA	No	post_specific	R-post_novel
P28	R	056	good	severe	C	good	good	P28-Treat	TRAV21;TRBV20-1_;_TRAJ52;TRBJ2-1_TRA:CAVRSGAGGTSYGKLTF;TRB:CSSGPFGSSYNEQFF_P28	0.00224719101123595	4	P28-Baseline	0.00458865945591609	14	No	No	pre_post_share	R-pre_existing
P28	R	056	good	severe	C	good	good	P28-Treat	TRAV21;TRBV28_;_TRAJ53;TRBJ2-3_TRA:CAVYNSGGSNYKLTF;TRB:CASSFSASTDTQYF_P28	0.00505617977528089	9	NA	NA	NA	NA	No	post_specific	R-post_novel
P28	R	056	good	severe	C	good	good	P28-Treat	TRAV21;TRBV5-6_;_TRAJ16;TRBJ2-1_TRA:CAVDRFSDGQKLLF;TRB:CASSLTGGLGNEQFF_P28	0.00112359550561797	2	NA	NA	NA	NA	No	post_specific	R-post_novel
P28	R	056	good	severe	C	good	good	P28-Treat	TRAV38-2/DV8;TRBV28_;_TRAJ44;TRBJ2-1_TRA:CALSPDTGTASKLTF;TRB:CASSLSLSSGSWHNEQFF_P28	0.00112359550561797	2	P28-Baseline	3.2776138970829236e-4	1	No	No	pre_post_share	R-pre_existing
P28	R	056	good	severe	C	good	good	P28-Treat	TRAV13-1;TRBV6-2_;_TRAJ48;TRBJ2-2_TRA:CAALGIGGNEKLTF;TRB:CASSAIGTGELFF_P28	0.00224719101123595	4	P28-Baseline	0.00196656833824975	6	No	No	pre_post_share	R-pre_existing
P28	R	056	good	severe	C	good	good	P28-Treat	TRAV12-3;TRBV7-3_;_TRAJ54;TRBJ2-1_TRA:CAMSGGAQKLVF;TRB:CASRDHTSGRRNEQFF_P28	0.00168539325842696	3	P28-Baseline	0.00163880694854146	5	No	No	pre_post_share	R-pre_existing
P28	R	056	good	severe	C	good	good	P28-Treat	TRAV14/DV4;TRBV28_;TRBD1_TRAJ48;TRBJ1-4_TRA:CAMREGWGFGNEKLTF;TRB:CASSLVQGSEKLFF_P28	0.00112359550561797	2	P28-Baseline	0.00131104555883316	4	No	No	pre_post_share	R-pre_existing
P28	R	056	good	severe	C	good	good	P28-Treat	TRAV25;TRBV7-3_;_TRAJ11;TRBJ2-5_TRA:CAGKGSGYSTLTF;TRB:CASSRGLGETQYF_P28	0.00112359550561797	2	NA	NA	NA	NA	No	post_specific	R-post_novel
P28	R	056	good	severe	C	good	good	P28-Treat	TRAV26-1;TRBV7-3_;_TRAJ45;TRBJ1-4_TRA:CIVDPYSGGGADGLTF;TRB:CASSPDGGSEKLFF_P28	0.00280898876404494	5	NA	NA	NA	NA	No	post_specific	R-post_novel
P28	R	056	good	severe	C	good	good	P28-Treat	TRAV17;TRBV30_;_TRAJ43;TRBJ2-7_TRA:CATDAGHDMRF;TRB:CAWRSESSYEQYF_P28	0.00168539325842696	3	P28-Baseline	0.00294985250737463	9	No	No	pre_post_share	R-pre_existing
P28	R	056	good	severe	C	good	good	P28-Treat	TRAV29/DV5;TRBV12-5_;_TRAJ37;TRBJ2-7_TRA:CAAGEGKLIF;TRB:CASGGQTYEQYF_P28	0.00842696629213483	15	P28-Baseline	3.2776138970829236e-4	1	No	No	pre_post_share	R-pre_existing
P28	R	056	good	severe	C	good	good	P28-Treat	TRAV19;TRBV29-1_;TRBD2_TRAJ49;TRBJ2-1_TRA:CALATRSQFYF;TRB:CSVVGLAGAIYNEQFF_P28	0.00112359550561797	2	NA	NA	NA	NA	No	post_specific	R-post_novel
P28	R	056	good	severe	C	good	good	P28-Treat	TRAV29/DV5;TRBV30_;_TRAJ54;TRBJ2-1_TRA:CAASAIQGAQKLVF;TRB:CAWSWGTSGYNEQFF_P28	0.00280898876404494	5	NA	NA	NA	NA	No	post_specific	R-post_novel
P28	R	056	good	severe	C	good	good	P28-Treat	TRAV8-3;TRBV6-2_;_TRAJ8;TRBJ2-4_TRA:CAGDPPRKGFQKLVF;TRB:CASTLGLAGPEDIQYF_P28	0.00112359550561797	2	NA	NA	NA	NA	No	post_specific	R-post_novel
P28	R	056	good	severe	C	good	good	P28-Treat	TRAV3;TRBV2_;TRBD1_TRAJ11;TRBJ1-1_TRA:CAVRLNSGYSTLTF;TRB:CASSDRGATEAFF_P28	0.00112359550561797	2	P28-Baseline	9.832841691248771e-4	3	No	No	pre_post_share	R-pre_existing
P28	R	056	good	severe	C	good	good	P28-Treat	TRAV8-4;TRBV6-6_;_TRAJ43;TRBJ1-3_TRA:CAVSHNDMRF;TRB:CASSTAGDGNTIYF_P28	0.00112359550561797	2	NA	NA	NA	NA	No	post_specific	R-post_novel
P28	R	056	good	severe	C	good	good	P28-Treat	TRAV17;TRBV15_;_TRAJ31;TRBJ1-1_TRA:CANYNARLMF;TRB:CATSTRGRTSLNTEAFF_P28	0.00112359550561797	2	NA	NA	NA	NA	No	post_specific	R-post_novel
P28	R	056	good	severe	C	good	good	P28-Treat	TRAV17;TRBV5-1_;_TRAJ7;TRBJ2-7_TRA:CATALTYGNNRLAF;TRB:CASSLVQGNALGEQYF_P28	0.00112359550561797	2	P28-Baseline	6.555227794165847e-4	2	No	No	pre_post_share	R-pre_existing
P28	R	056	good	severe	C	good	good	P28-Treat	TRAV9-2;TRBV20-1_;_TRAJ9;TRBJ2-3_TRA:CALHTGGFKTIF;TRB:CSARVPRRADTQYF_P28	0.00112359550561797	2	NA	NA	NA	NA	No	post_specific	R-post_novel
P28	R	056	good	severe	C	good	good	P28-Treat	TRAV9-2;TRBV25-1_;_TRAJ32;TRBJ2-7_TRA:CALSDGGATNKLIF;TRB:CASSNDGTSFEQYF_P28	0.00112359550561797	2	NA	NA	NA	NA	No	post_specific	R-post_novel
P28	R	056	good	severe	C	good	good	P28-Treat	TRAV12-3;TRBV29-1_;_TRAJ54;TRBJ2-7_TRA:CASCIQGAQKLVF;TRB:CSVVGQNSYEQYF_P28	0.00224719101123595	4	P28-Baseline	3.2776138970829236e-4	1	No	No	pre_post_share	R-pre_existing
P28	R	056	good	severe	C	good	good	P28-Treat	TRAV21;TRBV5-4_;_TRAJ9;TRBJ1-1_TRA:CAVRQYTGGFKTIF;TRB:CASSLEPNTEAFF_P28	0.00112359550561797	2	P28-Baseline	6.555227794165847e-4	2	No	No	pre_post_share	R-pre_existing
P28	R	056	good	severe	C	good	good	P28-Treat	TRAV21;TRBV4-1_;_TRAJ17;TRBJ2-2_TRA:CAAQKAAGNKLTF;TRB:CASSRSDSHTGELFF_P28	0.00112359550561797	2	NA	NA	NA	NA	No	post_specific	R-post_novel
P28	R	056	good	severe	C	good	good	P28-Treat	TRAV38-1;TRBV6-5_;TRBD1_TRAJ52;TRBJ2-2_TRA:CAFTFSAGGTSYGKLTF;TRB:CASSYSGQGTGELFF_P28	0.00168539325842696	3	P28-Baseline	0.00196656833824975	6	No	No	pre_post_share	R-pre_existing
P28	R	056	good	severe	C	good	good	P28-Treat	TRAV21;TRBV7-3_;_TRAJ43;TRBJ2-2_TRA:CAVSPGNNDMRF;TRB:CASSFLAGAGTGELFF_P28	0.01123595505617977	20	P28-Baseline	0.0085217961324156	26	No	Yes	pre_post_share	R-pre_existing
P28	R	056	good	severe	C	good	good	P28-Treat	TRAV8-6;TRBV28_;_TRAJ13;TRBJ2-7_TRA:CAVSTGGYQKVTF;TRB:CASSIRLAGRIEQYF_P28	0.00112359550561797	2	NA	NA	NA	NA	No	post_specific	R-post_novel
P28	R	056	good	severe	C	good	good	P28-Treat	TRAV13-1;TRBV7-9_;TRBD2_TRAJ33;TRBJ2-2_TRA:CAASAGNYQLIW;TRB:CASSSRQPGLAGGRNTGELFF_P28	0.00224719101123595	4	P28-Baseline	9.832841691248771e-4	3	No	No	pre_post_share	R-pre_existing
P28	R	056	good	severe	C	good	good	P28-Treat	TRAV5;TRBV12-4_;_TRAJ34;TRBJ2-3_TRA:CAESFINTDKLIF;TRB:CASSLGVGDTQYF_P28	0.00112359550561797	2	NA	NA	NA	NA	No	post_specific	R-post_novel
P28	R	056	good	severe	C	good	good	P28-Treat	TRAV8-1;TRBV10-3_;TRBD1_TRAJ45;TRBJ2-2_TRA:CAVLYSGGGADGLTF;TRB:CAIGGTGGTGELFF_P28	0.00280898876404494	5	P28-Baseline	0.00327761389708292	10	No	No	pre_post_share	R-pre_existing
P28	R	056	good	severe	C	good	good	P28-Treat	TRAV21;TRBV7-9_;TRBD1_TRAJ40;TRBJ1-1_TRA:CAPFSGTYKYIF;TRB:CASSSSGTGGANTEAFF_P28	0.00112359550561797	2	NA	NA	NA	NA	No	post_specific	R-post_novel
P28	R	056	good	severe	C	good	good	P28-Treat	TRAV13-1;TRBV7-3_;TRBD1_TRAJ3;TRBJ1-3_TRA:CAAGRPSSASKIIF;TRB:CASSPGQGGSYGNTIYF_P28	0.00224719101123595	4	NA	NA	NA	NA	No	post_specific	R-post_novel
P28	R	056	good	severe	C	good	good	P28-Treat	TRAV39;TRBV15_;_TRAJ40;TRBJ2-7_TRA:CAGTTSGTYKYIF;TRB:CATSAGRYEQYF_P28	0.00112359550561797	2	P28-Baseline	0.00131104555883316	4	No	No	pre_post_share	R-pre_existing
P28	R	056	good	severe	C	good	good	P28-Treat	TRAV1-2;TRBV6-1_;TRBD1_TRAJ33;TRBJ2-1_TRA:CAVTDSNYQLIW;TRB:CASSEASGGNEQFF_P28	0.00449438202247191	8	P28-Baseline	3.2776138970829236e-4	1	No	No	pre_post_share	R-pre_existing
P28	R	056	good	severe	C	good	good	P28-Treat	TRAV19;TRBV12-4_;_TRAJ57;TRBJ2-3_TRA:CALSGLRQGGSEKLVF;TRB:CASSYALLAGGTDTQYF_P28	0.00112359550561797	2	NA	NA	NA	NA	No	post_specific	R-post_novel
P28	R	056	good	severe	C	good	good	P28-Treat	TRAV29/DV5;TRBV12-3_;_TRAJ54;TRBJ1-4_TRA:CATPAGAQKLVF;TRB:CASTPKGGRKGEKLFF_P28	0.01853932584269663	33	P28-Baseline	9.832841691248771e-4	3	No	Yes	pre_post_share	R-pre_existing
P28	R	056	good	severe	C	good	good	P28-Treat	TRAV29/DV5;TRBV5-1_;TRBD1_TRAJ27;TRBJ2-3_TRA:CAASGTNAGKSTF;TRB:CASSSTGGPTDTQYF_P28	0.00112359550561797	2	P28-Baseline	6.555227794165847e-4	2	No	No	pre_post_share	R-pre_existing
P28	R	056	good	severe	C	good	good	P28-Treat	TRAV38-1;TRBV7-9_;_TRAJ46;TRBJ1-4_TRA:CAFMKRSSGDKLTF;TRB:CASSLAGGGEKLFF_P28	0.00112359550561797	2	P28-Baseline	0.00131104555883316	4	No	No	pre_post_share	R-pre_existing
P28	R	056	good	severe	C	good	good	P28-Treat	TRAV12-3;TRBV6-1_;_TRAJ4;TRBJ2-7_TRA:CAIPQAFSGGYNKLIF;TRB:CASSPLGQTNSYEQYF_P28	0.00168539325842696	3	NA	NA	NA	NA	No	post_specific	R-post_novel
P28	R	056	good	severe	C	good	good	P28-Treat	TRAV14/DV4;TRBV5-1_;_TRAJ18;TRBJ2-7_TRA:CAMREGRADRGSTLGRLYF;TRB:CASSPLRRESDEQYF_P28	0.00112359550561797	2	P28-Baseline	3.2776138970829236e-4	1	No	No	pre_post_share	R-pre_existing
P28	R	056	good	severe	C	good	good	P28-Treat	TRAV14/DV4;TRBV6-1_;_TRAJ6;TRBJ1-4_TRA:CAMREGAGGSYIPTF;TRB:CASSEPGGSREKLFF_P28	0.00449438202247191	8	P28-Baseline	0.00458865945591609	14	No	No	pre_post_share	R-pre_existing
P28	R	056	good	severe	C	good	good	P28-Treat	TRAV21;TRBV7-3_;_TRAJ22;TRBJ2-1_TRA:CAVRLSPGSGSARQLTF;TRB:CASSLTRVTSYNEQFF_P28	0.00112359550561797	2	NA	NA	NA	NA	No	post_specific	R-post_novel
P28	R	056	good	severe	C	good	good	P28-Treat	TRAV26-1;TRBV20-1_;TRBD1_TRAJ15;TRBJ2-2_TRA:CIVRAANQAGTALIF;TRB:CSARDGQVAGELFF_P28	0.00112359550561797	2	NA	NA	NA	NA	No	post_specific	R-post_novel
P28	R	056	good	severe	C	good	good	P28-Treat	TRAV17;TRBV28_;_TRAJ58;TRBJ1-5_TRA:CATDDRETSGSRLTF;TRB:CASSPREWGYSNQPQHF_P28	0.00112359550561797	2	P28-Baseline	6.555227794165847e-4	2	No	No	pre_post_share	R-pre_existing
P28	R	056	good	severe	C	good	good	P28-Treat	TRAV30;TRBV7-2_;TRBD1_TRAJ10;TRBJ1-2_TRA:CGPPGGGNKLTF;TRB:CASSQPQGANYGYTF_P28	0.00112359550561797	2	NA	NA	NA	NA	No	post_specific	R-post_novel
P28	R	056	good	severe	C	good	good	P28-Treat	TRAV17;TRBV6-5_;TRBD2_TRAJ20;TRBJ2-3_TRA:CATDPNDYKLSF;TRB:CASSRLAGGDTQYF_P28	0.00168539325842696	3	NA	NA	NA	NA	No	post_specific	R-post_novel
P28	R	056	good	severe	C	good	good	P28-Treat	TRAV12-2;TRBV12-3_;_TRAJ45;TRBJ1-2_TRA:CAVSSGGGADGLTF;TRB:CASSTQGYGYTF_P28	0.00505617977528089	9	P28-Baseline	0.00229432972795804	7	No	No	pre_post_share	R-pre_existing
P28	R	056	good	severe	C	good	good	P28-Treat	TRAV17;TRBV11-2_;_TRAJ39;TRBJ1-4_TRA:CATDGWAGNMLTF;TRB:CASSPQGLVGEKLFF_P28	0.00112359550561797	2	P28-Baseline	9.832841691248771e-4	3	No	No	pre_post_share	R-pre_existing
P28	R	056	good	severe	C	good	good	P28-Treat	TRAV38-2/DV8;TRBV7-9_;_TRAJ49;TRBJ2-5_TRA:CAYCTGNQFYF;TRB:CASSLAAVVGETQYF_P28	0.00168539325842696	3	P28-Baseline	9.832841691248771e-4	3	No	No	pre_post_share	R-pre_existing
P28	R	056	good	severe	C	good	good	P28-Treat	TRAV17;TRBV28_;_TRAJ15;TRBJ2-2_TRA:CATDIQAGTALIF;TRB:CASSTRLVTGELFF_P28	0.00168539325842696	3	NA	NA	NA	NA	No	post_specific	R-post_novel
P28	R	056	good	severe	C	good	good	P28-Treat	TRAV29/DV5;TRBV12-3_;_TRAJ49;TRBJ2-3_TRA:CAATSTGNQFYF;TRB:CASSQRTSGRRGSTDTQYF_P28	0.00337078651685393	6	NA	NA	NA	NA	No	post_specific	R-post_novel
P28	R	056	good	severe	C	good	good	P28-Treat	TRAV13-2;TRBV6-2_;_TRAJ40;TRBJ2-2_TRA:CAEKASGTYKYIF;TRB:CASNPTGTGELFF_P28	0.00112359550561797	2	NA	NA	NA	NA	No	post_specific	R-post_novel
P28	R	056	good	severe	C	good	good	P28-Treat	TRAV5;TRBV4-1_;TRBD1_TRAJ15;TRBJ2-2_TRA:CAESKGEAGTALIF;TRB:CASSQGAGELFF_P28	0.00393258426966292	7	NA	NA	NA	NA	No	post_specific	R-post_novel
P28	R	056	good	severe	C	good	good	P28-Treat	TRAV1-1;TRBV5-1_;_TRAJ30;TRBJ2-1_TRA:CAVNRDDKIIF;TRB:CASSWGESGTTLNEQFF_P28	0.01011235955056179	18	P28-Baseline	0.0039331366764995	12	No	No	pre_post_share	R-pre_existing
P28	R	056	good	severe	C	good	good	P28-Treat	TRAV13-1;TRBV4-3_;_TRAJ18;TRBJ1-1_TRA:CAASKDRGSTLGRLYF;TRB:CASNFYGRNTEAFF_P28	0.00112359550561797	2	NA	NA	NA	NA	No	post_specific	R-post_novel
P28	R	056	good	severe	C	good	good	P28-Treat	TRAV38-2/DV8;TRBV6-6_;_TRAJ44;TRBJ2-7_TRA:CAYRRGIETGTASKLTF;TRB:CASSYGLAYEQYF_P28	0.00112359550561797	2	P28-Baseline	3.2776138970829236e-4	1	No	No	pre_post_share	R-pre_existing
P28	R	056	good	severe	C	good	good	P28-Treat	TRAV23/DV6;TRBV3-1_;_TRAJ45;TRBJ1-6_TRA:CAASSGGGADGLTF;TRB:CASSQGSTGGSPLHF_P28	0.00168539325842696	3	NA	NA	NA	NA	No	post_specific	R-post_novel
P28	R	056	good	severe	C	good	good	P28-Treat	TRAV25;TRBV13_;_TRAJ3;TRBJ1-3_TRA:CAGQPRLYSSASKIIF;TRB:CASSPRTASGNTIYF_P28	0.00112359550561797	2	NA	NA	NA	NA	No	post_specific	R-post_novel
P28	R	056	good	severe	C	good	good	P28-Treat	TRAV14/DV4;TRBV13_;_TRAJ3;TRBJ2-5_TRA:CAMRDSRYSSASKIIF;TRB:CASSPRTVQETQYF_P28	0.00112359550561797	2	NA	NA	NA	NA	No	post_specific	R-post_novel
P28	R	056	good	severe	C	good	good	P28-Treat	TRAV38-1;TRBV19_;_TRAJ54;TRBJ2-6_TRA:CAFMKHGSQGAQKLVF;TRB:CASSTPDPYFGANVLTF_P28	0.00224719101123595	4	NA	NA	NA	NA	No	post_specific	R-post_novel
P28	R	056	good	severe	C	good	good	P28-Treat	TRAV25;TRBV9_;_TRAJ43;TRBJ2-7_TRA:CAGPENNDMRF;TRB:CASSVGQAFYEQYF_P28	0.00112359550561797	2	NA	NA	NA	NA	No	post_specific	R-post_novel
P28	R	056	good	severe	C	good	good	P28-Treat	TRAV13-1;TRBV19_;_TRAJ39;TRBJ2-3_TRA:CAASLGAGNMLTF;TRB:CASSMKFTTDTQYF_P28	0.00112359550561797	2	NA	NA	NA	NA	No	post_specific	R-post_novel
P28	R	056	good	severe	C	good	good	P28-Treat	TRAV14/DV4;TRBV9_;_TRAJ8;TRBJ2-1_TRA:CAMREARRAGFQKLVF;TRB:CASSSGDPGSYNEQFF_P28	0.00112359550561797	2	P28-Baseline	9.832841691248771e-4	3	No	No	pre_post_share	R-pre_existing
P28	R	056	good	severe	C	good	good	P28-Treat	TRAV26-1;TRBV11-1_;_TRAJ3;TRBJ2-7_TRA:CIVRPLL;TRB:CASSLKGSSYEQYF_P28	0.00112359550561797	2	NA	NA	NA	NA	No	post_specific	R-post_novel
P28	R	056	good	severe	C	good	good	P28-Treat	TRAV1-1;TRBV5-1_;TRBD1_TRAJ28;TRBJ2-5_TRA:CAVTFGAGSYQLTF;TRB:CASSLGRGLGGTQYF_P28	0.00168539325842696	3	NA	NA	NA	NA	No	post_specific	R-post_novel
P28	R	056	good	severe	C	good	good	P28-Treat	TRAV38-2/DV8;TRBV6-1_;_TRAJ31;TRBJ1-2_TRA:CAYRSANNNARLMF;TRB:CASRGVWQTGGYGYTF_P28	0.00337078651685393	6	P28-Baseline	0.00753851196329072	23	No	No	pre_post_share	R-pre_existing
P28	R	056	good	severe	C	good	good	P28-Treat	TRAV3;TRBV3-1_;TRBD1_TRAJ11;TRBJ2-7_TRA:CAVSPSGYSTLTF;TRB:CASSPQGARPYEQYF_P28	0.00112359550561797	2	NA	NA	NA	NA	No	post_specific	R-post_novel
P28	R	056	good	severe	C	good	good	P28-Treat	TRAV4;TRBV6-5_;_TRAJ20;TRBJ2-7_TRA:CLGPNDYKLSF;TRB:CASSFTGTDSYEQYF_P28	0.00337078651685393	6	NA	NA	NA	NA	No	post_specific	R-post_novel
P28	R	056	good	severe	C	good	good	P28-Treat	TRAV22;TRBV7-6_;_TRAJ31;TRBJ2-5_TRA:CAVEDARLMF;TRB:CASSSNPRDYEETQYF_P28	0.00112359550561797	2	NA	NA	NA	NA	No	post_specific	R-post_novel
P28	R	056	good	severe	C	good	good	P28-Treat	TRAV12-2;TRBV20-1_;_TRAJ40;TRBJ2-1_TRA:CAVFTSGTYKYIF;TRB:CSAETGGTGAGAGYNEQFF_P28	0.00280898876404494	5	NA	NA	NA	NA	No	post_specific	R-post_novel
P28	R	056	good	severe	C	good	good	P28-Treat	TRAV3;TRBV9_;_TRAJ52;TRBJ2-3_TRA:CAVRDLGGTSYGKLTF;TRB:CASSVATRQASTDTQYF_P28	0.00112359550561797	2	NA	NA	NA	NA	No	post_specific	R-post_novel
P28	R	056	good	severe	C	good	good	P28-Treat	TRAV8-4;TRBV7-8_;TRBD1_TRAJ13;TRBJ1-2_TRA:CAVSASGGYQKVTF;TRB:CASSLRDREGGYTF_P28	0.00112359550561797	2	NA	NA	NA	NA	No	post_specific	R-post_novel
P28	R	056	good	severe	C	good	good	P28-Treat	TRAV21;TRBV6-5_;_TRAJ37;TRBJ1-1_TRA:CGKGSSNTGKLIF;TRB:CASSYDAGGGLSEAFF_P28	0.00224719101123595	4	NA	NA	NA	NA	No	post_specific	R-post_novel
P28	R	056	good	severe	C	good	good	P28-Treat	TRAV13-1;TRBV12-4_;_TRAJ45;TRBJ2-7_TRA:CAAIGGADGLTF;TRB:CASSLATGAFYEQYF_P28	0.00168539325842696	3	P28-Baseline	9.832841691248771e-4	3	No	No	pre_post_share	R-pre_existing
P28	R	056	good	severe	C	good	good	P28-Treat	TRAV9-2;TRBV10-3_;_TRAJ48;TRBJ2-1_TRA:CALGNFGNEKLTF;TRB:CAISESSTSGYNEQFF_P28	0.00280898876404494	5	NA	NA	NA	NA	No	post_specific	R-post_novel
P28	R	056	good	severe	C	good	good	P28-Treat	TRAV27;TRBV9_;TRBD2_TRAJ52;TRBJ2-2_TRA:CAGAPLAGGTSYGKLTF;TRB:CASSTPGLAVGGNTGELFF_P28	0.00112359550561797	2	NA	NA	NA	NA	No	post_specific	R-post_novel
P28	R	056	good	severe	C	good	good	P28-Treat	TRAV8-6;TRBV7-6_;_TRAJ30;TRBJ2-2_TRA:CAVEPWGDDKIIF;TRB:CASSLGPGGATGELFF_P28	0.00112359550561797	2	NA	NA	NA	NA	No	post_specific	R-post_novel
P28	R	056	good	severe	C	good	good	P28-Treat	TRAV35;TRBV6-5_;_TRAJ49;TRBJ1-1_TRA:CAGLTGNQFYF;TRB:CATKKGTEAFF_P28	0.00224719101123595	4	P28-Baseline	0.00131104555883316	4	No	No	pre_post_share	R-pre_existing
P28	R	056	good	severe	C	good	good	P28-Treat	TRAV8-6;TRBV5-6_;_TRAJ22;TRBJ2-7_TRA:CAVSDGSARQLTF;TRB:CASSLKGRRGYTYEQYF_P28	0.00449438202247191	8	P28-Baseline	0.03802032120616192	116	Yes	No	pre_post_share	R-pre_existing
P28	R	056	good	severe	C	good	good	P28-Treat	TRAV14/DV4;TRBV10-3_;_TRAJ34;TRBJ1-5_TRA:CAMREDEDNTDKLIF;TRB:CAISEGQFNRGNQPQHF_P28	0.00280898876404494	5	P28-Baseline	0.00294985250737463	9	No	No	pre_post_share	R-pre_existing
P28	R	056	good	severe	C	good	good	P28-Treat	TRAV27;TRBV7-3_;_TRAJ40;TRBJ2-1_TRA:CAGPSGTYKYIF;TRB:CASSPSVGPSYNEQFF_P28	0.00224719101123595	4	NA	NA	NA	NA	No	post_specific	R-post_novel
P28	R	056	good	severe	C	good	good	P28-Treat	TRAV21;TRBV29-1_;TRBD1_TRAJ52;TRBJ1-2_TRA:CAVRAGGTSYGKLTF;TRB:CSGGQGDLGGYTF_P28	0.00112359550561797	2	NA	NA	NA	NA	No	post_specific	R-post_novel
P28	R	056	good	severe	C	good	good	P28-Treat	TRAV14/DV4;TRBV12-4_;_TRAJ49;TRBJ2-6_TRA:CAMRDDTGNQFYF;TRB:CASSLTWDPSPGANVLTF_P28	0.00617977528089887	11	P28-Baseline	0.00622746640445755	19	No	No	pre_post_share	R-pre_existing
P28	R	056	good	severe	C	good	good	P28-Treat	TRAV41;TRBV28_;_TRAJ32;TRBJ1-2_TRA:CAVSSNYGGATNKLIF;TRB:CASCRGGVPPGYTF_P28	0.00112359550561797	2	NA	NA	NA	NA	No	post_specific	R-post_novel
P33	NR	061	poor	moderate	B	pEKD	pEKD	P33-Treat	TRAV1-1;TRBV3-1_;_TRAJ28;TRBJ2-2_TRA:CAVSSISGAGSYQLTF;TRB:CASSLGDSLAGELFF_P33	0.0024793388429752	3	P33-Baseline	9.337068160597572e-4	1	No	No	pre_post_share	NR-pre_existing
P33	NR	061	poor	moderate	B	pEKD	pEKD	P33-Treat	TRAV14/DV4;TRBV15_;TRBD1_TRAJ28;TRBJ2-2_TRA:CAMRLPSGAGSYQLTF;TRB:CATSRERGPNTGELFF_P33	0.00165289256198347	2	NA	NA	NA	NA	No	post_specific	NR-post_novel
P33	NR	061	poor	moderate	B	pEKD	pEKD	P33-Treat	TRAV1-1;TRBV7-3_;_TRAJ30;TRBJ2-7_TRA:CAAPNRDDKIIF;TRB:CASSLKGASYEQYF_P33	0.00165289256198347	2	NA	NA	NA	NA	No	post_specific	NR-post_novel
P33	NR	061	poor	moderate	B	pEKD	pEKD	P33-Treat	TRAV14/DV4;TRBV11-2_;_TRAJ23;TRBJ2-2_TRA:CAMREGGGGKLIF;TRB:CASSSSAFYTGELFF_P33	0.00165289256198347	2	NA	NA	NA	NA	No	post_specific	NR-post_novel
P33	NR	061	poor	moderate	B	pEKD	pEKD	P33-Treat	TRAV12-2;TRBV9_;_TRAJ48;TRBJ2-7_TRA:CAALPNFGNEKLTF;TRB:CASSVDVSSYEQYF_P33	0.01157024793388429	14	NA	NA	NA	NA	Yes	post_specific	NR-post_novel
P33	NR	061	poor	moderate	B	pEKD	pEKD	P33-Treat	TRAV13-1;TRBV10-2_;TRBD1_TRAJ30;TRBJ1-5_TRA:CAASRDDKIIF;TRB:CASGDRNQPQHF_P33	0.00661157024793388	8	NA	NA	NA	NA	No	post_specific	NR-post_novel
P33	NR	061	poor	moderate	B	pEKD	pEKD	P33-Treat	TRAV39;TRBV14_;_TRAJ32;TRBJ2-1_TRA:CAVDRYGGATNKLIF;TRB:CASSQVSGRKFNEQFF_P33	0.00165289256198347	2	P33-Baseline	0.00186741363211951	2	No	No	pre_post_share	NR-pre_existing
P33	NR	061	poor	moderate	B	pEKD	pEKD	P33-Treat	TRAV29/DV5;TRBV11-2_;TRBD2_TRAJ29;TRBJ2-1_TRA:CAASLTYSGNTPLVF;TRB:CASSWGLAGGLDNEQFF_P33	0.00165289256198347	2	NA	NA	NA	NA	No	post_specific	NR-post_novel
P33	NR	061	poor	moderate	B	pEKD	pEKD	P33-Treat	TRAV4;TRBV6-5_;_TRAJ18;TRBJ2-7_TRA:CLVLDRGSTLGRLYF;TRB:CASSYGTETYEQYF_P33	0.10330578512396696	125	NA	NA	NA	NA	Yes	post_specific	NR-post_novel
P33	NR	061	poor	moderate	B	pEKD	pEKD	P33-Treat	TRAV21;TRBV12-3_;_TRAJ39;TRBJ2-7_TRA:CASYNAGNMLTF;TRB:CASSLGVVYEQYF_P33	0.00165289256198347	2	NA	NA	NA	NA	No	post_specific	NR-post_novel
P33	NR	061	poor	moderate	B	pEKD	pEKD	P33-Treat	TRAV8-2;TRBV2_;_TRAJ27;TRBJ2-4_TRA:CVVSDLGAGKSTF;TRB:CASRPQGALGGDKNIQYF_P33	0.0024793388429752	3	P33-Baseline	0.00186741363211951	2	No	No	pre_post_share	NR-pre_existing
P33	NR	061	poor	moderate	B	pEKD	pEKD	P33-Treat	TRAV26-2;TRBV6-1_;_TRAJ38;TRBJ1-4_TRA:CILHNAGNNRKLIW;TRB:CASNKPRGQRYEKLFF_P33	0.00165289256198347	2	NA	NA	NA	NA	No	post_specific	NR-post_novel
P33	NR	061	poor	moderate	B	pEKD	pEKD	P33-Treat	TRAV39;TRBV12-4_;_TRAJ22;TRBJ2-3_TRA:CAVAASGSARQLTF;TRB:CASSDYSDTQYF_P33	0.0024793388429752	3	P33-Baseline	9.337068160597572e-4	1	No	No	pre_post_share	NR-pre_existing
P33	NR	061	poor	moderate	B	pEKD	pEKD	P33-Treat	TRAV4;TRBV6-1_;_TRAJ4;TRBJ1-1_TRA:CLVVPGGYNKLIF;TRB:CASLEGGLNTEAFF_P33	0.00165289256198347	2	NA	NA	NA	NA	No	post_specific	NR-post_novel
P33	NR	061	poor	moderate	B	pEKD	pEKD	P33-Treat	TRAV13-1;TRBV15_;_TRAJ32;TRBJ2-2_TRA:CADGGATNKLIF;TRB:CATSRDLGYMSTGELFF_P33	0.0024793388429752	3	P33-Baseline	9.337068160597572e-4	1	No	No	pre_post_share	NR-pre_existing
P33	NR	061	poor	moderate	B	pEKD	pEKD	P33-Treat	TRAV13-1;TRBV28_;_TRAJ56;TRBJ2-7_TRA:CAASTGANSKLTF;TRB:CASSLTGTGWYEQYF_P33	0.00330578512396694	4	P33-Baseline	0.00560224089635854	6	No	No	pre_post_share	NR-pre_existing
P33	NR	061	poor	moderate	B	pEKD	pEKD	P33-Treat	TRAV38-2/DV8;TRBV10-2_;_TRAJ40;TRBJ2-7_TRA:CAYSSTSGTYKYIF;TRB:CAGKGGKATEQYF_P33	0.0024793388429752	3	P33-Baseline	9.337068160597572e-4	1	No	No	pre_post_share	NR-pre_existing
P33	NR	061	poor	moderate	B	pEKD	pEKD	P33-Treat	TRAV26-2;TRBV10-2_;TRBD1_TRAJ30;TRBJ1-5_TRA:CILSAMGRDDKIIF;TRB:CASGDRNQPQHF_P33	0.00495867768595041	6	P33-Baseline	0.00280112044817927	3	No	No	pre_post_share	NR-pre_existing
P33	NR	061	poor	moderate	B	pEKD	pEKD	P33-Treat	TRAV38-1;TRBV30_;_TRAJ39;TRBJ2-1_TRA:CAFPNNAGNMLTF;TRB:CAWSGTGWDYNEQFF_P33	0.00330578512396694	4	NA	NA	NA	NA	No	post_specific	NR-post_novel
P33	NR	061	poor	moderate	B	pEKD	pEKD	P33-Treat	TRAV12-2;TRBV5-5_;_TRAJ26;TRBJ2-1_TRA:CAVEGQNFVF;TRB:CASSRDLFNEQFF_P33	0.0024793388429752	3	NA	NA	NA	NA	No	post_specific	NR-post_novel
P33	NR	061	poor	moderate	B	pEKD	pEKD	P33-Treat	TRAV38-2/DV8;TRBV20-1_;_TRAJ52;TRBJ1-3_TRA:CAYGGRGTSYGKLTF;TRB:CSARRGFSGNTIYF_P33	0.00165289256198347	2	P33-Baseline	9.337068160597572e-4	1	No	No	pre_post_share	NR-pre_existing
P33	NR	061	poor	moderate	B	pEKD	pEKD	P33-Treat	TRAV17;TRBV7-2_;_TRAJ15;TRBJ1-4_TRA:CATDQAGTALIF;TRB:CASSFRGAEKLFF_P33	0.00165289256198347	2	NA	NA	NA	NA	No	post_specific	NR-post_novel
P33	NR	061	poor	moderate	B	pEKD	pEKD	P33-Treat	TRAV12-2;TRBV12-4_;_TRAJ22;TRBJ2-5_TRA:CAVNMPGSARQLTF;TRB:CASSSTSGGAETQYF_P33	0.0024793388429752	3	P33-Baseline	0.00840336134453781	9	No	No	pre_post_share	NR-pre_existing
P33	NR	061	poor	moderate	B	pEKD	pEKD	P33-Treat	TRAV14/DV4;TRBV4-1_;_TRAJ13;TRBJ2-7_TRA:CAMTPPLSGGYQKVTF;TRB:CASSQDPSGRYEQYF_P33	0.0024793388429752	3	NA	NA	NA	NA	No	post_specific	NR-post_novel
P33	NR	061	poor	moderate	B	pEKD	pEKD	P33-Treat	TRAV14/DV4;TRBV4-1_;_TRAJ9;TRBJ2-2_TRA:CAMRSYTGGFKTIF;TRB:CASSQGGQTNTGELFF_P33	0.00165289256198347	2	NA	NA	NA	NA	No	post_specific	NR-post_novel
P33	NR	061	poor	moderate	B	pEKD	pEKD	P33-Treat	TRAV8-2;TRBV12-4_;_TRAJ47;TRBJ2-7_TRA:CVVSDRVEYGNKLVF;TRB:CASSFMGGEQYF_P33	0.00165289256198347	2	NA	NA	NA	NA	No	post_specific	NR-post_novel
P33	NR	061	poor	moderate	B	pEKD	pEKD	P33-Treat	TRAV12-2;TRBV12-4_;TRBD2_TRAJ22;TRBJ2-1_TRA:CAVNVPGSARQLTF;TRB:CASSAVASGRALTYNEQFF_P33	0.0024793388429752	3	NA	NA	NA	NA	No	post_specific	NR-post_novel
P33	NR	061	poor	moderate	B	pEKD	pEKD	P33-Treat	TRAV12-1;TRBV7-2_;TRBD2_TRAJ43;TRBJ2-5_TRA:CVVNSRNNDMRF;TRB:CASSWAVLAGVETQYF_P33	0.00165289256198347	2	NA	NA	NA	NA	No	post_specific	NR-post_novel
P33	NR	061	poor	moderate	B	pEKD	pEKD	P33-Treat	TRAV12-1;TRBV5-4_;_TRAJ5;TRBJ2-5_TRA:CVVKGGRALTF;TRB:CASSVWFQETQYF_P33	0.00165289256198347	2	P33-Baseline	9.337068160597572e-4	1	No	No	pre_post_share	NR-pre_existing
P33	NR	061	poor	moderate	B	pEKD	pEKD	P33-Treat	TRAV22;TRBV6-1_;TRBD1_TRAJ45;TRBJ1-2_TRA:CAVVVTGGGADGLTF;TRB:CASSEHGQGIYGYTF_P33	0.00909090909090909	11	P33-Baseline	0.0065359477124183	7	No	No	pre_post_share	NR-pre_existing
P33	NR	061	poor	moderate	B	pEKD	pEKD	P33-Treat	TRAV8-1;TRBV3-1_;_TRAJ10;TRBJ2-1_TRA:CAARTGGGNKLTF;TRB:CASSPRGQSYNEQFF_P33	0.00165289256198347	2	P33-Baseline	0.00186741363211951	2	No	No	pre_post_share	NR-pre_existing
P33	NR	061	poor	moderate	B	pEKD	pEKD	P33-Treat	TRAV17;TRBV11-2_;_TRAJ6;TRBJ2-7_TRA:CATGLGYIPTF;TRB:CASSLDLSGSYEQYF_P33	0.00165289256198347	2	NA	NA	NA	NA	No	post_specific	NR-post_novel
P33	NR	061	poor	moderate	B	pEKD	pEKD	P33-Treat	TRAV1-2;TRBV12-3_;_TRAJ9;TRBJ1-1_TRA:CAVRDRGGGFKTIF;TRB:CASSLTVEAFF_P33	0.00165289256198347	2	NA	NA	NA	NA	No	post_specific	NR-post_novel
P33	NR	061	poor	moderate	B	pEKD	pEKD	P33-Treat	TRAV38-1;TRBV18_;_TRAJ45;TRBJ1-4_TRA:CAFMKHGGGGADGLTF;TRB:CASSPTGDEKLFF_P33	0.00165289256198347	2	P33-Baseline	9.337068160597572e-4	1	No	No	pre_post_share	NR-pre_existing
P33	NR	061	poor	moderate	B	pEKD	pEKD	P33-Treat	TRAV26-1;TRBV2_;TRBD1_TRAJ32;TRBJ2-7_TRA:CIVRYGGATNKLIF;TRB:CASSEGGGGYEQYF_P33	0.0024793388429752	3	P33-Baseline	0.00186741363211951	2	No	No	pre_post_share	NR-pre_existing
P33	NR	061	poor	moderate	B	pEKD	pEKD	P33-Treat	TRAV14/DV4;TRBV5-1_;_TRAJ10;TRBJ2-7_TRA:CAMSFTGGGNKLTF;TRB:CASSGLNSPSQQYF_P33	0.00165289256198347	2	NA	NA	NA	NA	No	post_specific	NR-post_novel
P33	NR	061	poor	moderate	B	pEKD	pEKD	P33-Treat	TRAV13-2;TRBV12-4_;TRBD1_TRAJ4;TRBJ2-2_TRA:CAEEPGGYNKLIF;TRB:CASSPQGAGTGELFF_P33	0.0024793388429752	3	NA	NA	NA	NA	No	post_specific	NR-post_novel
P33	NR	061	poor	moderate	B	pEKD	pEKD	P33-Treat	TRAV29/DV5;TRBV11-2_;_TRAJ29;TRBJ2-7_TRA:CAASPRGGNTPLVF;TRB:CASSLEGEQYF_P33	0.00165289256198347	2	P33-Baseline	0.00186741363211951	2	No	No	pre_post_share	NR-pre_existing
P33	NR	061	poor	moderate	B	pEKD	pEKD	P33-Treat	TRAV12-2;TRBV12-4_;_TRAJ22;TRBJ2-3_TRA:CAVNLAGSARQLTF;TRB:CASSPLEDTQYF_P33	0.00165289256198347	2	P33-Baseline	0.00466853408029878	5	No	No	pre_post_share	NR-pre_existing
P33	NR	061	poor	moderate	B	pEKD	pEKD	P33-Treat	TRAV8-4;TRBV28_;_TRAJ15;TRBJ2-1_TRA:CAVSDDQAGTALIF;TRB:CASSLLTSVNEQFF_P33	0.01983471074380165	24	P33-Baseline	0.01213818860877684	13	Yes	Yes	pre_post_share	NR-pre_existing
P33	NR	061	poor	moderate	B	pEKD	pEKD	P33-Treat	TRAV27;TRBV11-2_;_TRAJ33;TRBJ2-7_TRA:CAGRDSNYQLIW;TRB:CASSQTSGYNLGVYEQYF_P33	0.0024793388429752	3	P33-Baseline	9.337068160597572e-4	1	No	No	pre_post_share	NR-pre_existing
P33	NR	061	poor	moderate	B	pEKD	pEKD	P33-Treat	TRAV12-2;TRBV5-1_;_TRAJ45;TRBJ2-1_TRA:CAVINSGGGADGLTF;TRB:CASSRASGGNNEQFF_P33	0.00413223140495867	5	NA	NA	NA	NA	No	post_specific	NR-post_novel
P33	NR	061	poor	moderate	B	pEKD	pEKD	P33-Treat	TRAV8-1;TRBV28_;_TRAJ4;TRBJ2-7_TRA:CAVRSGGYNKLIF;TRB:CASRRDPSDEQYF_P33	0.01157024793388429	14	P33-Baseline	9.337068160597572e-4	1	No	Yes	pre_post_share	NR-pre_existing
P33	NR	061	poor	moderate	B	pEKD	pEKD	P33-Treat	TRAV26-1;TRBV24-1_;_TRAJ49;TRBJ2-2_TRA:CIVSLRTGNQFYF;TRB:CATSFASASPGELFF_P33	0.0024793388429752	3	NA	NA	NA	NA	No	post_specific	NR-post_novel
P33	NR	061	poor	moderate	B	pEKD	pEKD	P33-Treat	TRAV8-6;TRBV7-8_;_TRAJ58;TRBJ1-2_TRA:CAVSETSGSRLTF;TRB:CASTNLQGFSRGYTF_P33	0.0024793388429752	3	NA	NA	NA	NA	No	post_specific	NR-post_novel
P33	NR	061	poor	moderate	B	pEKD	pEKD	P33-Treat	TRAV14/DV4;TRBV5-6_;_TRAJ21;TRBJ2-7_TRA:CAMRDYFYNFNKFYF;TRB:CASSLGRDPYEQYF_P33	0.0024793388429752	3	P33-Baseline	0.00280112044817927	3	No	No	pre_post_share	NR-pre_existing
P33	NR	061	poor	moderate	B	pEKD	pEKD	P33-Treat	TRAV17;TRBV10-3_;_TRAJ40;TRBJ2-2_TRA:CQIIGGTSGTYKYIF;TRB:CALRYRANTGELFF_P33	0.00165289256198347	2	NA	NA	NA	NA	No	post_specific	NR-post_novel
P33	NR	061	poor	moderate	B	pEKD	pEKD	P33-Treat	TRAV1-1;TRBV9_;_TRAJ12;TRBJ2-5_TRA:CAVRMDSSYKLIF;TRB:CASSEGLAGQETQYF_P33	0.00165289256198347	2	P33-Baseline	0.00186741363211951	2	No	No	pre_post_share	NR-pre_existing
P33	NR	061	poor	moderate	B	pEKD	pEKD	P33-Treat	TRAV35;TRBV30_;TRBD1_TRAJ52;TRBJ2-2_TRA:CAGQRGTSYGKLTF;TRB:CAWRTGGTGELFF_P33	0.00165289256198347	2	NA	NA	NA	NA	No	post_specific	NR-post_novel
P33	NR	061	poor	moderate	B	pEKD	pEKD	P33-Treat	TRAV1-2;TRBV7-3_;_TRAJ41;TRBJ2-1_TRA:CAVMVRSSGYALNF;TRB:CASSKRAAGGFNEQFF_P33	0.00165289256198347	2	NA	NA	NA	NA	No	post_specific	NR-post_novel
P33	NR	061	poor	moderate	B	pEKD	pEKD	P33-Treat	TRAV1-2;TRBV6-4_;TRBD2_TRAJ33;TRBJ2-1_TRA:CAVRDSNYQLIW;TRB:CASSDGTSGSEQFF_P33	0.0024793388429752	3	P33-Baseline	0.00280112044817927	3	No	No	pre_post_share	NR-pre_existing
P33	NR	061	poor	moderate	B	pEKD	pEKD	P33-Treat	TRAV12-1;TRBV27_;_TRAJ26;TRBJ1-2_TRA:CVVVVYGQNFVF;TRB:CASLDRARGGYTF_P33	0.00330578512396694	4	P33-Baseline	0.00186741363211951	2	No	No	pre_post_share	NR-pre_existing
P33	NR	061	poor	moderate	B	pEKD	pEKD	P33-Treat	TRAV5;TRBV14_;_TRAJ26;TRBJ2-1_TRA:CAEIPGNYGQNFVF;TRB:CASSLLAGDQFF_P33	0.00330578512396694	4	P33-Baseline	0.00373482726423902	4	No	No	pre_post_share	NR-pre_existing
P33	NR	061	poor	moderate	B	pEKD	pEKD	P33-Treat	TRAV1-2;TRBV9_;_TRAJ26;TRBJ2-7_TRA:CVPTRGQNFVF;TRB:CASSPASGRAYEQYF_P33	0.00330578512396694	4	NA	NA	NA	NA	No	post_specific	NR-post_novel
P33	NR	061	poor	moderate	B	pEKD	pEKD	P33-Treat	TRAV38-2/DV8;TRBV7-9_;TRBD1_TRAJ28;TRBJ2-5_TRA:CAYRTLYSGAGSYQLTF;TRB:CASSLSRQGAKETQYF_P33	0.00495867768595041	6	P33-Baseline	0.00280112044817927	3	No	No	pre_post_share	NR-pre_existing
P33	NR	061	poor	moderate	B	pEKD	pEKD	P33-Treat	TRAV1-1;TRBV20-1_;TRBD1_TRAJ4;TRBJ2-1_TRA:CAVPVPFSGGYNKLIF;TRB:CRKAGRYNEQFF_P33	0.00165289256198347	2	NA	NA	NA	NA	No	post_specific	NR-post_novel
P33	NR	061	poor	moderate	B	pEKD	pEKD	P33-Treat	TRAV41;TRBV5-4_;_TRAJ52;TRBJ2-7_TRA:CAASPSAGGTSYGKLTF;TRB:CASSLGPSLSYEQYF_P33	0.00165289256198347	2	NA	NA	NA	NA	No	post_specific	NR-post_novel
P33	NR	061	poor	moderate	B	pEKD	pEKD	P33-Treat	TRAV8-1;TRBV28_;_TRAJ4;TRBJ1-1_TRA:CALLSGGYNKLIF;TRB:CASRLFPNTEAFF_P33	0.00578512396694214	7	NA	NA	NA	NA	No	post_specific	NR-post_novel
P33	NR	061	poor	moderate	B	pEKD	pEKD	P33-Treat	TRAV30;TRBV7-8_;_TRAJ49;TRBJ2-7_TRA:CGTPRGQFYF;TRB:CASSPAGTPEQYF_P33	0.0024793388429752	3	NA	NA	NA	NA	No	post_specific	NR-post_novel
P33	NR	061	poor	moderate	B	pEKD	pEKD	P33-Treat	TRAV26-1;TRBV7-2_;_TRAJ27;TRBJ2-2_TRA:CIVSYNAGKSTF;TRB:CASSLASGSNTGELFF_P33	0.00413223140495867	5	P33-Baseline	9.337068160597572e-4	1	No	No	pre_post_share	NR-pre_existing
P33	NR	061	poor	moderate	B	pEKD	pEKD	P33-Treat	TRAV12-3;TRBV19_;_TRAJ52;TRBJ2-1_TRA:CAMKRNAGGTSYGKLTF;TRB:CASSTAVSNEQFF_P33	0.00330578512396694	4	NA	NA	NA	NA	No	post_specific	NR-post_novel
P33	NR	061	poor	moderate	B	pEKD	pEKD	P33-Treat	TRAV8-1;TRBV7-8_;TRBD1_TRAJ43;TRBJ2-7_TRA:CAVNSNNDMRF;TRB:CASSSDRGRYEQYF_P33	0.0024793388429752	3	P33-Baseline	0.00186741363211951	2	No	No	pre_post_share	NR-pre_existing
P33	NR	061	poor	moderate	B	pEKD	pEKD	P33-Treat	TRAV25;TRBV12-3_;TRBD1_TRAJ45;TRBJ2-2_TRA:CAGPVRGGADGLTF;TRB:CASSWGQGTGELFF_P33	0.0024793388429752	3	P33-Baseline	0.00186741363211951	2	No	No	pre_post_share	NR-pre_existing
P33	NR	061	poor	moderate	B	pEKD	pEKD	P33-Treat	TRAV8-6;TRBV6-5_;TRBD1_TRAJ28;TRBJ1-2_TRA:CAGGSGAGSYQLTF;TRB:CASSPGPGGYTF_P33	0.00165289256198347	2	NA	NA	NA	NA	No	post_specific	NR-post_novel
P33	NR	061	poor	moderate	B	pEKD	pEKD	P33-Treat	TRAV9-2;TRBV5-4_;_TRAJ13;TRBJ2-5_TRA:CALPRGGGYQKVTF;TRB:CASSRRDTKETQYF_P33	0.00165289256198347	2	P33-Baseline	0.00280112044817927	3	No	No	pre_post_share	NR-pre_existing
P33	NR	061	poor	moderate	B	pEKD	pEKD	P33-Treat	TRAV19;TRBV3-1_;_TRAJ29;TRBJ2-5_TRA:CALSESGSGNTPLVF;TRB:CASSRGGPETQYF_P33	0.00165289256198347	2	NA	NA	NA	NA	No	post_specific	NR-post_novel
P33	NR	061	poor	moderate	B	pEKD	pEKD	P33-Treat	TRAV26-1;TRBV5-4_;TRBD1_TRAJ28;TRBJ2-7_TRA:CIATYSGAGSYQLTF;TRB:CASSLGVTAGEQYF_P33	0.00413223140495867	5	P33-Baseline	0.01213818860877684	13	No	No	pre_post_share	NR-pre_existing
P33	NR	061	poor	moderate	B	pEKD	pEKD	P33-Treat	TRAV29/DV5;TRBV24-1_;_TRAJ37;TRBJ2-3_TRA:CAAKSSSNTGKLIF;TRB:CATSPGDGTDTQYF_P33	0.00165289256198347	2	NA	NA	NA	NA	No	post_specific	NR-post_novel
P33	NR	061	poor	moderate	B	pEKD	pEKD	P33-Treat	TRAV12-2;TRBV12-4_;_TRAJ22;TRBJ2-1_TRA:CAVNMAGSARQLTF;TRB:CASSPVGSGRLYNEQFF_P33	0.00165289256198347	2	P33-Baseline	0.00933706816059757	10	No	No	pre_post_share	NR-pre_existing
P33	NR	061	poor	moderate	B	pEKD	pEKD	P33-Treat	TRAV12-2;TRBV28_;_TRAJ23;TRBJ1-5_TRA:CAETHRGGKLIF;TRB:CASILTADQPQHF_P33	0.00165289256198347	2	NA	NA	NA	NA	No	post_specific	NR-post_novel
P33	NR	061	poor	moderate	B	pEKD	pEKD	P33-Treat	TRAV26-1;TRBV28_;_TRAJ58;TRBJ1-2_TRA:CIVRVETSGSRLTF;TRB:CASSEGQGRFYGYTF_P33	0.00165289256198347	2	NA	NA	NA	NA	No	post_specific	NR-post_novel
P33	NR	061	poor	moderate	B	pEKD	pEKD	P33-Treat	TRAV8-1;TRBV3-1_;_TRAJ3;TRBJ2-4_TRA:CAVTPYSSASKIIF;TRB:CASSQDSQNIQYF_P33	0.00165289256198347	2	NA	NA	NA	NA	No	post_specific	NR-post_novel
P33	NR	061	poor	moderate	B	pEKD	pEKD	P33-Treat	TRAV38-2/DV8;TRBV27_;_TRAJ56;TRBJ1-4_TRA:CAYRSYYTGANSKLTF;TRB:CASSPYKKGNEKLFF_P33	0.00330578512396694	4	NA	NA	NA	NA	No	post_specific	NR-post_novel
P33	NR	061	poor	moderate	B	pEKD	pEKD	P33-Treat	TRAV3;TRBV3-1_;_TRAJ41;TRBJ2-1_TRA:CAAFSNSGYALNF;TRB:CASSHTLGGAILNEQFF_P33	0.00165289256198347	2	NA	NA	NA	NA	No	post_specific	NR-post_novel
P33	NR	061	poor	moderate	B	pEKD	pEKD	P33-Treat	TRAV4;TRBV2_;_TRAJ20;TRBJ1-4_TRA:CLVGVGSNDYKLSF;TRB:CASSLNWDPQDEKLFF_P33	0.10826446280991736	131	NA	NA	NA	NA	Yes	post_specific	NR-post_novel
P33	NR	061	poor	moderate	B	pEKD	pEKD	P33-Treat	TRAV14/DV4;TRBV7-9_;_TRAJ36;TRBJ1-4_TRA:CAMREGLTGANNLFF;TRB:CASSSWTGSTNEKLFF_P33	0.0024793388429752	3	NA	NA	NA	NA	No	post_specific	NR-post_novel
P33	NR	061	poor	moderate	B	pEKD	pEKD	P33-Treat	TRAV14/DV4;TRBV9_;_TRAJ23;TRBJ2-7_TRA:CAMSMIYNQGGKLIF;TRB:CASSTRDAGGREQYF_P33	0.00165289256198347	2	P33-Baseline	0.00466853408029878	5	No	No	pre_post_share	NR-pre_existing
P33	NR	061	poor	moderate	B	pEKD	pEKD	P33-Treat	TRAV21;TRBV7-3_;_TRAJ49;TRBJ1-1_TRA:CAVTGGDTGNQFYF;TRB:CASSSIGGGTEAFF_P33	0.0024793388429752	3	NA	NA	NA	NA	No	post_specific	NR-post_novel
P33	NR	061	poor	moderate	B	pEKD	pEKD	P33-Treat	TRAV14/DV4;TRBV7-6_;_TRAJ3;TRBJ1-5_TRA:CAMRESGSSASKIIF;TRB:CASSSNPDQPQHF_P33	0.0024793388429752	3	P33-Baseline	9.337068160597572e-4	1	No	No	pre_post_share	NR-pre_existing
P33	NR	061	poor	moderate	B	pEKD	pEKD	P33-Treat	TRAV23/DV6;TRBV5-6_;_TRAJ4;TRBJ1-2_TRA:CAASPFFSGGYNKLIF;TRB:CASSSAGKYHYGYTF_P33	0.00330578512396694	4	P33-Baseline	9.337068160597572e-4	1	No	No	pre_post_share	NR-pre_existing
P33	NR	061	poor	moderate	B	pEKD	pEKD	P33-Treat	TRAV9-2;TRBV11-2_;_TRAJ5;TRBJ2-3_TRA:CALSDVGTGRRALTF;TRB:CASSSLAGVGTDTQYF_P33	0.00165289256198347	2	P33-Baseline	0.00186741363211951	2	No	No	pre_post_share	NR-pre_existing
P33	NR	061	poor	moderate	B	pEKD	pEKD	P33-Treat	TRAV21;TRBV30_;_TRAJ22;TRBJ2-2_TRA:CAVRLRGGSARQLTF;TRB:CAWSVGGSGELFF_P33	0.00165289256198347	2	NA	NA	NA	NA	No	post_specific	NR-post_novel
P33	NR	061	poor	moderate	B	pEKD	pEKD	P33-Treat	TRAV30;TRBV9_;TRBD2_TRAJ20;TRBJ2-1_TRA:CGTEWGDYKLSF;TRB:CASSLGLAGGTYNEQFF_P33	0.0024793388429752	3	P33-Baseline	9.337068160597572e-4	1	No	No	pre_post_share	NR-pre_existing
P33	NR	061	poor	moderate	B	pEKD	pEKD	P33-Treat	TRAV8-6;TRBV5-1_;_TRAJ32;TRBJ1-3_TRA:CAVSGNYGGATNKLIF;TRB:CASSPDLTGNTIYF_P33	0.00743801652892562	9	P33-Baseline	9.337068160597572e-4	1	No	No	pre_post_share	NR-pre_existing
P33	NR	061	poor	moderate	B	pEKD	pEKD	P33-Treat	TRAV21;TRBV6-1_;_TRAJ40;TRBJ2-5_TRA:CAVRPGTYKYIF;TRB:CASSGTKKETQYF_P33	0.00165289256198347	2	P33-Baseline	0.00186741363211951	2	No	No	pre_post_share	NR-pre_existing
P33	NR	061	poor	moderate	B	pEKD	pEKD	P33-Treat	TRAV9-2;TRBV27_;_TRAJ20;TRBJ1-6_TRA:CALSNDYKLSF;TRB:CASRPWTAGSSYNSPLHF_P33	0.00413223140495867	5	P33-Baseline	0.03174603174603174	34	Yes	No	pre_post_share	NR-pre_existing
P33	NR	061	poor	moderate	B	pEKD	pEKD	P33-Treat	TRAV8-3;TRBV20-1_;TRBD1_TRAJ30;TRBJ1-6_TRA:CAVVMNRDDKIIF;TRB:CSAPGTGGQAPLHF_P33	0.00330578512396694	4	P33-Baseline	9.337068160597572e-4	1	No	No	pre_post_share	NR-pre_existing
P34	R	062	good	severe	A	good	good	P34-Treat	TRAV4;TRBV27_;_TRAJ9;TRBJ2-7_TRA:CLAHTGGFKTIF;TRB:CASSYGGEPYEQYF_P34	0.00156739811912225	2	NA	NA	NA	NA	No	post_specific	R-post_novel
P34	R	062	good	severe	A	good	good	P34-Treat	TRAV13-2;TRBV15_;_TRAJ30;TRBJ2-7_TRA:CADDKIIF;TRB:CATSRDNGGAYEQYF_P34	0.00156739811912225	2	NA	NA	NA	NA	No	post_specific	R-post_novel
P34	R	062	good	severe	A	good	good	P34-Treat	TRAV12-2;TRBV9_;_TRAJ39;TRBJ2-3_TRA:CAVRTGNAGNMLTF;TRB:CASSPPSGSPDTQYF_P34	0.0054858934169279	7	P34-Baseline	0.02137998056365403	44	Yes	No	pre_post_share	R-pre_existing
P34	R	062	good	severe	A	good	good	P34-Treat	TRAV17;TRBV3-1_;TRBD1_TRAJ57;TRBJ2-5_TRA:CATDVGSEKLVF;TRB:CASSLRTGGETQYF_P34	0.00156739811912225	2	NA	NA	NA	NA	No	post_specific	R-post_novel
P34	R	062	good	severe	A	good	good	P34-Treat	TRAV14/DV4;TRBV9_;_TRAJ28;TRBJ2-1_TRA:CAMRLYSGAGSYQLTF;TRB:CASSYSQGSEQFF_P34	0.00235109717868338	3	NA	NA	NA	NA	No	post_specific	R-post_novel
P34	R	062	good	severe	A	good	good	P34-Treat	TRAV13-1;TRBV5-1_;_TRAJ22;TRBJ2-3_TRA:CAASKGGSSGSARQLTF;TRB:CASSLVGGTDTQYF_P34	0.00156739811912225	2	NA	NA	NA	NA	No	post_specific	R-post_novel
P34	R	062	good	severe	A	good	good	P34-Treat	TRAV21;TRBV27_;_TRAJ31;TRBJ1-6_TRA:CAVRAHARLMF;TRB:CASSLNWSSYNSPLHF_P34	0.00235109717868338	3	NA	NA	NA	NA	No	post_specific	R-post_novel
P34	R	062	good	severe	A	good	good	P34-Treat	TRAV8-6;TRBV28_;TRBD1_TRAJ16;TRBJ1-5_TRA:CAVTISSDGQKLLF;TRB:CASSLTGDNQPQHF_P34	0.00235109717868338	3	NA	NA	NA	NA	No	post_specific	R-post_novel
P34	R	062	good	severe	A	good	good	P34-Treat	TRAV14/DV4;TRBV7-9_;_TRAJ58;TRBJ1-5_TRA:CAMRERTSGSRLTF;TRB:CASSLVFGADSNQPQHF_P34	0.00235109717868338	3	NA	NA	NA	NA	No	post_specific	R-post_novel
P34	R	062	good	severe	A	good	good	P34-Treat	TRAV13-1;TRBV2_;TRBD1_TRAJ22;TRBJ2-3_TRA:CAASMSARQLTF;TRB:CASRRQGGTDTQYF_P34	0.00156739811912225	2	NA	NA	NA	NA	No	post_specific	R-post_novel
P34	R	062	good	severe	A	good	good	P34-Treat	TRAV13-2;TRBV5-1_;_TRAJ16;TRBJ2-2_TRA:CAENRDGQKLLF;TRB:CASSLGGRGTGELFF_P34	0.00156739811912225	2	NA	NA	NA	NA	No	post_specific	R-post_novel
P34	R	062	good	severe	A	good	good	P34-Treat	TRAV1-2;TRBV2_;TRBD1_TRAJ28;TRBJ1-1_TRA:CAVREGDSGAGSYQLTF;TRB:CASMGRGRTEAFF_P34	0.00235109717868338	3	NA	NA	NA	NA	No	post_specific	R-post_novel
P34	R	062	good	severe	A	good	good	P34-Treat	TRAV4;TRBV7-2_;_TRAJ5;TRBJ1-2_TRA:CLVGLGDTGRRALTF;TRB:CASSLDKGDYGYTF_P34	0.00391849529780564	5	NA	NA	NA	NA	No	post_specific	R-post_novel
P34	R	062	good	severe	A	good	good	P34-Treat	TRAV8-2;TRBV13_;TRBD1_TRAJ15;TRBJ2-7_TRA:CVVSPYQAGTALIF;TRB:CASSLLDRGEQYF_P34	0.00156739811912225	2	NA	NA	NA	NA	No	post_specific	R-post_novel
P34	R	062	good	severe	A	good	good	P34-Treat	TRAV6;TRBV30_;_TRAJ28;TRBJ1-2_TRA:CALEGYSGAGSYQLTF;TRB:CACSWVGIAYGYTF_P34	0.00156739811912225	2	NA	NA	NA	NA	No	post_specific	R-post_novel
P34	R	062	good	severe	A	good	good	P34-Treat	TRAV3;TRBV2_;_TRAJ37;TRBJ1-2_TRA:CAVRDVGSGNTGKLIF;TRB:CASSERGTYGYTF_P34	0.00235109717868338	3	NA	NA	NA	NA	No	post_specific	R-post_novel
P34	R	062	good	severe	A	good	good	P34-Treat	TRAV21;TRBV5-1_;_TRAJ3;TRBJ2-3_TRA:CAVTDSSASKIIF;TRB:CASSPGATSGTTDTQYF_P34	0.00391849529780564	5	P34-Baseline	4.8590864917395527e-4	1	No	No	pre_post_share	R-pre_existing
P34	R	062	good	severe	A	good	good	P34-Treat	TRAV13-1;TRBV5-4_;_TRAJ52;TRBJ2-3_TRA:CAASSIAGGTSYGKLTF;TRB:CASSLGGGHTDTQYF_P34	0.00156739811912225	2	P34-Baseline	4.8590864917395527e-4	1	No	No	pre_post_share	R-pre_existing
P34	R	062	good	severe	A	good	good	P34-Treat	TRAV5;TRBV11-3_;_TRAJ23;TRBJ2-1_TRA:CAVPSGQGGKLIF;TRB:CASSLRNQPEQFF_P34	0.00156739811912225	2	P34-Baseline	0.01943634596695821	40	Yes	No	pre_post_share	R-pre_existing
P34	R	062	good	severe	A	good	good	P34-Treat	TRAV12-3;TRBV13_;TRBD2_TRAJ17;TRBJ2-1_TRA:CAMYAGNKLTF;TRB:CATSGLAGGDEQFF_P34	0.00626959247648902	8	P34-Baseline	0.00194363459669582	4	No	No	pre_post_share	R-pre_existing
P34	R	062	good	severe	A	good	good	P34-Treat	TRAV14/DV4;TRBV5-6_;_TRAJ49;TRBJ2-1_TRA:CAMREFTGNQFYF;TRB:CASSLDAESAHNEQFF_P34	0.00156739811912225	2	NA	NA	NA	NA	No	post_specific	R-post_novel
P34	R	062	good	severe	A	good	good	P34-Treat	TRAV14/DV4;TRBV6-1_;_TRAJ49;TRBJ2-3_TRA:CAMRVLNQFYF;TRB:CASSLTSGGTYTDTQYF_P34	0.00156739811912225	2	NA	NA	NA	NA	No	post_specific	R-post_novel
P34	R	062	good	severe	A	good	good	P34-Treat	TRAV14/DV4;TRBV6-2_;_TRAJ40;TRBJ2-7_TRA:CAISLPSGTYKYIF;TRB:CASTDGTSGDTYEQYF_P34	0.00156739811912225	2	NA	NA	NA	NA	No	post_specific	R-post_novel
P34	R	062	good	severe	A	good	good	P34-Treat	TRAV12-1;TRBV2_;_TRAJ31;TRBJ1-2_TRA:CVVVPSNARLMF;TRB:CASSERGTYGYTF_P34	0.00156739811912225	2	NA	NA	NA	NA	No	post_specific	R-post_novel
P34	R	062	good	severe	A	good	good	P34-Treat	TRAV12-1;TRBV30_;_TRAJ39;TRBJ1-6_TRA:CVVNMWGNAGNMLTF;TRB:CAWRPPGRINSPLHF_P34	0.00235109717868338	3	NA	NA	NA	NA	No	post_specific	R-post_novel
P34	R	062	good	severe	A	good	good	P34-Treat	TRAV5;TRBV5-1_;_TRAJ4;TRBJ2-1_TRA:CAEFGVGGYNKLIF;TRB:CASGMSGSIDEQFF_P34	0.00156739811912225	2	NA	NA	NA	NA	No	post_specific	R-post_novel
P34	R	062	good	severe	A	good	good	P34-Treat	TRAV8-6;TRBV28_;_TRAJ45;TRBJ2-7_TRA:CAVSDRSGGGADGLTF;TRB:CASSLGLHYEQYF_P34	0.00235109717868338	3	P34-Baseline	9.718172983479104e-4	2	No	No	pre_post_share	R-pre_existing
P34	R	062	good	severe	A	good	good	P34-Treat	TRAV22;TRBV12-5_;_TRAJ42;TRBJ1-2_TRA:CAVAFYYGGSQGNLIF;TRB:CASGLDTGPANYGYTF_P34	0.00156739811912225	2	NA	NA	NA	NA	No	post_specific	R-post_novel
P34	R	062	good	severe	A	good	good	P34-Treat	TRAV22;TRBV5-1_;_TRAJ22;TRBJ1-4_TRA:CAVGISGSARQLTF;TRB:CASSERWGEKLFF_P34	0.00391849529780564	5	NA	NA	NA	NA	No	post_specific	R-post_novel
P34	R	062	good	severe	A	good	good	P34-Treat	TRAV8-3;TRBV7-6_;_TRAJ9;TRBJ2-7_TRA:CAVGRGGGFKTIF;TRB:CASSLGPKREIHEQYF_P34	0.00235109717868338	3	NA	NA	NA	NA	No	post_specific	R-post_novel
P34	R	062	good	severe	A	good	good	P34-Treat	TRAV26-1;TRBV15_;TRBD1_TRAJ24;TRBJ2-1_TRA:CIVKGTDSWGKLQF;TRB:CATSRGGARVQEQFF_P34	0.00156739811912225	2	NA	NA	NA	NA	No	post_specific	R-post_novel
P34	R	062	good	severe	A	good	good	P34-Treat	TRAV12-1;TRBV6-2_;TRBD1_TRAJ21;TRBJ1-1_TRA:CVFWNFNKFYF;TRB:CASSPGGTEAFF_P34	0.00313479623824451	4	P34-Baseline	4.8590864917395527e-4	1	No	No	pre_post_share	R-pre_existing
P34	R	062	good	severe	A	good	good	P34-Treat	TRAV8-4;TRBV9_;_TRAJ33;TRBJ2-3_TRA:CAVSMDSNYQLIW;TRB:CASSPPSGSPDTQYF_P34	0.00391849529780564	5	P34-Baseline	0.00777453838678328	16	No	No	pre_post_share	R-pre_existing
P34	R	062	good	severe	A	good	good	P34-Treat	TRAV12-2;TRBV7-9_;_TRAJ48;TRBJ2-2_TRA:CAVNLYFGNEKLTF;TRB:CASSLVGAGELFF_P34	0.00235109717868338	3	NA	NA	NA	NA	No	post_specific	R-post_novel
P34	R	062	good	severe	A	good	good	P34-Treat	TRAV1-2;TRBV4-1_;TRBD1_TRAJ8;TRBJ2-7_TRA:CAVRDSSFQKLVF;TRB:CASSQGSGGYEQYF_P34	0.00470219435736677	6	P34-Baseline	4.8590864917395527e-4	1	No	No	pre_post_share	R-pre_existing
P34	R	062	good	severe	A	good	good	P34-Treat	TRAV26-1;TRBV12-3_;TRBD1_TRAJ41;TRBJ2-1_TRA:CIVRGGLPNSGYALNF;TRB:CASSTGGPQFF_P34	0.00156739811912225	2	NA	NA	NA	NA	No	post_specific	R-post_novel
P34	R	062	good	severe	A	good	good	P34-Treat	TRAV3;TRBV18_;_TRAJ13;TRBJ2-5_TRA:CAVRDSGGYQKVTF;TRB:CASSRGTDRQETQYF_P34	0.00313479623824451	4	NA	NA	NA	NA	No	post_specific	R-post_novel
P34	R	062	good	severe	A	good	good	P34-Treat	TRAV13-1;TRBV14_;_TRAJ34;TRBJ2-1_TRA:CAASINYNTDKLIF;TRB:CASSLDRREQFF_P34	0.00470219435736677	6	P34-Baseline	4.8590864917395527e-4	1	No	No	pre_post_share	R-pre_existing
P34	R	062	good	severe	A	good	good	P34-Treat	TRAV20;TRBV10-3_;TRBD1_TRAJ34;TRBJ1-5_TRA:CAVDLYNTDKLIF;TRB:CAISEDRGDQPQHF_P34	0.00156739811912225	2	NA	NA	NA	NA	No	post_specific	R-post_novel
P34	R	062	good	severe	A	good	good	P34-Treat	TRAV3;TRBV28_;_TRAJ8;TRBJ2-7_TRA:CAVRVNTGFQKLVF;TRB:CASVGQHEQYF_P34	0.00156739811912225	2	NA	NA	NA	NA	No	post_specific	R-post_novel
P34	R	062	good	severe	A	good	good	P34-Treat	TRAV8-4;TRBV27_;_TRAJ22;TRBJ2-6_TRA:CAVTRLSGSARQLTF;TRB:CASSPLQGFGANVLTF_P34	0.00391849529780564	5	P34-Baseline	0.00145772594752186	3	No	No	pre_post_share	R-pre_existing
P34	R	062	good	severe	A	good	good	P34-Treat	TRAV5;TRBV11-3_;_TRAJ16;TRBJ2-2_TRA:CAVPSGQKLLF;TRB:CASSRRGSGELFF_P34	0.00391849529780564	5	P34-Baseline	0.02866861030126336	59	Yes	No	pre_post_share	R-pre_existing
P34	R	062	good	severe	A	good	good	P34-Treat	TRAV1-1;TRBV9_;_TRAJ39;TRBJ1-4_TRA:CAVTNAGNMLTF;TRB:CASSVGSASEKLFF_P34	0.00156739811912225	2	NA	NA	NA	NA	No	post_specific	R-post_novel
P34	R	062	good	severe	A	good	good	P34-Treat	TRAV8-1;TRBV12-4_;TRBD1_TRAJ42;TRBJ1-2_TRA:CAVNANYGGSQGNLIF;TRB:CASSRGTGANGYTF_P34	0.00156739811912225	2	NA	NA	NA	NA	No	post_specific	R-post_novel
P34	R	062	good	severe	A	good	good	P34-Treat	TRAV1-2;TRBV9_;_TRAJ49;TRBJ2-2_TRA:CAVRDGNQFYF;TRB:CASSPTSGSNTGELFF_P34	0.00783699059561128	10	P34-Baseline	0.05636540330417881	116	Yes	No	pre_post_share	R-pre_existing
P34	R	062	good	severe	A	good	good	P34-Treat	TRAV12-1;TRBV20-1_;TRBD1_TRAJ53;TRBJ2-3_TRA:CVVPSGGSNYKLTF;TRB:CSGEGQSTDTQYF_P34	0.00156739811912225	2	NA	NA	NA	NA	No	post_specific	R-post_novel
P34	R	062	good	severe	A	good	good	P34-Treat	TRAV12-1;TRBV3-1_;_TRAJ29;TRBJ2-3_TRA:CVVNGLGGNTPLVF;TRB:CASSFRGNVDTQYF_P34	0.00235109717868338	3	NA	NA	NA	NA	No	post_specific	R-post_novel
P34	R	062	good	severe	A	good	good	P34-Treat	TRAV29/DV5;TRBV9_;_TRAJ11;TRBJ1-3_TRA:CAATRIEVYSTLTF;TRB:CASSVDEGTTIYF_P34	0.00156739811912225	2	NA	NA	NA	NA	No	post_specific	R-post_novel
P34	R	062	good	severe	A	good	good	P34-Treat	TRAV8-4;TRBV24-1_;TRBD1_TRAJ29;TRBJ1-6_TRA:CAVSSPNSGNTPLVF;TRB:CATSEGDRGLGSPLHF_P34	0.00156739811912225	2	NA	NA	NA	NA	No	post_specific	R-post_novel
P34	R	062	good	severe	A	good	good	P34-Treat	TRAV8-4;TRBV5-1_;_TRAJ22;TRBJ2-1_TRA:CAVSTSGSARQLTF;TRB:CASSWDSPYNEQFF_P34	0.00391849529780564	5	NA	NA	NA	NA	No	post_specific	R-post_novel
P34	R	062	good	severe	A	good	good	P34-Treat	TRAV8-1;TRBV2_;_TRAJ38;TRBJ2-1_TRA:CAGVNAGNNRKLIW;TRB:CASSERQGYLYNEQFF_P34	0.00156739811912225	2	P34-Baseline	4.8590864917395527e-4	1	No	No	pre_post_share	R-pre_existing
P34	R	062	good	severe	A	good	good	P34-Treat	TRAV38-2/DV8;TRBV6-6_;_TRAJ34;TRBJ2-2_TRA:CAYNTDKLIF;TRB:CASSYSRVANTGELFF_P34	0.00156739811912225	2	P34-Baseline	0.00194363459669582	4	No	No	pre_post_share	R-pre_existing
P34	R	062	good	severe	A	good	good	P34-Treat	TRAV14/DV4;TRBV20-1_;TRBD2_TRAJ52;TRBJ2-3_TRA:CAMRGSLANAGGTSYGKLTF;TRB:CSAPGTSGRVEDTQYF_P34	0.00156739811912225	2	NA	NA	NA	NA	No	post_specific	R-post_novel
P34	R	062	good	severe	A	good	good	P34-Treat	TRAV12-1;TRBV28_;TRBD1_TRAJ30;TRBJ2-7_TRA:CVVNHRGNRDDKIIF;TRB:CASSLVLGQGTYEQYF_P34	0.00156739811912225	2	P34-Baseline	4.8590864917395527e-4	1	No	No	pre_post_share	R-pre_existing
P34	R	062	good	severe	A	good	good	P34-Treat	TRAV8-6;TRBV20-1_;TRBD2_TRAJ9;TRBJ2-3_TRA:CAVMGPPDTGGFKTIF;TRB:CSPKGLAGVDTQYF_P34	0.00156739811912225	2	NA	NA	NA	NA	No	post_specific	R-post_novel
P34	R	062	good	severe	A	good	good	P34-Treat	TRAV19;TRBV24-1_;_TRAJ8;TRBJ1-2_TRA:CALILPGGFQKLVF;TRB:CATSDYYGYTF_P34	0.00156739811912225	2	NA	NA	NA	NA	No	post_specific	R-post_novel
P34	R	062	good	severe	A	good	good	P34-Treat	TRAV2;TRBV3-1_;_TRAJ33;TRBJ1-2_TRA:CAVGDSNYQLIW;TRB:CASSPGGRVYGYTF_P34	0.00156739811912225	2	P34-Baseline	0.00145772594752186	3	No	No	pre_post_share	R-pre_existing
P34	R	062	good	severe	A	good	good	P34-Treat	TRAV1-2;TRBV7-8_;_TRAJ26;TRBJ2-1_TRA:CAVRSRYGQNFVF;TRB:CASSLLLAGTFNEQFF_P34	0.00235109717868338	3	P34-Baseline	9.718172983479104e-4	2	No	No	pre_post_share	R-pre_existing
P34	R	062	good	severe	A	good	good	P34-Treat	TRAV4;TRBV5-5_;TRBD1_TRAJ23;TRBJ1-1_TRA:CLVGDTMIYNQGGKLIF;TRB:CASSSTGGAHMNTEAFF_P34	0.00156739811912225	2	NA	NA	NA	NA	No	post_specific	R-post_novel
P34	R	062	good	severe	A	good	good	P34-Treat	TRAV13-1;TRBV30_;_TRAJ21;TRBJ1-6_TRA:CATQYNFNKFYF;TRB:CAWSSPQGGSSPLHF_P34	0.00156739811912225	2	NA	NA	NA	NA	No	post_specific	R-post_novel
P34	R	062	good	severe	A	good	good	P34-Treat	TRAV21;TRBV12-3_;TRBD1_TRAJ33;TRBJ2-5_TRA:CAVSFMDSNYQLIW;TRB:CASRETGVETQYF_P34	0.00235109717868338	3	NA	NA	NA	NA	No	post_specific	R-post_novel
P34	R	062	good	severe	A	good	good	P34-Treat	TRAV5;TRBV19_;_TRAJ9;TRBJ2-2_TRA:CAETPTYTGGFKTIF;TRB:CASSITTGELFF_P34	0.00156739811912225	2	P34-Baseline	4.8590864917395527e-4	1	No	No	pre_post_share	R-pre_existing
P34	R	062	good	severe	A	good	good	P34-Treat	TRAV27;TRBV4-1_;_TRAJ58;TRBJ1-2_TRA:CAKMASGSRLTF;TRB:CASSQGPGQTYYGYTF_P34	0.00156739811912225	2	NA	NA	NA	NA	No	post_specific	R-post_novel
P34	R	062	good	severe	A	good	good	P34-Treat	TRAV8-1;TRBV20-1_;_TRAJ34;TRBJ1-4_TRA:CAALSLNTDKLIF;TRB:CSARDLGNEKLFF_P34	0.00156739811912225	2	NA	NA	NA	NA	No	post_specific	R-post_novel
P34	R	062	good	severe	A	good	good	P34-Treat	TRAV14/DV4;TRBV29-1_;_TRAJ22;TRBJ2-1_TRA:CAMRLRGGSARQLTF;TRB:CSVDRGSYNEQFF_P34	0.00156739811912225	2	NA	NA	NA	NA	No	post_specific	R-post_novel
P34	R	062	good	severe	A	good	good	P34-Treat	TRAV8-2;TRBV14_;_TRAJ28;TRBJ2-3_TRA:CVVSDLTSGAGSYQLTF;TRB:CASSLITTDTQYF_P34	0.00156739811912225	2	P34-Baseline	9.718172983479104e-4	2	No	No	pre_post_share	R-pre_existing
P34	R	062	good	severe	A	good	good	P34-Treat	TRAV13-1;TRBV2_;_TRAJ3;TRBJ1-4_TRA:CAASEGHSSASKIIF;TRB:CASKQPGGGEKLFF_P34	0.03526645768025078	45	P34-Baseline	0.01311953352769679	27	Yes	Yes	pre_post_share	R-pre_existing
P34	R	062	good	severe	A	good	good	P34-Treat	TRAV8-3;TRBV5-1_;_TRAJ35;TRBJ2-5_TRA:CAVGIGFGNVLHC;TRB:CASSLLGTAEETQYF_P34	0.00156739811912225	2	P34-Baseline	4.8590864917395527e-4	1	No	No	pre_post_share	R-pre_existing
P34	R	062	good	severe	A	good	good	P34-Treat	TRAV21;TRBV11-2_;_TRAJ15;TRBJ1-1_TRA:CAVRNQAGTALIF;TRB:CASSKDPWATEAFF_P34	0.00156739811912225	2	NA	NA	NA	NA	No	post_specific	R-post_novel
P34	R	062	good	severe	A	good	good	P34-Treat	TRAV17;TRBV13_;_TRAJ15;TRBJ2-7_TRA:CATDAWQAGTALIF;TRB:CASSQGRTFDEQYF_P34	0.00470219435736677	6	P34-Baseline	9.718172983479104e-4	2	No	No	pre_post_share	R-pre_existing
P34	R	062	good	severe	A	good	good	P34-Treat	TRAV21;TRBV12-5_;TRBD1_TRAJ28;TRBJ2-5_TRA:CAGYSGAGSYQLTF;TRB:CASAPGTGGQTQYF_P34	0.00156739811912225	2	P34-Baseline	9.718172983479104e-4	2	No	No	pre_post_share	R-pre_existing
P34	R	062	good	severe	A	good	good	P34-Treat	TRAV17;TRBV29-1_;TRBD1_TRAJ28;TRBJ2-3_TRA:CATPGAGSYQLTF;TRB:CSVERTGSLTDTQYF_P34	0.00156739811912225	2	NA	NA	NA	NA	No	post_specific	R-post_novel
P34	R	062	good	severe	A	good	good	P34-Treat	TRAV3;TRBV7-3_;TRBD1_TRAJ28;TRBJ2-5_TRA:CAVRDSGAGSYQLTF;TRB:CASSFGTGIETQYF_P34	0.00156739811912225	2	NA	NA	NA	NA	No	post_specific	R-post_novel
P34	R	062	good	severe	A	good	good	P34-Treat	TRAV19;TRBV5-6_;_TRAJ13;TRBJ2-5_TRA:CALSEAPGGYQKVTF;TRB:CASSLLGTMIWAQYF_P34	0.00156739811912225	2	NA	NA	NA	NA	No	post_specific	R-post_novel
P34	R	062	good	severe	A	good	good	P34-Treat	TRAV12-3;TRBV5-6_;_TRAJ58;TRBJ2-7_TRA:CAMSVRETSGSRLTF;TRB:CASSLEWGRVPYEQYF_P34	0.00156739811912225	2	NA	NA	NA	NA	No	post_specific	R-post_novel
P34	R	062	good	severe	A	good	good	P34-Treat	TRAV1-2;TRBV6-1_;_TRAJ15;TRBJ1-5_TRA:CAVSLREAGTALIF;TRB:CASRPLSQPQHF_P34	0.00156739811912225	2	NA	NA	NA	NA	No	post_specific	R-post_novel
P34	R	062	good	severe	A	good	good	P34-Treat	TRAV20;TRBV9_;_TRAJ20;TRBJ1-1_TRA:CAVQANSNDYKLSF;TRB:CASSVGGGTEAFF_P34	0.0054858934169279	7	P34-Baseline	9.718172983479104e-4	2	No	No	pre_post_share	R-pre_existing
P34	R	062	good	severe	A	good	good	P34-Treat	TRAV13-1;TRBV6-2_;_TRAJ33;TRBJ2-7_TRA:CAASKGDSNYQLIW;TRB:CASSSAQGFVREQYF_P34	0.00313479623824451	4	NA	NA	NA	NA	No	post_specific	R-post_novel
P34	R	062	good	severe	A	good	good	P34-Treat	TRAV8-4;TRBV4-1_;_TRAJ49;TRBJ2-7_TRA:CAGMGGNQFYF;TRB:CASSGGLGEQYF_P34	0.0054858934169279	7	P34-Baseline	0.00145772594752186	3	No	No	pre_post_share	R-pre_existing
P34	R	062	good	severe	A	good	good	P34-Treat	TRAV14/DV4;TRBV18_;_TRAJ30;TRBJ2-7_TRA:CAMGRDDKIIF;TRB:CASSPVRAEQYF_P34	0.00156739811912225	2	NA	NA	NA	NA	No	post_specific	R-post_novel
P34	R	062	good	severe	A	good	good	P34-Treat	TRAV14/DV4;TRBV4-1_;_TRAJ23;TRBJ2-7_TRA:CAMRSDRGLIF;TRB:CASSQDPPLGKSYEQYF_P34	0.00156739811912225	2	NA	NA	NA	NA	No	post_specific	R-post_novel
P34	R	062	good	severe	A	good	good	P34-Treat	TRAV26-1;TRBV6-6_;_TRAJ34;TRBJ1-1_TRA:CIVRVPRSTDKLIF;TRB:CASSYPNRGQIGTEAFF_P34	0.00156739811912225	2	NA	NA	NA	NA	No	post_specific	R-post_novel
P34	R	062	good	severe	A	good	good	P34-Treat	TRAV26-1;TRBV7-3_;_TRAJ40;TRBJ1-1_TRA:CIVRVASGTYKYIF;TRB:CASSFFENTEAFF_P34	0.00235109717868338	3	NA	NA	NA	NA	No	post_specific	R-post_novel
P34	R	062	good	severe	A	good	good	P34-Treat	TRAV17;TRBV12-3_;TRBD1_TRAJ22;TRBJ1-5_TRA:CATASSGSARQLTF;TRB:CASRGTGVGNQPQHF_P34	0.00235109717868338	3	NA	NA	NA	NA	No	post_specific	R-post_novel
P34	R	062	good	severe	A	good	good	P34-Treat	TRAV35;TRBV4-1_;_TRAJ48;TRBJ1-6_TRA:CAGQLDESNFGNEKLTF;TRB:CASSQAPPGYNSPLHF_P34	0.00156739811912225	2	NA	NA	NA	NA	No	post_specific	R-post_novel
P34	R	062	good	severe	A	good	good	P34-Treat	TRAV21;TRBV24-1_;_TRAJ50;TRBJ2-2_TRA:CAVRTSYDKVIF;TRB:CATSDLGYAGELFF_P34	0.00156739811912225	2	P34-Baseline	4.8590864917395527e-4	1	No	No	pre_post_share	R-pre_existing
P34	R	062	good	severe	A	good	good	P34-Treat	TRAV5;TRBV11-3_;_TRAJ11;TRBJ2-2_TRA:CAAPLNSGYSTLTF;TRB:CASSSRNTGELFF_P34	0.00156739811912225	2	P34-Baseline	0.00631681243926141	13	No	No	pre_post_share	R-pre_existing
P34	R	062	good	severe	A	good	good	P34-Treat	TRAV38-2/DV8;TRBV29-1_;TRBD1_TRAJ57;TRBJ2-3_TRA:CAYGSQGGSEKLVF;TRB:CSVGTGGTDTQYF_P34	0.00391849529780564	5	NA	NA	NA	NA	No	post_specific	R-post_novel
P34	R	062	good	severe	A	good	good	P34-Treat	TRAV9-2;TRBV12-4_;_TRAJ45;TRBJ2-1_TRA:CAPGEGGGADGLTF;TRB:CASILRAGAFSEQFF_P34	0.00156739811912225	2	NA	NA	NA	NA	No	post_specific	R-post_novel
P34	R	062	good	severe	A	good	good	P34-Treat	TRAV29/DV5;TRBV20-1_;_TRAJ9;TRBJ1-2_TRA:CAASANTGGFKTIF;TRB:CSATDEGLGANYGYTF_P34	0.00235109717868338	3	P34-Baseline	9.718172983479104e-4	2	No	No	pre_post_share	R-pre_existing
P34	R	062	good	severe	A	good	good	P34-Treat	TRAV14/DV4;TRBV5-1_;_TRAJ6;TRBJ1-1_TRA:CAMILSGGSYIPTF;TRB:CASSLQPRDGNTEAFF_P34	0.0054858934169279	7	NA	NA	NA	NA	No	post_specific	R-post_novel
P34	R	062	good	severe	A	good	good	P34-Treat	TRAV30;TRBV27_;_TRAJ52;TRBJ2-6_TRA:CGTVYAGGTSYGKLTF;TRB:CASSLLGSGANVLTF_P34	0.00470219435736677	6	NA	NA	NA	NA	No	post_specific	R-post_novel
P34	R	062	good	severe	A	good	good	P34-Treat	TRAV20;TRBV7-3_;_TRAJ10;TRBJ2-3_TRA:CAVQAPLKLTGGGNKLTF;TRB:CASRQSGLGVDTQYF_P34	0.00156739811912225	2	NA	NA	NA	NA	No	post_specific	R-post_novel
P34	R	062	good	severe	A	good	good	P34-Treat	TRAV21;TRBV20-1_;TRBD1_TRAJ34;TRBJ2-7_TRA:CAARSYNTDKLIF;TRB:CSAGDRGLYEQYF_P34	0.00313479623824451	4	NA	NA	NA	NA	No	post_specific	R-post_novel
P34	R	062	good	severe	A	good	good	P34-Treat	TRAV19;TRBV2_;_TRAJ17;TRBJ2-7_TRA:CALSEAAGNKLTF;TRB:CASSESAGYYEQYF_P34	0.00235109717868338	3	P34-Baseline	9.718172983479104e-4	2	No	No	pre_post_share	R-pre_existing
P34	R	062	good	severe	A	good	good	P34-Treat	TRAV38-1;TRBV3-1_;TRBD2_TRAJ13;TRBJ2-3_TRA:CALGYQKVTF;TRB:CASSLLQGLAGGPGTDTQYF_P34	0.00156739811912225	2	NA	NA	NA	NA	No	post_specific	R-post_novel
P34	R	062	good	severe	A	good	good	P34-Treat	TRAV12-1;TRBV5-4_;_TRAJ34;TRBJ1-1_TRA:CVVSVHTDKLIF;TRB:CASSLTYMNTEAFF_P34	0.00156739811912225	2	NA	NA	NA	NA	No	post_specific	R-post_novel
P34	R	062	good	severe	A	good	good	P34-Treat	TRAV38-2/DV8;TRBV9_;_TRAJ48;TRBJ1-1_TRA:CGANFGNEKLTF;TRB:CASSAGGGAEAFF_P34	0.00235109717868338	3	P34-Baseline	4.8590864917395527e-4	1	No	No	pre_post_share	R-pre_existing
P34	R	062	good	severe	A	good	good	P34-Treat	TRAV5;TRBV13_;_TRAJ12;TRBJ1-3_TRA:CAEMDSSYKLIF;TRB:CASGAGYTIYF_P34	0.00156739811912225	2	NA	NA	NA	NA	No	post_specific	R-post_novel
P34	R	062	good	severe	A	good	good	P34-Treat	TRAV38-2/DV8;TRBV19_;_TRAJ35;TRBJ1-5_TRA:CAYRSALWGFGNVLHC;TRB:CASSIGGGQINQPQHF_P34	0.00156739811912225	2	P34-Baseline	0.00194363459669582	4	No	No	pre_post_share	R-pre_existing
P34	R	062	good	severe	A	good	good	P34-Treat	TRAV38-1;TRBV4-1_;TRBD1_TRAJ43;TRBJ2-2_TRA:CAFSIDDMRF;TRB:CASSQETGAPGELFF_P34	0.00156739811912225	2	NA	NA	NA	NA	No	post_specific	R-post_novel
P34	R	062	good	severe	A	good	good	P34-Treat	TRAV35;TRBV5-1_;_TRAJ23;TRBJ2-1_TRA:CAGLLIYNQGGKLIF;TRB:CASSLTGWNNEQFF_P34	0.00313479623824451	4	NA	NA	NA	NA	No	post_specific	R-post_novel
P34	R	062	good	severe	A	good	good	P34-Treat	TRAV21;TRBV5-1_;TRBD1_TRAJ27;TRBJ2-2_TRA:CAVEDTNAGKSTF;TRB:CASSLGQRAGELFF_P34	0.00235109717868338	3	NA	NA	NA	NA	No	post_specific	R-post_novel
P34	R	062	good	severe	A	good	good	P34-Treat	TRAV14/DV4;TRBV28_;_TRAJ31;TRBJ2-7_TRA:CAMREPNNARLMF;TRB:CASSPRGNGVAYEQYF_P34	0.00156739811912225	2	NA	NA	NA	NA	No	post_specific	R-post_novel
P40	NR	014	poor	moderate	C	pEKD	pEKD	P40-Treat	TRAV12-1;TRBV6-2_;_TRAJ29;TRBJ2-1_TRA:CVVNLPSGNTPLVF;TRB:CASRDPARGGGKQFF_P40	3.994407829039345e-4	2	NA	NA	NA	NA	No	post_specific	NR-post_novel
P40	NR	014	poor	moderate	C	pEKD	pEKD	P40-Treat	TRAV4;TRBV7-9_;_TRAJ29;TRBJ2-7_TRA:CLGSGNTPLVF;TRB:CASSPGWDEQYF_P40	5.991611743559018e-4	3	P40-Baseline	4.620360388110272e-4	3	No	No	pre_post_share	NR-pre_existing
P40	NR	014	poor	moderate	C	pEKD	pEKD	P40-Treat	TRAV1-2;TRBV10-2_;_TRAJ6;TRBJ2-7_TRA:CAVRDLSGGSYIPTF;TRB:CASSVATGEQYF_P40	3.994407829039345e-4	2	P40-Baseline	4.620360388110272e-4	3	No	No	pre_post_share	NR-pre_existing
P40	NR	014	poor	moderate	C	pEKD	pEKD	P40-Treat	TRAV19;TRBV18_;_TRAJ44;TRBJ2-3_TRA:CALSEGETGTASKLTF;TRB:CASSHYSVDTQYF_P40	3.994407829039345e-4	2	P40-Baseline	3.0802402587401816e-4	2	No	No	pre_post_share	NR-pre_existing
P40	NR	014	poor	moderate	C	pEKD	pEKD	P40-Treat	TRAV9-2;TRBV11-2_;_TRAJ24;TRBJ1-2_TRA:CALSMTTDSWGKLQF;TRB:CATAPDSNYGYTF_P40	3.994407829039345e-4	2	NA	NA	NA	NA	No	post_specific	NR-post_novel
P40	NR	014	poor	moderate	C	pEKD	pEKD	P40-Treat	TRAV12-3;TRBV20-1_;TRBD2_TRAJ44;TRBJ2-7_TRA:CAMKGAGTASKLTF;TRB:CSARPGLAVQSYEQYF_P40	3.994407829039345e-4	2	NA	NA	NA	NA	No	post_specific	NR-post_novel
P40	NR	014	poor	moderate	C	pEKD	pEKD	P40-Treat	TRAV8-3;TRBV12-4_;_TRAJ13;TRBJ2-5_TRA:CAVGARGYQKVTF;TRB:CASSLDRGERETQYF_P40	5.991611743559018e-4	3	P40-Baseline	4.620360388110272e-4	3	No	No	pre_post_share	NR-pre_existing
P40	NR	014	poor	moderate	C	pEKD	pEKD	P40-Treat	TRAV13-1;TRBV29-1_;_TRAJ20;TRBJ1-1_TRA:CASSNDYKLSF;TRB:CSGRDAEAFF_P40	7.98881565807869e-4	4	P40-Baseline	6.160480517480363e-4	4	No	No	pre_post_share	NR-pre_existing
P40	NR	014	poor	moderate	C	pEKD	pEKD	P40-Treat	TRAV1-1;TRBV6-1_;_TRAJ12;TRBJ1-5_TRA:CAVRDPNSSYKLIF;TRB:CASSDWGQGQPQHF_P40	3.994407829039345e-4	2	NA	NA	NA	NA	No	post_specific	NR-post_novel
P40	NR	014	poor	moderate	C	pEKD	pEKD	P40-Treat	TRAV21;TRBV30_;_TRAJ47;TRBJ2-1_TRA:CAVGPMEYGNKLVF;TRB:CAWSSGTRDEQFF_P40	5.991611743559018e-4	3	P40-Baseline	1.5401201293700908e-4	1	No	No	pre_post_share	NR-pre_existing
P40	NR	014	poor	moderate	C	pEKD	pEKD	P40-Treat	TRAV26-1;TRBV6-5_;_TRAJ36;TRBJ2-5_TRA:CIAWSTGANNLFF;TRB:CASSRSGLETQYF_P40	0.00159776313161573	8	P40-Baseline	0.00107808409055906	7	No	No	pre_post_share	NR-pre_existing
P40	NR	014	poor	moderate	C	pEKD	pEKD	P40-Treat	TRAV14/DV4;TRBV9_;_TRAJ34;TRBJ2-1_TRA:CAMREGIGTDKLIF;TRB:CASSVVWDGSYNEQFF_P40	3.994407829039345e-4	2	NA	NA	NA	NA	No	post_specific	NR-post_novel
P40	NR	014	poor	moderate	C	pEKD	pEKD	P40-Treat	TRAV12-1;TRBV2_;_TRAJ42;TRBJ1-1_TRA:CVVNRGNYGGSQGNLIF;TRB:CASRADVGVEAFF_P40	7.98881565807869e-4	4	NA	NA	NA	NA	No	post_specific	NR-post_novel
P40	NR	014	poor	moderate	C	pEKD	pEKD	P40-Treat	TRAV38-2/DV8;TRBV4-1_;TRBD2_TRAJ39;TRBJ2-5_TRA:CAYRWDAGNMLTF;TRB:CASSQEGLAGAKETQYF_P40	7.98881565807869e-4	4	P40-Baseline	0.00107808409055906	7	No	No	pre_post_share	NR-pre_existing
P40	NR	014	poor	moderate	C	pEKD	pEKD	P40-Treat	TRAV12-1;TRBV9_;_TRAJ22;TRBJ2-7_TRA:CVVGHSGSARQLTF;TRB:CASSVDEGEQYF_P40	3.994407829039345e-4	2	NA	NA	NA	NA	No	post_specific	NR-post_novel
P40	NR	014	poor	moderate	C	pEKD	pEKD	P40-Treat	TRAV12-3;TRBV11-2_;_TRAJ54;TRBJ2-5_TRA:CAMGQGAQKLVF;TRB:CASNLRGDPVEETQYF_P40	9.986019572598365e-4	5	P40-Baseline	0.00138610811643308	9	No	No	pre_post_share	NR-pre_existing
P40	NR	014	poor	moderate	C	pEKD	pEKD	P40-Treat	TRAV8-4;TRBV3-1_;_TRAJ22;TRBJ2-7_TRA:CAVSHSGSARQLTF;TRB:CASSQAYEQYF_P40	5.991611743559018e-4	3	P40-Baseline	6.160480517480363e-4	4	No	No	pre_post_share	NR-pre_existing
P40	NR	014	poor	moderate	C	pEKD	pEKD	P40-Treat	TRAV17;TRBV19_;_TRAJ20;TRBJ2-5_TRA:CATGNDYKLSF;TRB:CASSKSGFQETQYF_P40	3.994407829039345e-4	2	NA	NA	NA	NA	No	post_specific	NR-post_novel
P40	NR	014	poor	moderate	C	pEKD	pEKD	P40-Treat	TRAV2;TRBV20-1_;_TRAJ9;TRBJ2-7_TRA:CAVEPNTGGFKTIF;TRB:CSARPQGVGEQYF_P40	3.994407829039345e-4	2	NA	NA	NA	NA	No	post_specific	NR-post_novel
P40	NR	014	poor	moderate	C	pEKD	pEKD	P40-Treat	TRAV29/DV5;TRBV27_;_TRAJ53;TRBJ2-5_TRA:CAAENSGGSNYKLTF;TRB:CASSPGVGRDETQYF_P40	5.991611743559018e-4	3	P40-Baseline	1.5401201293700908e-4	1	No	No	pre_post_share	NR-pre_existing
P40	NR	014	poor	moderate	C	pEKD	pEKD	P40-Treat	TRAV8-4;TRBV5-1_;_TRAJ44;TRBJ1-1_TRA:CAVSEAGTASKLTF;TRB:CASSLEGRGAFF_P40	5.991611743559018e-4	3	NA	NA	NA	NA	No	post_specific	NR-post_novel
P40	NR	014	poor	moderate	C	pEKD	pEKD	P40-Treat	TRAV12-1;TRBV9_;_TRAJ15;TRBJ1-1_TRA:CVVNGPQAGTALIF;TRB:CASSVEEVTEAFF_P40	3.994407829039345e-4	2	NA	NA	NA	NA	No	post_specific	NR-post_novel
P40	NR	014	poor	moderate	C	pEKD	pEKD	P40-Treat	TRAV13-2;TRBV7-8_;_TRAJ8;TRBJ2-2_TRA:CAETKVNTGFQKLVF;TRB:CASSLARPTGELFF_P40	0.00259636508887557	13	P40-Baseline	6.160480517480363e-4	4	No	No	pre_post_share	NR-pre_existing
P40	NR	014	poor	moderate	C	pEKD	pEKD	P40-Treat	TRAV1-2;TRBV12-3_;_TRAJ29;TRBJ2-7_TRA:CAVGVKGNTPLVF;TRB:CASSLGDSWEQYF_P40	9.986019572598365e-4	5	P40-Baseline	0.00662251655629139	43	No	No	pre_post_share	NR-pre_existing
P40	NR	014	poor	moderate	C	pEKD	pEKD	P40-Treat	TRAV35;TRBV28_;_TRAJ27;TRBJ2-7_TRA:CAGSNTNAGKSTF;TRB:CASSPAGLNYEQYF_P40	3.994407829039345e-4	2	NA	NA	NA	NA	No	post_specific	NR-post_novel
P40	NR	014	poor	moderate	C	pEKD	pEKD	P40-Treat	TRAV5;TRBV6-1_;_TRAJ32;TRBJ2-1_TRA:CAETLYGGATNKLIF;TRB:CASSNPPSMSHFF_P40	3.994407829039345e-4	2	P40-Baseline	1.5401201293700908e-4	1	No	No	pre_post_share	NR-pre_existing
P40	NR	014	poor	moderate	C	pEKD	pEKD	P40-Treat	TRAV16;TRBV7-3_;_TRAJ38;TRBJ2-1_TRA:CALEPAGNNRKLIW;TRB:CASSLSGGQAEDNEQFF_P40	9.986019572598365e-4	5	P40-Baseline	0.00138610811643308	9	No	No	pre_post_share	NR-pre_existing
P40	NR	014	poor	moderate	C	pEKD	pEKD	P40-Treat	TRAV14/DV4;TRBV27_;_TRAJ49;TRBJ1-6_TRA:CAMRGTTNTGNQFYF;TRB:CASSLVYSYNSPLHF_P40	3.994407829039345e-4	2	NA	NA	NA	NA	No	post_specific	NR-post_novel
P40	NR	014	poor	moderate	C	pEKD	pEKD	P40-Treat	TRAV9-2;TRBV12-4_;_TRAJ53;TRBJ2-3_TRA:CALSGGSNYKLTF;TRB:CASSPPLAAAPDTQYF_P40	0.0011983223487118	6	P40-Baseline	6.160480517480363e-4	4	No	No	pre_post_share	NR-pre_existing
P40	NR	014	poor	moderate	C	pEKD	pEKD	P40-Treat	TRAV12-1;TRBV7-9_;_TRAJ37;TRBJ2-5_TRA:CVVKGPAGSGNTGKLIF;TRB:CASSLVGETQYF_P40	3.994407829039345e-4	2	P40-Baseline	1.5401201293700908e-4	1	No	No	pre_post_share	NR-pre_existing
P40	NR	014	poor	moderate	C	pEKD	pEKD	P40-Treat	TRAV4;TRBV2_;_TRAJ11;TRBJ2-7_TRA:CLVGDTGGGSGYSTLTF;TRB:CASSDPGLADYEQYF_P40	5.991611743559018e-4	3	P40-Baseline	4.620360388110272e-4	3	No	No	pre_post_share	NR-pre_existing
P40	NR	014	poor	moderate	C	pEKD	pEKD	P40-Treat	TRAV24;TRBV12-4_;_TRAJ23;TRBJ1-3_TRA:CAFANQGGKLIF;TRB:CASRTRRGDSGNTIYF_P40	9.986019572598365e-4	5	NA	NA	NA	NA	No	post_specific	NR-post_novel
P40	NR	014	poor	moderate	C	pEKD	pEKD	P40-Treat	TRAV39;TRBV3-1_;_TRAJ53;TRBJ1-1_TRA:CAVVWGSNYKLTF;TRB:CASSQDPVTEAFF_P40	3.994407829039345e-4	2	P40-Baseline	1.5401201293700908e-4	1	No	No	pre_post_share	NR-pre_existing
P40	NR	014	poor	moderate	C	pEKD	pEKD	P40-Treat	TRAV13-2;TRBV7-8_;_TRAJ29;TRBJ2-1_TRA:CAVRGNTPLVF;TRB:CASSLRGLATYNEQFF_P40	3.994407829039345e-4	2	NA	NA	NA	NA	No	post_specific	NR-post_novel
P40	NR	014	poor	moderate	C	pEKD	pEKD	P40-Treat	TRAV38-1;TRBV10-2_;TRBD1_TRAJ53;TRBJ2-7_TRA:CAFLPPNSGGSNYKLTF;TRB:CASSGRGQNEQYF_P40	0.00159776313161573	8	P40-Baseline	0.00292622824580317	19	No	No	pre_post_share	NR-pre_existing
P40	NR	014	poor	moderate	C	pEKD	pEKD	P40-Treat	TRAV12-3;TRBV20-1_;_TRAJ53;TRBJ2-4_TRA:CAPGPGGSNYKLTF;TRB:CSARGGGDSNIQYF_P40	0.0023966446974236	12	P40-Baseline	6.160480517480363e-4	4	No	No	pre_post_share	NR-pre_existing
P40	NR	014	poor	moderate	C	pEKD	pEKD	P40-Treat	TRAV20;TRBV28_;_TRAJ15;TRBJ1-5_TRA:CAVPNQAGTALIF;TRB:CASSPPGGGFSQPQHF_P40	3.994407829039345e-4	2	NA	NA	NA	NA	No	post_specific	NR-post_novel
P40	NR	014	poor	moderate	C	pEKD	pEKD	P40-Treat	TRAV8-1;TRBV11-2_;_TRAJ43;TRBJ2-7_TRA:CAVKSNNDMRF;TRB:CASSLEQGGYYEQYF_P40	5.991611743559018e-4	3	P40-Baseline	3.0802402587401816e-4	2	No	No	pre_post_share	NR-pre_existing
P40	NR	014	poor	moderate	C	pEKD	pEKD	P40-Treat	TRAV38-2/DV8;TRBV5-5_;_TRAJ47;TRBJ1-3_TRA:CAFSQEYGNKLVF;TRB:CASSPGLLLSSGNTIYF_P40	3.994407829039345e-4	2	P40-Baseline	1.5401201293700908e-4	1	No	No	pre_post_share	NR-pre_existing
P40	NR	014	poor	moderate	C	pEKD	pEKD	P40-Treat	TRAV39;TRBV2_;_TRAJ45;TRBJ2-7_TRA:CAVFRRGGADGLTF;TRB:CASSEGGYYEQYF_P40	7.98881565807869e-4	4	P40-Baseline	4.620360388110272e-4	3	No	No	pre_post_share	NR-pre_existing
P40	NR	014	poor	moderate	C	pEKD	pEKD	P40-Treat	TRAV14/DV4;TRBV7-9_;TRBD1_TRAJ20;TRBJ1-4_TRA:CAMREGPDYKLSF;TRB:CASSLALGQGGEKLFF_P40	7.98881565807869e-4	4	NA	NA	NA	NA	No	post_specific	NR-post_novel
P40	NR	014	poor	moderate	C	pEKD	pEKD	P40-Treat	TRAV12-3;TRBV20-1_;_TRAJ32;TRBJ2-4_TRA:CAMSYGGATNKLIF;TRB:CSARVGGDSNIQYF_P40	5.991611743559018e-4	3	NA	NA	NA	NA	No	post_specific	NR-post_novel
P40	NR	014	poor	moderate	C	pEKD	pEKD	P40-Treat	TRAV12-2;TRBV4-1_;_TRAJ16;TRBJ1-1_TRA:CAVSFSDGQKLLF;TRB:CASSHPRGAGEAFF_P40	3.994407829039345e-4	2	P40-Baseline	1.5401201293700908e-4	1	No	No	pre_post_share	NR-pre_existing
P40	NR	014	poor	moderate	C	pEKD	pEKD	P40-Treat	TRAV8-1;TRBV18_;_TRAJ20;TRBJ1-5_TRA:CAVNPANDYKLSF;TRB:CASSPTAGGQPQHF_P40	5.991611743559018e-4	3	P40-Baseline	7.700600646850454e-4	5	No	No	pre_post_share	NR-pre_existing
P40	NR	014	poor	moderate	C	pEKD	pEKD	P40-Treat	TRAV12-1;TRBV5-6_;_TRAJ42;TRBJ1-1_TRA:CVVENYGGSQGNLIF;TRB:CASSSWGENSEAFF_P40	5.991611743559018e-4	3	NA	NA	NA	NA	No	post_specific	NR-post_novel
P40	NR	014	poor	moderate	C	pEKD	pEKD	P40-Treat	TRAV21;TRBV28_;_TRAJ52;TRBJ2-5_TRA:CAVRPTGGTSYGKLTF;TRB:CASSSTGLRETQYF_P40	0.01837427601358098	92	P40-Baseline	0.0357307870013861	232	Yes	Yes	pre_post_share	NR-pre_existing
P40	NR	014	poor	moderate	C	pEKD	pEKD	P40-Treat	TRAV21;TRBV5-6_;_TRAJ56;TRBJ2-3_TRA:CAVSLYTGANSKLTF;TRB:CASSRDYSTDTQYF_P40	3.994407829039345e-4	2	NA	NA	NA	NA	No	post_specific	NR-post_novel
P40	NR	014	poor	moderate	C	pEKD	pEKD	P40-Treat	TRAV8-3;TRBV12-3_;_TRAJ34;TRBJ2-7_TRA:CAVGWGDKLIF;TRB:CASSRSGLEQYF_P40	3.994407829039345e-4	2	P40-Baseline	1.5401201293700908e-4	1	No	No	pre_post_share	NR-pre_existing
P40	NR	014	poor	moderate	C	pEKD	pEKD	P40-Treat	TRAV12-3;TRBV4-3_;_TRAJ34;TRBJ1-2_TRA:CAMSLNTDKLIF;TRB:CASSVQGGDGGYTF_P40	3.994407829039345e-4	2	P40-Baseline	1.5401201293700908e-4	1	No	No	pre_post_share	NR-pre_existing
P40	NR	014	poor	moderate	C	pEKD	pEKD	P40-Treat	TRAV40;TRBV6-2_;_TRAJ52;TRBJ2-2_TRA:CLLGDLLYAGGTSYGKLTF;TRB:CASSWTNPNTGELFF_P40	0.0017974835230677	9	P40-Baseline	0.00123209610349607	8	No	No	pre_post_share	NR-pre_existing
P40	NR	014	poor	moderate	C	pEKD	pEKD	P40-Treat	TRAV13-1;TRBV7-2_;_TRAJ11;TRBJ2-7_TRA:CAASLGYSTLTF;TRB:CASSLVGGTAEEQYF_P40	0.00139804274016377	7	P40-Baseline	0.00107808409055906	7	No	No	pre_post_share	NR-pre_existing
P40	NR	014	poor	moderate	C	pEKD	pEKD	P40-Treat	TRAV2;TRBV7-9_;_TRAJ40;TRBJ2-3_TRA:CAVGVTTSGTYKYIF;TRB:CASSLGAATDTQYF_P40	3.994407829039345e-4	2	P40-Baseline	1.5401201293700908e-4	1	No	No	pre_post_share	NR-pre_existing
P40	NR	014	poor	moderate	C	pEKD	pEKD	P40-Treat	TRAV41;TRBV20-1_;_TRAJ34;TRBJ2-3_TRA:CAVPPSYNTDKLIF;TRB:CSARPSLNTQYF_P40	3.994407829039345e-4	2	P40-Baseline	9.240720776220544e-4	6	No	No	pre_post_share	NR-pre_existing
P40	NR	014	poor	moderate	C	pEKD	pEKD	P40-Treat	TRAV20;TRBV12-4_;TRBD2_TRAJ57;TRBJ2-1_TRA:CAAHLTQGGSEKLVF;TRB:CASSLFGTSGRGEQFF_P40	0.00199720391451967	10	NA	NA	NA	NA	No	post_specific	NR-post_novel
P40	NR	014	poor	moderate	C	pEKD	pEKD	P40-Treat	TRAV21;TRBV20-1_;_TRAJ31;TRBJ1-3_TRA:CAVHNNARLMF;TRB:CSASVGTGNTIYF_P40	0.00259636508887557	13	P40-Baseline	4.620360388110272e-4	3	No	No	pre_post_share	NR-pre_existing
P40	NR	014	poor	moderate	C	pEKD	pEKD	P40-Treat	TRAV25;TRBV5-4_;_TRAJ32;TRBJ1-6_TRA:CAGPGTSGGATNKLIF;TRB:CASSLVGDANSPLHF_P40	7.98881565807869e-4	4	P40-Baseline	0.00123209610349607	8	No	No	pre_post_share	NR-pre_existing
P40	NR	014	poor	moderate	C	pEKD	pEKD	P40-Treat	TRAV13-2;TRBV11-2_;_TRAJ34;TRBJ2-7_TRA:CAGDKLIF;TRB:CASSLGPPPYEQYF_P40	9.986019572598365e-4	5	NA	NA	NA	NA	No	post_specific	NR-post_novel
P40	NR	014	poor	moderate	C	pEKD	pEKD	P40-Treat	TRAV13-1;TRBV20-1_;_TRAJ39;TRBJ1-1_TRA:CAAWNNNAGNMLTF;TRB:CSASPLGSQNTEAFF_P40	0.00219692430597164	11	P40-Baseline	0.00123209610349607	8	No	No	pre_post_share	NR-pre_existing
P40	NR	014	poor	moderate	C	pEKD	pEKD	P40-Treat	TRAV10;TRBV7-2_;_TRAJ33;TRBJ2-7_TRA:CVVSAAAMEDSNYQLIW;TRB:CASSHLAELYEQYF_P40	5.991611743559018e-4	3	P40-Baseline	1.5401201293700908e-4	1	No	No	pre_post_share	NR-pre_existing
P40	NR	014	poor	moderate	C	pEKD	pEKD	P40-Treat	TRAV29/DV5;TRBV28_;_TRAJ54;TRBJ1-1_TRA:CAASGGAQKLVF;TRB:CASSDGLRGNTEAFF_P40	5.991611743559018e-4	3	P40-Baseline	1.5401201293700908e-4	1	No	No	pre_post_share	NR-pre_existing
P40	NR	014	poor	moderate	C	pEKD	pEKD	P40-Treat	TRAV23/DV6;TRBV2_;TRBD1_TRAJ49;TRBJ2-2_TRA:CAAISNTGNQFYF;TRB:CASSYGQGDTGELFF_P40	0.0011983223487118	6	NA	NA	NA	NA	No	post_specific	NR-post_novel
P40	NR	014	poor	moderate	C	pEKD	pEKD	P40-Treat	TRAV4;TRBV10-2_;_TRAJ20;TRBJ2-3_TRA:CLVGDDDYKLSF;TRB:CASSTAGGPRDTQYF_P40	3.994407829039345e-4	2	P40-Baseline	1.5401201293700908e-4	1	No	No	pre_post_share	NR-pre_existing
P40	NR	014	poor	moderate	C	pEKD	pEKD	P40-Treat	TRAV4;TRBV19_;_TRAJ22;TRBJ2-7_TRA:CLVGPTSGSARQLTF;TRB:CASSMRDLSDNEQYF_P40	3.994407829039345e-4	2	NA	NA	NA	NA	No	post_specific	NR-post_novel
P40	NR	014	poor	moderate	C	pEKD	pEKD	P40-Treat	TRAV35;TRBV6-6_;TRBD2_TRAJ53;TRBJ2-7_TRA:CAGQGGSNYKLTF;TRB:CASSYSTSGRASPYEQYF_P40	3.994407829039345e-4	2	NA	NA	NA	NA	No	post_specific	NR-post_novel
P40	NR	014	poor	moderate	C	pEKD	pEKD	P40-Treat	TRAV8-6;TRBV7-9_;TRBD1_TRAJ12;TRBJ2-7_TRA:CAVSDPTRDSSYKLIF;TRB:CASSLGQGPYEQYF_P40	3.994407829039345e-4	2	P40-Baseline	1.5401201293700908e-4	1	No	No	pre_post_share	NR-pre_existing
P40	NR	014	poor	moderate	C	pEKD	pEKD	P40-Treat	TRAV36/DV7;TRBV29-1_;_TRAJ53;TRBJ1-2_TRA:CAVEGGSNYKLTF;TRB:CSAHLGLDYGYTF_P40	3.994407829039345e-4	2	P40-Baseline	4.620360388110272e-4	3	No	No	pre_post_share	NR-pre_existing
P40	NR	014	poor	moderate	C	pEKD	pEKD	P40-Treat	TRAV24;TRBV28_;_TRAJ38;TRBJ1-2_TRA:CAPHANNNRKLIW;TRB:CASSTAGQNYGYTF_P40	3.994407829039345e-4	2	P40-Baseline	1.5401201293700908e-4	1	No	No	pre_post_share	NR-pre_existing
P40	NR	014	poor	moderate	C	pEKD	pEKD	P40-Treat	TRAV5;TRBV24-1_;TRBD1_TRAJ21;TRBJ2-2_TRA:CAESIESFNKFYF;TRB:CATSDYRTGVIGELFF_P40	3.994407829039345e-4	2	NA	NA	NA	NA	No	post_specific	NR-post_novel
P40	NR	014	poor	moderate	C	pEKD	pEKD	P40-Treat	TRAV21;TRBV5-4_;_TRAJ44;TRBJ2-4_TRA:CAVDLTGTASKLTF;TRB:CASSSWDVGQGNIQYF_P40	5.991611743559018e-4	3	P40-Baseline	1.5401201293700908e-4	1	No	No	pre_post_share	NR-pre_existing
P40	NR	014	poor	moderate	C	pEKD	pEKD	P40-Treat	TRAV17;TRBV7-2_;_TRAJ42;TRBJ1-2_TRA:CATDFGGSQGNLIF;TRB:CASSLRATGYTF_P40	3.994407829039345e-4	2	P40-Baseline	3.0802402587401816e-4	2	No	No	pre_post_share	NR-pre_existing
P40	NR	014	poor	moderate	C	pEKD	pEKD	P40-Treat	TRAV26-1;TRBV29-1_;TRBD1_TRAJ44;TRBJ1-2_TRA:CIVGTGTASKLTF;TRB:CSVGEGTGSYGYTF_P40	3.994407829039345e-4	2	P40-Baseline	1.5401201293700908e-4	1	No	No	pre_post_share	NR-pre_existing
P40	NR	014	poor	moderate	C	pEKD	pEKD	P40-Treat	TRAV8-6;TRBV7-8_;_TRAJ44;TRBJ2-5_TRA:CAVTDTGTASKLTF;TRB:CASIKRETQYF_P40	0.0017974835230677	9	P40-Baseline	1.5401201293700908e-4	1	No	No	pre_post_share	NR-pre_existing
P40	NR	014	poor	moderate	C	pEKD	pEKD	P40-Treat	TRAV8-3;TRBV30_;_TRAJ44;TRBJ2-7_TRA:CAVGALTAGTASKLTF;TRB:CAAAREAVQYF_P40	0.00259636508887557	13	P40-Baseline	7.700600646850454e-4	5	No	No	pre_post_share	NR-pre_existing
P40	NR	014	poor	moderate	C	pEKD	pEKD	P40-Treat	TRAV12-1;TRBV19_;_TRAJ44;TRBJ2-7_TRA:CVVNIAAGTASKLTF;TRB:CASSCNRGECSYEQYF_P40	9.986019572598365e-4	5	P40-Baseline	1.5401201293700908e-4	1	No	No	pre_post_share	NR-pre_existing
P40	NR	014	poor	moderate	C	pEKD	pEKD	P40-Treat	TRAV35;TRBV28_;_TRAJ27;TRBJ2-7_TRA:CAGANTNAGKSTF;TRB:CASGLAGLSYEQYF_P40	3.994407829039345e-4	2	P40-Baseline	1.5401201293700908e-4	1	No	No	pre_post_share	NR-pre_existing
P40	NR	014	poor	moderate	C	pEKD	pEKD	P40-Treat	TRAV12-2;TRBV6-6_;_TRAJ27;TRBJ1-4_TRA:CAVKGTNAGKSTF;TRB:CASILRTTTNEKLFF_P40	5.991611743559018e-4	3	NA	NA	NA	NA	No	post_specific	NR-post_novel
P40	NR	014	poor	moderate	C	pEKD	pEKD	P40-Treat	TRAV20;TRBV5-4_;TRBD1_TRAJ45;TRBJ1-4_TRA:CAAQYSGGGADGLTF;TRB:CASSINRGLDEKLFF_P40	3.994407829039345e-4	2	NA	NA	NA	NA	No	post_specific	NR-post_novel
P40	NR	014	poor	moderate	C	pEKD	pEKD	P40-Treat	TRAV21;TRBV28_;_TRAJ44;TRBJ1-4_TRA:CAVRPARAGTASKLTF;TRB:CASSSTGLGEKLFF_P40	0.02536448971439984	127	P40-Baseline	0.04450947173879562	289	Yes	Yes	pre_post_share	NR-pre_existing
P40	NR	014	poor	moderate	C	pEKD	pEKD	P40-Treat	TRAV24;TRBV15_;_TRAJ49;TRBJ1-2_TRA:CAFPNTGNQFYF;TRB:CATSRSLAWGYTF_P40	3.994407829039345e-4	2	P40-Baseline	1.5401201293700908e-4	1	No	No	pre_post_share	NR-pre_existing
P40	NR	014	poor	moderate	C	pEKD	pEKD	P40-Treat	TRAV12-1;TRBV7-8_;TRBD1_TRAJ29;TRBJ1-5_TRA:CVVIDSSGNTPLVF;TRB:CASSRGWQGAQGQHF_P40	3.994407829039345e-4	2	P40-Baseline	1.5401201293700908e-4	1	No	No	pre_post_share	NR-pre_existing
P40	NR	014	poor	moderate	C	pEKD	pEKD	P40-Treat	TRAV13-2;TRBV5-1_;_TRAJ23;TRBJ1-4_TRA:CAENIQGGKLIF;TRB:CASSWGTATNEKLFF_P40	7.98881565807869e-4	4	P40-Baseline	1.5401201293700908e-4	1	No	No	pre_post_share	NR-pre_existing
P40	NR	014	poor	moderate	C	pEKD	pEKD	P40-Treat	TRAV12-3;TRBV6-1_;TRBD1_TRAJ44;TRBJ2-5_TRA:CAMSRGGTASKLTF;TRB:CASSLQGAGETQYF_P40	3.994407829039345e-4	2	P40-Baseline	1.5401201293700908e-4	1	No	No	pre_post_share	NR-pre_existing
P40	NR	014	poor	moderate	C	pEKD	pEKD	P40-Treat	TRAV13-2;TRBV5-5_;_TRAJ6;TRBJ2-2_TRA:CAENTSGGSYIPTF;TRB:CASSLKGLAKTGELFF_P40	3.994407829039345e-4	2	NA	NA	NA	NA	No	post_specific	NR-post_novel
P40	NR	014	poor	moderate	C	pEKD	pEKD	P40-Treat	TRAV29/DV5;TRBV14_;_TRAJ20;TRBJ2-3_TRA:CAASGNDYKLSF;TRB:CASSQGRHTDTQYF_P40	3.994407829039345e-4	2	NA	NA	NA	NA	No	post_specific	NR-post_novel
P40	NR	014	poor	moderate	C	pEKD	pEKD	P40-Treat	TRAV29/DV5;TRBV2_;_TRAJ48;TRBJ2-3_TRA:CAGKGAGNEKLTF;TRB:CASSEAGTQYF_P40	3.994407829039345e-4	2	NA	NA	NA	NA	No	post_specific	NR-post_novel
P40	NR	014	poor	moderate	C	pEKD	pEKD	P40-Treat	TRAV5;TRBV24-1_;_TRAJ40;TRBJ2-1_TRA:CAERGSGTYKYIF;TRB:CATSDFSGSSYNEQFF_P40	0.00439384861194328	22	P40-Baseline	0.0018481441552441	12	No	No	pre_post_share	NR-pre_existing
P40	NR	014	poor	moderate	C	pEKD	pEKD	P40-Treat	TRAV26-1;TRBV28_;TRBD1_TRAJ32;TRBJ2-7_TRA:CIVRPGGGGATNKLIF;TRB:CASRETGGGYEQYF_P40	7.98881565807869e-4	4	NA	NA	NA	NA	No	post_specific	NR-post_novel
P40	NR	014	poor	moderate	C	pEKD	pEKD	P40-Treat	TRAV19;TRBV15_;_TRAJ32;TRBJ2-1_TRA:CALSEAEVGATNKLIF;TRB:CATSRDASGARNEQFF_P40	3.994407829039345e-4	2	P40-Baseline	7.700600646850454e-4	5	No	No	pre_post_share	NR-pre_existing
P40	NR	014	poor	moderate	C	pEKD	pEKD	P40-Treat	TRAV19;TRBV15_;_TRAJ40;TRBJ2-1_TRA:CALSGASGTYKYIF;TRB:CATSLPSSYNEQFF_P40	0.00139804274016377	7	P40-Baseline	0.00277221623286616	18	No	No	pre_post_share	NR-pre_existing
P40	NR	014	poor	moderate	C	pEKD	pEKD	P40-Treat	TRAV12-1;TRBV28_;_TRAJ22;TRBJ1-1_TRA:CVVKPGSARQLTF;TRB:CASRLDNPPEAFF_P40	3.994407829039345e-4	2	P40-Baseline	1.5401201293700908e-4	1	No	No	pre_post_share	NR-pre_existing
P40	NR	014	poor	moderate	C	pEKD	pEKD	P40-Treat	TRAV1-1;TRBV28_;_TRAJ38;TRBJ2-7_TRA:CAFPLRAGNNRKLIW;TRB:CASSPDRMGPEQYF_P40	7.98881565807869e-4	4	P40-Baseline	6.160480517480363e-4	4	No	No	pre_post_share	NR-pre_existing
P40	NR	014	poor	moderate	C	pEKD	pEKD	P40-Treat	TRAV4;TRBV5-4_;TRBD2_TRAJ29;TRBJ2-1_TRA:CLVGDRTGNTPLVF;TRB:CASSDRGGLAGSSYNEQFF_P40	0.00259636508887557	13	P40-Baseline	0.00123209610349607	8	No	No	pre_post_share	NR-pre_existing
P40	NR	014	poor	moderate	C	pEKD	pEKD	P40-Treat	TRAV3;TRBV19_;_TRAJ38;TRBJ2-3_TRA:CAVRERAGNNRKLIW;TRB:CASSQGPARGEPDTQYF_P40	3.994407829039345e-4	2	P40-Baseline	0.00462036038811027	30	No	No	pre_post_share	NR-pre_existing
P40	NR	014	poor	moderate	C	pEKD	pEKD	P40-Treat	TRAV21;TRBV28_;_TRAJ44;TRBJ2-5_TRA:CAVRQRHTGTASKLTF;TRB:CASSSTGLVETQYF_P40	0.00379468743758737	19	P40-Baseline	0.0018481441552441	12	No	No	pre_post_share	NR-pre_existing
P40	NR	014	poor	moderate	C	pEKD	pEKD	P40-Treat	TRAV1-2;TRBV15_;_TRAJ12;TRBJ2-2_TRA:CAVRMDSSYKLIF;TRB:CATSSLSAAGTGELFF_P40	5.991611743559018e-4	3	NA	NA	NA	NA	No	post_specific	NR-post_novel
P40	NR	014	poor	moderate	C	pEKD	pEKD	P40-Treat	TRAV9-2;TRBV7-2_;_TRAJ43;TRBJ1-6_TRA:CAALGNNDMRF;TRB:CASSLGRSPLHF_P40	3.994407829039345e-4	2	P40-Baseline	1.5401201293700908e-4	1	No	No	pre_post_share	NR-pre_existing
P40	NR	014	poor	moderate	C	pEKD	pEKD	P40-Treat	TRAV2;TRBV3-1_;_TRAJ23;TRBJ1-1_TRA:CAVVNQGGKLIF;TRB:CASSQGVESTEAFF_P40	3.994407829039345e-4	2	P40-Baseline	1.5401201293700908e-4	1	No	No	pre_post_share	NR-pre_existing
P40	NR	014	poor	moderate	C	pEKD	pEKD	P40-Treat	TRAV20;TRBV6-1_;_TRAJ16;TRBJ1-2_TRA:CAVQDSDGQKLLF;TRB:CATRSTGAVANYGYTF_P40	5.991611743559018e-4	3	P40-Baseline	1.5401201293700908e-4	1	No	No	pre_post_share	NR-pre_existing
P40	NR	014	poor	moderate	C	pEKD	pEKD	P40-Treat	TRAV14/DV4;TRBV4-1_;_TRAJ49;TRBJ2-3_TRA:CAMRIGNQFYF;TRB:CASSQVQLAGTDTQYF_P40	3.994407829039345e-4	2	NA	NA	NA	NA	No	post_specific	NR-post_novel
P40	NR	014	poor	moderate	C	pEKD	pEKD	P40-Treat	TRAV10;TRBV4-2_;_TRAJ6;TRBJ1-6_TRA:CVVRGSGGSYIPTF;TRB:CASSPGTDNNSPLHF_P40	3.994407829039345e-4	2	NA	NA	NA	NA	No	post_specific	NR-post_novel
P40	NR	014	poor	moderate	C	pEKD	pEKD	P40-Treat	TRAV35;TRBV19_;TRBD1_TRAJ31;TRBJ1-1_TRA:CAGLPGNNNARLMF;TRB:CASSIAPTGGPQAFF_P40	7.98881565807869e-4	4	P40-Baseline	4.620360388110272e-4	3	No	No	pre_post_share	NR-pre_existing
P40	NR	014	poor	moderate	C	pEKD	pEKD	P40-Treat	TRAV8-3;TRBV2_;_TRAJ31;TRBJ2-7_TRA:CAVGADVGRLMF;TRB:CASSDPGLADYEQYF_P40	3.994407829039345e-4	2	NA	NA	NA	NA	No	post_specific	NR-post_novel
P40	NR	014	poor	moderate	C	pEKD	pEKD	P40-Treat	TRAV20;TRBV7-3_;_TRAJ35;TRBJ2-6_TRA:CALSIGFGNVLHC;TRB:CASSLQGAAGANVLTF_P40	7.98881565807869e-4	4	NA	NA	NA	NA	No	post_specific	NR-post_novel
P40	NR	014	poor	moderate	C	pEKD	pEKD	P40-Treat	TRAV12-1;TRBV20-1_;_TRAJ10;TRBJ2-7_TRA:CVARTGGGNKLTF;TRB:CSARDHDLLSYEQYF_P40	0.00259636508887557	13	P40-Baseline	0.00646850454335438	42	No	No	pre_post_share	NR-pre_existing
P40	NR	014	poor	moderate	C	pEKD	pEKD	P40-Treat	TRAV12-1;TRBV28_;_TRAJ40;TRBJ2-7_TRA:CVVFRRTSGTYKYIF;TRB:CASSSPGDEQYF_P40	0.00159776313161573	8	P40-Baseline	6.160480517480363e-4	4	No	No	pre_post_share	NR-pre_existing
P40	NR	014	poor	moderate	C	pEKD	pEKD	P40-Treat	TRAV36/DV7;TRBV20-1_;_TRAJ54;TRBJ1-1_TRA:CAVTGAQKLVF;TRB:CSASPLGSQNTEAFF_P40	3.994407829039345e-4	2	P40-Baseline	9.240720776220544e-4	6	No	No	pre_post_share	NR-pre_existing
P40	NR	014	poor	moderate	C	pEKD	pEKD	P40-Treat	TRAV1-2;TRBV11-2_;_TRAJ9;TRBJ2-3_TRA:CVVYTGGFKTIF;TRB:CASSSGGGSTDTQYF_P40	0.01098462152985819	55	P40-Baseline	0.0067765285692284	44	No	Yes	pre_post_share	NR-pre_existing
P40	NR	014	poor	moderate	C	pEKD	pEKD	P40-Treat	TRAV1-2;TRBV11-2_;_TRAJ45;TRBJ2-3_TRA:CAVYSGGGADGLTF;TRB:CASSLGGGFTDTQYF_P40	3.994407829039345e-4	2	P40-Baseline	0.00277221623286616	18	No	No	pre_post_share	NR-pre_existing
P40	NR	014	poor	moderate	C	pEKD	pEKD	P40-Treat	TRAV12-3;TRBV27_;TRBD2_TRAJ36;TRBJ2-1_TRA:CAMSAGGTGANNLFF;TRB:CASTMGLAGGTEQFF_P40	3.994407829039345e-4	2	P40-Baseline	4.620360388110272e-4	3	No	No	pre_post_share	NR-pre_existing
P40	NR	014	poor	moderate	C	pEKD	pEKD	P40-Treat	TRAV1-2;TRBV6-5_;TRBD1_TRAJ20;TRBJ1-1_TRA:CAVTDDYKLSF;TRB:CASSYSTGGSLDTEAFF_P40	0.00659077291791491	33	P40-Baseline	0.01570922531957492	102	Yes	No	pre_post_share	NR-pre_existing
P40	NR	014	poor	moderate	C	pEKD	pEKD	P40-Treat	TRAV38-2/DV8;TRBV10-2_;_TRAJ23;TRBJ2-1_TRA:CAYNQGGKLIF;TRB:CASRGLGGDGDEQFF_P40	9.986019572598365e-4	5	P40-Baseline	0.00107808409055906	7	No	No	pre_post_share	NR-pre_existing
P40	NR	014	poor	moderate	C	pEKD	pEKD	P40-Treat	TRAV8-6;TRBV27_;TRBD1_TRAJ21;TRBJ1-5_TRA:CAVSENYNFNKFYF;TRB:CASSPTGAGQPQHF_P40	3.994407829039345e-4	2	P40-Baseline	1.5401201293700908e-4	1	No	No	pre_post_share	NR-pre_existing
P40	NR	014	poor	moderate	C	pEKD	pEKD	P40-Treat	TRAV12-2;TRBV30_;_TRAJ42;TRBJ2-3_TRA:CAVNNAWGSQGNLIF;TRB:CASRTDTQYF_P40	7.98881565807869e-4	4	P40-Baseline	3.0802402587401816e-4	2	No	No	pre_post_share	NR-pre_existing
P40	NR	014	poor	moderate	C	pEKD	pEKD	P40-Treat	TRAV38-2/DV8;TRBV9_;_TRAJ29;TRBJ2-7_TRA:CAYRSPGNTPLVF;TRB:CASSAAIGTKEQYF_P40	0.00219692430597164	11	P40-Baseline	0.00308024025874018	20	No	No	pre_post_share	NR-pre_existing
P40	NR	014	poor	moderate	C	pEKD	pEKD	P40-Treat	TRAV12-1;TRBV2_;TRBD1_TRAJ9;TRBJ1-5_TRA:CVVKGFKTIF;TRB:CASTTGRGSNQPQHF_P40	0.00838825644098262	42	P40-Baseline	0.00261820421992915	17	No	No	pre_post_share	NR-pre_existing
P40	NR	014	poor	moderate	C	pEKD	pEKD	P40-Treat	TRAV23/DV6;TRBV2_;TRBD1_TRAJ49;TRBJ2-2_TRA:CAAGTNTGNQFYF;TRB:CASSDGQGGTGELFF_P40	3.994407829039345e-4	2	NA	NA	NA	NA	No	post_specific	NR-post_novel
P40	NR	014	poor	moderate	C	pEKD	pEKD	P40-Treat	TRAV35;TRBV5-8_;_TRAJ20;TRBJ1-2_TRA:CAGQPTNDYKLSF;TRB:CASILLNYGYTF_P40	7.98881565807869e-4	4	P40-Baseline	1.5401201293700908e-4	1	No	No	pre_post_share	NR-pre_existing
P40	NR	014	poor	moderate	C	pEKD	pEKD	P40-Treat	TRAV19;TRBV4-1_;_TRAJ44;TRBJ2-1_TRA:CALSEAEAGTASKLTF;TRB:CASSQTLAGLSNEQFF_P40	3.994407829039345e-4	2	P40-Baseline	1.5401201293700908e-4	1	No	No	pre_post_share	NR-pre_existing
P40	NR	014	poor	moderate	C	pEKD	pEKD	P40-Treat	TRAV12-2;TRBV9_;_TRAJ30;TRBJ2-5_TRA:CAVNLGRTDDKIIF;TRB:CASSGGAGGGETQYF_P40	0.0011983223487118	6	P40-Baseline	1.5401201293700908e-4	1	No	No	pre_post_share	NR-pre_existing
P40	NR	014	poor	moderate	C	pEKD	pEKD	P40-Treat	TRAV4;TRBV5-1_;TRBD2_TRAJ48;TRBJ2-1_TRA:CLVGDPAGFGNEKLTF;TRB:CASSLGLAGADEQFF_P40	3.994407829039345e-4	2	P40-Baseline	1.5401201293700908e-4	1	No	No	pre_post_share	NR-pre_existing
P40	NR	014	poor	moderate	C	pEKD	pEKD	P40-Treat	TRAV21;TRBV28_;_TRAJ44;TRBJ1-4_TRA:CAVRRRNTGTASKLTF;TRB:CASSSTGVGEKLFF_P40	7.98881565807869e-4	4	P40-Baseline	0.00138610811643308	9	No	No	pre_post_share	NR-pre_existing
P40	NR	014	poor	moderate	C	pEKD	pEKD	P40-Treat	TRAV27;TRBV20-1_;_TRAJ20;TRBJ2-7_TRA:CAGGKANDYKLSF;TRB:CSARDTATYEQYF_P40	5.991611743559018e-4	3	P40-Baseline	9.240720776220544e-4	6	No	No	pre_post_share	NR-pre_existing
P40	NR	014	poor	moderate	C	pEKD	pEKD	P40-Treat	TRAV38-1;TRBV29-1_;_TRAJ45;TRBJ1-5_TRA:CALLYPNSGGGADGLTF;TRB:CSVDGTSRQQDDQPQHF_P40	3.994407829039345e-4	2	P40-Baseline	3.0802402587401816e-4	2	No	No	pre_post_share	NR-pre_existing
P40	NR	014	poor	moderate	C	pEKD	pEKD	P40-Treat	TRAV4;TRBV9_;TRBD2_TRAJ39;TRBJ2-1_TRA:CLVGDDNAGNMLTF;TRB:CASSVGLAGGLDEQFF_P40	3.994407829039345e-4	2	P40-Baseline	1.5401201293700908e-4	1	No	No	pre_post_share	NR-pre_existing
P40	NR	014	poor	moderate	C	pEKD	pEKD	P40-Treat	TRAV38-1;TRBV4-1_;_TRAJ45;TRBJ1-2_TRA:CALLYPNSGGGADGLTF;TRB:CASSQVGQRLYGYTF_P40	3.994407829039345e-4	2	P40-Baseline	0.0016941321423071	11	No	No	pre_post_share	NR-pre_existing
P40	NR	014	poor	moderate	C	pEKD	pEKD	P40-Treat	TRAV8-6;TRBV10-2_;TRBD2_TRAJ54;TRBJ2-1_TRA:CAVSSKGAQKLVF;TRB:CASSGTSGRFTSYNEQFF_P40	5.991611743559018e-4	3	P40-Baseline	1.5401201293700908e-4	1	No	No	pre_post_share	NR-pre_existing
P40	NR	014	poor	moderate	C	pEKD	pEKD	P40-Treat	TRAV29/DV5;TRBV15_;_TRAJ54;TRBJ1-2_TRA:CAASDIQGAQKLVF;TRB:CATSRDTGGLYGYTF_P40	7.98881565807869e-4	4	P40-Baseline	6.160480517480363e-4	4	No	No	pre_post_share	NR-pre_existing
P40	NR	014	poor	moderate	C	pEKD	pEKD	P40-Treat	TRAV29/DV5;TRBV2_;_TRAJ23;TRBJ2-5_TRA:CAATANLQGGKLIF;TRB:CASSQVETQYF_P40	7.98881565807869e-4	4	P40-Baseline	0.00123209610349607	8	No	No	pre_post_share	NR-pre_existing
P40	NR	014	poor	moderate	C	pEKD	pEKD	P40-Treat	TRAV29/DV5;TRBV20-1_;_TRAJ48;TRBJ2-2_TRA:CAASEVGNEKLTF;TRB:CSASRGSDGELFF_P40	0.00339524665468344	17	P40-Baseline	6.160480517480363e-4	4	No	No	pre_post_share	NR-pre_existing
P40	NR	014	poor	moderate	C	pEKD	pEKD	P40-Treat	TRAV8-3;TRBV24-1_;_TRAJ44;TRBJ2-7_TRA:CAVGALTAGTASKLTF;TRB:CATSGKAYEQYF_P40	0.0017974835230677	9	P40-Baseline	9.240720776220544e-4	6	No	No	pre_post_share	NR-pre_existing
P40	NR	014	poor	moderate	C	pEKD	pEKD	P40-Treat	TRAV13-1;TRBV24-1_;_TRAJ10;TRBJ1-2_TRA:CAASKGVTGGGNKLTF;TRB:CATGPPHGYTF_P40	5.991611743559018e-4	3	P40-Baseline	3.0802402587401816e-4	2	No	No	pre_post_share	NR-pre_existing
P40	NR	014	poor	moderate	C	pEKD	pEKD	P40-Treat	TRAV29/DV5;TRBV29-1_;_TRAJ56;TRBJ1-1_TRA:CAASPGANSKLTF;TRB:CSVDPGVKTEAFF_P40	3.994407829039345e-4	2	NA	NA	NA	NA	No	post_specific	NR-post_novel
P40	NR	014	poor	moderate	C	pEKD	pEKD	P40-Treat	TRAV6;TRBV20-1_;_TRAJ12;TRBJ2-1_TRA:CAASMDSSYKLIF;TRB:CSARDFEGGGYNEQFF_P40	5.991611743559018e-4	3	P40-Baseline	0.0050823964269213	33	No	No	pre_post_share	NR-pre_existing
P40	NR	014	poor	moderate	C	pEKD	pEKD	P40-Treat	TRAV35;TRBV5-6_;TRBD1_TRAJ57;TRBJ1-4_TRA:CAGHRWRGSEKLVF;TRB:CASSSGQGDEKLFF_P40	7.98881565807869e-4	4	P40-Baseline	3.0802402587401816e-4	2	No	No	pre_post_share	NR-pre_existing
P40	NR	014	poor	moderate	C	pEKD	pEKD	P40-Treat	TRAV35;TRBV5-1_;_TRAJ48;TRBJ2-1_TRA:CAGQLNLNEKLTF;TRB:CASSFVPGNEQFF_P40	5.991611743559018e-4	3	P40-Baseline	4.620360388110272e-4	3	No	No	pre_post_share	NR-pre_existing
P40	NR	014	poor	moderate	C	pEKD	pEKD	P40-Treat	TRAV23/DV6;TRBV30_;_TRAJ39;TRBJ2-3_TRA:CAASLYNAGNMLTF;TRB:CASRTDTQYF_P40	7.98881565807869e-4	4	P40-Baseline	7.700600646850454e-4	5	No	No	pre_post_share	NR-pre_existing
P40	NR	014	poor	moderate	C	pEKD	pEKD	P40-Treat	TRAV13-1;TRBV9_;_TRAJ16;TRBJ2-1_TRA:CAASKGGQKLLF;TRB:CASSSRTSSTRNEQFF_P40	5.991611743559018e-4	3	P40-Baseline	6.160480517480363e-4	4	No	No	pre_post_share	NR-pre_existing
P40	NR	014	poor	moderate	C	pEKD	pEKD	P40-Treat	TRAV13-2;TRBV20-1_;_TRAJ48;TRBJ1-1_TRA:CAEKAEKLTF;TRB:CSATTAQELNTEAFF_P40	5.991611743559018e-4	3	NA	NA	NA	NA	No	post_specific	NR-post_novel
P40	NR	014	poor	moderate	C	pEKD	pEKD	P40-Treat	TRAV8-1;TRBV6-5_;_TRAJ37;TRBJ2-2_TRA:CAVTKKGSGNTGKLIF;TRB:CASGTPHTGELFF_P40	3.994407829039345e-4	2	NA	NA	NA	NA	No	post_specific	NR-post_novel
P40	NR	014	poor	moderate	C	pEKD	pEKD	P40-Treat	TRAV27;TRBV5-5_;_TRAJ40;TRBJ2-6_TRA:CARGGTYKYIF;TRB:CASSTRWDLKSGANVLTF_P40	9.986019572598365e-4	5	P40-Baseline	1.5401201293700908e-4	1	No	No	pre_post_share	NR-pre_existing
P40	NR	014	poor	moderate	C	pEKD	pEKD	P40-Treat	TRAV13-2;TRBV27_;TRBD2_TRAJ45;TRBJ2-3_TRA:CAEKTGSGGGADGLTF;TRB:CASSPRRLAGGITDTQYF_P40	5.991611743559018e-4	3	NA	NA	NA	NA	No	post_specific	NR-post_novel
P40	NR	014	poor	moderate	C	pEKD	pEKD	P40-Treat	TRAV8-1;TRBV7-9_;_TRAJ30;TRBJ1-1_TRA:CAVKNRDDKIIF;TRB:CASSLKGANTEAFF_P40	5.991611743559018e-4	3	P40-Baseline	3.0802402587401816e-4	2	No	No	pre_post_share	NR-pre_existing
P40	NR	014	poor	moderate	C	pEKD	pEKD	P40-Treat	TRAV1-2;TRBV6-4_;_TRAJ33;TRBJ2-3_TRA:CAVRDSNYQLIW;TRB:CASSLAGGEDTQYF_P40	0.0011983223487118	6	P40-Baseline	0.00107808409055906	7	No	No	pre_post_share	NR-pre_existing
P40	NR	014	poor	moderate	C	pEKD	pEKD	P40-Treat	TRAV8-2;TRBV5-6_;_TRAJ24;TRBJ2-1_TRA:CVVSRTDSWGKFQF;TRB:CASSLAGTSGLYEQFF_P40	3.994407829039345e-4	2	NA	NA	NA	NA	No	post_specific	NR-post_novel
P40	NR	014	poor	moderate	C	pEKD	pEKD	P40-Treat	TRAV22;TRBV13_;_TRAJ9;TRBJ1-1_TRA:CAVEHAGGFKTIF;TRB:CASSIRGTEAFF_P40	7.98881565807869e-4	4	NA	NA	NA	NA	No	post_specific	NR-post_novel
P40	NR	014	poor	moderate	C	pEKD	pEKD	P40-Treat	TRAV8-3;TRBV12-3_;_TRAJ9;TRBJ2-7_TRA:CAVGATGGFKTIF;TRB:CASSFTSGSYEQYF_P40	7.98881565807869e-4	4	P40-Baseline	3.0802402587401816e-4	2	No	No	pre_post_share	NR-pre_existing
P40	NR	014	poor	moderate	C	pEKD	pEKD	P40-Treat	TRAV22;TRBV5-4_;_TRAJ58;TRBJ2-5_TRA:CAVEERETSGSRLTF;TRB:CASSFLQETQYF_P40	3.994407829039345e-4	2	P40-Baseline	1.5401201293700908e-4	1	No	No	pre_post_share	NR-pre_existing
P40	NR	014	poor	moderate	C	pEKD	pEKD	P40-Treat	TRAV13-1;TRBV27_;_TRAJ41;TRBJ2-7_TRA:CAARLNSGYALNF;TRB:CASRGLATNEQYF_P40	0.0011983223487118	6	P40-Baseline	0.00215616818111812	14	No	No	pre_post_share	NR-pre_existing
P40	NR	014	poor	moderate	C	pEKD	pEKD	P40-Treat	TRAV14/DV4;TRBV6-5_;TRBD1_TRAJ37;TRBJ1-2_TRA:CAMREGGGNTGKLIF;TRB:CASSYSGQGGPRGYGYTF_P40	3.994407829039345e-4	2	NA	NA	NA	NA	No	post_specific	NR-post_novel
P40	NR	014	poor	moderate	C	pEKD	pEKD	P40-Treat	TRAV35;TRBV27_;TRBD1_TRAJ21;TRBJ1-2_TRA:CAGRPSYFNKFYF;TRB:CASRGQGDGYTF_P40	0.00259636508887557	13	P40-Baseline	0.00261820421992915	17	No	No	pre_post_share	NR-pre_existing
P40	NR	014	poor	moderate	C	pEKD	pEKD	P40-Treat	TRAV14/DV4;TRBV7-9_;_TRAJ57;TRBJ1-2_TRA:CAMREGGQGGSEKLVF;TRB:CASSPPLLGYGYTF_P40	7.98881565807869e-4	4	P40-Baseline	3.0802402587401816e-4	2	No	No	pre_post_share	NR-pre_existing
P40	NR	014	poor	moderate	C	pEKD	pEKD	P40-Treat	TRAV8-3;TRBV6-2_;_TRAJ30;TRBJ1-6_TRA:CAVGLNRDDKIIF;TRB:CASRPIAGGRGSPLHF_P40	9.986019572598365e-4	5	P40-Baseline	6.160480517480363e-4	4	No	No	pre_post_share	NR-pre_existing
P40	NR	014	poor	moderate	C	pEKD	pEKD	P40-Treat	TRAV12-2;TRBV7-2_;_TRAJ9;TRBJ2-3_TRA:CAVNLINTGGFKTIF;TRB:CASSSSGNTDTQYF_P40	5.991611743559018e-4	3	P40-Baseline	7.700600646850454e-4	5	No	No	pre_post_share	NR-pre_existing
P40	NR	014	poor	moderate	C	pEKD	pEKD	P40-Treat	TRAV16;TRBV5-5_;_TRAJ27;TRBJ2-7_TRA:CALNTNAGKSTF;TRB:CASSSAWNEQYF_P40	5.991611743559018e-4	3	NA	NA	NA	NA	No	post_specific	NR-post_novel
P40	NR	014	poor	moderate	C	pEKD	pEKD	P40-Treat	TRAV8-4;TRBV20-1_;_TRAJ16;TRBJ2-7_TRA:CAVSDPDGQKLLF;TRB:CSARSPDSYEQYF_P40	3.994407829039345e-4	2	NA	NA	NA	NA	No	post_specific	NR-post_novel
P40	NR	014	poor	moderate	C	pEKD	pEKD	P40-Treat	TRAV3;TRBV19_;_TRAJ38;TRBJ2-3_TRA:CAVRDNAGNNRKLIW;TRB:CASSGGLAGTPSTDTQYF_P40	5.991611743559018e-4	3	P40-Baseline	0.0016941321423071	11	No	No	pre_post_share	NR-pre_existing
P40	NR	014	poor	moderate	C	pEKD	pEKD	P40-Treat	TRAV1-2;TRBV19_;_TRAJ33;TRBJ2-7_TRA:CAVKDSNYQLIW;TRB:CASSNREDSSYEQYF_P40	3.994407829039345e-4	2	NA	NA	NA	NA	No	post_specific	NR-post_novel
P40	NR	014	poor	moderate	C	pEKD	pEKD	P40-Treat	TRAV12-2;TRBV10-2_;_TRAJ22;TRBJ2-7_TRA:CAVSASGSARQLTF;TRB:CASSEGLADYEQYF_P40	7.98881565807869e-4	4	P40-Baseline	4.620360388110272e-4	3	No	No	pre_post_share	NR-pre_existing
P40	NR	014	poor	moderate	C	pEKD	pEKD	P40-Treat	TRAV12-2;TRBV10-3_;_TRAJ43;TRBJ2-2_TRA:CAVKEGGMRF;TRB:CAISLSNTGELFF_P40	0.0017974835230677	9	P40-Baseline	1.5401201293700908e-4	1	No	No	pre_post_share	NR-pre_existing
P40	NR	014	poor	moderate	C	pEKD	pEKD	P40-Treat	TRAV17;TRBV30_;_TRAJ13;TRBJ2-1_TRA:CATPSSSGGYQKVTF;TRB:CAWSSGAYNEQFF_P40	5.991611743559018e-4	3	P40-Baseline	3.0802402587401816e-4	2	No	No	pre_post_share	NR-pre_existing
P40	NR	014	poor	moderate	C	pEKD	pEKD	P40-Treat	TRAV12-2;TRBV20-1_;_TRAJ23;TRBJ1-4_TRA:CACGGNQGGKLIF;TRB:CSARNMMGVGEKLFF_P40	0.00738965448372278	37	P40-Baseline	6.160480517480363e-4	4	No	No	pre_post_share	NR-pre_existing
P40	NR	014	poor	moderate	C	pEKD	pEKD	P40-Treat	TRAV12-2;TRBV20-1_;TRBD1_TRAJ47;TRBJ2-7_TRA:CAVNFGYGNKLVF;TRB:CSATGQGESYEQYF_P40	3.994407829039345e-4	2	NA	NA	NA	NA	No	post_specific	NR-post_novel
P40	NR	014	poor	moderate	C	pEKD	pEKD	P40-Treat	TRAV26-1;TRBV14_;_TRAJ42;TRBJ2-3_TRA:CIVRPNYGGSQGNLIF;TRB:CASSQGLIRTDTQYF_P40	5.991611743559018e-4	3	NA	NA	NA	NA	No	post_specific	NR-post_novel
P40	NR	014	poor	moderate	C	pEKD	pEKD	P40-Treat	TRAV17;TRBV6-5_;_TRAJ49;TRBJ1-1_TRA:CATDVVGNQFYF;TRB:CASSTQGADTEAFF_P40	0.00439384861194328	22	P40-Baseline	0.0018481441552441	12	No	No	pre_post_share	NR-pre_existing
P40	NR	014	poor	moderate	C	pEKD	pEKD	P40-Treat	TRAV17;TRBV7-2_;_TRAJ37;TRBJ1-4_TRA:CATRPGNTGKLIF;TRB:CASSLSQGGSEKLFF_P40	3.994407829039345e-4	2	NA	NA	NA	NA	No	post_specific	NR-post_novel
P40	NR	014	poor	moderate	C	pEKD	pEKD	P40-Treat	TRAV17;TRBV9_;_TRAJ48;TRBJ2-6_TRA:CRFGNEKLTF;TRB:CASSVAGAGANVLTF_P40	3.994407829039345e-4	2	P40-Baseline	3.0802402587401816e-4	2	No	No	pre_post_share	NR-pre_existing
P40	NR	014	poor	moderate	C	pEKD	pEKD	P40-Treat	TRAV38-2/DV8;TRBV7-3_;TRBD1_TRAJ58;TRBJ2-1_TRA:CAYRRGKETSGSRLTF;TRB:CASSLRDRGSYNEQFF_P40	5.991611743559018e-4	3	NA	NA	NA	NA	No	post_specific	NR-post_novel
P40	NR	014	poor	moderate	C	pEKD	pEKD	P40-Treat	TRAV12-2;TRBV5-1_;_TRAJ40;TRBJ2-5_TRA:CAVKVGSGTYKYIF;TRB:CASSLGLEETQYF_P40	3.994407829039345e-4	2	P40-Baseline	4.620360388110272e-4	3	No	No	pre_post_share	NR-pre_existing
P40	NR	014	poor	moderate	C	pEKD	pEKD	P40-Treat	TRAV35;TRBV28_;TRBD1_TRAJ54;TRBJ2-1_TRA:CAGPIIQGAQKLVF;TRB:CASSIVSGTGLRNEQFF_P40	3.994407829039345e-4	2	P40-Baseline	6.160480517480363e-4	4	No	No	pre_post_share	NR-pre_existing
P40	NR	014	poor	moderate	C	pEKD	pEKD	P40-Treat	TRAV12-1;TRBV20-1_;_TRAJ33;TRBJ2-5_TRA:CVVNRGSNYQLIW;TRB:CSAPIFPLGQGGETQYF_P40	5.991611743559018e-4	3	P40-Baseline	4.620360388110272e-4	3	No	No	pre_post_share	NR-pre_existing
P40	NR	014	poor	moderate	C	pEKD	pEKD	P40-Treat	TRAV12-3;TRBV10-3_;_TRAJ13;TRBJ2-1_TRA:CAMSLARAGGYQKVTF;TRB:CAISTDRDNEQFF_P40	0.00259636508887557	13	P40-Baseline	0.02248575388880332	146	Yes	No	pre_post_share	NR-pre_existing
P40	NR	014	poor	moderate	C	pEKD	pEKD	P40-Treat	TRAV12-3;TRBV13_;_TRAJ13;TRBJ1-4_TRA:CAMTGGYQKVTF;TRB:CASSFGGGEKLFF_P40	3.994407829039345e-4	2	NA	NA	NA	NA	No	post_specific	NR-post_novel
P40	NR	014	poor	moderate	C	pEKD	pEKD	P40-Treat	TRAV12-3;TRBV12-3_;_TRAJ9;TRBJ2-7_TRA:CAMTGGFKTIF;TRB:CASSFAGEGDEQYF_P40	0.01977231875374475	99	P40-Baseline	0.00662251655629139	43	No	Yes	pre_post_share	NR-pre_existing
P40	NR	014	poor	moderate	C	pEKD	pEKD	P40-Treat	TRAV19;TRBV7-9_;TRBD1_TRAJ48;TRBJ2-1_TRA:CALITSGGNEKLTF;TRB:CASSDWDRGPYNEQFF_P40	3.994407829039345e-4	2	P40-Baseline	1.5401201293700908e-4	1	No	No	pre_post_share	NR-pre_existing
P40	NR	014	poor	moderate	C	pEKD	pEKD	P40-Treat	TRAV40;TRBV10-3_;_TRAJ34;TRBJ2-2_TRA:CLPPMGTDKLIF;TRB:CAISLSNTGELFF_P40	0.0017974835230677	9	NA	NA	NA	NA	No	post_specific	NR-post_novel
P40	NR	014	poor	moderate	C	pEKD	pEKD	P40-Treat	TRAV38-1;TRBV5-5_;_TRAJ53;TRBJ2-3_TRA:CAFMINSGGSNYKLTF;TRB:CASSSWQAGTDTQYF_P40	3.994407829039345e-4	2	P40-Baseline	1.5401201293700908e-4	1	No	No	pre_post_share	NR-pre_existing
P40	NR	014	poor	moderate	C	pEKD	pEKD	P40-Treat	TRAV41;TRBV2_;_TRAJ57;TRBJ1-5_TRA:CAVPITQGGSEKLVF;TRB:CASSRMEGQPQHF_P40	0.00359496704613541	18	P40-Baseline	0.0052364084398583	34	No	No	pre_post_share	NR-pre_existing
P40	NR	014	poor	moderate	C	pEKD	pEKD	P40-Treat	TRAV41;TRBV7-3_;_TRAJ42;TRBJ1-6_TRA:CAVRLNYGGSQGNLIF;TRB:CASSLFVSYNSPLHF_P40	0.0029958058717795	15	P40-Baseline	0.00215616818111812	14	No	No	pre_post_share	NR-pre_existing
P40	NR	014	poor	moderate	C	pEKD	pEKD	P40-Treat	TRAV13-1;TRBV12-4_;_TRAJ48;TRBJ2-7_TRA:CAASGFNFGNEKLTF;TRB:CASNQGLVSAEQYF_P40	3.994407829039345e-4	2	NA	NA	NA	NA	No	post_specific	NR-post_novel
P40	NR	014	poor	moderate	C	pEKD	pEKD	P40-Treat	TRAV20;TRBV28_;_TRAJ20;TRBJ2-6_TRA:CAVSRDYKLSF;TRB:CAAWDSLSGANVLTF_P40	3.994407829039345e-4	2	NA	NA	NA	NA	No	post_specific	NR-post_novel
P40	NR	014	poor	moderate	C	pEKD	pEKD	P40-Treat	TRAV20;TRBV30_;_TRAJ8;TRBJ1-4_TRA:CAVSGSTGFQKLVF;TRB:CAWKVGEGEKLFF_P40	3.994407829039345e-4	2	NA	NA	NA	NA	No	post_specific	NR-post_novel
P40	NR	014	poor	moderate	C	pEKD	pEKD	P40-Treat	TRAV20;TRBV5-6_;_TRAJ31;TRBJ1-6_TRA:CAVQARNARLMF;TRB:CASSAFGGRDSPLHF_P40	3.994407829039345e-4	2	NA	NA	NA	NA	No	post_specific	NR-post_novel
P40	NR	014	poor	moderate	C	pEKD	pEKD	P40-Treat	TRAV5;TRBV7-9_;_TRAJ38;TRBJ1-1_TRA:CAESPNNAGNNRKLIW;TRB:CASSLKGANTEAFF_P40	0.0011983223487118	6	P40-Baseline	7.700600646850454e-4	5	No	No	pre_post_share	NR-pre_existing
P40	NR	014	poor	moderate	C	pEKD	pEKD	P40-Treat	TRAV19;TRBV15_;_TRAJ42;TRBJ2-1_TRA:CALSEAERGSQGNLIF;TRB:CATSRDRSGAYNEQFF_P40	0.00738965448372278	37	P40-Baseline	0.00231018019405513	15	No	No	pre_post_share	NR-pre_existing
P40	NR	014	poor	moderate	C	pEKD	pEKD	P40-Treat	TRAV21;TRBV13_;_TRAJ15;TRBJ2-2_TRA:CAVPNQAGTALIF;TRB:CASSLLVPGGGTGELFF_P40	3.994407829039345e-4	2	NA	NA	NA	NA	No	post_specific	NR-post_novel
P40	NR	014	poor	moderate	C	pEKD	pEKD	P40-Treat	TRAV4;TRBV15_;_TRAJ10;TRBJ1-4_TRA:CLVGEVTGGGNKLTF;TRB:CATSGVKDRHEKLFF_P40	3.994407829039345e-4	2	P40-Baseline	3.0802402587401816e-4	2	No	No	pre_post_share	NR-pre_existing
P40	NR	014	poor	moderate	C	pEKD	pEKD	P40-Treat	TRAV13-1;TRBV7-2_;_TRAJ9;TRBJ2-1_TRA:CAFEGGFKTIF;TRB:CASSLLTSGIGNEQFF_P40	3.994407829039345e-4	2	NA	NA	NA	NA	No	post_specific	NR-post_novel
P40	NR	014	poor	moderate	C	pEKD	pEKD	P40-Treat	TRAV21;TRBV20-1_;_TRAJ40;TRBJ2-7_TRA:CAALSGTYKYIF;TRB:CSAPQSGGSYEQYF_P40	3.994407829039345e-4	2	P40-Baseline	1.5401201293700908e-4	1	No	No	pre_post_share	NR-pre_existing
P40	NR	014	poor	moderate	C	pEKD	pEKD	P40-Treat	TRAV29/DV5;TRBV7-9_;TRBD1_TRAJ23;TRBJ1-4_TRA:CAAMGGGGKLIF;TRB:CASSLARAGGEKLFF_P40	5.991611743559018e-4	3	P40-Baseline	3.0802402587401816e-4	2	No	No	pre_post_share	NR-pre_existing
P40	NR	014	poor	moderate	C	pEKD	pEKD	P40-Treat	TRAV21;TRBV28_;_TRAJ44;TRBJ2-3_TRA:CAVRPSVTGTASKLTF;TRB:CASSSTGIADTQYF_P40	0.01637707209906131	82	P40-Baseline	0.01817341752656707	118	Yes	Yes	pre_post_share	NR-pre_existing
P40	NR	014	poor	moderate	C	pEKD	pEKD	P40-Treat	TRAV3;TRBV12-3_;_TRAJ3;TRBJ2-2_TRA:CAVRERSSASKIIF;TRB:CASSLGSGRAANTGELFF_P40	0.00259636508887557	13	P40-Baseline	0.00292622824580317	19	No	No	pre_post_share	NR-pre_existing
P40	NR	014	poor	moderate	C	pEKD	pEKD	P40-Treat	TRAV21;TRBV28_;TRBD1_TRAJ44;TRBJ1-4_TRA:CAVREARAGTASKLTF;TRB:CASSSTGVIEKLFF_P40	0.01138406231276213	57	P40-Baseline	0.0084706607115355	55	No	Yes	pre_post_share	NR-pre_existing
P40	NR	014	poor	moderate	C	pEKD	pEKD	P40-Treat	TRAV24;TRBV5-6_;_TRAJ20;TRBJ1-4_TRA:CACHDYKLSF;TRB:CASSLVATNEKLFF_P40	5.991611743559018e-4	3	P40-Baseline	1.5401201293700908e-4	1	No	No	pre_post_share	NR-pre_existing
P40	NR	014	poor	moderate	C	pEKD	pEKD	P40-Treat	TRAV13-2;TRBV20-1_;_TRAJ15;TRBJ1-1_TRA:CAENAQAGTALIF;TRB:CSAGGTRRGSNTEAFF_P40	3.994407829039345e-4	2	NA	NA	NA	NA	No	post_specific	NR-post_novel
P40	NR	014	poor	moderate	C	pEKD	pEKD	P40-Treat	TRAV21;TRBV5-1_;_TRAJ23;TRBJ1-4_TRA:CAVDLENQGGKLIF;TRB:CASSLSPTDRMFEKLFF_P40	3.994407829039345e-4	2	P40-Baseline	0.00415832434929924	27	No	No	pre_post_share	NR-pre_existing
P40	NR	014	poor	moderate	C	pEKD	pEKD	P40-Treat	TRAV21;TRBV6-1_;_TRAJ53;TRBJ2-5_TRA:CAVWGGGSNYKLTF;TRB:CASSRDTRETQYF_P40	9.986019572598365e-4	5	P40-Baseline	4.620360388110272e-4	3	No	No	pre_post_share	NR-pre_existing
P40	NR	014	poor	moderate	C	pEKD	pEKD	P40-Treat	TRAV13-2;TRBV5-5_;_TRAJ12;TRBJ2-2_TRA:CAEKKDSSYKLIF;TRB:CASSPVFGRAGNGELFF_P40	5.991611743559018e-4	3	P40-Baseline	4.620360388110272e-4	3	No	No	pre_post_share	NR-pre_existing
P40	NR	014	poor	moderate	C	pEKD	pEKD	P40-Treat	TRAV21;TRBV7-9_;_TRAJ57;TRBJ1-2_TRA:CAVLGGSEKLVF;TRB:CASSFLAANYGYTF_P40	3.994407829039345e-4	2	P40-Baseline	1.5401201293700908e-4	1	No	No	pre_post_share	NR-pre_existing
P40	NR	014	poor	moderate	C	pEKD	pEKD	P40-Treat	TRAV14/DV4;TRBV2_;_TRAJ13;TRBJ2-5_TRA:CAMRGPSGGYQKVTF;TRB:CASSGPKETQYF_P40	3.994407829039345e-4	2	NA	NA	NA	NA	No	post_specific	NR-post_novel
P40	NR	014	poor	moderate	C	pEKD	pEKD	P40-Treat	TRAV14/DV4;TRBV20-1_;_TRAJ52;TRBJ1-1_TRA:CAMRRLLYGAGGTSYGKLTF;TRB:CSARSSVRKPGTEAFF_P40	7.98881565807869e-4	4	P40-Baseline	9.240720776220544e-4	6	No	No	pre_post_share	NR-pre_existing
P40	NR	014	poor	moderate	C	pEKD	pEKD	P40-Treat	TRAV14/DV4;TRBV27_;_TRAJ33;TRBJ1-6_TRA:CAMREPRNSNYQLIW;TRB:CASSPFDGRSPLHF_P40	7.98881565807869e-4	4	P40-Baseline	4.620360388110272e-4	3	No	No	pre_post_share	NR-pre_existing
P40	NR	014	poor	moderate	C	pEKD	pEKD	P40-Treat	TRAV12-1;TRBV11-3_;_TRAJ38;TRBJ2-1_TRA:CVANAGNNRKLIW;TRB:CASSIRLGGRVDEQFF_P40	5.991611743559018e-4	3	P40-Baseline	4.620360388110272e-4	3	No	No	pre_post_share	NR-pre_existing
P40	NR	014	poor	moderate	C	pEKD	pEKD	P40-Treat	TRAV35;TRBV28_;_TRAJ49;TRBJ1-5_TRA:CAGPAPGNQFYF;TRB:CASSSSSLWSLPQHF_P40	7.98881565807869e-4	4	P40-Baseline	4.620360388110272e-4	3	No	No	pre_post_share	NR-pre_existing
P40	NR	014	poor	moderate	C	pEKD	pEKD	P40-Treat	TRAV23/DV6;TRBV28_;_TRAJ8;TRBJ1-5_TRA:CAARRNTGFQKLVF;TRB:CASSFRTGQPQHF_P40	7.98881565807869e-4	4	NA	NA	NA	NA	No	post_specific	NR-post_novel
P40	NR	014	poor	moderate	C	pEKD	pEKD	P40-Treat	TRAV23/DV6;TRBV7-2_;_TRAJ54;TRBJ1-5_TRA:CAAMDGAQKLVF;TRB:CASSLRAGNQPQHF_P40	3.994407829039345e-4	2	P40-Baseline	4.620360388110272e-4	3	No	No	pre_post_share	NR-pre_existing
P40	NR	014	poor	moderate	C	pEKD	pEKD	P40-Treat	TRAV23/DV6;TRBV7-8_;_TRAJ49;TRBJ2-3_TRA:CAASKAGNQFYF;TRB:CASSMDRYEDTQYF_P40	0.0011983223487118	6	P40-Baseline	7.700600646850454e-4	5	No	No	pre_post_share	NR-pre_existing
P40	NR	014	poor	moderate	C	pEKD	pEKD	P40-Treat	TRAV24;TRBV10-3_;_TRAJ54;TRBJ1-5_TRA:CALNGQGAQKLVF;TRB:CAIRETHNQPQHF_P40	5.991611743559018e-4	3	P40-Baseline	1.5401201293700908e-4	1	No	No	pre_post_share	NR-pre_existing
P40	NR	014	poor	moderate	C	pEKD	pEKD	P40-Treat	TRAV38-1;TRBV3-1_;_TRAJ43;TRBJ2-5_TRA:CAFKDGDDMRF;TRB:CASSQGPGVGETQYF_P40	0.00159776313161573	8	P40-Baseline	4.620360388110272e-4	3	No	No	pre_post_share	NR-pre_existing
P40	NR	014	poor	moderate	C	pEKD	pEKD	P40-Treat	TRAV38-1;TRBV29-1_;_TRAJ30;TRBJ2-1_TRA:CAFMKLENRDDKIIF;TRB:CSVEGDLIAYNEQFF_P40	3.994407829039345e-4	2	NA	NA	NA	NA	No	post_specific	NR-post_novel
P40	NR	014	poor	moderate	C	pEKD	pEKD	P40-Treat	TRAV12-2;TRBV12-3_;_TRAJ3;TRBJ1-2_TRA:CAVMYSSASKIIF;TRB:CASSLGGPDYTF_P40	0.00159776313161573	8	P40-Baseline	0.0016941321423071	11	No	No	pre_post_share	NR-pre_existing
P40	NR	014	poor	moderate	C	pEKD	pEKD	P40-Treat	TRAV17;TRBV3-1_;_TRAJ6;TRBJ2-3_TRA:CATASTSGGSYIPTF;TRB:CASSQEVWDPLVTQYF_P40	5.991611743559018e-4	3	P40-Baseline	1.5401201293700908e-4	1	No	No	pre_post_share	NR-pre_existing
P40	NR	014	poor	moderate	C	pEKD	pEKD	P40-Treat	TRAV17;TRBV5-6_;_TRAJ6;TRBJ2-1_TRA:CATVGGASGGSYIPTF;TRB:CASSTMRNEQFF_P40	3.994407829039345e-4	2	NA	NA	NA	NA	No	post_specific	NR-post_novel
P40	NR	014	poor	moderate	C	pEKD	pEKD	P40-Treat	TRAV17;TRBV5-5_;TRBD1_TRAJ39;TRBJ2-7_TRA:CATENNAGNMLTF;TRB:CASSRQRTTGAHEQYF_P40	5.991611743559018e-4	3	NA	NA	NA	NA	No	post_specific	NR-post_novel
P40	NR	014	poor	moderate	C	pEKD	pEKD	P40-Treat	TRAV26-1;TRBV10-1_;_TRAJ42;TRBJ2-3_TRA:CSVGGSQGNLIF;TRB:CASSESPAGGGADTQYF_P40	5.991611743559018e-4	3	P40-Baseline	0.00600646850454335	39	No	No	pre_post_share	NR-pre_existing
P40	NR	014	poor	moderate	C	pEKD	pEKD	P40-Treat	TRAV26-1;TRBV14_;_TRAJ28;TRBJ2-7_TRA:CIVTAYSGAGSYQLTF;TRB:CASSHQGEQYF_P40	3.994407829039345e-4	2	NA	NA	NA	NA	No	post_specific	NR-post_novel
P40	NR	014	poor	moderate	C	pEKD	pEKD	P40-Treat	TRAV8-6;TRBV6-5_;_TRAJ36;TRBJ1-2_TRA:CAVSGPTGANNLFF;TRB:CASQRGGGEVDYGYTF_P40	3.994407829039345e-4	2	NA	NA	NA	NA	No	post_specific	NR-post_novel
P40	NR	014	poor	moderate	C	pEKD	pEKD	P40-Treat	TRAV12-2;TRBV4-1_;TRBD1_TRAJ52;TRBJ2-7_TRA:CAVNRGNAGGTSYGKLTF;TRB:CASSHQQGADEQYF_P40	5.991611743559018e-4	3	P40-Baseline	1.5401201293700908e-4	1	No	No	pre_post_share	NR-pre_existing
P40	NR	014	poor	moderate	C	pEKD	pEKD	P40-Treat	TRAV12-2;TRBV5-1_;_TRAJ43;TRBJ1-1_TRA:CAVNAGNNDMRF;TRB:CASSFGSGSTEAFF_P40	3.994407829039345e-4	2	P40-Baseline	0.00138610811643308	9	No	No	pre_post_share	NR-pre_existing
P40	NR	014	poor	moderate	C	pEKD	pEKD	P40-Treat	TRAV26-1;TRBV5-1_;_TRAJ36;TRBJ1-1_TRA:CIVREHQTGANNLFF;TRB:CASSPQGRGNTEAFF_P40	3.994407829039345e-4	2	NA	NA	NA	NA	No	post_specific	NR-post_novel
P40	NR	014	poor	moderate	C	pEKD	pEKD	P40-Treat	TRAV12-2;TRBV5-1_;TRBD1_TRAJ7;TRBJ1-1_TRA:CAVNGGNNRLAF;TRB:CASSFGSGSTEAFF_P40	5.991611743559018e-4	3	P40-Baseline	0.0052364084398583	34	No	No	pre_post_share	NR-pre_existing
P40	NR	014	poor	moderate	C	pEKD	pEKD	P40-Treat	TRAV26-1;TRBV6-6_;_TRAJ38;TRBJ2-2_TRA:CIVRTPYAGNNRKLIW;TRB:CASSYEEAGTGELFF_P40	3.994407829039345e-4	2	P40-Baseline	1.5401201293700908e-4	1	No	No	pre_post_share	NR-pre_existing
P40	NR	014	poor	moderate	C	pEKD	pEKD	P40-Treat	TRAV4;TRBV2_;_TRAJ6;TRBJ2-2_TRA:CLVGDQRSYIPTF;TRB:CASSEIQNTGELFF_P40	3.994407829039345e-4	2	NA	NA	NA	NA	No	post_specific	NR-post_novel
P40	NR	014	poor	moderate	C	pEKD	pEKD	P40-Treat	TRAV4;TRBV5-1_;_TRAJ37;TRBJ1-6_TRA:CLVGDGGKLIF;TRB:CASSISRTRTYNSPLHF_P40	3.994407829039345e-4	2	NA	NA	NA	NA	No	post_specific	NR-post_novel
P40	NR	014	poor	moderate	C	pEKD	pEKD	P40-Treat	TRAV4;TRBV5-1_;_TRAJ41;TRBJ2-7_TRA:CLVGVDSNSGYALNF;TRB:CASSPEEGSGARYEQYF_P40	5.991611743559018e-4	3	P40-Baseline	9.240720776220544e-4	6	No	No	pre_post_share	NR-pre_existing
P40	NR	014	poor	moderate	C	pEKD	pEKD	P40-Treat	TRAV12-3;TRBV12-3_;_TRAJ20;TRBJ1-2_TRA:CAMSGLGDYKLSF;TRB:CASSKRPGSTNYGYTF_P40	7.98881565807869e-4	4	P40-Baseline	6.160480517480363e-4	4	No	No	pre_post_share	NR-pre_existing
P40	NR	014	poor	moderate	C	pEKD	pEKD	P40-Treat	TRAV27;TRBV11-3_;_TRAJ53;TRBJ2-3_TRA:CAGERGGSNYKLTF;TRB:CASSFGGSTDTQYF_P40	7.98881565807869e-4	4	P40-Baseline	6.160480517480363e-4	4	No	No	pre_post_share	NR-pre_existing
P40	NR	014	poor	moderate	C	pEKD	pEKD	P40-Treat	TRAV27;TRBV6-1_;_TRAJ47;TRBJ2-7_TRA:CAVEYGNKLVF;TRB:CASSEVGGGPYEQYF_P40	9.986019572598365e-4	5	P40-Baseline	3.0802402587401816e-4	2	No	No	pre_post_share	NR-pre_existing
P40	NR	014	poor	moderate	C	pEKD	pEKD	P40-Treat	TRAV2;TRBV28_;TRBD1_TRAJ4;TRBJ2-1_TRA:CAVVPSGGYNKLIF;TRB:CASRPIQQGASPNEQFF_P40	3.994407829039345e-4	2	P40-Baseline	4.620360388110272e-4	3	No	No	pre_post_share	NR-pre_existing
P40	NR	014	poor	moderate	C	pEKD	pEKD	P40-Treat	TRAV13-1;TRBV20-1_;_TRAJ10;TRBJ1-5_TRA:CAASKGVTGGGNKLTF;TRB:CSVGGKGNQPQHF_P40	0.0011983223487118	6	P40-Baseline	3.0802402587401816e-4	2	No	No	pre_post_share	NR-pre_existing
P40	NR	014	poor	moderate	C	pEKD	pEKD	P40-Treat	TRAV5;TRBV5-6_;TRBD1_TRAJ9;TRBJ2-1_TRA:CAERPHTGGFKTIF;TRB:CASSLGTGGNEQFF_P40	3.994407829039345e-4	2	NA	NA	NA	NA	No	post_specific	NR-post_novel
P40	NR	014	poor	moderate	C	pEKD	pEKD	P40-Treat	TRAV13-1;TRBV4-1_;_TRAJ39;TRBJ2-3_TRA:CAPPAIGLTF;TRB:CASSHREVVGTDTQYF_P40	3.994407829039345e-4	2	NA	NA	NA	NA	No	post_specific	NR-post_novel
P40	NR	014	poor	moderate	C	pEKD	pEKD	P40-Treat	TRAV26-1;TRBV7-6_;_TRAJ17;TRBJ2-5_TRA:CIVHIKAAGNKLTF;TRB:CASSLSGRVETQYF_P40	5.991611743559018e-4	3	P40-Baseline	9.240720776220544e-4	6	No	No	pre_post_share	NR-pre_existing
P40	NR	014	poor	moderate	C	pEKD	pEKD	P40-Treat	TRAV8-1;TRBV12-4_;_TRAJ44;TRBJ1-6_TRA:CAVLTGTASKLTF;TRB:CASSYRGENSPLHF_P40	0.00219692430597164	11	P40-Baseline	0.00277221623286616	18	No	No	pre_post_share	NR-pre_existing
P40	NR	014	poor	moderate	C	pEKD	pEKD	P40-Treat	TRAV29/DV5;TRBV7-9_;_TRAJ23;TRBJ1-6_TRA:CAASDLGGGKLIF;TRB:CASSIGNSPLHF_P40	3.994407829039345e-4	2	NA	NA	NA	NA	No	post_specific	NR-post_novel
P40	NR	014	poor	moderate	C	pEKD	pEKD	P40-Treat	TRAV29/DV5;TRBV7-9_;TRBD1_TRAJ45;TRBJ2-5_TRA:CAASAPPGGGADGLTF;TRB:CASSLTGGGAQYF_P40	7.98881565807869e-4	4	P40-Baseline	4.620360388110272e-4	3	No	No	pre_post_share	NR-pre_existing
P40	NR	014	poor	moderate	C	pEKD	pEKD	P40-Treat	TRAV8-1;TRBV20-1_;_TRAJ40;TRBJ2-7_TRA:CAFSTTSGTYKYIF;TRB:CSARVGGTLMREQYF_P40	5.991611743559018e-4	3	P40-Baseline	1.5401201293700908e-4	1	No	No	pre_post_share	NR-pre_existing
P40	NR	014	poor	moderate	C	pEKD	pEKD	P40-Treat	TRAV17;TRBV12-5_;_TRAJ54;TRBJ2-2_TRA:CATDARGAQKLVF;TRB:CASEGRGAGTGELFF_P40	3.994407829039345e-4	2	NA	NA	NA	NA	No	post_specific	NR-post_novel
P40	NR	014	poor	moderate	C	pEKD	pEKD	P40-Treat	TRAV21;TRBV4-2_;_TRAJ42;TRBJ1-1_TRA:CASSRGSQGNLIF;TRB:CASSQEIGGAAEAFF_P40	3.994407829039345e-4	2	P40-Baseline	0.00246419220699214	16	No	No	pre_post_share	NR-pre_existing
P40	NR	014	poor	moderate	C	pEKD	pEKD	P40-Treat	TRAV1-2;TRBV20-1_;_TRAJ20;TRBJ2-1_TRA:CAVRGYDYKLSF;TRB:CSARDPGLNYNEQFF_P40	0.01497902935889754	75	P40-Baseline	0.01463114122901586	95	Yes	Yes	pre_post_share	NR-pre_existing
P40	NR	014	poor	moderate	C	pEKD	pEKD	P40-Treat	TRAV21;TRBV6-1_;TRBD1_TRAJ36;TRBJ2-3_TRA:CAVDQTGANNLFF;TRB:CASTDSMGTGAFTDTQYF_P40	0.00159776313161573	8	P40-Baseline	7.700600646850454e-4	5	No	No	pre_post_share	NR-pre_existing
P40	NR	014	poor	moderate	C	pEKD	pEKD	P40-Treat	TRAV3;TRBV6-1_;_TRAJ28;TRBJ2-7_TRA:CAVRDIAHTSGAGSYQLTF;TRB:CASSEAAGASYEQYF_P40	5.991611743559018e-4	3	P40-Baseline	1.5401201293700908e-4	1	No	No	pre_post_share	NR-pre_existing
P40	NR	014	poor	moderate	C	pEKD	pEKD	P40-Treat	TRAV3;TRBV7-3_;_TRAJ28;TRBJ2-1_TRA:CAVSTYSGAGSYQLTF;TRB:CASSLSGGQAEDNEQFF_P40	9.986019572598365e-4	5	P40-Baseline	3.0802402587401816e-4	2	No	No	pre_post_share	NR-pre_existing
P40	NR	014	poor	moderate	C	pEKD	pEKD	P40-Treat	TRAV21;TRBV7-9_;_TRAJ36;TRBJ2-6_TRA:CAVEGANNLFF;TRB:CASGESGANVLTF_P40	3.994407829039345e-4	2	NA	NA	NA	NA	No	post_specific	NR-post_novel
P40	NR	014	poor	moderate	C	pEKD	pEKD	P40-Treat	TRAV8-2;TRBV7-9_;_TRAJ22;TRBJ2-1_TRA:CVVILSGSARQLTF;TRB:CASSTPQGGPYGDEQFF_P40	0.00139804274016377	7	P40-Baseline	0.00123209610349607	8	No	No	pre_post_share	NR-pre_existing
P40	NR	014	poor	moderate	C	pEKD	pEKD	P40-Treat	TRAV14/DV4;TRBV20-1_;_TRAJ53;TRBJ2-5_TRA:CAMREGIWSGGSNYKLTF;TRB:CSASHQMAVQETQYF_P40	3.994407829039345e-4	2	NA	NA	NA	NA	No	post_specific	NR-post_novel
P40	NR	014	poor	moderate	C	pEKD	pEKD	P40-Treat	TRAV30;TRBV18_;_TRAJ45;TRBJ1-1_TRA:CGTEMGTGGGADGLTF;TRB:CASSPFGGELNTEAFF_P40	3.994407829039345e-4	2	NA	NA	NA	NA	No	post_specific	NR-post_novel
P40	NR	014	poor	moderate	C	pEKD	pEKD	P40-Treat	TRAV10;TRBV7-6_;_TRAJ32;TRBJ2-1_TRA:CVVSSSYGGATNKLIF;TRB:CASSLEAGSHNEQFF_P40	3.994407829039345e-4	2	NA	NA	NA	NA	No	post_specific	NR-post_novel
P40	NR	014	poor	moderate	C	pEKD	pEKD	P40-Treat	TRAV35;TRBV10-1_;_TRAJ52;TRBJ2-1_TRA:CAGQDAGGTSYGKLTF;TRB:CASSESGSGDEQFF_P40	0.00159776313161573	8	P40-Baseline	6.160480517480363e-4	4	No	No	pre_post_share	NR-pre_existing
P40	NR	014	poor	moderate	C	pEKD	pEKD	P40-Treat	TRAV17;TRBV7-8_;_TRAJ37;TRBJ2-1_TRA:CVFSGNTGKLIF;TRB:CASSLTSGRMNEQFF_P40	0.02736169362891951	137	P40-Baseline	0.01925150161712613	125	Yes	Yes	pre_post_share	NR-pre_existing
P40	NR	014	poor	moderate	C	pEKD	pEKD	P40-Treat	TRAV12-1;TRBV12-4_;_TRAJ18;TRBJ2-3_TRA:CVVRGSTLGRLYF;TRB:CATVAGGSTDTQYF_P40	3.994407829039345e-4	2	NA	NA	NA	NA	No	post_specific	NR-post_novel
P40	NR	014	poor	moderate	C	pEKD	pEKD	P40-Treat	TRAV23/DV6;TRBV2_;TRBD1_TRAJ16;TRBJ2-2_TRA:CAASMKGSDGQKLLF;TRB:CASRIGTGGPLIDKINTGELFF_P40	3.994407829039345e-4	2	P40-Baseline	4.620360388110272e-4	3	No	No	pre_post_share	NR-pre_existing
P40	NR	014	poor	moderate	C	pEKD	pEKD	P40-Treat	TRAV12-1;TRBV28_;_TRAJ6;TRBJ2-1_TRA:CVVVPQGGSYIPTF;TRB:CASSFAGEQFF_P40	3.994407829039345e-4	2	NA	NA	NA	NA	No	post_specific	NR-post_novel
P40	NR	014	poor	moderate	C	pEKD	pEKD	P40-Treat	TRAV35;TRBV6-5_;_TRAJ52;TRBJ1-2_TRA:CAGPYAGGTSYGKLTF;TRB:CASSRGTGYGYTF_P40	3.994407829039345e-4	2	NA	NA	NA	NA	No	post_specific	NR-post_novel
P40	NR	014	poor	moderate	C	pEKD	pEKD	P40-Treat	TRAV16;TRBV3-1_;_TRAJ33;TRBJ2-3_TRA:CALSGSSNYQLIW;TRB:CASSQEVWDPLVTQYF_P40	9.986019572598365e-4	5	P40-Baseline	1.5401201293700908e-4	1	No	No	pre_post_share	NR-pre_existing
P40	NR	014	poor	moderate	C	pEKD	pEKD	P40-Treat	TRAV12-2;TRBV18_;_TRAJ10;TRBJ1-1_TRA:CAVGFTGGGNKLTF;TRB:CASSRDTNTEAFF_P40	9.986019572598365e-4	5	NA	NA	NA	NA	No	post_specific	NR-post_novel
P40	NR	014	poor	moderate	C	pEKD	pEKD	P40-Treat	TRAV17;TRBV5-1_;TRBD2_TRAJ48;TRBJ2-2_TRA:CATDPNFGNEKLTF;TRB:CASSVLPGLAGGRTGELFF_P40	3.994407829039345e-4	2	NA	NA	NA	NA	No	post_specific	NR-post_novel
P40	NR	014	poor	moderate	C	pEKD	pEKD	P40-Treat	TRAV8-6;TRBV20-1_;_TRAJ30;TRBJ2-1_TRA:CAVRLGDKIIF;TRB:CSAYLGLPSSYNEQFF_P40	0.01477930896744557	74	P40-Baseline	0.00369628831048821	24	No	Yes	pre_post_share	NR-pre_existing
P40	NR	014	poor	moderate	C	pEKD	pEKD	P40-Treat	TRAV8-6;TRBV3-1_;TRBD1_TRAJ29;TRBJ1-1_TRA:CAVSDQGNTPLVF;TRB:CASSKDRANAFF_P40	7.98881565807869e-4	4	P40-Baseline	4.620360388110272e-4	3	No	No	pre_post_share	NR-pre_existing
P40	NR	014	poor	moderate	C	pEKD	pEKD	P40-Treat	TRAV12-2;TRBV3-1_;_TRAJ5;TRBJ1-5_TRA:CAVNMKTGRRALTF;TRB:CASSQGADLVPQHF_P40	7.98881565807869e-4	4	P40-Baseline	4.620360388110272e-4	3	No	No	pre_post_share	NR-pre_existing
P40	NR	014	poor	moderate	C	pEKD	pEKD	P40-Treat	TRAV12-2;TRBV3-1_;_TRAJ7;TRBJ1-5_TRA:CAVNGGNNRLAF;TRB:CASSPRGTDSNQPQHF_P40	3.994407829039345e-4	2	P40-Baseline	0.0052364084398583	34	No	No	pre_post_share	NR-pre_existing
P40	NR	014	poor	moderate	C	pEKD	pEKD	P40-Treat	TRAV29/DV5;TRBV20-1_;TRBD2_TRAJ11;TRBJ2-1_TRA:CAATKGYSTLTF;TRB:CSARVLEASGRSTGNEQFF_P40	5.991611743559018e-4	3	P40-Baseline	3.0802402587401816e-4	2	No	No	pre_post_share	NR-pre_existing
P40	NR	014	poor	moderate	C	pEKD	pEKD	P40-Treat	TRAV38-2/DV8;TRBV6-6_;_TRAJ42;TRBJ1-5_TRA:CAYRSANRGSQGNLIF;TRB:CASSAGIQPQHF_P40	3.994407829039345e-4	2	NA	NA	NA	NA	No	post_specific	NR-post_novel
P40	NR	014	poor	moderate	C	pEKD	pEKD	P40-Treat	TRAV26-1;TRBV5-4_;_TRAJ54;TRBJ2-7_TRA:CIVLLGGAQKLVF;TRB:CASSLSGAGGYEQYF_P40	5.991611743559018e-4	3	P40-Baseline	3.0802402587401816e-4	2	No	No	pre_post_share	NR-pre_existing
P40	NR	014	poor	moderate	C	pEKD	pEKD	P40-Treat	TRAV9-2;TRBV10-2_;_TRAJ22;TRBJ2-3_TRA:CALSDRDSARQLTF;TRB:CASSESALGTSYTADTQYF_P40	3.994407829039345e-4	2	NA	NA	NA	NA	No	post_specific	NR-post_novel
P40	NR	014	poor	moderate	C	pEKD	pEKD	P40-Treat	TRAV19;TRBV18_;_TRAJ26;TRBJ2-5_TRA:CALTADNYGQNFVF;TRB:CASSPPNLDGQETQYF_P40	3.994407829039345e-4	2	NA	NA	NA	NA	No	post_specific	NR-post_novel
P40	NR	014	poor	moderate	C	pEKD	pEKD	P40-Treat	TRAV39;TRBV5-1_;TRBD1_TRAJ33;TRBJ1-4_TRA:CAVGGSNYQLIW;TRB:CASSFVQGALTNEKLFF_P40	5.991611743559018e-4	3	P40-Baseline	1.5401201293700908e-4	1	No	No	pre_post_share	NR-pre_existing
P40	NR	014	poor	moderate	C	pEKD	pEKD	P40-Treat	TRAV12-2;TRBV6-4_;_TRAJ4;TRBJ2-1_TRA:CAVNTGGYNKLIF;TRB:CASSRTSGSTYNEQFF_P40	5.991611743559018e-4	3	NA	NA	NA	NA	No	post_specific	NR-post_novel
P40	NR	014	poor	moderate	C	pEKD	pEKD	P40-Treat	TRAV12-2;TRBV7-6_;_TRAJ12;TRBJ1-1_TRA:CAVKKDSSYKLIF;TRB:CASSGLDTEAFF_P40	3.994407829039345e-4	2	P40-Baseline	9.240720776220544e-4	6	No	No	pre_post_share	NR-pre_existing
P40	NR	014	poor	moderate	C	pEKD	pEKD	P40-Treat	TRAV19;TRBV6-4_;_TRAJ33;TRBJ2-1_TRA:CALSGLDSNYQLIW;TRB:CASSDSIGSDEQFF_P40	7.98881565807869e-4	4	P40-Baseline	4.620360388110272e-4	3	No	No	pre_post_share	NR-pre_existing
P40	NR	014	poor	moderate	C	pEKD	pEKD	P40-Treat	TRAV12-3;TRBV11-3_;_TRAJ26;TRBJ2-2_TRA:CAAINYGQNFVF;TRB:CASSLEAGELFF_P40	5.991611743559018e-4	3	P40-Baseline	3.0802402587401816e-4	2	No	No	pre_post_share	NR-pre_existing
P40	NR	014	poor	moderate	C	pEKD	pEKD	P40-Treat	TRAV8-2;TRBV18_;_TRAJ4;TRBJ2-3_TRA:CVVSFPSGGYNKLIF;TRB:CASEGEDTQYF_P40	3.994407829039345e-4	2	NA	NA	NA	NA	No	post_specific	NR-post_novel
P40	NR	014	poor	moderate	C	pEKD	pEKD	P40-Treat	TRAV1-2;TRBV5-8_;_TRAJ20;TRBJ2-5_TRA:CAVRDGDYKLSF;TRB:CASSLVAGVGETQYF_P40	5.991611743559018e-4	3	P40-Baseline	4.620360388110272e-4	3	No	No	pre_post_share	NR-pre_existing
P40	NR	014	poor	moderate	C	pEKD	pEKD	P40-Treat	TRAV41;TRBV6-6_;_TRAJ36;TRBJ1-5_TRA:CAALQTGANNLFF;TRB:CASSYSRGNQPQHF_P40	3.994407829039345e-4	2	P40-Baseline	4.620360388110272e-4	3	No	No	pre_post_share	NR-pre_existing
P40	NR	014	poor	moderate	C	pEKD	pEKD	P40-Treat	TRAV5;TRBV12-4_;_TRAJ34;TRBJ2-1_TRA:CAESGSYNTDKLIF;TRB:CASSPGPEQFF_P40	0.0011983223487118	6	P40-Baseline	0.00138610811643308	9	No	No	pre_post_share	NR-pre_existing
P40	NR	014	poor	moderate	C	pEKD	pEKD	P40-Treat	TRAV13-1;TRBV20-1_;_TRAJ11;TRBJ2-1_TRA:CAARPGSGYSTLTF;TRB:CSANRVDEQFF_P40	3.994407829039345e-4	2	P40-Baseline	0.00107808409055906	7	No	No	pre_post_share	NR-pre_existing
P40	NR	014	poor	moderate	C	pEKD	pEKD	P40-Treat	TRAV5;TRBV7-8_;_TRAJ7;TRBJ2-3_TRA:CAESIDGNNRLAF;TRB:CASSLSGTVGTDTQYF_P40	3.994407829039345e-4	2	P40-Baseline	4.620360388110272e-4	3	No	No	pre_post_share	NR-pre_existing
P40	NR	014	poor	moderate	C	pEKD	pEKD	P40-Treat	TRAV13-1;TRBV29-1_;_TRAJ3;TRBJ2-1_TRA:CAASRGSSASKIIF;TRB:CSVEDDGPAFF_P40	5.991611743559018e-4	3	P40-Baseline	3.0802402587401816e-4	2	No	No	pre_post_share	NR-pre_existing
P40	NR	014	poor	moderate	C	pEKD	pEKD	P40-Treat	TRAV13-1;TRBV4-1_;_TRAJ20;TRBJ2-7_TRA:CAASTNDYKLSF;TRB:CASSHSRTELDEQYF_P40	7.98881565807869e-4	4	P40-Baseline	0.00231018019405513	15	No	No	pre_post_share	NR-pre_existing
P40	NR	014	poor	moderate	C	pEKD	pEKD	P40-Treat	TRAV6;TRBV18_;_TRAJ15;TRBJ2-2_TRA:CALPGSQAGTALIF;TRB:CASSLTRDTGELFF_P40	7.98881565807869e-4	4	NA	NA	NA	NA	No	post_specific	NR-post_novel
P40	NR	014	poor	moderate	C	pEKD	pEKD	P40-Treat	TRAV13-1;TRBV7-2_;_TRAJ37;TRBJ2-2_TRA:CAARAYGSGNTGKLIF;TRB:CASSLVLAGGELFF_P40	3.994407829039345e-4	2	P40-Baseline	4.620360388110272e-4	3	No	No	pre_post_share	NR-pre_existing
P40	NR	014	poor	moderate	C	pEKD	pEKD	P40-Treat	TRAV8-4;TRBV2_;_TRAJ9;TRBJ2-3_TRA:CAVSGDTGGFKTIF;TRB:CASSTGPTDTQYF_P40	7.98881565807869e-4	4	P40-Baseline	9.240720776220544e-4	6	No	No	pre_post_share	NR-pre_existing
P40	NR	014	poor	moderate	C	pEKD	pEKD	P40-Treat	TRAV3;TRBV15_;_TRAJ10;TRBJ1-5_TRA:CAVGGGGNKLTF;TRB:CATRRGTLLPQHF_P40	5.991611743559018e-4	3	NA	NA	NA	NA	No	post_specific	NR-post_novel
P40	NR	014	poor	moderate	C	pEKD	pEKD	P40-Treat	TRAV1-2;TRBV11-2_;_TRAJ9;TRBJ2-3_TRA:CAVYTGGFKTIF;TRB:CASTAGGSSTDTQYF_P40	0.02756141402037148	138	P40-Baseline	0.00585245649160634	38	No	Yes	pre_post_share	NR-pre_existing
P40	NR	014	poor	moderate	C	pEKD	pEKD	P40-Treat	TRAV8-1;TRBV2_;TRBD1_TRAJ42;TRBJ1-5_TRA:CAVNATYGGSQGNLIF;TRB:CASTTGRGSNQPQHF_P40	0.00159776313161573	8	P40-Baseline	1.5401201293700908e-4	1	No	No	pre_post_share	NR-pre_existing
P40	NR	014	poor	moderate	C	pEKD	pEKD	P40-Treat	TRAV17;TRBV11-3_;_TRAJ58;TRBJ1-1_TRA:CATGASGSRLTF;TRB:CASSLEGTDTEAFF_P40	3.994407829039345e-4	2	NA	NA	NA	NA	No	post_specific	NR-post_novel
P40	NR	014	poor	moderate	C	pEKD	pEKD	P40-Treat	TRAV8-4;TRBV20-1_;_TRAJ56;TRBJ1-1_TRA:CAVSATGANSKLTF;TRB:CSATPGERAFF_P40	0.00319552626323147	16	P40-Baseline	0.00154012012937009	10	No	No	pre_post_share	NR-pre_existing
P40	NR	014	poor	moderate	C	pEKD	pEKD	P40-Treat	TRAV8-4;TRBV24-1_;_TRAJ5;TRBJ2-5_TRA:CAVVGTGRRALTF;TRB:CATSDSESRVGTETQYF_P40	3.994407829039345e-4	2	P40-Baseline	1.5401201293700908e-4	1	No	No	pre_post_share	NR-pre_existing
P40	NR	014	poor	moderate	C	pEKD	pEKD	P40-Treat	TRAV8-1;TRBV7-2_;_TRAJ48;TRBJ2-5_TRA:CAVLPFGNEKLTF;TRB:CASSSRIGETQYF_P40	3.994407829039345e-4	2	P40-Baseline	3.0802402587401816e-4	2	No	No	pre_post_share	NR-pre_existing
P40	NR	014	poor	moderate	C	pEKD	pEKD	P40-Treat	TRAV8-1;TRBV7-2_;_TRAJ28;TRBJ2-7_TRA:CAVSPSGAGSYQLTF;TRB:CASSSSGMVEQYF_P40	3.994407829039345e-4	2	P40-Baseline	4.620360388110272e-4	3	No	No	pre_post_share	NR-pre_existing
P40	NR	014	poor	moderate	C	pEKD	pEKD	P40-Treat	TRAV8-2;TRBV5-1_;_TRAJ22;TRBJ1-6_TRA:CVVSRSSGSARQLTF;TRB:CASSLDYGAPNSPLHF_P40	3.994407829039345e-4	2	NA	NA	NA	NA	No	post_specific	NR-post_novel
P40	NR	014	poor	moderate	C	pEKD	pEKD	P40-Treat	TRAV14/DV4;TRBV18_;TRBD2_TRAJ9;TRBJ2-7_TRA:CALGGGFKTIF;TRB:CASSQTSGRTFYEQYF_P40	5.991611743559018e-4	3	NA	NA	NA	NA	No	post_specific	NR-post_novel
P40	NR	014	poor	moderate	C	pEKD	pEKD	P40-Treat	TRAV10;TRBV28_;_TRAJ29;TRBJ1-2_TRA:CVVSATGNTPLVF;TRB:CASRKQGPYGYTF_P40	0.00139804274016377	7	P40-Baseline	0.00277221623286616	18	No	No	pre_post_share	NR-pre_existing
P40	NR	014	poor	moderate	C	pEKD	pEKD	P40-Treat	TRAV35;TRBV20-1_;_TRAJ40;TRBJ2-7_TRA:CAGQGSGTYKYIF;TRB:CSAKDGRTDYEQYF_P40	3.994407829039345e-4	2	NA	NA	NA	NA	No	post_specific	NR-post_novel
P40	NR	014	poor	moderate	C	pEKD	pEKD	P40-Treat	TRAV14/DV4;TRBV7-3_;TRBD1_TRAJ16;TRBJ1-1_TRA:CAMREYDGQKLLF;TRB:CASSSGTGMNTEAFF_P40	3.994407829039345e-4	2	P40-Baseline	1.5401201293700908e-4	1	No	No	pre_post_share	NR-pre_existing
P40	NR	014	poor	moderate	C	pEKD	pEKD	P40-Treat	TRAV12-1;TRBV2_;_TRAJ12;TRBJ2-1_TRA:CVVTGDSSYKLIF;TRB:CASSEPGTLYNEQFF_P40	5.991611743559018e-4	3	P40-Baseline	3.0802402587401816e-4	2	No	No	pre_post_share	NR-pre_existing
P40	NR	014	poor	moderate	C	pEKD	pEKD	P40-Treat	TRAV8-3;TRBV6-4_;_TRAJ34;TRBJ2-1_TRA:CAVGVTDKLIF;TRB:CASSQGGSHNEQFF_P40	5.991611743559018e-4	3	NA	NA	NA	NA	No	post_specific	NR-post_novel
P40	NR	014	poor	moderate	C	pEKD	pEKD	P40-Treat	TRAV12-1;TRBV28_;TRBD1_TRAJ31;TRBJ2-7_TRA:CVVYWNNNARLMF;TRB:CASRTGHRGEQYF_P40	3.994407829039345e-4	2	NA	NA	NA	NA	No	post_specific	NR-post_novel
P40	NR	014	poor	moderate	C	pEKD	pEKD	P40-Treat	TRAV8-3;TRBV7-9_;_TRAJ34;TRBJ2-7_TRA:CAVGPYNTDKLIF;TRB:CASSLGHYEQYF_P40	3.994407829039345e-4	2	NA	NA	NA	NA	No	post_specific	NR-post_novel
P40	NR	014	poor	moderate	C	pEKD	pEKD	P40-Treat	TRAV16;TRBV30_;_TRAJ54;TRBJ2-3_TRA:CALSGAQKLVF;TRB:CAWSISGADTQYF_P40	0.00259636508887557	13	P40-Baseline	3.0802402587401816e-4	2	No	No	pre_post_share	NR-pre_existing
P40	NR	014	poor	moderate	C	pEKD	pEKD	P40-Treat	TRAV12-2;TRBV9_;_TRAJ3;TRBJ2-5_TRA:CAVNPYSSASKIIF;TRB:CASSAGAGGQETQYF_P40	0.0011983223487118	6	P40-Baseline	1.5401201293700908e-4	1	No	No	pre_post_share	NR-pre_existing
P40	NR	014	poor	moderate	C	pEKD	pEKD	P40-Treat	TRAV9-2;TRBV28_;TRBD1_TRAJ49;TRBJ1-5_TRA:CALSDNTGNQFYF;TRB:CASRPRGRGGQPQHF_P40	3.994407829039345e-4	2	NA	NA	NA	NA	No	post_specific	NR-post_novel
P40	NR	014	poor	moderate	C	pEKD	pEKD	P40-Treat	TRAV17;TRBV28_;TRBD1_TRAJ34;TRBJ1-1_TRA:CATDEAYNTDKLIF;TRB:CASSFGTAGPNTEAFF_P40	3.994407829039345e-4	2	NA	NA	NA	NA	No	post_specific	NR-post_novel
P40	NR	014	poor	moderate	C	pEKD	pEKD	P40-Treat	TRAV17;TRBV5-6_;_TRAJ10;TRBJ2-4_TRA:CAVRFILTGGGNKLTF;TRB:CASSSTVAKNIQYF_P40	3.994407829039345e-4	2	NA	NA	NA	NA	No	post_specific	NR-post_novel
P40	NR	014	poor	moderate	C	pEKD	pEKD	P40-Treat	TRAV19;TRBV18_;_TRAJ56;TRBJ1-3_TRA:CALSEAETGANSKLTF;TRB:CASSPYDSGVGNTIYF_P40	0.00199720391451967	10	P40-Baseline	6.160480517480363e-4	4	No	No	pre_post_share	NR-pre_existing
P40	NR	014	poor	moderate	C	pEKD	pEKD	P40-Treat	TRAV17;TRBV7-2_;_TRAJ40;TRBJ1-1_TRA:CATEFSGTYKYIF;TRB:CASNIGGWAEAFF_P40	0.00219692430597164	11	P40-Baseline	1.5401201293700908e-4	1	No	No	pre_post_share	NR-pre_existing
P40	NR	014	poor	moderate	C	pEKD	pEKD	P40-Treat	TRAV26-1;TRBV27_;TRBD1_TRAJ45;TRBJ2-7_TRA:CIHSGGGADGLTF;TRB:CASSPPTGTGDHEQYF_P40	7.98881565807869e-4	4	P40-Baseline	1.5401201293700908e-4	1	No	No	pre_post_share	NR-pre_existing
P40	NR	014	poor	moderate	C	pEKD	pEKD	P40-Treat	TRAV12-2;TRBV6-6_;_TRAJ3;TRBJ2-3_TRA:CAVNIRGSSASKIIF;TRB:CASMGGDTQYF_P40	9.986019572598365e-4	5	P40-Baseline	4.620360388110272e-4	3	No	No	pre_post_share	NR-pre_existing
P40	NR	014	poor	moderate	C	pEKD	pEKD	P40-Treat	TRAV12-2;TRBV7-9_;_TRAJ45;TRBJ1-1_TRA:CAVTPRYSGGGADGLTF;TRB:CASSPVGAEAFF_P40	5.991611743559018e-4	3	NA	NA	NA	NA	No	post_specific	NR-post_novel
P40	NR	014	poor	moderate	C	pEKD	pEKD	P40-Treat	TRAV19;TRBV7-2_;_TRAJ37;TRBJ2-5_TRA:CATGSGNTGKLIF;TRB:CASSWRAGETQYF_P40	5.991611743559018e-4	3	P40-Baseline	4.620360388110272e-4	3	No	No	pre_post_share	NR-pre_existing
P40	NR	014	poor	moderate	C	pEKD	pEKD	P40-Treat	TRAV21;TRBV28_;_TRAJ44;TRBJ2-5_TRA:CAVRPLNTGTASKLTF;TRB:CASSSTGLVETQYF_P40	0.0115837827042141	58	P40-Baseline	0.00816263668566148	53	No	Yes	pre_post_share	NR-pre_existing
P40	NR	014	poor	moderate	C	pEKD	pEKD	P40-Treat	TRAV2;TRBV15_;TRBD1_TRAJ37;TRBJ2-1_TRA:CAVEALHGSGNTGKLIF;TRB:CATSRDAGGAYNEQFF_P40	5.991611743559018e-4	3	NA	NA	NA	NA	No	post_specific	NR-post_novel
P40	NR	014	poor	moderate	C	pEKD	pEKD	P40-Treat	TRAV9-2;TRBV5-8_;_TRAJ57;TRBJ2-7_TRA:CALSEGGGSEKLVF;TRB:CASSRTSGNYEQYF_P40	3.994407829039345e-4	2	NA	NA	NA	NA	No	post_specific	NR-post_novel
P40	NR	014	poor	moderate	C	pEKD	pEKD	P40-Treat	TRAV12-3;TRBV3-1_;_TRAJ13;TRBJ2-7_TRA:CAINPPSSGGYQKVTF;TRB:CASSPSGTFYEQYF_P40	9.986019572598365e-4	5	P40-Baseline	3.0802402587401816e-4	2	No	No	pre_post_share	NR-pre_existing
P40	NR	014	poor	moderate	C	pEKD	pEKD	P40-Treat	TRAV8-4;TRBV6-2_;_TRAJ5;TRBJ2-2_TRA:CAVSAGTGRRALTF;TRB:CASCKSWDTYTGELFF_P40	3.994407829039345e-4	2	NA	NA	NA	NA	No	post_specific	NR-post_novel
P40	NR	014	poor	moderate	C	pEKD	pEKD	P40-Treat	TRAV9-2;TRBV7-6_;_TRAJ52;TRBJ1-1_TRA:CALRAGGTSYGKLTF;TRB:CASSPGTNTEAFF_P40	0.00199720391451967	10	P40-Baseline	4.620360388110272e-4	3	No	No	pre_post_share	NR-pre_existing
P40	NR	014	poor	moderate	C	pEKD	pEKD	P40-Treat	TRAV9-2;TRBV7-6_;_TRAJ18;TRBJ2-1_TRA:CALFDRGSTLGRLYF;TRB:CASSLDGSPYNEQFF_P40	5.991611743559018e-4	3	P40-Baseline	1.5401201293700908e-4	1	No	No	pre_post_share	NR-pre_existing
P40	NR	014	poor	moderate	C	pEKD	pEKD	P40-Treat	TRAV13-2;TRBV5-1_;_TRAJ50;TRBJ1-5_TRA:CAEKYDKVIF;TRB:CASSLDWGNQPQHF_P40	5.991611743559018e-4	3	NA	NA	NA	NA	No	post_specific	NR-post_novel
P40	NR	014	poor	moderate	C	pEKD	pEKD	P40-Treat	TRAV12-2;TRBV12-5_;TRBD1_TRAJ52;TRBJ2-7_TRA:CAVMAGGTSYGKLTF;TRB:CASGRGQGIREQYF_P40	3.994407829039345e-4	2	NA	NA	NA	NA	No	post_specific	NR-post_novel
P40	NR	014	poor	moderate	C	pEKD	pEKD	P40-Treat	TRAV12-2;TRBV13_;TRBD2_TRAJ34;TRBJ2-2_TRA:CAVRGNTDKLIF;TRB:CASSHGLAGGATNTGELFF_P40	0.0127821050529259	64	P40-Baseline	0.00739257662097643	48	No	Yes	pre_post_share	NR-pre_existing
P40	NR	014	poor	moderate	C	pEKD	pEKD	P40-Treat	TRAV12-3;TRBV9_;_TRAJ20;TRBJ1-5_TRA:CAINDYKLSF;TRB:CASSVEENQPQHF_P40	7.98881565807869e-4	4	NA	NA	NA	NA	No	post_specific	NR-post_novel
P40	NR	014	poor	moderate	C	pEKD	pEKD	P40-Treat	TRAV26-1;TRBV12-4_;_TRAJ31;TRBJ1-4_TRA:CIVRVNNARLMF;TRB:CASTQRRATNEKLFF_P40	3.994407829039345e-4	2	NA	NA	NA	NA	No	post_specific	NR-post_novel
P40	NR	014	poor	moderate	C	pEKD	pEKD	P40-Treat	TRAV10;TRBV29-1_;_TRAJ31;TRBJ2-2_TRA:CVVSVQNARLMF;TRB:CSVTTGTPSGELFF_P40	0.00359496704613541	18	P40-Baseline	0.0033882642846142	22	No	No	pre_post_share	NR-pre_existing
P40	NR	014	poor	moderate	C	pEKD	pEKD	P40-Treat	TRAV20;TRBV6-5_;_TRAJ31;TRBJ1-1_TRA:CAVQAGPGARLMF;TRB:CASSYYRAGGTEAFF_P40	5.991611743559018e-4	3	P40-Baseline	1.5401201293700908e-4	1	No	No	pre_post_share	NR-pre_existing
P40	NR	014	poor	moderate	C	pEKD	pEKD	P40-Treat	TRAV8-1;TRBV18_;_TRAJ31;TRBJ2-7_TRA:CAVNANNARLMF;TRB:CASSNTGGYEQYF_P40	3.994407829039345e-4	2	NA	NA	NA	NA	No	post_specific	NR-post_novel
P40	NR	014	poor	moderate	C	pEKD	pEKD	P40-Treat	TRAV13-2;TRBV11-2_;_TRAJ36;TRBJ2-7_TRA:CAEQGRGANNLFF;TRB:CASSLGPPPYEQYF_P40	3.994407829039345e-4	2	NA	NA	NA	NA	No	post_specific	NR-post_novel
P40	NR	014	poor	moderate	C	pEKD	pEKD	P40-Treat	TRAV19;TRBV7-2_;_TRAJ31;TRBJ2-1_TRA:CALSEAFNNARLMF;TRB:CASSLQAGGDNEQFF_P40	5.991611743559018e-4	3	P40-Baseline	6.160480517480363e-4	4	No	No	pre_post_share	NR-pre_existing
P40	NR	014	poor	moderate	C	pEKD	pEKD	P40-Treat	TRAV24;TRBV27_;_TRAJ17;TRBJ2-2_TRA:CALPPPIKAAGNKLTF;TRB:CASSAGSTGELFF_P40	3.994407829039345e-4	2	P40-Baseline	1.5401201293700908e-4	1	No	No	pre_post_share	NR-pre_existing
P40	NR	014	poor	moderate	C	pEKD	pEKD	P40-Treat	TRAV14/DV4;TRBV10-3_;TRBD1_TRAJ24;TRBJ1-1_TRA:CAMRDPALTTDSWGKLQF;TRB:CAISGTGNTEAFF_P40	5.991611743559018e-4	3	NA	NA	NA	NA	No	post_specific	NR-post_novel
P40	NR	014	poor	moderate	C	pEKD	pEKD	P40-Treat	TRAV8-3;TRBV5-6_;_TRAJ23;TRBJ2-1_TRA:CAVIYNQGGKLIF;TRB:CASSWDTDGYNEQFF_P40	0.0011983223487118	6	P40-Baseline	3.0802402587401816e-4	2	No	No	pre_post_share	NR-pre_existing
P40	NR	014	poor	moderate	C	pEKD	pEKD	P40-Treat	TRAV34;TRBV12-4_;_TRAJ53;TRBJ2-3_TRA:CGALPEGSNYKLTF;TRB:CASSPTLYTDTQYF_P40	5.991611743559018e-4	3	P40-Baseline	1.5401201293700908e-4	1	No	No	pre_post_share	NR-pre_existing
P40	NR	014	poor	moderate	C	pEKD	pEKD	P40-Treat	TRAV10;TRBV4-1_;TRBD2_TRAJ22;TRBJ2-3_TRA:CVVSAPSGSARQLTF;TRB:CASRVTSGGGYGTDTQYF_P40	7.98881565807869e-4	4	P40-Baseline	3.0802402587401816e-4	2	No	No	pre_post_share	NR-pre_existing
P40	NR	014	poor	moderate	C	pEKD	pEKD	P40-Treat	TRAV8-6;TRBV5-6_;_TRAJ30;TRBJ1-2_TRA:CAVIPMNRDDKIIF;TRB:CASSLEGGAGDNYGYTF_P40	0.00439384861194328	22	P40-Baseline	9.240720776220544e-4	6	No	No	pre_post_share	NR-pre_existing
P40	NR	014	poor	moderate	C	pEKD	pEKD	P40-Treat	TRAV26-1;TRBV24-1_;_TRAJ34;TRBJ1-1_TRA:CIGGSAIYNTDKLIF;TRB:CATSGVNTEAFF_P40	7.98881565807869e-4	4	P40-Baseline	1.5401201293700908e-4	1	No	No	pre_post_share	NR-pre_existing
P40	NR	014	poor	moderate	C	pEKD	pEKD	P40-Treat	TRAV38-2/DV8;TRBV6-2_;_TRAJ54;TRBJ1-1_TRA:CALEWQGAQKLVF;TRB:CASSRVVVLPNTEAFF_P40	3.994407829039345e-4	2	NA	NA	NA	NA	No	post_specific	NR-post_novel
P40	NR	014	poor	moderate	C	pEKD	pEKD	P40-Treat	TRAV13-1;TRBV4-1_;_TRAJ48;TRBJ1-1_TRA:CAAEDFGNEKLTF;TRB:CASSQDRGLEAFF_P40	7.98881565807869e-4	4	P40-Baseline	9.240720776220544e-4	6	No	No	pre_post_share	NR-pre_existing
P40	NR	014	poor	moderate	C	pEKD	pEKD	P40-Treat	TRAV8-6;TRBV24-1_;_TRAJ15;TRBJ2-7_TRA:CAVSKGTALIF;TRB:CATSESGTESYEQYF_P40	0.00139804274016377	7	P40-Baseline	1.5401201293700908e-4	1	No	No	pre_post_share	NR-pre_existing
P40	NR	014	poor	moderate	C	pEKD	pEKD	P40-Treat	TRAV16;TRBV18_;_TRAJ13;TRBJ2-5_TRA:CALPLYSGGYQKVTF;TRB:CASSPPNLDGQETQYF_P40	7.98881565807869e-4	4	P40-Baseline	3.0802402587401816e-4	2	No	No	pre_post_share	NR-pre_existing
P40	NR	014	poor	moderate	C	pEKD	pEKD	P40-Treat	TRAV35;TRBV6-1_;_TRAJ18;TRBJ2-7_TRA:CAGQFEPRIRDRGSTLGRLYF;TRB:CASSDFVLDEQYF_P40	0.01577791092470541	79	P40-Baseline	0.01509317726782689	98	Yes	Yes	pre_post_share	NR-pre_existing
P40	NR	014	poor	moderate	C	pEKD	pEKD	P40-Treat	TRAV12-1;TRBV29-1_;TRBD1_TRAJ31;TRBJ2-2_TRA:CVVNLNNARLMF;TRB:CSFRDRGRELFF_P40	5.991611743559018e-4	3	NA	NA	NA	NA	No	post_specific	NR-post_novel
P40	NR	014	poor	moderate	C	pEKD	pEKD	P40-Treat	TRAV38-2/DV8;TRBV20-1_;_TRAJ23;TRBJ2-5_TRA:CAYVNQGGKLIF;TRB:CSARDGYRGETQYF_P40	0.00159776313161573	8	P40-Baseline	9.240720776220544e-4	6	No	No	pre_post_share	NR-pre_existing
P40	NR	014	poor	moderate	C	pEKD	pEKD	P40-Treat	TRAV29/DV5;TRBV11-3_;TRBD1_TRAJ18;TRBJ1-2_TRA:CAAIDRGSTLGRLYF;TRB:CASSFLLPGQGSFYTF_P40	5.991611743559018e-4	3	NA	NA	NA	NA	No	post_specific	NR-post_novel
P40	NR	014	poor	moderate	C	pEKD	pEKD	P40-Treat	TRAV8-4;TRBV20-1_;_TRAJ52;TRBJ2-3_TRA:CAVRAVGGTSYGKLTF;TRB:CSAVISASSTDTQYF_P40	5.991611743559018e-4	3	P40-Baseline	6.160480517480363e-4	4	No	No	pre_post_share	NR-pre_existing
P40	NR	014	poor	moderate	C	pEKD	pEKD	P40-Treat	TRAV26-1;TRBV7-8_;TRBD1_TRAJ49;TRBJ1-4_TRA:CIVSTPNTGNQFYF;TRB:CASSTRQGGKLFF_P40	3.994407829039345e-4	2	NA	NA	NA	NA	No	post_specific	NR-post_novel
P40	NR	014	poor	moderate	C	pEKD	pEKD	P40-Treat	TRAV19;TRBV5-1_;_TRAJ9;TRBJ2-7_TRA:CALSEARHTGGFKTIF;TRB:CASKIGQLSGEQYF_P40	3.994407829039345e-4	2	P40-Baseline	0.00107808409055906	7	No	No	pre_post_share	NR-pre_existing
P40	NR	014	poor	moderate	C	pEKD	pEKD	P40-Treat	TRAV9-2;TRBV28_;_TRAJ28;TRBJ2-7_TRA:CALPGGAGSYQLTF;TRB:CASSSPSNEQYF_P40	0.01238266427002197	62	P40-Baseline	0.02294778992761435	149	Yes	Yes	pre_post_share	NR-pre_existing
P40	NR	014	poor	moderate	C	pEKD	pEKD	P40-Treat	TRAV1-2;TRBV24-1_;_TRAJ43;TRBJ1-1_TRA:CAVLGGNNNDMRF;TRB:CATSDGTLNTEAFF_P40	3.994407829039345e-4	2	P40-Baseline	3.0802402587401816e-4	2	No	No	pre_post_share	NR-pre_existing
P40	NR	014	poor	moderate	C	pEKD	pEKD	P40-Treat	TRAV1-2;TRBV5-4_;_TRAJ34;TRBJ2-3_TRA:CAVRDLFPGTDKLIF;TRB:CASSLSTDTQYF_P40	7.98881565807869e-4	4	P40-Baseline	1.5401201293700908e-4	1	No	No	pre_post_share	NR-pre_existing
P40	NR	014	poor	moderate	C	pEKD	pEKD	P40-Treat	TRAV27;TRBV9_;TRBD1_TRAJ53;TRBJ1-1_TRA:CAGTKRGSNYKLTF;TRB:CASSPQRTGNTEAFF_P40	0.00559217096065508	28	P40-Baseline	0.00462036038811027	30	No	No	pre_post_share	NR-pre_existing
P40	NR	014	poor	moderate	C	pEKD	pEKD	P40-Treat	TRAV41;TRBV6-2_;_TRAJ49;TRBJ2-5_TRA:CAVKGGGTGNQFYF;TRB:CASSYLAETQYF_P40	3.994407829039345e-4	2	P40-Baseline	3.0802402587401816e-4	2	No	No	pre_post_share	NR-pre_existing
P40	NR	014	poor	moderate	C	pEKD	pEKD	P40-Treat	TRAV9-2;TRBV28_;_TRAJ56;TRBJ2-6_TRA:CALSPRTGANSKLTF;TRB:CASSGRSHSGANVLTF_P40	3.994407829039345e-4	2	NA	NA	NA	NA	No	post_specific	NR-post_novel
P40	NR	014	poor	moderate	C	pEKD	pEKD	P40-Treat	TRAV41;TRBV9_;_TRAJ42;TRBJ2-7_TRA:CAVVNYGGSQGNLIF;TRB:CASSVGTSTEQYF_P40	0.0011983223487118	6	P40-Baseline	1.5401201293700908e-4	1	No	No	pre_post_share	NR-pre_existing
P40	NR	014	poor	moderate	C	pEKD	pEKD	P40-Treat	TRAV5;TRBV12-3_;TRBD1_TRAJ23;TRBJ2-7_TRA:CAERQGGKLIF;TRB:CASSGQGRYEQYF_P40	0.09486718593968443	475	P40-Baseline	0.08439858308948098	548	Yes	Yes	pre_post_share	NR-pre_existing
P40	NR	014	poor	moderate	C	pEKD	pEKD	P40-Treat	TRAV9-2;TRBV20-1_;_TRAJ5;TRBJ2-3_TRA:CALDTGRRALTF;TRB:CSASGSTDTQYF_P40	7.98881565807869e-4	4	P40-Baseline	1.5401201293700908e-4	1	No	No	pre_post_share	NR-pre_existing
P40	NR	014	poor	moderate	C	pEKD	pEKD	P40-Treat	TRAV19;TRBV7-2_;_TRAJ37;TRBJ2-1_TRA:CALFSGNTGKLIF;TRB:CASSLRAGYNEQFF_P40	5.991611743559018e-4	3	P40-Baseline	6.160480517480363e-4	4	No	No	pre_post_share	NR-pre_existing
P40	NR	014	poor	moderate	C	pEKD	pEKD	P40-Treat	TRAV3;TRBV9_;_TRAJ29;TRBJ2-7_TRA:CAVRDGDSGNTPLVF;TRB:CASSQHDRLGFYEQYF_P40	7.98881565807869e-4	4	P40-Baseline	0.00107808409055906	7	No	No	pre_post_share	NR-pre_existing
P40	NR	014	poor	moderate	C	pEKD	pEKD	P40-Treat	TRAV17;TRBV11-2_;_TRAJ16;TRBJ1-2_TRA:CATIEGQKLLF;TRB:CASSLGGQGYTF_P40	5.991611743559018e-4	3	P40-Baseline	4.620360388110272e-4	3	No	No	pre_post_share	NR-pre_existing
P40	NR	014	poor	moderate	C	pEKD	pEKD	P40-Treat	TRAV6;TRBV24-1_;_TRAJ31;TRBJ1-2_TRA:CALDMVGNARLMF;TRB:CATSEGYGYTF_P40	3.994407829039345e-4	2	NA	NA	NA	NA	No	post_specific	NR-post_novel
P40	NR	014	poor	moderate	C	pEKD	pEKD	P40-Treat	TRAV6;TRBV27_;_TRAJ6;TRBJ2-7_TRA:CALDTRGGSYIPTF;TRB:CASSGGGAYEQYF_P40	3.994407829039345e-4	2	P40-Baseline	0.00215616818111812	14	No	No	pre_post_share	NR-pre_existing
P40	NR	014	poor	moderate	C	pEKD	pEKD	P40-Treat	TRAV29/DV5;TRBV5-5_;_TRAJ30;TRBJ2-1_TRA:CAARDDKIIF;TRB:CASRYRADEQFF_P40	9.986019572598365e-4	5	P40-Baseline	4.620360388110272e-4	3	No	No	pre_post_share	NR-pre_existing
P40	NR	014	poor	moderate	C	pEKD	pEKD	P40-Treat	TRAV13-1;TRBV6-1_;TRBD1_TRAJ7;TRBJ1-2_TRA:CAARYGNNRLAF;TRB:CASSEGTGLYGYTF_P40	3.994407829039345e-4	2	P40-Baseline	3.0802402587401816e-4	2	No	No	pre_post_share	NR-pre_existing
P40	NR	014	poor	moderate	C	pEKD	pEKD	P40-Treat	TRAV29/DV5;TRBV6-5_;_TRAJ23;TRBJ1-1_TRA:CAATANLQGGKLIF;TRB:CASPSTNTEAFF_P40	5.991611743559018e-4	3	P40-Baseline	4.620360388110272e-4	3	No	No	pre_post_share	NR-pre_existing
P40	NR	014	poor	moderate	C	pEKD	pEKD	P40-Treat	TRAV19;TRBV27_;_TRAJ6;TRBJ2-7_TRA:CALSSGGSYIPTF;TRB:CATGTRTYEQYF_P40	3.994407829039345e-4	2	P40-Baseline	1.5401201293700908e-4	1	No	No	pre_post_share	NR-pre_existing
P40	NR	014	poor	moderate	C	pEKD	pEKD	P40-Treat	TRAV21;TRBV20-1_;_TRAJ15;TRBJ2-2_TRA:CAVSNQAGTALIF;TRB:CSARAPKTGELFF_P40	3.994407829039345e-4	2	NA	NA	NA	NA	No	post_specific	NR-post_novel
P40	NR	014	poor	moderate	C	pEKD	pEKD	P40-Treat	TRAV21;TRBV6-5_;_TRAJ33;TRBJ1-2_TRA:CAVLDSNYQLIW;TRB:CASSYGGNYGYTF_P40	3.994407829039345e-4	2	P40-Baseline	6.160480517480363e-4	4	No	No	pre_post_share	NR-pre_existing
P40	NR	014	poor	moderate	C	pEKD	pEKD	P40-Treat	TRAV8-4;TRBV14_;_TRAJ42;TRBJ2-7_TRA:CAVRTDYGGSQGNLIF;TRB:CASSQEVGYAYEQYF_P40	3.994407829039345e-4	2	P40-Baseline	1.5401201293700908e-4	1	No	No	pre_post_share	NR-pre_existing
P40	NR	014	poor	moderate	C	pEKD	pEKD	P40-Treat	TRAV1-2;TRBV6-2_;_TRAJ11;TRBJ2-6_TRA:CAVREKSGYSTLTF;TRB:CASSYAPNSGANVLTF_P40	3.994407829039345e-4	2	P40-Baseline	7.700600646850454e-4	5	No	No	pre_post_share	NR-pre_existing
P40	NR	014	poor	moderate	C	pEKD	pEKD	P40-Treat	TRAV5;TRBV9_;_TRAJ50;TRBJ2-7_TRA:CAVLKTSYDKVIF;TRB:CASSKMGGDEQYF_P40	0.00279608548032754	14	P40-Baseline	0.00261820421992915	17	No	No	pre_post_share	NR-pre_existing
P40	NR	014	poor	moderate	C	pEKD	pEKD	P40-Treat	TRAV27;TRBV28_;_TRAJ58;TRBJ2-3_TRA:CAGAFGNQWLSRLTF;TRB:CASSLREAKDTQYF_P40	0.00199720391451967	10	P40-Baseline	0.00200215616818111	13	No	No	pre_post_share	NR-pre_existing
P40	NR	014	poor	moderate	C	pEKD	pEKD	P40-Treat	TRAV1-2;TRBV20-1_;_TRAJ28;TRBJ2-5_TRA:CAVLPRGAGSYQLTF;TRB:CSARDLRGHSSGASGSPGETQYF_P40	7.98881565807869e-4	4	P40-Baseline	1.5401201293700908e-4	1	No	No	pre_post_share	NR-pre_existing
P40	NR	014	poor	moderate	C	pEKD	pEKD	P40-Treat	TRAV8-6;TRBV6-5_;_TRAJ53;TRBJ2-7_TRA:CAVSNSGGSNYKLTF;TRB:CASRLRDSYEQYF_P40	3.994407829039345e-4	2	P40-Baseline	1.5401201293700908e-4	1	No	No	pre_post_share	NR-pre_existing
P40	NR	014	poor	moderate	C	pEKD	pEKD	P40-Treat	TRAV8-6;TRBV6-6_;TRBD1_TRAJ7;TRBJ1-1_TRA:CAVSDSGNNRLAF;TRB:CASSPRWGQGNTEAFF_P40	5.991611743559018e-4	3	P40-Baseline	7.700600646850454e-4	5	No	No	pre_post_share	NR-pre_existing
P40	NR	014	poor	moderate	C	pEKD	pEKD	P40-Treat	TRAV26-1;TRBV27_;TRBD1_TRAJ52;TRBJ2-7_TRA:CIVRATSYGKLTF;TRB:CATGRQGAGEQYF_P40	3.994407829039345e-4	2	NA	NA	NA	NA	No	post_specific	NR-post_novel
P40	NR	014	poor	moderate	C	pEKD	pEKD	P40-Treat	TRAV8-2;TRBV4-1_;_TRAJ49;TRBJ1-5_TRA:CVVSDPGNQFYF;TRB:CASSQETSTNQPQHF_P40	0.00139804274016377	7	P40-Baseline	3.0802402587401816e-4	2	No	No	pre_post_share	NR-pre_existing
P40	NR	014	poor	moderate	C	pEKD	pEKD	P40-Treat	TRAV1-2;TRBV29-1_;_TRAJ33;TRBJ1-1_TRA:CAVKDSNYQLIW;TRB:CSVELGNTEAFF_P40	3.994407829039345e-4	2	NA	NA	NA	NA	No	post_specific	NR-post_novel
P40	NR	014	poor	moderate	C	pEKD	pEKD	P40-Treat	TRAV3;TRBV5-6_;_TRAJ36;TRBJ2-7_TRA:CAVRGPTGANNLFF;TRB:CASSLGTSREQYF_P40	3.994407829039345e-4	2	NA	NA	NA	NA	No	post_specific	NR-post_novel
P40	NR	014	poor	moderate	C	pEKD	pEKD	P40-Treat	TRAV4;TRBV3-1_;TRBD1_TRAJ43;TRBJ2-1_TRA:CLVEARNNNDMRF;TRB:CASSPGTGVGEQFF_P40	3.994407829039345e-4	2	NA	NA	NA	NA	No	post_specific	NR-post_novel
P40	NR	014	poor	moderate	C	pEKD	pEKD	P40-Treat	TRAV8-4;TRBV20-1_;_TRAJ4;TRBJ2-3_TRA:CAVSEGIGGYNKLIF;TRB:CSARGQATDTQYF_P40	3.994407829039345e-4	2	NA	NA	NA	NA	No	post_specific	NR-post_novel
P40	NR	014	poor	moderate	C	pEKD	pEKD	P40-Treat	TRAV26-2;TRBV28_;_TRAJ44;TRBJ2-1_TRA:CILRDVSQHIRTGTASKLTF;TRB:CATKYRDGGNNEQFF_P40	3.994407829039345e-4	2	NA	NA	NA	NA	No	post_specific	NR-post_novel
P40	NR	014	poor	moderate	C	pEKD	pEKD	P40-Treat	TRAV23/DV6;TRBV24-1_;TRBD2_TRAJ29;TRBJ2-3_TRA:CAGSHSGDTPLVF;TRB:CATSGGLAGRFTDTQYF_P40	3.994407829039345e-4	2	P40-Baseline	1.5401201293700908e-4	1	No	No	pre_post_share	NR-pre_existing
P40	NR	014	poor	moderate	C	pEKD	pEKD	P40-Treat	TRAV16;TRBV20-1_;_TRAJ21;TRBJ2-2_TRA:CALRGDNFNKFYF;TRB:CSATPSRGFTGELFF_P40	7.98881565807869e-4	4	P40-Baseline	6.160480517480363e-4	4	No	No	pre_post_share	NR-pre_existing
P40	NR	014	poor	moderate	C	pEKD	pEKD	P40-Treat	TRAV13-2;TRBV5-1_;_TRAJ49;TRBJ2-3_TRA:CAENAWVVGNQFYF;TRB:CASSLEDRDTQYF_P40	0.00599161174355901	30	NA	NA	NA	NA	No	post_specific	NR-post_novel
P40	NR	014	poor	moderate	C	pEKD	pEKD	P40-Treat	TRAV5;TRBV6-4_;_TRAJ29;TRBJ2-3_TRA:CAEPPSTGNTPLVF;TRB:CASSLAGGEDTQYF_P40	7.98881565807869e-4	4	P40-Baseline	3.0802402587401816e-4	2	No	No	pre_post_share	NR-pre_existing
P40	NR	014	poor	moderate	C	pEKD	pEKD	P40-Treat	TRAV13-2;TRBV7-2_;_TRAJ15;TRBJ2-3_TRA:CAEKSQAGTALIF;TRB:CASSASGLQAQYF_P40	7.98881565807869e-4	4	P40-Baseline	1.5401201293700908e-4	1	No	No	pre_post_share	NR-pre_existing
P40	NR	014	poor	moderate	C	pEKD	pEKD	P40-Treat	TRAV3;TRBV6-1_;TRBD1_TRAJ13;TRBJ2-1_TRA:CAVRPSTSGGYQKVTF;TRB:CASRQDRGPYNEQFF_P40	9.986019572598365e-4	5	P40-Baseline	0.00123209610349607	8	No	No	pre_post_share	NR-pre_existing
P40	NR	014	poor	moderate	C	pEKD	pEKD	P40-Treat	TRAV17;TRBV20-1_;_TRAJ9;TRBJ2-1_TRA:CATGRGGGFKTIF;TRB:CSANRVDEQFF_P40	9.986019572598365e-4	5	P40-Baseline	1.5401201293700908e-4	1	No	No	pre_post_share	NR-pre_existing
P40	NR	014	poor	moderate	C	pEKD	pEKD	P40-Treat	TRAV17;TRBV27_;TRBD2_TRAJ30;TRBJ2-2_TRA:CATDDKIIF;TRB:CASSQRRLAGGRTGELFF_P40	5.991611743559018e-4	3	NA	NA	NA	NA	No	post_specific	NR-post_novel
P40	NR	014	poor	moderate	C	pEKD	pEKD	P40-Treat	TRAV38-1;TRBV28_;_TRAJ52;TRBJ1-2_TRA:CAFIPPNAGGTSYGKLTF;TRB:CASSFLGGRANGYTF_P40	0.01957259836229279	98	P40-Baseline	0.01570922531957492	102	Yes	Yes	pre_post_share	NR-pre_existing
P40	NR	014	poor	moderate	C	pEKD	pEKD	P40-Treat	TRAV9-2;TRBV3-1_;_TRAJ23;TRBJ2-2_TRA:CALSYNQGGKLIF;TRB:CASRSGVDTGELFF_P40	3.994407829039345e-4	2	NA	NA	NA	NA	No	post_specific	NR-post_novel
P40	NR	014	poor	moderate	C	pEKD	pEKD	P40-Treat	TRAV26-2;TRBV4-1_;_TRAJ57;TRBJ2-3_TRA:CILRARTQGGSEKLVF;TRB:CASRASDYQSTDTQYF_P40	5.991611743559018e-4	3	P40-Baseline	0.00154012012937009	10	No	No	pre_post_share	NR-pre_existing
P40	NR	014	poor	moderate	C	pEKD	pEKD	P40-Treat	TRAV26-2;TRBV3-1_;_TRAJ44;TRBJ1-6_TRA:CILRSSIYAGTASKLTF;TRB:CASSHGSQGSLHF_P40	3.994407829039345e-4	2	NA	NA	NA	NA	No	post_specific	NR-post_novel
P40	NR	014	poor	moderate	C	pEKD	pEKD	P40-Treat	TRAV30;TRBV9_;TRBD1_TRAJ15;TRBJ1-1_TRA:CGTVQNQAGTALIF;TRB:CASSEDTGALNTEAFF_P40	7.98881565807869e-4	4	NA	NA	NA	NA	No	post_specific	NR-post_novel
P40	NR	014	poor	moderate	C	pEKD	pEKD	P40-Treat	TRAV9-2;TRBV27_;_TRAJ28;TRBJ2-5_TRA:CALRPGAGSYQLTF;TRB:CASSRGLQETQYF_P40	3.994407829039345e-4	2	P40-Baseline	1.5401201293700908e-4	1	No	No	pre_post_share	NR-pre_existing
P40	NR	014	poor	moderate	C	pEKD	pEKD	P40-Treat	TRAV13-2;TRBV6-5_;TRBD1_TRAJ50;TRBJ2-7_TRA:CAEKESFYDKVIF;TRB:CASSTRPGTGSVAFGEQYF_P40	7.98881565807869e-4	4	P40-Baseline	1.5401201293700908e-4	1	No	No	pre_post_share	NR-pre_existing
P40	NR	014	poor	moderate	C	pEKD	pEKD	P40-Treat	TRAV12-1;TRBV28_;_TRAJ40;TRBJ2-7_TRA:CVVFWRTSGTYKYIF;TRB:CASSSPSNEQYF_P40	0.01138406231276213	57	P40-Baseline	0.00862467272447251	56	No	Yes	pre_post_share	NR-pre_existing
P40	NR	014	poor	moderate	C	pEKD	pEKD	P40-Treat	TRAV2;TRBV10-3_;_TRAJ42;TRBJ2-1_TRA:CAVEGPMNYGGSQGNLIF;TRB:CAISTDRDNEQFF_P40	3.994407829039345e-4	2	P40-Baseline	0.0052364084398583	34	No	No	pre_post_share	NR-pre_existing
P40	NR	014	poor	moderate	C	pEKD	pEKD	P40-Treat	TRAV13-1;TRBV6-1_;_TRAJ50;TRBJ2-7_TRA:CAATNSQTSYDKVIF;TRB:CASKANALYEQYF_P40	7.98881565807869e-4	4	P40-Baseline	1.5401201293700908e-4	1	No	No	pre_post_share	NR-pre_existing
P40	NR	014	poor	moderate	C	pEKD	pEKD	P40-Treat	TRAV9-2;TRBV20-1_;_TRAJ16;TRBJ2-7_TRA:CALRDGQKLLF;TRB:CSASGQGISGWSYEQYF_P40	0.0011983223487118	6	P40-Baseline	4.620360388110272e-4	3	No	No	pre_post_share	NR-pre_existing
P40	NR	014	poor	moderate	C	pEKD	pEKD	P40-Treat	TRAV14/DV4;TRBV7-2_;TRBD1_TRAJ49;TRBJ2-6_TRA:CAMREGSGNQFYF;TRB:CASSLELRDRGRSFSGDSGANVLTF_P40	9.986019572598365e-4	5	P40-Baseline	0.00231018019405513	15	No	No	pre_post_share	NR-pre_existing
P40	NR	014	poor	moderate	C	pEKD	pEKD	P40-Treat	TRAV5;TRBV7-2_;_TRAJ34;TRBJ2-7_TRA:CAVPLSYNTDKLIF;TRB:CASSPGPSYEQYF_P40	3.994407829039345e-4	2	P40-Baseline	4.620360388110272e-4	3	No	No	pre_post_share	NR-pre_existing
P40	NR	014	poor	moderate	C	pEKD	pEKD	P40-Treat	TRAV22;TRBV9_;_TRAJ26;TRBJ2-3_TRA:CASDNYGQNFVF;TRB:CASSVESDTQYF_P40	3.994407829039345e-4	2	NA	NA	NA	NA	No	post_specific	NR-post_novel
P40	NR	014	poor	moderate	C	pEKD	pEKD	P40-Treat	TRAV10;TRBV20-1_;TRBD1_TRAJ13;TRBJ1-4_TRA:CVVSALNSGGYQKVTF;TRB:CSARGRHLGTAANEKLFF_P40	3.994407829039345e-4	2	NA	NA	NA	NA	No	post_specific	NR-post_novel
P40	NR	014	poor	moderate	C	pEKD	pEKD	P40-Treat	TRAV24;TRBV5-6_;_TRAJ26;TRBJ1-4_TRA:CASYGQNFVF;TRB:CASSLIATNEKLFF_P40	7.98881565807869e-4	4	P40-Baseline	0.00231018019405513	15	No	No	pre_post_share	NR-pre_existing
P40	NR	014	poor	moderate	C	pEKD	pEKD	P40-Treat	TRAV3;TRBV20-1_;_TRAJ49;TRBJ1-2_TRA:CAVSDAGNQFYF;TRB:CSARVQVGYTF_P40	0.00579189135210705	29	P40-Baseline	0.0052364084398583	34	No	No	pre_post_share	NR-pre_existing
P40	NR	014	poor	moderate	C	pEKD	pEKD	P40-Treat	TRAV29/DV5;TRBV5-1_;TRBD1_TRAJ31;TRBJ2-7_TRA:CAASGDNNARLMF;TRB:CASSSKQGEDEQYF_P40	0.00159776313161573	8	P40-Baseline	0.00123209610349607	8	No	No	pre_post_share	NR-pre_existing
P40	NR	014	poor	moderate	C	pEKD	pEKD	P40-Treat	TRAV14/DV4;TRBV4-1_;_TRAJ21;TRBJ1-6_TRA:CAMRDPNFNKFYF;TRB:CASSQEVGAGWDNSPLHF_P40	0.00139804274016377	7	P40-Baseline	0.00138610811643308	9	No	No	pre_post_share	NR-pre_existing
P40	NR	014	poor	moderate	C	pEKD	pEKD	P40-Treat	TRAV26-1;TRBV14_;_TRAJ54;TRBJ2-7_TRA:CIAQRVPGAQKLVF;TRB:CASSAADAGWYEQYF_P40	5.991611743559018e-4	3	P40-Baseline	4.620360388110272e-4	3	No	No	pre_post_share	NR-pre_existing
P40	NR	014	poor	moderate	C	pEKD	pEKD	P40-Treat	TRAV26-1;TRBV12-3_;TRBD1_TRAJ49;TRBJ1-1_TRA:CIVRVATGNQFYF;TRB:CASRGGTGAPEAFF_P40	5.991611743559018e-4	3	NA	NA	NA	NA	No	post_specific	NR-post_novel
P40	NR	014	poor	moderate	C	pEKD	pEKD	P40-Treat	TRAV21;TRBV7-2_;_TRAJ20;TRBJ2-2_TRA:CAVRVSNDYKLSF;TRB:CASSFQWAGELFF_P40	7.98881565807869e-4	4	P40-Baseline	4.620360388110272e-4	3	No	No	pre_post_share	NR-pre_existing
P40	NR	014	poor	moderate	C	pEKD	pEKD	P40-Treat	TRAV3;TRBV3-1_;_TRAJ27;TRBJ2-1_TRA:CAVRGYNTNAGKSTF;TRB:CASSQRTVTVF_P40	3.994407829039345e-4	2	NA	NA	NA	NA	No	post_specific	NR-post_novel
P40	NR	014	poor	moderate	C	pEKD	pEKD	P40-Treat	TRAV8-1;TRBV5-6_;TRBD1_TRAJ6;TRBJ1-6_TRA:CAVNGGGSYIPTF;TRB:CASSLRQGANSPLHF_P40	5.991611743559018e-4	3	P40-Baseline	1.5401201293700908e-4	1	No	No	pre_post_share	NR-pre_existing
P40	NR	014	poor	moderate	C	pEKD	pEKD	P40-Treat	TRAV8-4;TRBV6-5_;TRBD1_TRAJ32;TRBJ1-6_TRA:CAVIPEGYGGATNKLIF;TRB:CASSWGTGRSDSPLHF_P40	7.98881565807869e-4	4	P40-Baseline	9.240720776220544e-4	6	No	No	pre_post_share	NR-pre_existing
P40	NR	014	poor	moderate	C	pEKD	pEKD	P40-Treat	TRAV21;TRBV6-5_;_TRAJ49;TRBJ1-2_TRA:CAVIGGDTGNQFYF;TRB:CASLEVSSGYGYTF_P40	5.991611743559018e-4	3	P40-Baseline	6.160480517480363e-4	4	No	No	pre_post_share	NR-pre_existing
P40	NR	014	poor	moderate	C	pEKD	pEKD	P40-Treat	TRAV29/DV5;TRBV5-1_;_TRAJ36;TRBJ2-3_TRA:CAASARTGANNLFF;TRB:CASSSGGRGDTQYF_P40	0.00139804274016377	7	P40-Baseline	0.00123209610349607	8	No	No	pre_post_share	NR-pre_existing
P40	NR	014	poor	moderate	C	pEKD	pEKD	P40-Treat	TRAV12-1;TRBV2_;TRBD2_TRAJ12;TRBJ2-7_TRA:CVVSGDSSYKLIF;TRB:CASSDPGLSVGEQYF_P40	5.991611743559018e-4	3	NA	NA	NA	NA	No	post_specific	NR-post_novel
P40	NR	014	poor	moderate	C	pEKD	pEKD	P40-Treat	TRAV3;TRBV20-1_;TRBD1_TRAJ9;TRBJ2-1_TRA:CAVRAPNTGGFKTIF;TRB:CSARGTGGRVEQFF_P40	3.994407829039345e-4	2	NA	NA	NA	NA	No	post_specific	NR-post_novel
P40	NR	014	poor	moderate	C	pEKD	pEKD	P40-Treat	TRAV38-1;TRBV24-1_;TRBD1_TRAJ42;TRBJ2-5_TRA:CAFMKPNYGGSQGNLIF;TRB:CATSPGTGVKTQYF_P40	3.994407829039345e-4	2	P40-Baseline	4.620360388110272e-4	3	No	No	pre_post_share	NR-pre_existing
P40	NR	014	poor	moderate	C	pEKD	pEKD	P40-Treat	TRAV19;TRBV20-1_;TRBD2_TRAJ39;TRBJ2-1_TRA:CALATYNAGNMLTF;TRB:CSARALAGGANEQFF_P40	3.994407829039345e-4	2	NA	NA	NA	NA	No	post_specific	NR-post_novel
P40	NR	014	poor	moderate	C	pEKD	pEKD	P40-Treat	TRAV17;TRBV2_;_TRAJ47;TRBJ2-5_TRA:CATDHLELMEYGNKLVF;TRB:CASSLRETQYF_P40	5.991611743559018e-4	3	P40-Baseline	1.5401201293700908e-4	1	No	No	pre_post_share	NR-pre_existing
P40	NR	014	poor	moderate	C	pEKD	pEKD	P40-Treat	TRAV9-2;TRBV19_;_TRAJ15;TRBJ2-3_TRA:CALSQAGTALIF;TRB:CASSFGTSGTDTQYF_P40	3.994407829039345e-4	2	NA	NA	NA	NA	No	post_specific	NR-post_novel
P40	NR	014	poor	moderate	C	pEKD	pEKD	P40-Treat	TRAV17;TRBV2_;_TRAJ4;TRBJ2-3_TRA:CATHSGGYNKLIF;TRB:CASIRTDTQYF_P40	5.991611743559018e-4	3	P40-Baseline	4.620360388110272e-4	3	No	No	pre_post_share	NR-pre_existing
P40	NR	014	poor	moderate	C	pEKD	pEKD	P40-Treat	TRAV8-1;TRBV9_;TRBD1_TRAJ33;TRBJ2-2_TRA:CAVTLDSNYQLIW;TRB:CASSVFGNGELFF_P40	3.994407829039345e-4	2	P40-Baseline	6.160480517480363e-4	4	No	No	pre_post_share	NR-pre_existing
P40	NR	014	poor	moderate	C	pEKD	pEKD	P40-Treat	TRAV8-1;TRBV4-1_;_TRAJ41;TRBJ1-1_TRA:CAVNAKYQTGYALNF;TRB:CASSQDRGLEAFF_P40	3.994407829039345e-4	2	NA	NA	NA	NA	No	post_specific	NR-post_novel
P40	NR	014	poor	moderate	C	pEKD	pEKD	P40-Treat	TRAV25;TRBV12-3_;TRBD1_TRAJ45;TRBJ2-7_TRA:CAGPIRGGADGLTF;TRB:CASRPGQGSYEQYF_P40	0.00858797683243459	43	P40-Baseline	0.0069305405821654	45	No	No	pre_post_share	NR-pre_existing
P41	R	016	good	severe	A	good	good	P41-Treat	TRAV29/DV5;TRBV6-6_;_TRAJ48;TRBJ2-5_TRA:CAGPGGFGNEKLTF;TRB:CASSYGAQETQYF_P41	0.00190294957183634	2	P41-Baseline	2.1213406873143824e-4	1	No	No	pre_post_share	R-pre_existing
P41	R	016	good	severe	A	good	good	P41-Treat	TRAV26-1;TRBV7-6_;_TRAJ36;TRBJ2-7_TRA:CIVSPRDQTGANNLFF;TRB:CASSPPGGYEQYF_P41	0.00190294957183634	2	NA	NA	NA	NA	No	post_specific	R-post_novel
P41	R	016	good	severe	A	good	good	P41-Treat	TRAV14/DV4;TRBV20-1_;_TRAJ40;TRBJ2-5_TRA:CAMRERGGLASGTYKYIF;TRB:CSARRMNEETQYF_P41	0.00285442435775451	3	P41-Baseline	0.00530335171828595	25	No	No	pre_post_share	R-pre_existing
P41	R	016	good	severe	A	good	good	P41-Treat	TRAV12-3;TRBV20-1_;_TRAJ33;TRBJ1-1_TRA:CAMSGESNYQLIW;TRB:CSASLGTNTEAFF_P41	0.00190294957183634	2	NA	NA	NA	NA	No	post_specific	R-post_novel
P41	R	016	good	severe	A	good	good	P41-Treat	TRAV12-3;TRBV20-1_;_TRAJ49;TRBJ1-2_TRA:CAMSVQTGNQFYF;TRB:CSARAGDSYGYTF_P41	0.00285442435775451	3	NA	NA	NA	NA	No	post_specific	R-post_novel
P41	R	016	good	severe	A	good	good	P41-Treat	TRAV14/DV4;TRBV20-1_;_TRAJ22;TRBJ2-5_TRA:CAMRALSGSARQLTF;TRB:CSATTGTSVEWVETQYF_P41	0.00190294957183634	2	NA	NA	NA	NA	No	post_specific	R-post_novel
P41	R	016	good	severe	A	good	good	P41-Treat	TRAV19;TRBV7-2_;_TRAJ23;TRBJ2-3_TRA:CALSVYNQGGKLIF;TRB:CASSSRGTADTQYF_P41	0.00380589914367269	4	NA	NA	NA	NA	No	post_specific	R-post_novel
P41	R	016	good	severe	A	good	good	P41-Treat	TRAV9-2;TRBV4-3_;_TRAJ20;TRBJ2-3_TRA:CALKDKLSF;TRB:CASSRTTGTWGDTQYF_P41	0.00475737392959086	5	NA	NA	NA	NA	No	post_specific	R-post_novel
P41	R	016	good	severe	A	good	good	P41-Treat	TRAV22;TRBV2_;_TRAJ15;TRBJ2-7_TRA:CAVDRANQAGTALIF;TRB:CASSIGDSSSEQYF_P41	0.00190294957183634	2	NA	NA	NA	NA	No	post_specific	R-post_novel
P41	R	016	good	severe	A	good	good	P41-Treat	TRAV9-2;TRBV4-1_;_TRAJ52;TRBJ1-2_TRA:CALQGGGTSYGKLTF;TRB:CASSPRDTGAGYGYTF_P41	0.00285442435775451	3	NA	NA	NA	NA	No	post_specific	R-post_novel
P41	R	016	good	severe	A	good	good	P41-Treat	TRAV38-2/DV8;TRBV27_;_TRAJ43;TRBJ2-2_TRA:CAYGEGGDMRF;TRB:CASSLWGARTGELFF_P41	0.00285442435775451	3	P41-Baseline	0.00339414509970301	16	No	No	pre_post_share	R-pre_existing
P41	R	016	good	severe	A	good	good	P41-Treat	TRAV35;TRBV6-5_;_TRAJ39;TRBJ1-2_TRA:CAGGAGNMLTF;TRB:CASRLTGGYGYTF_P41	0.00190294957183634	2	P41-Baseline	2.1213406873143824e-4	1	No	No	pre_post_share	R-pre_existing
P41	R	016	good	severe	A	good	good	P41-Treat	TRAV9-2;TRBV29-1_;_TRAJ43;TRBJ2-2_TRA:CALSAYNNDMRF;TRB:CSVPSATGELFF_P41	0.03235014272121789	34	P41-Baseline	0.06554942723801442	309	Yes	Yes	pre_post_share	R-pre_existing
P41	R	016	good	severe	A	good	good	P41-Treat	TRAV23/DV6;TRBV6-5_;TRBD1_TRAJ57;TRBJ1-2_TRA:CAGGVGYGSEKLVF;TRB:CASSGYRDRGNGYTF_P41	0.00190294957183634	2	NA	NA	NA	NA	No	post_specific	R-post_novel
P41	R	016	good	severe	A	good	good	P41-Treat	TRAV26-1;TRBV4-2_;_TRAJ53;TRBJ2-1_TRA:CIVRVGGGSNYKLTF;TRB:CASSQEETPYNEQFF_P41	0.01236917221693625	13	P41-Baseline	0.01336444633008061	63	Yes	Yes	pre_post_share	R-pre_existing
P41	R	016	good	severe	A	good	good	P41-Treat	TRAV19;TRBV6-2_;_TRAJ50;TRBJ2-4_TRA:CALSEISDKVIF;TRB:CASSYYAGLGQIQYF_P41	0.00285442435775451	3	NA	NA	NA	NA	No	post_specific	R-post_novel
P41	R	016	good	severe	A	good	good	P41-Treat	TRAV12-3;TRBV25-1_;TRBD1_TRAJ10;TRBJ1-4_TRA:CAMSVPGGGNKLTF;TRB:CASEGQGSGSAEKLFF_P41	0.00190294957183634	2	P41-Baseline	6.364022061943148e-4	3	No	No	pre_post_share	R-pre_existing
P41	R	016	good	severe	A	good	good	P41-Treat	TRAV1-2;TRBV2_;_TRAJ6;TRBJ2-1_TRA:CAVRGASGGSYIPTF;TRB:CASSAGGREYNEQFF_P41	0.00380589914367269	4	P41-Baseline	0.00296987696224013	14	No	No	pre_post_share	R-pre_existing
P41	R	016	good	severe	A	good	good	P41-Treat	TRAV1-2;TRBV6-1_;_TRAJ6;TRBJ1-5_TRA:CAVPISGGSYIPTF;TRB:CASSEVERQPQHF_P41	0.00285442435775451	3	NA	NA	NA	NA	No	post_specific	R-post_novel
P41	R	016	good	severe	A	good	good	P41-Treat	TRAV10;TRBV6-5_;_TRAJ45;TRBJ2-3_TRA:CVVSIYSGGGADGLTF;TRB:CASSYSGGRATDTQYF_P41	0.01807802093244529	19	P41-Baseline	0.11094611794654222	523	Yes	Yes	pre_post_share	R-pre_existing
P41	R	016	good	severe	A	good	good	P41-Treat	TRAV1-2;TRBV20-1_;TRBD2_TRAJ29;TRBJ2-7_TRA:CAVRSPSGNTPLVF;TRB:CSAKTSGRAPHEQYF_P41	0.00190294957183634	2	P41-Baseline	0.00190920661858294	9	No	No	pre_post_share	R-pre_existing
P41	R	016	good	severe	A	good	good	P41-Treat	TRAV12-1;TRBV5-4_;TRBD1_TRAJ47;TRBJ2-1_TRA:CVVNIYGNKLVF;TRB:CASSLAGTGGYEQFF_P41	0.00380589914367269	4	NA	NA	NA	NA	No	post_specific	R-post_novel
P41	R	016	good	severe	A	good	good	P41-Treat	TRAV26-1;TRBV4-2_;_TRAJ53;TRBJ2-1_TRA:CIVRTNSGGSNYKLTF;TRB:CASSQEETPYNEQFF_P41	0.00190294957183634	2	P41-Baseline	4.242681374628766e-4	2	No	No	pre_post_share	R-pre_existing
P41	R	016	good	severe	A	good	good	P41-Treat	TRAV3;TRBV28_;_TRAJ37;TRBJ2-1_TRA:CAVLSGNTGKLIF;TRB:CASSFLTGTQFF_P41	0.00285442435775451	3	NA	NA	NA	NA	No	post_specific	R-post_novel
P41	R	016	good	severe	A	good	good	P41-Treat	TRAV23/DV6;TRBV6-5_;TRBD1_TRAJ52;TRBJ2-1_TRA:CAASIKAGGTSYGKLTF;TRB:CASSYWQGAEQFF_P41	0.00285442435775451	3	P41-Baseline	0.02906236741620704	137	Yes	No	pre_post_share	R-pre_existing
P41	R	016	good	severe	A	good	good	P41-Treat	TRAV14/DV4;TRBV14_;_TRAJ37;TRBJ1-3_TRA:CAMSDGSSNTGKLIF;TRB:CASSPTRPPGNTIYF_P41	0.00190294957183634	2	P41-Baseline	0.00127280441238862	6	No	No	pre_post_share	R-pre_existing
P41	R	016	good	severe	A	good	good	P41-Treat	TRAV12-2;TRBV24-1_;TRBD1_TRAJ45;TRBJ2-1_TRA:CAAWYSGGGADGLTF;TRB:CATGPGDNEQFF_P41	0.00951474785918173	10	P41-Baseline	0.01569792108612643	74	Yes	Yes	pre_post_share	R-pre_existing
P41	R	016	good	severe	A	good	good	P41-Treat	TRAV26-1;TRBV18_;_TRAJ52;TRBJ2-7_TRA:CMRHAGGTSYGKLTF;TRB:CASSPAGTSGSYEQYF_P41	0.00190294957183634	2	NA	NA	NA	NA	No	post_specific	R-post_novel
P41	R	016	good	severe	A	good	good	P41-Treat	TRAV38-2/DV8;TRBV5-1_;_TRAJ42;TRBJ2-1_TRA:CAYRRGSQGNLIF;TRB:CASSLGMGGRAEDEQFF_P41	0.00380589914367269	4	NA	NA	NA	NA	No	post_specific	R-post_novel
P41	R	016	good	severe	A	good	good	P41-Treat	TRAV9-2;TRBV28_;_TRAJ56;TRBJ2-7_TRA:CALRSTGANSKLTF;TRB:CASSDQGTYEQYF_P41	0.00190294957183634	2	NA	NA	NA	NA	No	post_specific	R-post_novel
P41	R	016	good	severe	A	good	good	P41-Treat	TRAV17;TRBV6-5_;_TRAJ5;TRBJ1-6_TRA:CATGMDTGRRALTF;TRB:CASSYKGNGPNNSPLHF_P41	0.00475737392959086	5	NA	NA	NA	NA	No	post_specific	R-post_novel
P41	R	016	good	severe	A	good	good	P41-Treat	TRAV29/DV5;TRBV18_;_TRAJ42;TRBJ2-5_TRA:CAASGTEGSQGNLIF;TRB:CASSPQQGETQYF_P41	0.00190294957183634	2	NA	NA	NA	NA	No	post_specific	R-post_novel
P41	R	016	good	severe	A	good	good	P41-Treat	TRAV12-2;TRBV9_;_TRAJ42;TRBJ2-5_TRA:CAVHYGGSQGNLIF;TRB:CASNSGSGETQYF_P41	0.00380589914367269	4	P41-Baseline	0.00148493848112006	7	No	No	pre_post_share	R-pre_existing
P41	R	016	good	severe	A	good	good	P41-Treat	TRAV29/DV5;TRBV4-1_;_TRAJ26;TRBJ2-5_TRA:CAASDYGQNFVF;TRB:CASSQDPGSQETQYF_P41	0.00190294957183634	2	NA	NA	NA	NA	No	post_specific	R-post_novel
P41	R	016	good	severe	A	good	good	P41-Treat	TRAV2;TRBV7-9_;_TRAJ16;TRBJ2-3_TRA:CAFSDGQKLLF;TRB:CASSLLADTSTDTQYF_P41	0.00380589914367269	4	NA	NA	NA	NA	No	post_specific	R-post_novel
P41	R	016	good	severe	A	good	good	P41-Treat	TRAV19;TRBV13_;_TRAJ58;TRBJ2-7_TRA:CALRARETSGSRLTF;TRB:CASSDLAGGPYEQYF_P41	0.00475737392959086	5	NA	NA	NA	NA	No	post_specific	R-post_novel
P41	R	016	good	severe	A	good	good	P41-Treat	TRAV3;TRBV9_;_TRAJ48;TRBJ2-3_TRA:CAVRDMGGNEKLTF;TRB:CASSVDYTDTQYF_P41	0.00190294957183634	2	NA	NA	NA	NA	No	post_specific	R-post_novel
P41	R	016	good	severe	A	good	good	P41-Treat	TRAV8-4;TRBV24-1_;_TRAJ8;TRBJ1-5_TRA:CAVSRTGFQKLVF;TRB:CATSEAGKGQPQHF_P41	0.00190294957183634	2	NA	NA	NA	NA	No	post_specific	R-post_novel
P41	R	016	good	severe	A	good	good	P41-Treat	TRAV21;TRBV7-9_;_TRAJ45;TRBJ1-2_TRA:CAVRSRYSGGGADGLTF;TRB:CASSSDYDRGSYTF_P41	0.04471931493815414	47	P41-Baseline	6.364022061943148e-4	3	No	Yes	pre_post_share	R-pre_existing
P41	R	016	good	severe	A	good	good	P41-Treat	TRAV24;TRBV7-2_;_TRAJ27;TRBJ2-5_TRA:CAFTHNTNAGKSTF;TRB:CASSLSVTPQQETQYF_P41	0.00285442435775451	3	NA	NA	NA	NA	No	post_specific	R-post_novel
P41	R	016	good	severe	A	good	good	P41-Treat	TRAV9-2;TRBV11-1_;_TRAJ48;TRBJ2-1_TRA:CALSGSGFGNEKLTF;TRB:CASSPRTTDNEQFF_P41	0.00380589914367269	4	NA	NA	NA	NA	No	post_specific	R-post_novel
P41	R	016	good	severe	A	good	good	P41-Treat	TRAV26-1;TRBV14_;_TRAJ4;TRBJ1-3_TRA:CIVRFPLFSGGYNKLIF;TRB:CASSQGRNSGNTIYF_P41	0.00380589914367269	4	NA	NA	NA	NA	No	post_specific	R-post_novel
P41	R	016	good	severe	A	good	good	P41-Treat	TRAV29/DV5;TRBV18_;_TRAJ42;TRBJ1-5_TRA:CAASSSEGSQGNLIF;TRB:CASSMQLNQPQHF_P41	0.00380589914367269	4	NA	NA	NA	NA	No	post_specific	R-post_novel
P41	R	016	good	severe	A	good	good	P41-Treat	TRAV41;TRBV7-2_;_TRAJ31;TRBJ2-3_TRA:CAVRDGNNARLMF;TRB:CASSPRSYPKGSDTQYF_P41	0.00190294957183634	2	NA	NA	NA	NA	No	post_specific	R-post_novel
P41	R	016	good	severe	A	good	good	P41-Treat	TRAV29/DV5;TRBV4-3_;_TRAJ30;TRBJ2-1_TRA:CAARSDKIIF;TRB:CASSQEIGLINEQFF_P41	0.00380589914367269	4	P41-Baseline	0.00530335171828595	25	No	No	pre_post_share	R-pre_existing
P41	R	016	good	severe	A	good	good	P41-Treat	TRAV29/DV5;TRBV7-2_;_TRAJ31;TRBJ2-3_TRA:CAASGGANARLMF;TRB:CASSLGGAAGFSTDTQYF_P41	0.00190294957183634	2	NA	NA	NA	NA	No	post_specific	R-post_novel
P41	R	016	good	severe	A	good	good	P41-Treat	TRAV21;TRBV19_;_TRAJ26;TRBJ1-2_TRA:CAVRDNYGQNFVF;TRB:CASYSYGYTF_P41	0.00190294957183634	2	NA	NA	NA	NA	No	post_specific	R-post_novel
P41	R	016	good	severe	A	good	good	P41-Treat	TRAV35;TRBV11-3_;_TRAJ28;TRBJ2-5_TRA:CAGQDSGAGSYQLTF;TRB:CASSARGRNAASQYF_P41	0.00856327307326355	9	P41-Baseline	0.00700042426813746	33	No	No	pre_post_share	R-pre_existing
P41	R	016	good	severe	A	good	good	P41-Treat	TRAV35;TRBV27_;_TRAJ28;TRBJ2-2_TRA:CAGPGAGSYQLTF;TRB:CASSIPNTGELFF_P41	0.00285442435775451	3	P41-Baseline	2.1213406873143824e-4	1	No	No	pre_post_share	R-pre_existing
P41	R	016	good	severe	A	good	good	P41-Treat	TRAV1-2;TRBV6-2_;_TRAJ3;TRBJ2-4_TRA:CAVKGYSSASKIIF;TRB:CASSYRASGDKNIQYF_P41	0.00190294957183634	2	NA	NA	NA	NA	No	post_specific	R-post_novel
P41	R	016	good	severe	A	good	good	P41-Treat	TRAV14/DV4;TRBV4-1_;TRBD1_TRAJ52;TRBJ1-5_TRA:CAMSARNAGGTSYGKLTF;TRB:CASSQDWDQGLPNQPQHF_P41	0.00285442435775451	3	P41-Baseline	0.00424268137462876	20	No	No	pre_post_share	R-pre_existing
P41	R	016	good	severe	A	good	good	P41-Treat	TRAV38-1;TRBV4-1_;_TRAJ30;TRBJ2-7_TRA:CAFPANRDDKIIF;TRB:CASSRGAGTRYEQYF_P41	0.00856327307326355	9	NA	NA	NA	NA	No	post_specific	R-post_novel
P41	R	016	good	severe	A	good	good	P41-Treat	TRAV38-1;TRBV29-1_;_TRAJ44;TRBJ2-1_TRA:CAFMKHMGTGTASKLTF;TRB:CSAPAPMGDNEQFF_P41	0.00285442435775451	3	NA	NA	NA	NA	No	post_specific	R-post_novel
P41	R	016	good	severe	A	good	good	P41-Treat	TRAV38-2/DV8;TRBV4-1_;_TRAJ33;TRBJ1-1_TRA:CASFSNYQLIW;TRB:CASSQDPYRLNTEAFF_P41	0.00190294957183634	2	NA	NA	NA	NA	No	post_specific	R-post_novel
P41	R	016	good	severe	A	good	good	P41-Treat	TRAV38-2/DV8;TRBV4-1_;_TRAJ40;TRBJ1-2_TRA:CAPFISGTYKYIF;TRB:CASSQDLYRANYGYTF_P41	0.00190294957183634	2	P41-Baseline	2.1213406873143824e-4	1	No	No	pre_post_share	R-pre_existing
P41	R	016	good	severe	A	good	good	P41-Treat	TRAV38-2/DV8;TRBV4-1_;TRBD1_TRAJ13;TRBJ1-1_TRA:CASNSGGYQKVTF;TRB:CASSQDRYRANTEAFF_P41	0.00190294957183634	2	P41-Baseline	8.485362749257531e-4	4	No	No	pre_post_share	R-pre_existing
P41	R	016	good	severe	A	good	good	P41-Treat	TRAV38-2/DV8;TRBV4-1_;TRBD1_TRAJ13;TRBJ1-2_TRA:CASNSGGYQKVTF;TRB:CASSQDLYRGNYGYTF_P41	0.0104662226450999	11	NA	NA	NA	NA	Yes	post_specific	R-post_novel
P41	R	016	good	severe	A	good	good	P41-Treat	TRAV26-1;TRBV7-9_;_TRAJ22;TRBJ1-2_TRA:CIVRAGSARQLTF;TRB:CASSSDYDRGSYTF_P41	0.00856327307326355	9	NA	NA	NA	NA	No	post_specific	R-post_novel
P41	R	016	good	severe	A	good	good	P41-Treat	TRAV12-2;TRBV29-1_;_TRAJ21;TRBJ2-7_TRA:CAGSYNFNKFYF;TRB:CSTKSGGTFDEQYF_P41	0.00190294957183634	2	NA	NA	NA	NA	No	post_specific	R-post_novel
P41	R	016	good	severe	A	good	good	P41-Treat	TRAV41;TRBV7-9_;_TRAJ53;TRBJ2-1_TRA:CAVRLNSGGSNYKLTF;TRB:CASSSPGGLANEQFF_P41	0.00190294957183634	2	NA	NA	NA	NA	No	post_specific	R-post_novel
P41	R	016	good	severe	A	good	good	P41-Treat	TRAV6;TRBV20-1_;_TRAJ30;TRBJ1-1_TRA:CALDDKIIF;TRB:CSARVSGMNTEAFF_P41	0.00380589914367269	4	NA	NA	NA	NA	No	post_specific	R-post_novel
P41	R	016	good	severe	A	good	good	P41-Treat	TRAV14/DV4;TRBV12-4_;_TRAJ30;TRBJ2-5_TRA:CAMRVRDDKIIF;TRB:CASSLGLLAETQYF_P41	0.00190294957183634	2	P41-Baseline	8.485362749257531e-4	4	No	No	pre_post_share	R-pre_existing
P41	R	016	good	severe	A	good	good	P41-Treat	TRAV13-1;TRBV12-4_;_TRAJ3;TRBJ2-5_TRA:CAASPNSSASKIIF;TRB:CASSLGLLAETQYF_P41	0.00285442435775451	3	P41-Baseline	0.00254560882477725	12	No	No	pre_post_share	R-pre_existing
P41	R	016	good	severe	A	good	good	P41-Treat	TRAV13-1;TRBV12-4_;_TRAJ43;TRBJ2-1_TRA:CAATSGNDMRF;TRB:CASSLSLPPSEQFF_P41	0.00285442435775451	3	P41-Baseline	0.00190920661858294	9	No	No	pre_post_share	R-pre_existing
P41	R	016	good	severe	A	good	good	P41-Treat	TRAV8-3;TRBV19_;_TRAJ48;TRBJ1-1_TRA:CAVGAYFGNEKLTF;TRB:CASSIEGAPGENEAFF_P41	0.00285442435775451	3	NA	NA	NA	NA	No	post_specific	R-post_novel
P41	R	016	good	severe	A	good	good	P41-Treat	TRAV13-2;TRBV6-5_;_TRAJ34;TRBJ2-7_TRA:CAGQGHTDKLIF;TRB:CASSPFGGETYEQYF_P41	0.00285442435775451	3	NA	NA	NA	NA	No	post_specific	R-post_novel
P41	R	016	good	severe	A	good	good	P41-Treat	TRAV13-2;TRBV5-6_;_TRAJ33;TRBJ2-4_TRA:CAEKDSNYQLIW;TRB:CASSEGLAKNIQYF_P41	0.00190294957183634	2	NA	NA	NA	NA	No	post_specific	R-post_novel
P41	R	016	good	severe	A	good	good	P41-Treat	TRAV35;TRBV7-6_;TRBD1_TRAJ33;TRBJ2-5_TRA:CAGSMDSNYQLIW;TRB:CASSSRTGWSWETQYF_P41	0.00190294957183634	2	P41-Baseline	2.1213406873143824e-4	1	No	No	pre_post_share	R-pre_existing
P41	R	016	good	severe	A	good	good	P41-Treat	TRAV24;TRBV7-2_;_TRAJ45;TRBJ1-3_TRA:CAFGGGADGLTF;TRB:CASSLGAGTIYF_P41	0.00475737392959086	5	NA	NA	NA	NA	No	post_specific	R-post_novel
P41	R	016	good	severe	A	good	good	P41-Treat	TRAV8-6;TRBV29-1_;_TRAJ37;TRBJ2-2_TRA:CAVSDAGNTGKLIF;TRB:CSVVRSGELFF_P41	0.02188392007611798	23	P41-Baseline	0.06851930420025457	323	Yes	Yes	pre_post_share	R-pre_existing
P41	R	016	good	severe	A	good	good	P41-Treat	TRAV17;TRBV11-2_;_TRAJ54;TRBJ2-5_TRA:CATDEVDQGAQKLVF;TRB:CATRVWGAETQYF_P41	0.00190294957183634	2	P41-Baseline	8.485362749257531e-4	4	No	No	pre_post_share	R-pre_existing
P41	R	016	good	severe	A	good	good	P41-Treat	TRAV8-6;TRBV7-9_;TRBD1_TRAJ17;TRBJ1-1_TRA:CAVSDQAAGNKLTF;TRB:CASSPTGQGRMNTEAFF_P41	0.00285442435775451	3	NA	NA	NA	NA	No	post_specific	R-post_novel
P41	R	016	good	severe	A	good	good	P41-Treat	TRAV17;TRBV27_;_TRAJ53;TRBJ2-7_TRA:CATDTYLNSGGSNYKLTF;TRB:CASSLSWTEISYEQYF_P41	0.00285442435775451	3	NA	NA	NA	NA	No	post_specific	R-post_novel
P41	R	016	good	severe	A	good	good	P41-Treat	TRAV12-1;TRBV7-9_;TRBD1_TRAJ4;TRBJ2-2_TRA:CVADPSGGYNKLIF;TRB:CASSSSTRGQGTNTGELFF_P41	0.00190294957183634	2	NA	NA	NA	NA	No	post_specific	R-post_novel
P41	R	016	good	severe	A	good	good	P41-Treat	TRAV19;TRBV12-4_;_TRAJ53;TRBJ2-5_TRA:CALSRSGGSNYKLTF;TRB:CASSFGLFGTQYF_P41	0.00190294957183634	2	P41-Baseline	0.00403054730589732	19	No	No	pre_post_share	R-pre_existing
P41	R	016	good	severe	A	good	good	P41-Treat	TRAV12-2;TRBV25-1_;TRBD1_TRAJ32;TRBJ1-4_TRA:CAVSPRGGATNKLIF;TRB:CASSHGTGGNEKLFF_P41	0.00190294957183634	2	NA	NA	NA	NA	No	post_specific	R-post_novel
P41	R	016	good	severe	A	good	good	P41-Treat	TRAV8-3;TRBV29-1_;_TRAJ45;TRBJ1-1_TRA:CAVGACTEGGADGLTF;TRB:CSAPRGTEAFF_P41	0.01236917221693625	13	NA	NA	NA	NA	Yes	post_specific	R-post_novel
P41	R	016	good	severe	A	good	good	P41-Treat	TRAV5;TRBV20-1_;TRBD1_TRAJ32;TRBJ1-1_TRA:CAETGGATNKLIF;TRB:CSAEQGGTIEAFF_P41	0.00666032350142721	7	P41-Baseline	0.00254560882477725	12	No	No	pre_post_share	R-pre_existing
P41	R	016	good	severe	A	good	good	P41-Treat	TRAV29/DV5;TRBV5-6_;_TRAJ22;TRBJ2-5_TRA:CAARGLSGSARQLTF;TRB:CASSLGLAGARRGETQYF_P41	0.00190294957183634	2	P41-Baseline	2.1213406873143824e-4	1	No	No	pre_post_share	R-pre_existing
P41	R	016	good	severe	A	good	good	P41-Treat	TRAV3;TRBV9_;_TRAJ42;TRBJ2-3_TRA:CAVRDFGGSQGNLIF;TRB:CASSVDYTDTQYF_P41	0.00190294957183634	2	NA	NA	NA	NA	No	post_specific	R-post_novel
P41	R	016	good	severe	A	good	good	P41-Treat	TRAV13-2;TRBV4-1_;_TRAJ52;TRBJ1-6_TRA:CAENTGGTSYGKLTF;TRB:CASSQDHWAVTNSPLHF_P41	0.00190294957183634	2	P41-Baseline	0.00106067034365719	5	No	No	pre_post_share	R-pre_existing
P41	R	016	good	severe	A	good	good	P41-Treat	TRAV22;TRBV7-7_;_TRAJ34;TRBJ2-2_TRA:CAVEYRNTDKLIF;TRB:CASSLARGAELFF_P41	0.00380589914367269	4	NA	NA	NA	NA	No	post_specific	R-post_novel
P41	R	016	good	severe	A	good	good	P41-Treat	TRAV22;TRBV4-2_;_TRAJ23;TRBJ2-5_TRA:CAVGGNQGGKLIF;TRB:CASSYTARVTEETQYF_P41	0.00380589914367269	4	NA	NA	NA	NA	No	post_specific	R-post_novel
P41	R	016	good	severe	A	good	good	P41-Treat	TRAV24;TRBV12-5_;_TRAJ15;TRBJ2-2_TRA:CASANQAGTALIF;TRB:CASGPHVDNTRELFF_P41	0.00190294957183634	2	NA	NA	NA	NA	No	post_specific	R-post_novel
P41	R	016	good	severe	A	good	good	P41-Treat	TRAV12-1;TRBV11-2_;_TRAJ26;TRBJ2-3_TRA:CVSHRGNYGQNFVF;TRB:CASSLGGLADTQYF_P41	0.0104662226450999	11	P41-Baseline	0.00509121764955451	24	No	Yes	pre_post_share	R-pre_existing
P41	R	016	good	severe	A	good	good	P41-Treat	TRAV12-1;TRBV14_;_TRAJ23;TRBJ2-7_TRA:CVVPFYNQGGKLIF;TRB:CASSQFEQGIEQYF_P41	0.00190294957183634	2	NA	NA	NA	NA	No	post_specific	R-post_novel
P41	R	016	good	severe	A	good	good	P41-Treat	TRAV38-2/DV8;TRBV6-2_;_TRAJ43;TRBJ2-1_TRA:CAYRSGVNNNDMRF;TRB:CASSYSLGFGEQFF_P41	0.00190294957183634	2	P41-Baseline	0.00212134068731438	10	No	No	pre_post_share	R-pre_existing
P41	R	016	good	severe	A	good	good	P41-Treat	TRAV29/DV5;TRBV11-2_;_TRAJ42;TRBJ2-5_TRA:CAATSSEGSQGNLIF;TRB:CASSEGLARTQYF_P41	0.00951474785918173	10	NA	NA	NA	NA	No	post_specific	R-post_novel
P41	R	016	good	severe	A	good	good	P41-Treat	TRAV12-2;TRBV6-1_;_TRAJ8;TRBJ2-3_TRA:CAVILNTGFQKLVF;TRB:CASSEDGGRNTQYF_P41	0.00190294957183634	2	NA	NA	NA	NA	No	post_specific	R-post_novel
P41	R	016	good	severe	A	good	good	P41-Treat	TRAV13-1;TRBV12-4_;_TRAJ52;TRBJ2-3_TRA:CAARDAGGTSYGKLTF;TRB:CASSLGLLADTQYF_P41	0.00285442435775451	3	P41-Baseline	0.02778956300381841	131	Yes	No	pre_post_share	R-pre_existing
P41	R	016	good	severe	A	good	good	P41-Treat	TRAV3;TRBV5-1_;_TRAJ39;TRBJ2-3_TRA:CAVRDSRWGNAGNMLTF;TRB:CASSPVQTSGPSTDTQYF_P41	0.00190294957183634	2	NA	NA	NA	NA	No	post_specific	R-post_novel
P41	R	016	good	severe	A	good	good	P41-Treat	TRAV38-1;TRBV12-3_;TRBD1_TRAJ57;TRBJ2-5_TRA:CAFMKQGGSEKLVF;TRB:CASSPRSGQGNIQETQYF_P41	0.00190294957183634	2	NA	NA	NA	NA	No	post_specific	R-post_novel
P41	R	016	good	severe	A	good	good	P41-Treat	TRAV14/DV4;TRBV9_;TRBD1_TRAJ7;TRBJ1-1_TRA:CAANNRLAF;TRB:CASSPDPSGQGNTEAFF_P41	0.00190294957183634	2	NA	NA	NA	NA	No	post_specific	R-post_novel
P41	R	016	good	severe	A	good	good	P41-Treat	TRAV10;TRBV9_;_TRAJ37;TRBJ2-5_TRA:CVVSADGSSNTGKLIF;TRB:CASNSGSGETQYF_P41	0.00285442435775451	3	P41-Baseline	0.00700042426813746	33	No	No	pre_post_share	R-pre_existing
P41	R	016	good	severe	A	good	good	P41-Treat	TRAV12-2;TRBV4-2_;_TRAJ9;TRBJ2-1_TRA:CAVNIEGGGFKTIF;TRB:CASSPSGGAYNEQFF_P41	0.00570884871550903	6	NA	NA	NA	NA	No	post_specific	R-post_novel
P41	R	016	good	severe	A	good	good	P41-Treat	TRAV4;TRBV20-1_;_TRAJ49;TRBJ2-1_TRA:CLVNSGNQFYF;TRB:CSDSTSHYNEQFF_P41	0.00951474785918173	10	NA	NA	NA	NA	No	post_specific	R-post_novel
P41	R	016	good	severe	A	good	good	P41-Treat	TRAV17;TRBV2_;_TRAJ39;TRBJ2-5_TRA:CATDNAGNMLTF;TRB:CASSERAGRRETQYF_P41	0.00285442435775451	3	P41-Baseline	4.242681374628766e-4	2	No	No	pre_post_share	R-pre_existing
P41	R	016	good	severe	A	good	good	P41-Treat	TRAV8-1;TRBV27_;_TRAJ29;TRBJ2-7_TRA:CAVIAPYSGNTPLVF;TRB:CASSSDTTYEQYF_P41	0.00285442435775451	3	P41-Baseline	2.1213406873143824e-4	1	No	No	pre_post_share	R-pre_existing
P41	R	016	good	severe	A	good	good	P41-Treat	TRAV8-2;TRBV6-5_;TRBD1_TRAJ52;TRBJ1-2_TRA:CVVPAAGGTSYGKLTF;TRB:CASSQGARAGYTF_P41	0.00380589914367269	4	P41-Baseline	0.0044548154433602	21	No	No	pre_post_share	R-pre_existing
P41	R	016	good	severe	A	good	good	P41-Treat	TRAV20;TRBV6-6_;_TRAJ31;TRBJ1-1_TRA:CAVLYNARLMF;TRB:CASIPDGTEAFF_P41	0.00951474785918173	10	P41-Baseline	0.01994060246075519	94	Yes	No	pre_post_share	R-pre_existing
P41	R	016	good	severe	A	good	good	P41-Treat	TRAV34;TRBV18_;TRBD2_TRAJ33;TRBJ2-5_TRA:CGADIGDSNYQLIW;TRB:CASSPGLAGAPGETQYF_P41	0.00856327307326355	9	P41-Baseline	0.00636402206194314	30	No	Yes	pre_post_share	R-pre_existing
P41	R	016	good	severe	A	good	good	P41-Treat	TRAV21;TRBV20-1_;_TRAJ6;TRBJ2-6_TRA:CAVAGGSYIPTF;TRB:CSAHGQGRVGANVLTF_P41	0.00190294957183634	2	NA	NA	NA	NA	No	post_specific	R-post_novel
P41	R	016	good	severe	A	good	good	P41-Treat	TRAV1-2;TRBV7-9_;_TRAJ39;TRBJ2-3_TRA:CAVRVLNNAGNMLTF;TRB:CASSLSADSTDTQYF_P41	0.00190294957183634	2	NA	NA	NA	NA	No	post_specific	R-post_novel
P41	R	016	good	severe	A	good	good	P41-Treat	TRAV16;TRBV10-2_;TRBD1_TRAJ23;TRBJ2-7_TRA:CALITQGGKLIF;TRB:CASRSSDRGRKEYYEQYF_P41	0.00380589914367269	4	P41-Baseline	0.02927450148493848	138	Yes	No	pre_post_share	R-pre_existing
P41	R	016	good	severe	A	good	good	P41-Treat	TRAV10;TRBV11-2_;_TRAJ37;TRBJ1-1_TRA:CVAPSNTGKLIF;TRB:CASSFSVRGFTEAFF_P41	0.00190294957183634	2	NA	NA	NA	NA	No	post_specific	R-post_novel
P41	R	016	good	severe	A	good	good	P41-Treat	TRAV38-2/DV8;TRBV4-1_;_TRAJ56;TRBJ1-1_TRA:CAFFDGANSKLTF;TRB:CASSQDQYRMNTEAFF_P41	0.00190294957183634	2	NA	NA	NA	NA	No	post_specific	R-post_novel
P41	R	016	good	severe	A	good	good	P41-Treat	TRAV27;TRBV12-4_;_TRAJ30;TRBJ2-7_TRA:CAGDGDDKIIF;TRB:CASGTSGYYEQYF_P41	0.00570884871550903	6	P41-Baseline	0.00106067034365719	5	No	No	pre_post_share	R-pre_existing
P41	R	016	good	severe	A	good	good	P41-Treat	TRAV19;TRBV29-1_;_TRAJ57;TRBJ1-2_TRA:CALFPQGGSEKLVF;TRB:CSVVDLLLGYGYTF_P41	0.00285442435775451	3	NA	NA	NA	NA	No	post_specific	R-post_novel
P41	R	016	good	severe	A	good	good	P41-Treat	TRAV8-3;TRBV12-3_;_TRAJ3;TRBJ2-3_TRA:CAVGRSASKIIF;TRB:CASSPVSTDTQYF_P41	0.00190294957183634	2	NA	NA	NA	NA	No	post_specific	R-post_novel
P41	R	016	good	severe	A	good	good	P41-Treat	TRAV29/DV5;TRBV20-1_;_TRAJ50;TRBJ2-3_TRA:CAVKRGYDKVIF;TRB:CSALTLAGGGPRTDTQYF_P41	0.00380589914367269	4	NA	NA	NA	NA	No	post_specific	R-post_novel
P41	R	016	good	severe	A	good	good	P41-Treat	TRAV12-2;TRBV19_;_TRAJ48;TRBJ2-7_TRA:CAVNTGVSNFGNEKLTF;TRB:CASSLTGDLYEQYF_P41	0.00285442435775451	3	P41-Baseline	0.00212134068731438	10	No	No	pre_post_share	R-pre_existing
P41	R	016	good	severe	A	good	good	P41-Treat	TRAV3;TRBV7-7_;_TRAJ47;TRBJ2-5_TRA:CAVRDWGGNKLVF;TRB:CASSLNTQETQYF_P41	0.00285442435775451	3	NA	NA	NA	NA	No	post_specific	R-post_novel
P41	R	016	good	severe	A	good	good	P41-Treat	TRAV13-1;TRBV20-1_;_TRAJ11;TRBJ2-3_TRA:CAARPGSGYSTLTF;TRB:CSGYRTDTQYF_P41	0.00190294957183634	2	P41-Baseline	0.00106067034365719	5	No	No	pre_post_share	R-pre_existing
P41	R	016	good	severe	A	good	good	P41-Treat	TRAV13-2;TRBV4-1_;TRBD1_TRAJ12;TRBJ1-1_TRA:CAETMDSSYKLIF;TRB:CASSRTGGTEAFF_P41	0.00475737392959086	5	P41-Baseline	0.00148493848112006	7	No	No	pre_post_share	R-pre_existing
P41	R	016	good	severe	A	good	good	P41-Treat	TRAV17;TRBV20-1_;_TRAJ45;TRBJ2-7_TRA:CATERLPGGGADGLTF;TRB:CSARARDRRYEQYF_P41	0.00856327307326355	9	NA	NA	NA	NA	No	post_specific	R-post_novel
P41	R	016	good	severe	A	good	good	P41-Treat	TRAV29/DV5;TRBV2_;TRBD1_TRAJ16;TRBJ2-1_TRA:CAVSDGQKLLF;TRB:CASSEGGGGLWNEQFF_P41	0.00856327307326355	9	NA	NA	NA	NA	No	post_specific	R-post_novel
P41	R	016	good	severe	A	good	good	P41-Treat	TRAV27;TRBV5-6_;_TRAJ21;TRBJ1-1_TRA:CAGAPVSNFNKFYF;TRB:CASSSLLRDRNTEAFF_P41	0.04567078972407231	48	P41-Baseline	0.01972846839202376	93	Yes	Yes	pre_post_share	R-pre_existing
P41	R	016	good	severe	A	good	good	P41-Treat	TRAV38-2/DV8;TRBV4-1_;_TRAJ33;TRBJ1-2_TRA:CVFYSNYQLIW;TRB:CASSQDLYRGNYGYTF_P41	0.00761179828734538	8	P41-Baseline	4.242681374628766e-4	2	No	Yes	pre_post_share	R-pre_existing
P41	R	016	good	severe	A	good	good	P41-Treat	TRAV29/DV5;TRBV19_;_TRAJ43;TRBJ1-1_TRA:CAASVFLRGMRF;TRB:CASSTTANTEAFF_P41	0.00190294957183634	2	NA	NA	NA	NA	No	post_specific	R-post_novel
P41	R	016	good	severe	A	good	good	P41-Treat	TRAV10;TRBV6-5_;_TRAJ42;TRBJ2-3_TRA:CVVSYYGGSQGNLIF;TRB:CASSYSGGRATDTQYF_P41	0.00666032350142721	7	P41-Baseline	0.00233347475604582	11	No	No	pre_post_share	R-pre_existing
P41	R	016	good	severe	A	good	good	P41-Treat	TRAV8-6;TRBV28_;_TRAJ53;TRBJ2-2_TRA:CAVSDLRGSNYKLTF;TRB:CASSGTSNTGELFF_P41	0.00190294957183634	2	NA	NA	NA	NA	No	post_specific	R-post_novel
P41	R	016	good	severe	A	good	good	P41-Treat	TRAV8-2;TRBV30_;TRBD1_TRAJ44;TRBJ2-3_TRA:CVGTGTASKLTF;TRB:CAWSGGTGGFDTQYF_P41	0.00190294957183634	2	P41-Baseline	4.242681374628766e-4	2	No	No	pre_post_share	R-pre_existing
P41	R	016	good	severe	A	good	good	P41-Treat	TRAV17;TRBV15_;_TRAJ52;TRBJ2-7_TRA:CATYNAGGTSYGKLTF;TRB:CATSREESDEQYF_P41	0.00190294957183634	2	P41-Baseline	0.00254560882477725	12	No	No	pre_post_share	R-pre_existing
P41	R	016	good	severe	A	good	good	P41-Treat	TRAV8-6;TRBV29-1_;_TRAJ37;TRBJ1-1_TRA:CAVSDLGNTGKLIF;TRB:CSAPRGTEAFF_P41	0.00666032350142721	7	P41-Baseline	0.00106067034365719	5	No	No	pre_post_share	R-pre_existing
P41	R	016	good	severe	A	good	good	P41-Treat	TRAV39;TRBV18_;_TRAJ58;TRBJ1-1_TRA:CAADISGSRLTF;TRB:CASSRPQSPAFF_P41	0.00190294957183634	2	NA	NA	NA	NA	No	post_specific	R-post_novel
P41	R	016	good	severe	A	good	good	P41-Treat	TRAV14/DV4;TRBV4-3_;TRBD1_TRAJ20;TRBJ2-4_TRA:CAMREALGDYKLSF;TRB:CASSQEGAGRASTKNIQYF_P41	0.00190294957183634	2	P41-Baseline	0.00254560882477725	12	No	No	pre_post_share	R-pre_existing
P41	R	016	good	severe	A	good	good	P41-Treat	TRAV8-6;TRBV29-1_;_TRAJ37;TRBJ1-1_TRA:CAVSDDGNTGKLIF;TRB:CSVLTGNTEAFF_P41	0.00190294957183634	2	P41-Baseline	0.00275774289350869	13	No	No	pre_post_share	R-pre_existing
P41	R	016	good	severe	A	good	good	P41-Treat	TRAV27;TRBV4-3_;_TRAJ36;TRBJ1-2_TRA:CAGASGANNLFF;TRB:CASSQDRGDSYYGYTF_P41	0.00190294957183634	2	NA	NA	NA	NA	No	post_specific	R-post_novel
P41	R	016	good	severe	A	good	good	P41-Treat	TRAV8-1;TRBV28_;_TRAJ42;TRBJ2-7_TRA:CAVNAPMNGGSQGNLIF;TRB:CASSTDRDRAYEQYF_P41	0.00285442435775451	3	NA	NA	NA	NA	No	post_specific	R-post_novel
P41	R	016	good	severe	A	good	good	P41-Treat	TRAV8-1;TRBV4-3_;_TRAJ39;TRBJ2-3_TRA:CAVNADNAGNMLTF;TRB:CASSRTTGTWGDTQYF_P41	0.00190294957183634	2	NA	NA	NA	NA	No	post_specific	R-post_novel
P43	R	013	good	severe	C	good	good	P43-Treat	TRAV12-2;TRBV28_;TRBD1_TRAJ43;TRBJ2-5_TRA:CAVNMNNDMRF;TRB:CASSLGFADRERETQYF_P43	0.01185770750988142	3	NA	NA	NA	NA	Yes	post_specific	R-post_novel
P43	R	013	good	severe	C	good	good	P43-Treat	TRAV8-6;TRBV7-3_;_TRAJ27;TRBJ2-7_TRA:CAVIPNTNAGKSTF;TRB:CALRQGTSGPPRFAQYF_P43	0.00790513833992094	2	NA	NA	NA	NA	No	post_specific	R-post_novel
P43	R	013	good	severe	C	good	good	P43-Treat	TRAV26-2;TRBV20-1_;TRBD1_TRAJ20;TRBJ1-2_TRA:CILRDDWNDYKLSF;TRB:CSARDRTGGLEGYTF_P43	0.02766798418972332	7	P43-Baseline	0.00168067226890756	5	No	Yes	pre_post_share	R-pre_existing
P43	R	013	good	severe	C	good	good	P43-Treat	TRAV12-2;TRBV12-3_;_TRAJ54;TRBJ2-7_TRA:CAVGPQKLVF;TRB:CASKDSLSSYEQYF_P43	0.00790513833992094	2	NA	NA	NA	NA	No	post_specific	R-post_novel
P43	R	013	good	severe	C	good	good	P43-Treat	TRAV3;TRBV27_;TRBD2_TRAJ30;TRBJ2-1_TRA:CAVRLYRDDKIIF;TRB:CASSSRLAGGSDEQFF_P43	0.01581027667984189	4	NA	NA	NA	NA	Yes	post_specific	R-post_novel
P43	R	013	good	severe	C	good	good	P43-Treat	TRAV12-2;TRBV15_;_TRAJ26;TRBJ2-7_TRA:CAVGPNYGQNFVF;TRB:CATSGSVAGAGEQYF_P43	0.01581027667984189	4	NA	NA	NA	NA	Yes	post_specific	R-post_novel
P43	R	013	good	severe	C	good	good	P43-Treat	TRAV5;TRBV20-1_;_TRAJ37;TRBJ2-3_TRA:CAESRSNTGKLIF;TRB:CSAREAVAGYTDTQYF_P43	0.00790513833992094	2	P43-Baseline	6.722689075630252e-4	2	No	No	pre_post_share	R-pre_existing
P43	R	013	good	severe	C	good	good	P43-Treat	TRAV8-6;TRBV25-1_;TRBD1_TRAJ39;TRBJ1-2_TRA:CAVIRLNAGNMLTF;TRB:CASSPGTGHGYTF_P43	0.01185770750988142	3	NA	NA	NA	NA	Yes	post_specific	R-post_novel
P43	R	013	good	severe	C	good	good	P43-Treat	TRAV13-2;TRBV24-1_;TRBD1_TRAJ45;TRBJ2-7_TRA:CADPRPMYSGGGADGLTF;TRB:CATSDIGLHEQYF_P43	0.00790513833992094	2	NA	NA	NA	NA	No	post_specific	R-post_novel
P43	R	013	good	severe	C	good	good	P43-Treat	TRAV21;TRBV30_;TRBD1_TRAJ40;TRBJ1-2_TRA:CAVCPSGTYKYIF;TRB:CAWSSGPGGYTF_P43	0.03952569169960474	10	P43-Baseline	3.361344537815126e-4	1	No	Yes	pre_post_share	R-pre_existing
P43	R	013	good	severe	C	good	good	P43-Treat	TRAV8-3;TRBV4-1_;_TRAJ33;TRBJ2-5_TRA:CAVGALVKNQLIW;TRB:CASSLRPLGVRGETQYF_P43	0.00790513833992094	2	P43-Baseline	3.361344537815126e-4	1	No	No	pre_post_share	R-pre_existing
P43	R	013	good	severe	C	good	good	P43-Treat	TRAV12-2;TRBV12-4_;_TRAJ4;TRBJ2-1_TRA:CAFRSGGYNKLIF;TRB:CASSLAPRTSGDDNEQFF_P43	0.00790513833992094	2	NA	NA	NA	NA	No	post_specific	R-post_novel
P43	R	013	good	severe	C	good	good	P43-Treat	TRAV14/DV4;TRBV10-1_;_TRAJ4;TRBJ2-7_TRA:CAMRAISGGYNKLIF;TRB:CASSHGFEQYF_P43	0.00790513833992094	2	NA	NA	NA	NA	No	post_specific	R-post_novel
P43	R	013	good	severe	C	good	good	P43-Treat	TRAV8-2;TRBV30_;TRBD1_TRAJ43;TRBJ1-2_TRA:CVVSAPYNNNDMRF;TRB:CAWSSGPGGYTF_P43	0.01581027667984189	4	NA	NA	NA	NA	Yes	post_specific	R-post_novel
P43	R	013	good	severe	C	good	good	P43-Treat	TRAV8-6;TRBV18_;_TRAJ23;TRBJ2-7_TRA:CAVNPSRGKLIF;TRB:CASSREDGTFLYEQYF_P43	0.21739130434782608	55	P43-Baseline	0.00235294117647058	7	No	Yes	pre_post_share	R-pre_existing
P43	R	013	good	severe	C	good	good	P43-Treat	TRAV38-2/DV8;TRBV9_;_TRAJ31;TRBJ2-7_TRA:CAYRSENNNARLMF;TRB:CASSVADSVTYEQYF_P43	0.00790513833992094	2	NA	NA	NA	NA	No	post_specific	R-post_novel
P43	R	013	good	severe	C	good	good	P43-Treat	TRAV1-2;TRBV2_;TRBD2_TRAJ8;TRBJ2-3_TRA:CAVRDQTGFQKLVF;TRB:CASRETPGTSGSVDTQYF_P43	0.07509881422924901	19	P43-Baseline	3.361344537815126e-4	1	No	Yes	pre_post_share	R-pre_existing
P43	R	013	good	severe	C	good	good	P43-Treat	TRAV38-1;TRBV28_;TRBD1_TRAJ32;TRBJ1-1_TRA:CAFTSGGATNKLIF;TRB:CASIPGQGGRNTEAFF_P43	0.01185770750988142	3	P43-Baseline	3.361344537815126e-4	1	No	Yes	pre_post_share	R-pre_existing
P43	R	013	good	severe	C	good	good	P43-Treat	TRAV8-6;TRBV12-5_;_TRAJ4;TRBJ1-2_TRA:CAVTALSGGYNKLIF;TRB:CASGLGAGYGYTF_P43	0.00790513833992094	2	NA	NA	NA	NA	Yes	post_specific	R-post_novel
P44	R	021	good	severe	A	good	good	P44-Treat	TRAV8-1;TRBV29-1_;_TRAJ22;TRBJ2-7_TRA:CAVIIISSGSARQLTF;TRB:CSVQVWEGYYEQYF_P44	9.280742459396752e-4	2	NA	NA	NA	NA	No	post_specific	R-post_novel
P44	R	021	good	severe	A	good	good	P44-Treat	TRAV1-2;TRBV20-1_;_TRAJ12;TRBJ2-1_TRA:CAVMDSSYKLIF;TRB:CSARDLVAGDNGEQFF_P44	9.280742459396752e-4	2	NA	NA	NA	NA	No	post_specific	R-post_novel
P44	R	021	good	severe	A	good	good	P44-Treat	TRAV38-1;TRBV5-1_;_TRAJ56;TRBJ2-1_TRA:CAFMKPPVPLTF;TRB:CASSMARSYNEQFF_P44	9.280742459396752e-4	2	P44-Baseline	7.426661715558856e-4	2	No	No	pre_post_share	R-pre_existing
P44	R	021	good	severe	A	good	good	P44-Treat	TRAV8-3;TRBV28_;_TRAJ21;TRBJ2-2_TRA:CAVGDNFNKFYF;TRB:CASSRTSAAGELFF_P44	0.00139211136890951	3	P44-Baseline	7.426661715558856e-4	2	No	No	pre_post_share	R-pre_existing
P44	R	021	good	severe	A	good	good	P44-Treat	TRAV13-1;TRBV5-6_;_TRAJ26;TRBJ2-5_TRA:CAASITDNYGQNFVF;TRB:CASSYLAAQETQYF_P44	9.280742459396752e-4	2	NA	NA	NA	NA	No	post_specific	R-post_novel
P44	R	021	good	severe	A	good	good	P44-Treat	TRAV13-1;TRBV5-4_;_TRAJ28;TRBJ1-2_TRA:CAASAGAGSYQLTF;TRB:CASSPGPRADYGYTF_P44	0.00139211136890951	3	NA	NA	NA	NA	No	post_specific	R-post_novel
P44	R	021	good	severe	A	good	good	P44-Treat	TRAV8-6;TRBV7-6_;TRBD2_TRAJ43;TRBJ2-3_TRA:CAVSAPYNNNDMRF;TRB:CASSLGTSGITDTQYF_P44	9.280742459396752e-4	2	NA	NA	NA	NA	No	post_specific	R-post_novel
P44	R	021	good	severe	A	good	good	P44-Treat	TRAV17;TRBV6-6_;_TRAJ36;TRBJ2-7_TRA:CAPDQTGANNLFF;TRB:CASSYNTRGRSYEQYF_P44	9.280742459396752e-4	2	NA	NA	NA	NA	No	post_specific	R-post_novel
P44	R	021	good	severe	A	good	good	P44-Treat	TRAV13-1;TRBV19_;_TRAJ41;TRBJ2-3_TRA:CAASWGDALNF;TRB:CASNQGRTDTQYF_P44	0.01948955916473318	42	P44-Baseline	0.00297066468622354	8	No	Yes	pre_post_share	R-pre_existing
P44	R	021	good	severe	A	good	good	P44-Treat	TRAV13-1;TRBV5-5_;_TRAJ39;TRBJ2-7_TRA:CAASWKGGNMLTF;TRB:CASSEPFSGSSYEQYF_P44	9.280742459396752e-4	2	NA	NA	NA	NA	No	post_specific	R-post_novel
P44	R	021	good	severe	A	good	good	P44-Treat	TRAV22;TRBV9_;_TRAJ43;TRBJ2-7_TRA:CAVLNNNDMRF;TRB:CASSVGPWYEQYF_P44	0.00139211136890951	3	NA	NA	NA	NA	No	post_specific	R-post_novel
P44	R	021	good	severe	A	good	good	P44-Treat	TRAV9-2;TRBV7-2_;_TRAJ53;TRBJ2-3_TRA:CATSEGGSNYKLTF;TRB:CASSPLAGGGPDTQYF_P44	9.280742459396752e-4	2	NA	NA	NA	NA	No	post_specific	R-post_novel
P44	R	021	good	severe	A	good	good	P44-Treat	TRAV13-2;TRBV28_;_TRAJ39;TRBJ1-2_TRA:CAENPNAGNMLTF;TRB:CASSGQLGDGYTF_P44	0.00139211136890951	3	NA	NA	NA	NA	No	post_specific	R-post_novel
P44	R	021	good	severe	A	good	good	P44-Treat	TRAV19;TRBV9_;_TRAJ29;TRBJ2-5_TRA:CALSEAGSGNTPLVF;TRB:CASSVAGGLWETQYF_P44	9.280742459396752e-4	2	NA	NA	NA	NA	No	post_specific	R-post_novel
P44	R	021	good	severe	A	good	good	P44-Treat	TRAV8-6;TRBV9_;_TRAJ53;TRBJ2-5_TRA:CAVSDDSGGSNYKLTF;TRB:CASSVAGGAGETQYF_P44	9.280742459396752e-4	2	NA	NA	NA	NA	No	post_specific	R-post_novel
P44	R	021	good	severe	A	good	good	P44-Treat	TRAV8-3;TRBV19_;TRBD1_TRAJ6;TRBJ2-6_TRA:CAVGEDPGGSYIPTF;TRB:CASSIASGGNSGANVLTF_P44	0.00185614849187935	4	P44-Baseline	3.713330857779428e-4	1	No	No	pre_post_share	R-pre_existing
P44	R	021	good	severe	A	good	good	P44-Treat	TRAV20;TRBV9_;_TRAJ41;TRBJ2-5_TRA:CAVQVSGYALNF;TRB:CASSVGRGQETQYF_P44	9.280742459396752e-4	2	P44-Baseline	3.713330857779428e-4	1	No	No	pre_post_share	R-pre_existing
P44	R	021	good	severe	A	good	good	P44-Treat	TRAV1-2;TRBV5-4_;TRBD1_TRAJ20;TRBJ1-2_TRA:CAVGSDYKLSF;TRB:CASSLAQGGYGYTF_P44	9.280742459396752e-4	2	NA	NA	NA	NA	No	post_specific	R-post_novel
P44	R	021	good	severe	A	good	good	P44-Treat	TRAV13-2;TRBV12-4_;_TRAJ13;TRBJ2-1_TRA:CAENSSGGYQKVTF;TRB:CASSSALTYNEQFF_P44	0.00139211136890951	3	P44-Baseline	3.713330857779428e-4	1	No	No	pre_post_share	R-pre_existing
P44	R	021	good	severe	A	good	good	P44-Treat	TRAV13-1;TRBV6-1_;_TRAJ6;TRBJ1-5_TRA:CAASNPGGSYIPTF;TRB:CASSERTVTHQPQHF_P44	9.280742459396752e-4	2	NA	NA	NA	NA	No	post_specific	R-post_novel
P44	R	021	good	severe	A	good	good	P44-Treat	TRAV3;TRBV28_;_TRAJ20;TRBJ2-1_TRA:CAVDDYKLSF;TRB:CASTPPRGSSYNEQFF_P44	9.280742459396752e-4	2	NA	NA	NA	NA	No	post_specific	R-post_novel
P44	R	021	good	severe	A	good	good	P44-Treat	TRAV13-2;TRBV20-1_;_TRAJ6;TRBJ2-5_TRA:CAENIKGGSYIPTF;TRB:CSARAGLAVQETQYF_P44	9.280742459396752e-4	2	NA	NA	NA	NA	No	post_specific	R-post_novel
P44	R	021	good	severe	A	good	good	P44-Treat	TRAV21;TRBV7-8_;_TRAJ16;TRBJ2-4_TRA:CAVRGVDFSDGQKLLF;TRB:CASSLVALDIQYF_P44	9.280742459396752e-4	2	NA	NA	NA	NA	No	post_specific	R-post_novel
P44	R	021	good	severe	A	good	good	P44-Treat	TRAV12-1;TRBV9_;TRBD1_TRAJ30;TRBJ2-5_TRA:CVVNRDDKIIF;TRB:CASSPEGGAGDQETQYF_P44	0.00417633410672853	9	P44-Baseline	7.426661715558856e-4	2	No	No	pre_post_share	R-pre_existing
P44	R	021	good	severe	A	good	good	P44-Treat	TRAV1-1;TRBV7-2_;TRBD1_TRAJ10;TRBJ2-1_TRA:CAVRGHGGGNKLTF;TRB:CASSLVGTGANEQFF_P44	0.00139211136890951	3	P44-Baseline	3.713330857779428e-4	1	No	No	pre_post_share	R-pre_existing
P44	R	021	good	severe	A	good	good	P44-Treat	TRAV5;TRBV6-6_;_TRAJ22;TRBJ2-1_TRA:CAETLSGSARQLTF;TRB:CASSAPQRNYNEQFF_P44	0.00185614849187935	4	P44-Baseline	3.713330857779428e-4	1	No	No	pre_post_share	R-pre_existing
P44	R	021	good	severe	A	good	good	P44-Treat	TRAV27;TRBV27_;_TRAJ28;TRBJ2-1_TRA:CAGEYGTYSGAGSYQLTF;TRB:CASSPWGGLYNEQFF_P44	0.01902552204176334	41	P44-Baseline	0.00185666542888971	5	No	Yes	pre_post_share	R-pre_existing
P44	R	021	good	severe	A	good	good	P44-Treat	TRAV35;TRBV5-4_;_TRAJ40;TRBJ1-6_TRA:CAGQLPSGTYKYIF;TRB:CASSLSGSPLHF_P44	9.280742459396752e-4	2	NA	NA	NA	NA	No	post_specific	R-post_novel
P44	R	021	good	severe	A	good	good	P44-Treat	TRAV13-1;TRBV7-2_;TRBD1_TRAJ11;TRBJ2-7_TRA:CAATNSGYSTLTF;TRB:CASSSRTGFYEQYF_P44	0.00324825986078886	7	P44-Baseline	3.713330857779428e-4	1	No	No	pre_post_share	R-pre_existing
P44	R	021	good	severe	A	good	good	P44-Treat	TRAV9-2;TRBV30_;_TRAJ56;TRBJ2-3_TRA:CALSDDPTGANSKLTF;TRB:CAGSSGHTDTQYF_P44	9.280742459396752e-4	2	P44-Baseline	3.713330857779428e-4	1	No	No	pre_post_share	R-pre_existing
P44	R	021	good	severe	A	good	good	P44-Treat	TRAV12-2;TRBV29-1_;_TRAJ8;TRBJ2-3_TRA:CAVNVVNTGFQKLVF;TRB:CSVEGSGREDTQYF_P44	0.01948955916473318	42	P44-Baseline	0.00668399554400297	18	No	Yes	pre_post_share	R-pre_existing
P44	R	021	good	severe	A	good	good	P44-Treat	TRAV27;TRBV5-1_;TRBD1_TRAJ20;TRBJ2-7_TRA:CAGEEYKLSF;TRB:CASSSYGTGFYEQYF_P44	9.280742459396752e-4	2	NA	NA	NA	NA	No	post_specific	R-post_novel
P44	R	021	good	severe	A	good	good	P44-Treat	TRAV12-2;TRBV5-5_;_TRAJ23;TRBJ1-2_TRA:CAVNSRDNQGGKLIF;TRB:CASSLGQGYYGYTF_P44	0.00139211136890951	3	NA	NA	NA	NA	No	post_specific	R-post_novel
P44	R	021	good	severe	A	good	good	P44-Treat	TRAV1-2;TRBV27_;_TRAJ6;TRBJ2-7_TRA:CAVKVGSYIPTF;TRB:CASNPLGAGVRYEQYF_P44	0.00185614849187935	4	NA	NA	NA	NA	No	post_specific	R-post_novel
P44	R	021	good	severe	A	good	good	P44-Treat	TRAV12-1;TRBV6-5_;_TRAJ4;TRBJ2-5_TRA:CVVNGFSGGYNKLIF;TRB:CASSYTPQGGETQYF_P44	9.280742459396752e-4	2	NA	NA	NA	NA	No	post_specific	R-post_novel
P44	R	021	good	severe	A	good	good	P44-Treat	TRAV38-2/DV8;TRBV12-4_;_TRAJ43;TRBJ1-1_TRA:CAYRSAYNNNDMRF;TRB:CASSFRGYEAFF_P44	0.00185614849187935	4	P44-Baseline	7.426661715558856e-4	2	No	No	pre_post_share	R-pre_existing
P44	R	021	good	severe	A	good	good	P44-Treat	TRAV8-3;TRBV5-1_;_TRAJ23;TRBJ1-5_TRA:CAVGRGKLIF;TRB:CASSLGDSNQPQHF_P44	0.00139211136890951	3	NA	NA	NA	NA	No	post_specific	R-post_novel
P44	R	021	good	severe	A	good	good	P44-Treat	TRAV14/DV4;TRBV2_;_TRAJ43;TRBJ2-1_TRA:CAMRESNNNDMRF;TRB:CASSATTYQVDEQFF_P44	0.00139211136890951	3	NA	NA	NA	NA	No	post_specific	R-post_novel
P44	R	021	good	severe	A	good	good	P44-Treat	TRAV14/DV4;TRBV7-9_;_TRAJ53;TRBJ1-5_TRA:CAMSQHGGSNYKLTF;TRB:CASSLAGNQPQHF_P44	0.01252900232018561	27	P44-Baseline	0.00594132937244708	16	No	Yes	pre_post_share	R-pre_existing
P44	R	021	good	severe	A	good	good	P44-Treat	TRAV1-2;TRBV24-1_;_TRAJ11;TRBJ2-3_TRA:CAVTWYSTLTF;TRB:CATSDIQGVSTDTQYF_P44	0.03758700696055684	81	P44-Baseline	0.00891199405867062	24	No	Yes	pre_post_share	R-pre_existing
P44	R	021	good	severe	A	good	good	P44-Treat	TRAV1-2;TRBV5-1_;_TRAJ29;TRBJ2-1_TRA:CAVRDLDLVF;TRB:CASSLAGGRLEQFF_P44	9.280742459396752e-4	2	P44-Baseline	3.713330857779428e-4	1	No	No	pre_post_share	R-pre_existing
P44	R	021	good	severe	A	good	good	P44-Treat	TRAV1-2;TRBV6-1_;_TRAJ33;TRBJ2-3_TRA:CAGMDSNYQLIW;TRB:CASSGGREGTDTQYF_P44	0.00139211136890951	3	NA	NA	NA	NA	No	post_specific	R-post_novel
P44	R	021	good	severe	A	good	good	P44-Treat	TRAV8-6;TRBV28_;TRBD1_TRAJ9;TRBJ2-7_TRA:CAVTPNTGGFKTIF;TRB:CASSEISGTGRYEQYF_P44	9.280742459396752e-4	2	NA	NA	NA	NA	No	post_specific	R-post_novel
P44	R	021	good	severe	A	good	good	P44-Treat	TRAV10;TRBV12-4_;_TRAJ44;TRBJ2-2_TRA:CVVSDSGLGGTASKLTF;TRB:CASSFYRETGELFF_P44	9.280742459396752e-4	2	NA	NA	NA	NA	No	post_specific	R-post_novel
P44	R	021	good	severe	A	good	good	P44-Treat	TRAV29/DV5;TRBV29-1_;_TRAJ53;TRBJ2-7_TRA:CAAQSGGSNYKLTF;TRB:CSVQTSGRYEQYF_P44	0.01438515081206496	31	P44-Baseline	0.1786112142591905	481	Yes	Yes	pre_post_share	R-pre_existing
P44	R	021	good	severe	A	good	good	P44-Treat	TRAV29/DV5;TRBV5-5_;_TRAJ49;TRBJ2-1_TRA:CAASITGNQFYF;TRB:CASSVARFGEQFF_P44	0.00417633410672853	9	P44-Baseline	0.00185666542888971	5	No	No	pre_post_share	R-pre_existing
P44	R	021	good	severe	A	good	good	P44-Treat	TRAV10;TRBV5-1_;TRBD2_TRAJ49;TRBJ2-3_TRA:CVVSGNQFYF;TRB:CASSTTSGRVGTDTQYF_P44	9.280742459396752e-4	2	NA	NA	NA	NA	No	post_specific	R-post_novel
P44	R	021	good	severe	A	good	good	P44-Treat	TRAV1-2;TRBV20-1_;_TRAJ33;TRBJ2-2_TRA:CAVMDSNYQLIW;TRB:CSARLAGDTGELFF_P44	0.00185614849187935	4	P44-Baseline	3.713330857779428e-4	1	No	No	pre_post_share	R-pre_existing
P44	R	021	good	severe	A	good	good	P44-Treat	TRAV13-2;TRBV6-2_;TRBD1_TRAJ9;TRBJ2-5_TRA:CAESPFTGGFKTIF;TRB:CASLQSGTGEETQYF_P44	9.280742459396752e-4	2	NA	NA	NA	NA	No	post_specific	R-post_novel
P44	R	021	good	severe	A	good	good	P44-Treat	TRAV1-1;TRBV6-6_;_TRAJ11;TRBJ2-1_TRA:CAVSGDSGYSTLTF;TRB:CASSAPQRNYNEQFF_P44	0.01299303944315545	28	P44-Baseline	0.00297066468622354	8	No	Yes	pre_post_share	R-pre_existing
P44	R	021	good	severe	A	good	good	P44-Treat	TRAV8-4;TRBV11-3_;_TRAJ38;TRBJ2-1_TRA:CAVSKSAGNNRKLIW;TRB:CASSPGRRETNEQFF_P44	9.280742459396752e-4	2	NA	NA	NA	NA	No	post_specific	R-post_novel
P44	R	021	good	severe	A	good	good	P44-Treat	TRAV19;TRBV5-1_;TRBD1_TRAJ5;TRBJ2-1_TRA:CALSDKPGGTGRRALTF;TRB:CASSLEQGARSNEQFF_P44	0.00139211136890951	3	P44-Baseline	0.00111399925733382	3	No	No	pre_post_share	R-pre_existing
P44	R	021	good	severe	A	good	good	P44-Treat	TRAV19;TRBV5-6_;_TRAJ43;TRBJ2-7_TRA:CALSDGNNDMRF;TRB:CASSLAWGEQYF_P44	9.280742459396752e-4	2	NA	NA	NA	NA	No	post_specific	R-post_novel
P44	R	021	good	severe	A	good	good	P44-Treat	TRAV3;TRBV3-1_;_TRAJ9;TRBJ1-4_TRA:CAVRVTGGFKTIF;TRB:CASSQDQKSSEKLFF_P44	9.280742459396752e-4	2	NA	NA	NA	NA	No	post_specific	R-post_novel
P44	R	021	good	severe	A	good	good	P44-Treat	TRAV12-2;TRBV6-1_;_TRAJ5;TRBJ1-2_TRA:CAVRAMDTGRRALTF;TRB:CASSEAGGYTF_P44	9.280742459396752e-4	2	P44-Baseline	3.713330857779428e-4	1	No	No	pre_post_share	R-pre_existing
P44	R	021	good	severe	A	good	good	P44-Treat	TRAV2;TRBV19_;TRBD1_TRAJ23;TRBJ2-2_TRA:CAVRRNQGGKLIF;TRB:CASSRTGTGGSTNTGELFF_P44	9.280742459396752e-4	2	NA	NA	NA	NA	No	post_specific	R-post_novel
P44	R	021	good	severe	A	good	good	P44-Treat	TRAV12-2;TRBV5-5_;_TRAJ49;TRBJ2-7_TRA:CAVKADTGNQFYF;TRB:CASSFSGFNEQYF_P44	9.280742459396752e-4	2	P44-Baseline	3.713330857779428e-4	1	No	No	pre_post_share	R-pre_existing
P44	R	021	good	severe	A	good	good	P44-Treat	TRAV38-1;TRBV20-1_;_TRAJ37;TRBJ2-7_TRA:CAFVISGNTGKLIF;TRB:CSASSESSYEQYF_P44	9.280742459396752e-4	2	NA	NA	NA	NA	No	post_specific	R-post_novel
P44	R	021	good	severe	A	good	good	P44-Treat	TRAV20;TRBV7-9_;_TRAJ44;TRBJ2-3_TRA:CAVRTGTASKLTF;TRB:CASSHPLAGATDTQYF_P44	9.280742459396752e-4	2	NA	NA	NA	NA	No	post_specific	R-post_novel
P44	R	021	good	severe	A	good	good	P44-Treat	TRAV12-1;TRBV7-9_;_TRAJ48;TRBJ2-5_TRA:CVVKDPGGNEKLTF;TRB:CASSQETQYF_P44	0.00139211136890951	3	NA	NA	NA	NA	No	post_specific	R-post_novel
P44	R	021	good	severe	A	good	good	P44-Treat	TRAV21;TRBV20-1_;_TRAJ23;TRBJ1-1_TRA:CAVANQGGKLIF;TRB:CSARVKELVHTEAFF_P44	9.280742459396752e-4	2	NA	NA	NA	NA	No	post_specific	R-post_novel
P44	R	021	good	severe	A	good	good	P44-Treat	TRAV14/DV4;TRBV5-1_;_TRAJ53;TRBJ2-7_TRA:CAIFSGGSNYKLTF;TRB:CASSLGGGLYEQYF_P44	9.280742459396752e-4	2	NA	NA	NA	NA	No	post_specific	R-post_novel
P44	R	021	good	severe	A	good	good	P44-Treat	TRAV12-2;TRBV20-1_;_TRAJ49;TRBJ1-6_TRA:CAVTNTGNQFYF;TRB:CSASNQVGSPLHF_P44	9.280742459396752e-4	2	NA	NA	NA	NA	No	post_specific	R-post_novel
P44	R	021	good	severe	A	good	good	P44-Treat	TRAV35;TRBV28_;_TRAJ47;TRBJ2-7_TRA:CAGRIMEYGNKLVF;TRB:CASSLGTTVGEQYF_P44	9.280742459396752e-4	2	P44-Baseline	3.713330857779428e-4	1	No	No	pre_post_share	R-pre_existing
P44	R	021	good	severe	A	good	good	P44-Treat	TRAV25;TRBV19_;_TRAJ32;TRBJ2-3_TRA:CAGERATNKLIF;TRB:CASSIGGGTDTQYF_P44	9.280742459396752e-4	2	NA	NA	NA	NA	No	post_specific	R-post_novel
P44	R	021	good	severe	A	good	good	P44-Treat	TRAV1-1;TRBV28_;TRBD2_TRAJ23;TRBJ2-2_TRA:CATYQGGKLIF;TRB:CASSPRTSGSGELFF_P44	9.280742459396752e-4	2	NA	NA	NA	NA	No	post_specific	R-post_novel
P44	R	021	good	severe	A	good	good	P44-Treat	TRAV17;TRBV5-1_;_TRAJ37;TRBJ2-6_TRA:CATAVSGNTGKLIF;TRB:CASSYGQMSSGANVLTF_P44	9.280742459396752e-4	2	NA	NA	NA	NA	No	post_specific	R-post_novel
P44	R	021	good	severe	A	good	good	P44-Treat	TRAV14/DV4;TRBV19_;_TRAJ39;TRBJ1-5_TRA:CAMREKNAGNMLTF;TRB:CASSIAQGYQPQHF_P44	0.00139211136890951	3	NA	NA	NA	NA	No	post_specific	R-post_novel
P44	R	021	good	severe	A	good	good	P44-Treat	TRAV5;TRBV5-1_;_TRAJ12;TRBJ1-1_TRA:CAETRMDSSYKLIF;TRB:CASSLDRATEAFF_P44	9.280742459396752e-4	2	NA	NA	NA	NA	No	post_specific	R-post_novel
P44	R	021	good	severe	A	good	good	P44-Treat	TRAV6;TRBV11-3_;TRBD1_TRAJ31;TRBJ2-7_TRA:CALGANNNARLMF;TRB:CASRPGQGGEQYF_P44	9.280742459396752e-4	2	NA	NA	NA	NA	No	post_specific	R-post_novel
P44	R	021	good	severe	A	good	good	P44-Treat	TRAV6;TRBV27_;_TRAJ33;TRBJ2-7_TRA:CASPVSGNYQLIW;TRB:CAAGSSGLEQYF_P44	0.00417633410672853	9	P44-Baseline	7.426661715558856e-4	2	No	No	pre_post_share	R-pre_existing
P44	R	021	good	severe	A	good	good	P44-Treat	TRAV6;TRBV6-6_;_TRAJ32;TRBJ1-3_TRA:CALDKDGGATNKLIF;TRB:CASTTGTSGNTIYF_P44	9.280742459396752e-4	2	P44-Baseline	3.713330857779428e-4	1	No	No	pre_post_share	R-pre_existing
P44	R	021	good	severe	A	good	good	P44-Treat	TRAV29/DV5;TRBV11-3_;_TRAJ56;TRBJ2-1_TRA:CAASVAGANSKLTF;TRB:CASSSDPGLGGFNEQFF_P44	9.280742459396752e-4	2	NA	NA	NA	NA	No	post_specific	R-post_novel
P44	R	021	good	severe	A	good	good	P44-Treat	TRAV29/DV5;TRBV12-3_;_TRAJ42;TRBJ2-3_TRA:CAARSQGNLIF;TRB:CASTEGGLADTQYF_P44	9.280742459396752e-4	2	NA	NA	NA	NA	No	post_specific	R-post_novel
P44	R	021	good	severe	A	good	good	P44-Treat	TRAV8-1;TRBV5-1_;TRBD1_TRAJ13;TRBJ1-6_TRA:CAVNPWGSGGYQKVTF;TRB:CASSSGQGGSPLHF_P44	9.280742459396752e-4	2	NA	NA	NA	NA	No	post_specific	R-post_novel
P44	R	021	good	severe	A	good	good	P44-Treat	TRAV17;TRBV10-3_;TRBD1_TRAJ16;TRBJ1-5_TRA:CATDALGGQKLLF;TRB:CAISAGQGNSNQPQHF_P44	0.00139211136890951	3	NA	NA	NA	NA	No	post_specific	R-post_novel
P44	R	021	good	severe	A	good	good	P44-Treat	TRAV5;TRBV2_;_TRAJ27;TRBJ2-5_TRA:CAESIANAGKSTF;TRB:CASSDSGLETQYF_P44	9.280742459396752e-4	2	NA	NA	NA	NA	No	post_specific	R-post_novel
P44	R	021	good	severe	A	good	good	P44-Treat	TRAV3;TRBV20-1_;_TRAJ21;TRBJ2-7_TRA:CAVRTYNFNKFYF;TRB:CSAREGLAGSYEQYF_P44	9.280742459396752e-4	2	NA	NA	NA	NA	No	post_specific	R-post_novel
P44	R	021	good	severe	A	good	good	P44-Treat	TRAV5;TRBV4-1_;_TRAJ8;TRBJ1-2_TRA:CADTGFQKLVF;TRB:CASSQGQRDYGYTF_P44	0.00185614849187935	4	NA	NA	NA	NA	No	post_specific	R-post_novel
P44	R	021	good	severe	A	good	good	P44-Treat	TRAV17;TRBV5-5_;TRBD2_TRAJ32;TRBJ2-2_TRA:CTPGGATNKLIF;TRB:CASSSRLAGASNTGELFF_P44	0.00139211136890951	3	NA	NA	NA	NA	No	post_specific	R-post_novel
P44	R	021	good	severe	A	good	good	P44-Treat	TRAV3;TRBV28_;_TRAJ3;TRBJ1-5_TRA:CAVSYTGYSSASKIIF;TRB:CASSFFPDNQPQHF_P44	0.00185614849187935	4	P44-Baseline	7.426661715558856e-4	2	No	No	pre_post_share	R-pre_existing
P44	R	021	good	severe	A	good	good	P44-Treat	TRAV8-3;TRBV28_;_TRAJ21;TRBJ2-2_TRA:CAVGDNFNKFYF;TRB:CASSLTSASGELFF_P44	9.280742459396752e-4	2	NA	NA	NA	NA	No	post_specific	R-post_novel
P44	R	021	good	severe	A	good	good	P44-Treat	TRAV14/DV4;TRBV6-2_;_TRAJ10;TRBJ2-5_TRA:CAIKTGGGNKLTF;TRB:CASTPWKNKEETQYF_P44	0.00139211136890951	3	NA	NA	NA	NA	No	post_specific	R-post_novel
P44	R	021	good	severe	A	good	good	P44-Treat	TRAV12-2;TRBV20-1_;_TRAJ3;TRBJ2-7_TRA:CAVNNSSASKIIF;TRB:CSAREGLAGSYEQYF_P44	0.00232018561484918	5	NA	NA	NA	NA	No	post_specific	R-post_novel
P44	R	021	good	severe	A	good	good	P44-Treat	TRAV1-2;TRBV6-2_;_TRAJ33;TRBJ2-3_TRA:CAVMDSNYQLIW;TRB:CASRGSGATDTQYF_P44	9.280742459396752e-4	2	NA	NA	NA	NA	No	post_specific	R-post_novel
P44	R	021	good	severe	A	good	good	P44-Treat	TRAV30;TRBV19_;_TRAJ31;TRBJ2-1_TRA:CGTGMGNNARLMF;TRB:CASSIDWGASSYNEQFF_P44	9.280742459396752e-4	2	NA	NA	NA	NA	No	post_specific	R-post_novel
P44	R	021	good	severe	A	good	good	P44-Treat	TRAV8-4;TRBV11-2_;_TRAJ31;TRBJ2-7_TRA:CAVSRSNARLMF;TRB:CASSLEALRQYF_P44	9.280742459396752e-4	2	NA	NA	NA	NA	No	post_specific	R-post_novel
P44	R	021	good	severe	A	good	good	P44-Treat	TRAV12-2;TRBV29-1_;_TRAJ8;TRBJ2-3_TRA:CAVNTIDTGFQKLVF;TRB:CSVEGSGIEDTQYF_P44	0.00696055684454756	15	P44-Baseline	0.0025993316004456	7	No	No	pre_post_share	R-pre_existing
P44	R	021	good	severe	A	good	good	P44-Treat	TRAV12-2;TRBV7-9_;_TRAJ26;TRBJ2-1_TRA:CAVRGENYGQNFVF;TRB:CASSYDRTGLGLDNEQFF_P44	9.280742459396752e-4	2	NA	NA	NA	NA	No	post_specific	R-post_novel
P44	R	021	good	severe	A	good	good	P44-Treat	TRAV8-4;TRBV5-4_;_TRAJ48;TRBJ2-7_TRA:CAVSYQKEKLTF;TRB:CASSRGDSYEQYF_P44	0.00417633410672853	9	P44-Baseline	0.03973264017823988	107	Yes	No	pre_post_share	R-pre_existing
P44	R	021	good	severe	A	good	good	P44-Treat	TRAV17;TRBV27_;_TRAJ40;TRBJ2-5_TRA:CAFTSGTYKYIF;TRB:CASSPTAYQETQYF_P44	9.280742459396752e-4	2	P44-Baseline	0.15373189751206834	414	Yes	No	pre_post_share	R-pre_existing
P44	R	021	good	severe	A	good	good	P44-Treat	TRAV38-1;TRBV19_;_TRAJ42;TRBJ2-3_TRA:CAFMSGSQGNLIF;TRB:CASSIDGAKGDTQYF_P44	9.280742459396752e-4	2	NA	NA	NA	NA	No	post_specific	R-post_novel
P44	R	021	good	severe	A	good	good	P44-Treat	TRAV38-1;TRBV28_;_TRAJ23;TRBJ2-7_TRA:CAFMIPQGGKLIF;TRB:CASKTVGTYHEQYF_P44	0.00232018561484918	5	P44-Baseline	0.00111399925733382	3	No	No	pre_post_share	R-pre_existing
P44	R	021	good	severe	A	good	good	P44-Treat	TRAV38-1;TRBV6-6_;_TRAJ48;TRBJ1-6_TRA:CAFRSNFGNEKLTF;TRB:CASSNGGGAHNSPLHF_P44	0.00139211136890951	3	NA	NA	NA	NA	No	post_specific	R-post_novel
P44	R	021	good	severe	A	good	good	P44-Treat	TRAV13-1;TRBV12-4_;_TRAJ50;TRBJ2-2_TRA:CAASSKTSYDKVIF;TRB:CASSRQSTGELFF_P44	0.00185614849187935	4	P44-Baseline	3.713330857779428e-4	1	No	No	pre_post_share	R-pre_existing
P44	R	021	good	severe	A	good	good	P44-Treat	TRAV13-1;TRBV19_;_TRAJ21;TRBJ2-1_TRA:CAASPDNFNKFYF;TRB:CASSMDRGAGNYNEQFF_P44	0.00139211136890951	3	P44-Baseline	0.00111399925733382	3	No	No	pre_post_share	R-pre_existing
P44	R	021	good	severe	A	good	good	P44-Treat	TRAV14/DV4;TRBV5-5_;_TRAJ49;TRBJ2-1_TRA:CAMRDPTGNQFYF;TRB:CASSLHQGLAAFNEQFF_P44	0.00139211136890951	3	NA	NA	NA	NA	No	post_specific	R-post_novel
P44	R	021	good	severe	A	good	good	P44-Treat	TRAV38-2/DV8;TRBV29-1_;_TRAJ57;TRBJ1-1_TRA:CAYRSQGGSEKLVF;TRB:CSVAHRARRGNTEAFF_P44	9.280742459396752e-4	2	NA	NA	NA	NA	No	post_specific	R-post_novel
P44	R	021	good	severe	A	good	good	P44-Treat	TRAV38-2/DV8;TRBV28_;_TRAJ49;TRBJ2-3_TRA:CAYRSAYAGNQFYF;TRB:CASSFSRLTDTQYF_P44	9.280742459396752e-4	2	P44-Baseline	7.426661715558856e-4	2	No	No	pre_post_share	R-pre_existing
P44	R	021	good	severe	A	good	good	P44-Treat	TRAV8-4;TRBV12-3_;TRBD1_TRAJ34;TRBJ2-7_TRA:CAVSDTDKLIF;TRB:CASSPRSGQGPEQYF_P44	9.280742459396752e-4	2	NA	NA	NA	NA	No	post_specific	R-post_novel
P44	R	021	good	severe	A	good	good	P44-Treat	TRAV22;TRBV5-5_;TRBD1_TRAJ49;TRBJ2-2_TRA:CAAPRAGNQFYF;TRB:CASSLVGGGELFF_P44	9.280742459396752e-4	2	NA	NA	NA	NA	No	post_specific	R-post_novel
P44	R	021	good	severe	A	good	good	P44-Treat	TRAV4;TRBV24-1_;_TRAJ16;TRBJ2-7_TRA:CPEPRFSDGQKLLF;TRB:CATSDWDSPTYEQYF_P44	0.00324825986078886	7	P44-Baseline	3.713330857779428e-4	1	No	No	pre_post_share	R-pre_existing
P44	R	021	good	severe	A	good	good	P44-Treat	TRAV25;TRBV19_;TRBD2_TRAJ9;TRBJ2-1_TRA:CAAAGGFKTIF;TRB:CASSIDQGLAGSNEQFF_P44	0.00185614849187935	4	NA	NA	NA	NA	No	post_specific	R-post_novel
P44	R	021	good	severe	A	good	good	P44-Treat	TRAV25;TRBV27_;_TRAJ9;TRBJ2-7_TRA:CAGETGGFKTIF;TRB:CASSPSLAGGPYEQYF_P44	9.280742459396752e-4	2	NA	NA	NA	NA	No	post_specific	R-post_novel
P44	R	021	good	severe	A	good	good	P44-Treat	TRAV25;TRBV5-5_;TRBD1_TRAJ49;TRBJ2-7_TRA:CAGGVTGNQFYF;TRB:CASSYLGTGTDEQYF_P44	9.280742459396752e-4	2	NA	NA	NA	NA	No	post_specific	R-post_novel
P44	R	021	good	severe	A	good	good	P44-Treat	TRAV20;TRBV2_;_TRAJ39;TRBJ2-7_TRA:CAVPNNAGNMLTF;TRB:CASSRRQQRSYEQYF_P44	0.00324825986078886	7	NA	NA	NA	NA	No	post_specific	R-post_novel
P44	R	021	good	severe	A	good	good	P44-Treat	TRAV12-1;TRBV5-1_;TRBD1_TRAJ40;TRBJ2-7_TRA:CVVSGTYKYIF;TRB:CASSLGQGAYEQYF_P44	9.280742459396752e-4	2	P44-Baseline	3.713330857779428e-4	1	No	No	pre_post_share	R-pre_existing
P44	R	021	good	severe	A	good	good	P44-Treat	TRAV26-1;TRBV20-1_;TRBD1_TRAJ42;TRBJ2-1_TRA:CIVKSGSQGNLIF;TRB:CSARTLGQGVLRLAINEQFF_P44	9.280742459396752e-4	2	P44-Baseline	3.713330857779428e-4	1	No	No	pre_post_share	R-pre_existing
P44	R	021	good	severe	A	good	good	P44-Treat	TRAV12-1;TRBV6-2_;_TRAJ37;TRBJ2-1_TRA:CVVNGRGSSNTGKLIF;TRB:CASSPGLAPYNEQFF_P44	0.00185614849187935	4	NA	NA	NA	NA	No	post_specific	R-post_novel
P44	R	021	good	severe	A	good	good	P44-Treat	TRAV26-1;TRBV27_;TRBD1_TRAJ36;TRBJ2-6_TRA:CIVRYQTGANNLFF;TRB:CASSLIKPGPGANVLTF_P44	9.280742459396752e-4	2	NA	NA	NA	NA	No	post_specific	R-post_novel
P44	R	021	good	severe	A	good	good	P44-Treat	TRAV5;TRBV28_;_TRAJ9;TRBJ2-1_TRA:CAETPGGFKTIF;TRB:CASSPMASRKGNEQFF_P44	9.280742459396752e-4	2	NA	NA	NA	NA	No	post_specific	R-post_novel
P44	R	021	good	severe	A	good	good	P44-Treat	TRAV26-1;TRBV5-1_;_TRAJ17;TRBJ2-2_TRA:CIVSSKAAGNKLTF;TRB:CASGPGVAANTGELFF_P44	9.280742459396752e-4	2	NA	NA	NA	NA	No	post_specific	R-post_novel
P44	R	021	good	severe	A	good	good	P44-Treat	TRAV26-1;TRBV5-1_;_TRAJ20;TRBJ2-7_TRA:CIVSEPNDYKLSF;TRB:CASSLGGGLYEQYF_P44	9.280742459396752e-4	2	NA	NA	NA	NA	No	post_specific	R-post_novel
P44	R	021	good	severe	A	good	good	P44-Treat	TRAV1-2;TRBV24-1_;_TRAJ37;TRBJ2-7_TRA:CAVRDSSNTGKLIF;TRB:CATSDWDSPTYEQYF_P44	0.00232018561484918	5	NA	NA	NA	NA	No	post_specific	R-post_novel
P44	R	021	good	severe	A	good	good	P44-Treat	TRAV14/DV4;TRBV7-2_;_TRAJ37;TRBJ2-7_TRA:CAMREATSNTGKLIF;TRB:CASSLGGGVSYEQYF_P44	9.280742459396752e-4	2	P44-Baseline	7.426661715558856e-4	2	No	No	pre_post_share	R-pre_existing
P44	R	021	good	severe	A	good	good	P44-Treat	TRAV13-1;TRBV30_;_TRAJ39;TRBJ2-2_TRA:CAAVRSDAGNMLTF;TRB:CAWSVAGSYTGELFF_P44	0.00185614849187935	4	P44-Baseline	3.713330857779428e-4	1	No	No	pre_post_share	R-pre_existing
P44	R	021	good	severe	A	good	good	P44-Treat	TRAV29/DV5;TRBV10-2_;_TRAJ13;TRBJ1-5_TRA:CAARGSGGYQKVTF;TRB:CATTSGTGHQPQHF_P44	0.0148491879350348	32	P44-Baseline	0.00111399925733382	3	No	Yes	pre_post_share	R-pre_existing
P44	R	021	good	severe	A	good	good	P44-Treat	TRAV29/DV5;TRBV10-3_;_TRAJ13;TRBJ2-7_TRA:CAAKGSGGYQKVTF;TRB:CATTTGTGNNEQYF_P44	9.280742459396752e-4	2	NA	NA	NA	NA	No	post_specific	R-post_novel
P44	R	021	good	severe	A	good	good	P44-Treat	TRAV12-2;TRBV4-2_;_TRAJ53;TRBJ2-3_TRA:CAVNHSGGSNYKLTF;TRB:CASSHRPDFTDTQYF_P44	0.00324825986078886	7	P44-Baseline	0.02190865206089862	59	Yes	No	pre_post_share	R-pre_existing
P44	R	021	good	severe	A	good	good	P44-Treat	TRAV30;TRBV4-1_;_TRAJ54;TRBJ2-3_TRA:CGTVSQGAQKLVF;TRB:CASSQGHPGGGSEPDTQYF_P44	0.00417633410672853	9	P44-Baseline	0.07389528406981062	199	Yes	No	pre_post_share	R-pre_existing
P44	R	021	good	severe	A	good	good	P44-Treat	TRAV8-1;TRBV5-4_;_TRAJ31;TRBJ2-1_TRA:CAVNAWNNNARLMF;TRB:CASSTTGGGNYNEQFF_P44	9.280742459396752e-4	2	NA	NA	NA	NA	No	post_specific	R-post_novel
P44	R	021	good	severe	A	good	good	P44-Treat	TRAV8-1;TRBV5-8_;_TRAJ4;TRBJ2-3_TRA:CAVMPVSGGYNKLIF;TRB:CASSSWTSTDTQYF_P44	0.00139211136890951	3	NA	NA	NA	NA	No	post_specific	R-post_novel
P44	R	021	good	severe	A	good	good	P44-Treat	TRAV12-1;TRBV20-1_;TRBD2_TRAJ24;TRBJ2-7_TRA:CVVNPPRADSWGKFQF;TRB:CSARGGLAGAITSYEQYF_P44	9.280742459396752e-4	2	NA	NA	NA	NA	No	post_specific	R-post_novel
P44	R	021	good	severe	A	good	good	P44-Treat	TRAV29/DV5;TRBV5-1_;_TRAJ28;TRBJ2-1_TRA:CAAIPGAGSYQLTF;TRB:CASSLVSYGANEQFF_P44	9.280742459396752e-4	2	NA	NA	NA	NA	No	post_specific	R-post_novel
P44	R	021	good	severe	A	good	good	P44-Treat	TRAV29/DV5;TRBV7-8_;_TRAJ50;TRBJ2-1_TRA:CAASGWDKVIF;TRB:CASSYRVVNEQFF_P44	9.280742459396752e-4	2	P44-Baseline	0.00111399925733382	3	No	No	pre_post_share	R-pre_existing
P44	R	021	good	severe	A	good	good	P44-Treat	TRAV3;TRBV2_;_TRAJ16;TRBJ2-3_TRA:CAVSLRFSDGQKLLF;TRB:CASSVGAARTDTQYF_P44	0.00185614849187935	4	P44-Baseline	0.01262532491645005	34	Yes	No	pre_post_share	R-pre_existing
P44	R	021	good	severe	A	good	good	P44-Treat	TRAV17;TRBV5-1_;_TRAJ18;TRBJ1-1_TRA:CATDPDRGSTLGRLYF;TRB:CASSLAEGWTEAFF_P44	9.280742459396752e-4	2	P44-Baseline	3.713330857779428e-4	1	No	No	pre_post_share	R-pre_existing
P44	R	021	good	severe	A	good	good	P44-Treat	TRAV8-3;TRBV20-1_;_TRAJ10;TRBJ2-3_TRA:CAVGALILTGGGNKLTF;TRB:CSAPGHRTQYF_P44	9.280742459396752e-4	2	NA	NA	NA	NA	No	post_specific	R-post_novel
P44	R	021	good	severe	A	good	good	P44-Treat	TRAV3;TRBV28_;_TRAJ34;TRBJ2-1_TRA:CAVREGWADKLIF;TRB:CASSLVGSYNEQFF_P44	9.280742459396752e-4	2	NA	NA	NA	NA	No	post_specific	R-post_novel
P44	R	021	good	severe	A	good	good	P44-Treat	TRAV1-2;TRBV19_;TRBD1_TRAJ33;TRBJ2-7_TRA:CAVRDSNYQLIW;TRB:CASSIGDGTGSYEQYF_P44	9.280742459396752e-4	2	NA	NA	NA	NA	No	post_specific	R-post_novel
P44	R	021	good	severe	A	good	good	P44-Treat	TRAV19;TRBV11-2_;_TRAJ53;TRBJ2-5_TRA:CALSVRVNSGGSNYKLTF;TRB:CASSLSLGFRETQYF_P44	9.280742459396752e-4	2	NA	NA	NA	NA	No	post_specific	R-post_novel
P44	R	021	good	severe	A	good	good	P44-Treat	TRAV21;TRBV5-1_;TRBD1_TRAJ45;TRBJ2-7_TRA:CAVFMYSGGGADGLTF;TRB:CASSSYGTGFYEQYF_P44	9.280742459396752e-4	2	NA	NA	NA	NA	No	post_specific	R-post_novel
P44	R	021	good	severe	A	good	good	P44-Treat	TRAV8-3;TRBV5-5_;TRBD2_TRAJ45;TRBJ2-1_TRA:CAVGGVGGGADGLTF;TRB:CASSWGLAGVTRSDEQFF_P44	0.00185614849187935	4	NA	NA	NA	NA	No	post_specific	R-post_novel
P44	R	021	good	severe	A	good	good	P44-Treat	TRAV3;TRBV7-2_;_TRAJ36;TRBJ2-3_TRA:CAVRDGGANNLFF;TRB:CASSLVGTTDTDTQYF_P44	9.280742459396752e-4	2	NA	NA	NA	NA	No	post_specific	R-post_novel
P44	R	021	good	severe	A	good	good	P44-Treat	TRAV12-2;TRBV25-1_;_TRAJ34;TRBJ2-7_TRA:CAVKTPTDKLIF;TRB:CASSPGDEQYF_P44	9.280742459396752e-4	2	NA	NA	NA	NA	No	post_specific	R-post_novel
P44	R	021	good	severe	A	good	good	P44-Treat	TRAV19;TRBV5-1_;_TRAJ58;TRBJ2-3_TRA:CALTSGSRLTF;TRB:CASSLWETGGPGDTQYF_P44	0.00556844547563805	12	P44-Baseline	0.00371333085777942	10	No	No	pre_post_share	R-pre_existing
P44	R	021	good	severe	A	good	good	P44-Treat	TRAV8-1;TRBV19_;_TRAJ47;TRBJ2-1_TRA:CAVSPRSGNKLVF;TRB:CASNPSGSYNEQFF_P44	9.280742459396752e-4	2	NA	NA	NA	NA	No	post_specific	R-post_novel
P44	R	021	good	severe	A	good	good	P44-Treat	TRAV2;TRBV3-1_;_TRAJ3;TRBJ2-2_TRA:CAVEDPGYSSASKIIF;TRB:CASTGTSTGELFF_P44	9.280742459396752e-4	2	NA	NA	NA	NA	No	post_specific	R-post_novel
P44	R	021	good	severe	A	good	good	P44-Treat	TRAV17;TRBV27_;_TRAJ40;TRBJ2-5_TRA:CASTSGTYKYIF;TRB:CASSPTPYQETQYF_P44	0.01299303944315545	28	P44-Baseline	0.04938730040846639	133	Yes	Yes	pre_post_share	R-pre_existing
P44	R	021	good	severe	A	good	good	P44-Treat	TRAV38-2/DV8;TRBV24-1_;_TRAJ42;TRBJ2-1_TRA:CAYRDDYGGSQGNLIF;TRB:CATSDLTSGSNEQFF_P44	0.00139211136890951	3	P44-Baseline	0.0207946528035648	56	Yes	No	pre_post_share	R-pre_existing
P44	R	021	good	severe	A	good	good	P44-Treat	TRAV26-1;TRBV11-3_;_TRAJ56;TRBJ2-7_TRA:CIVSTGANSKLTF;TRB:CASSLYGSRAFEQYF_P44	9.280742459396752e-4	2	NA	NA	NA	NA	No	post_specific	R-post_novel
P44	R	021	good	severe	A	good	good	P44-Treat	TRAV23/DV6;TRBV2_;_TRAJ4;TRBJ2-7_TRA:CAPGSGGYNKLIF;TRB:CASKSGTQSSYEQYF_P44	0.00185614849187935	4	NA	NA	NA	NA	No	post_specific	R-post_novel
P44	R	021	good	severe	A	good	good	P44-Treat	TRAV24;TRBV27_;TRBD1_TRAJ40;TRBJ2-5_TRA:CAFFSGTYKYIF;TRB:CASSSWGGPGETQYF_P44	9.280742459396752e-4	2	NA	NA	NA	NA	No	post_specific	R-post_novel
P44	R	021	good	severe	A	good	good	P44-Treat	TRAV9-2;TRBV5-4_;_TRAJ45;TRBJ1-6_TRA:CALSDLVSGGGADGLTF;TRB:CASSVGRESPLHF_P44	0.00139211136890951	3	P44-Baseline	3.713330857779428e-4	1	No	No	pre_post_share	R-pre_existing
P44	R	021	good	severe	A	good	good	P44-Treat	TRAV5;TRBV11-2_;_TRAJ5;TRBJ2-2_TRA:CAESPTGRRALTF;TRB:CASSFGAMNTGELFF_P44	9.280742459396752e-4	2	NA	NA	NA	NA	No	post_specific	R-post_novel
P44	R	021	good	severe	A	good	good	P44-Treat	TRAV8-6;TRBV11-2_;_TRAJ16;TRBJ2-7_TRA:CAVSLIDGQKLLF;TRB:CASSPLGVSSYEQYF_P44	9.280742459396752e-4	2	NA	NA	NA	NA	No	post_specific	R-post_novel
P44	R	021	good	severe	A	good	good	P44-Treat	TRAV1-1;TRBV5-1_;TRBD1_TRAJ5;TRBJ2-5_TRA:CAVSRPDTGRRALTF;TRB:CASSVGQGWSGETQYF_P44	0.00232018561484918	5	P44-Baseline	3.713330857779428e-4	1	No	No	pre_post_share	R-pre_existing
P44	R	021	good	severe	A	good	good	P44-Treat	TRAV8-4;TRBV11-3_;_TRAJ33;TRBJ2-3_TRA:CAVNSNYQLIW;TRB:CASSPRLAGEADTQYF_P44	9.280742459396752e-4	2	NA	NA	NA	NA	No	post_specific	R-post_novel
P44	R	021	good	severe	A	good	good	P44-Treat	TRAV27;TRBV11-3_;_TRAJ20;TRBJ2-1_TRA:CAGLPSNDYKLSF;TRB:CASRQSSGRLDEQFF_P44	9.280742459396752e-4	2	NA	NA	NA	NA	No	post_specific	R-post_novel
P44	R	021	good	severe	A	good	good	P44-Treat	TRAV13-2;TRBV11-2_;_TRAJ22;TRBJ2-2_TRA:CAGTSGSARQLTF;TRB:CASKISDRATGELFF_P44	9.280742459396752e-4	2	P44-Baseline	3.713330857779428e-4	1	No	No	pre_post_share	R-pre_existing
P44	R	021	good	severe	A	good	good	P44-Treat	TRAV8-3;TRBV7-8_;_TRAJ50;TRBJ2-1_TRA:CAVPKTSYDKVIF;TRB:CASSLDQRVYNEQFF_P44	0.00232018561484918	5	P44-Baseline	0.00111399925733382	3	No	No	pre_post_share	R-pre_existing
P44	R	021	good	severe	A	good	good	P44-Treat	TRAV27;TRBV5-4_;TRBD1_TRAJ48;TRBJ2-7_TRA:CAASNFGNEKLTF;TRB:CASLDRGSSYEQYF_P44	0.00139211136890951	3	NA	NA	NA	NA	No	post_specific	R-post_novel
P44	R	021	good	severe	A	good	good	P44-Treat	TRAV17;TRBV20-1_;_TRAJ37;TRBJ2-7_TRA:CATDLSSNTGKLIF;TRB:CSASSSGDSYEQYF_P44	0.00139211136890951	3	NA	NA	NA	NA	No	post_specific	R-post_novel
P44	R	021	good	severe	A	good	good	P44-Treat	TRAV29/DV5;TRBV2_;_TRAJ42;TRBJ1-2_TRA:CAASGRGGGSQGNLIF;TRB:CASSAGGPVYGYTF_P44	9.280742459396752e-4	2	NA	NA	NA	NA	No	post_specific	R-post_novel
P44	R	021	good	severe	A	good	good	P44-Treat	TRAV29/DV5;TRBV2_;_TRAJ40;TRBJ1-6_TRA:CAAPRSGTYKYIF;TRB:CASSERPMTSPLHF_P44	9.280742459396752e-4	2	P44-Baseline	3.713330857779428e-4	1	No	No	pre_post_share	R-pre_existing
P44	R	021	good	severe	A	good	good	P44-Treat	TRAV3;TRBV11-3_;TRBD1_TRAJ32;TRBJ1-1_TRA:CAVKNYGGATNKLIF;TRB:CASSIQGTGPAEAFF_P44	0.00139211136890951	3	NA	NA	NA	NA	No	post_specific	R-post_novel
P44	R	021	good	severe	A	good	good	P44-Treat	TRAV2;TRBV7-9_;_TRAJ17;TRBJ2-3_TRA:CAVCPAAGNKLTF;TRB:CASSDNARGDTQYF_P44	9.280742459396752e-4	2	NA	NA	NA	NA	No	post_specific	R-post_novel
P44	R	021	good	severe	A	good	good	P44-Treat	TRAV17;TRBV9_;_TRAJ43;TRBJ2-3_TRA:CATNNNNDMRF;TRB:CASSSSGTGTDTQYF_P44	0.00139211136890951	3	NA	NA	NA	NA	No	post_specific	R-post_novel
P44	R	021	good	severe	A	good	good	P44-Treat	TRAV19;TRBV14_;_TRAJ20;TRBJ2-3_TRA:CALSEGGDYKLSF;TRB:CASSQGPERTDTQYF_P44	0.00185614849187935	4	P44-Baseline	0.00334199777200148	9	No	No	pre_post_share	R-pre_existing
P44	R	021	good	severe	A	good	good	P44-Treat	TRAV9-2;TRBV12-3_;_TRAJ30;TRBJ1-1_TRA:CALTMNRDDKIIF;TRB:CASSFGPLSEAFF_P44	9.280742459396752e-4	2	NA	NA	NA	NA	No	post_specific	R-post_novel
P44	R	021	good	severe	A	good	good	P44-Treat	TRAV19;TRBV2_;_TRAJ11;TRBJ2-1_TRA:CALSDLEGYSTLTF;TRB:CASSATTYQVDEQFF_P44	0.00232018561484918	5	NA	NA	NA	NA	No	post_specific	R-post_novel
P44	R	021	good	severe	A	good	good	P44-Treat	TRAV24;TRBV7-9_;_TRAJ27;TRBJ1-2_TRA:CAFLDTNAGKSTF;TRB:CASSEWTVSTF_P44	9.280742459396752e-4	2	P44-Baseline	3.713330857779428e-4	1	No	No	pre_post_share	R-pre_existing
P44	R	021	good	severe	A	good	good	P44-Treat	TRAV12-2;TRBV20-1_;_TRAJ50;TRBJ2-5_TRA:CAVNTKTSYDKVIF;TRB:CSARVVLLETQYF_P44	0.00278422273781902	6	NA	NA	NA	NA	No	post_specific	R-post_novel
P44	R	021	good	severe	A	good	good	P44-Treat	TRAV29/DV5;TRBV2_;_TRAJ10;TRBJ2-1_TRA:CAASGGGNKLTF;TRB:CASSSGMDEQFF_P44	0.00185614849187935	4	NA	NA	NA	NA	No	post_specific	R-post_novel
P44	R	021	good	severe	A	good	good	P44-Treat	TRAV24;TRBV2_;_TRAJ22;TRBJ2-2_TRA:CAFSGSARQLTF;TRB:CASSGLVGTGELFF_P44	9.280742459396752e-4	2	NA	NA	NA	NA	No	post_specific	R-post_novel
P44	R	021	good	severe	A	good	good	P44-Treat	TRAV25;TRBV30_;_TRAJ29;TRBJ1-6_TRA:CAGRSGNTPLVF;TRB:CAWRGEGGGRNSPLHF_P44	9.280742459396752e-4	2	NA	NA	NA	NA	No	post_specific	R-post_novel
P44	R	021	good	severe	A	good	good	P44-Treat	TRAV19;TRBV5-4_;_TRAJ37;TRBJ2-1_TRA:CALSAYNTGKLIF;TRB:CASSLAPGVGNEQFF_P44	9.280742459396752e-4	2	NA	NA	NA	NA	No	post_specific	R-post_novel
P44	R	021	good	severe	A	good	good	P44-Treat	TRAV29/DV5;TRBV5-6_;TRBD2_TRAJ42;TRBJ2-7_TRA:CAATGYGGSQGNLIF;TRB:CASRPGLAGYEQYF_P44	9.280742459396752e-4	2	NA	NA	NA	NA	No	post_specific	R-post_novel
P44	R	021	good	severe	A	good	good	P44-Treat	TRAV29/DV5;TRBV7-8_;_TRAJ56;TRBJ2-3_TRA:CAASGTGANSKLTF;TRB:CASSSLKGGAGDTQYF_P44	9.280742459396752e-4	2	NA	NA	NA	NA	No	post_specific	R-post_novel
P44	R	021	good	severe	A	good	good	P44-Treat	TRAV8-2;TRBV7-2_;_TRAJ27;TRBJ2-3_TRA:CVVGGGKSTF;TRB:CASSLRAGGPGDTQYF_P44	0.00185614849187935	4	NA	NA	NA	NA	No	post_specific	R-post_novel
P44	R	021	good	severe	A	good	good	P44-Treat	TRAV26-2;TRBV27_;TRBD1_TRAJ52;TRBJ1-2_TRA:CIPRIGGTSYGKLTF;TRB:CASRQGDRSSGYTF_P44	9.280742459396752e-4	2	NA	NA	NA	NA	No	post_specific	R-post_novel
P44	R	021	good	severe	A	good	good	P44-Treat	TRAV29/DV5;TRBV9_;_TRAJ36;TRBJ1-1_TRA:CAASGFQAGANNLFF;TRB:CASSVGSNTEAFF_P44	9.280742459396752e-4	2	P44-Baseline	3.713330857779428e-4	1	No	No	pre_post_share	R-pre_existing
P44	R	021	good	severe	A	good	good	P44-Treat	TRAV13-2;TRBV5-4_;_TRAJ15;TRBJ2-5_TRA:CAETQAGTALIF;TRB:CASSPTSVKETQYF_P44	9.280742459396752e-4	2	NA	NA	NA	NA	No	post_specific	R-post_novel
P44	R	021	good	severe	A	good	good	P44-Treat	TRAV8-4;TRBV9_;TRBD1_TRAJ58;TRBJ2-3_TRA:CAVSDAETSGSRLTF;TRB:CASSFYTGGTDTQYF_P44	9.280742459396752e-4	2	NA	NA	NA	NA	No	post_specific	R-post_novel
P44	R	021	good	severe	A	good	good	P44-Treat	TRAV8-3;TRBV12-3_;_TRAJ10;TRBJ1-5_TRA:CAVGLTGGGNKLTF;TRB:CASSLGGNQPQHF_P44	9.280742459396752e-4	2	NA	NA	NA	NA	No	post_specific	R-post_novel
P44	R	021	good	severe	A	good	good	P44-Treat	TRAV12-2;TRBV20-1_;_TRAJ45;TRBJ1-1_TRA:CAVNYLGSGGGADGLTF;TRB:CSARDLLVGANTEAFF_P44	9.280742459396752e-4	2	NA	NA	NA	NA	No	post_specific	R-post_novel
P44	R	021	good	severe	A	good	good	P44-Treat	TRAV8-3;TRBV28_;_TRAJ22;TRBJ2-3_TRA:CAVGGSARQLTF;TRB:CASSLNESPTDTQYF_P44	0.00139211136890951	3	P44-Baseline	7.426661715558856e-4	2	No	No	pre_post_share	R-pre_existing
P44	R	021	good	severe	A	good	good	P44-Treat	TRAV1-2;TRBV24-1_;_TRAJ20;TRBJ2-1_TRA:CAVRESNDYKLSF;TRB:CATSLGAGGIYNEQFF_P44	9.280742459396752e-4	2	NA	NA	NA	NA	No	post_specific	R-post_novel
P44	R	021	good	severe	A	good	good	P44-Treat	TRAV8-4;TRBV2_;_TRAJ33;TRBJ1-2_TRA:CAVSEGSNYQLIW;TRB:CASSGGGPGYTF_P44	0.00139211136890951	3	NA	NA	NA	NA	No	post_specific	R-post_novel
P44	R	021	good	severe	A	good	good	P44-Treat	TRAV14/DV4;TRBV6-1_;TRBD1_TRAJ39;TRBJ2-7_TRA:CAMRDHNNAGNMLTF;TRB:CASSEWAGGTYEQYF_P44	0.0037122969837587	8	P44-Baseline	7.426661715558856e-4	2	No	No	pre_post_share	R-pre_existing
P44	R	021	good	severe	A	good	good	P44-Treat	TRAV16;TRBV7-9_;_TRAJ57;TRBJ2-1_TRA:CALRQGGSEKLVF;TRB:CASSFGLGGEQFF_P44	9.280742459396752e-4	2	NA	NA	NA	NA	No	post_specific	R-post_novel
P44	R	021	good	severe	A	good	good	P44-Treat	TRAV8-1;TRBV29-1_;_TRAJ38;TRBJ2-3_TRA:CAVNSPGNNRKLIW;TRB:CSVEGSGREDTQYF_P44	0.00603248259860788	13	P44-Baseline	0.00111399925733382	3	No	No	pre_post_share	R-pre_existing
P44	R	021	good	severe	A	good	good	P44-Treat	TRAV3;TRBV6-2_;_TRAJ5;TRBJ2-1_TRA:CAVRDDTGRRALTF;TRB:CASSRQGYNEQFF_P44	9.280742459396752e-4	2	NA	NA	NA	NA	No	post_specific	R-post_novel
P44	R	021	good	severe	A	good	good	P44-Treat	TRAV12-2;TRBV20-1_;_TRAJ49;TRBJ1-6_TRA:CAVTPTGNQFYF;TRB:CSASPGVGSPLHF_P44	0.00232018561484918	5	NA	NA	NA	NA	No	post_specific	R-post_novel
P44	R	021	good	severe	A	good	good	P44-Treat	TRAV12-2;TRBV7-2_;_TRAJ30;TRBJ1-2_TRA:CAAEGEDRDDKIIF;TRB:CASSRYSYGYTF_P44	9.280742459396752e-4	2	NA	NA	NA	NA	No	post_specific	R-post_novel
P44	R	021	good	severe	A	good	good	P44-Treat	TRAV22;TRBV9_;TRBD1_TRAJ24;TRBJ2-7_TRA:CAVDPATTDSWGKFQF;TRB:CASSFGQGGEQYF_P44	9.280742459396752e-4	2	P44-Baseline	7.426661715558856e-4	2	No	No	pre_post_share	R-pre_existing
P44	R	021	good	severe	A	good	good	P44-Treat	TRAV2;TRBV2_;_TRAJ36;TRBJ2-3_TRA:CAVEDPETGANNLFF;TRB:CASSETGSSTDTQYF_P44	0.00232018561484918	5	NA	NA	NA	NA	No	post_specific	R-post_novel
P44	R	021	good	severe	A	good	good	P44-Treat	TRAV29/DV5;TRBV6-1_;_TRAJ32;TRBJ2-7_TRA:CAASSSYGGATNKLIF;TRB:CASSDLYEQYF_P44	9.280742459396752e-4	2	P44-Baseline	3.713330857779428e-4	1	No	No	pre_post_share	R-pre_existing
P44	R	021	good	severe	A	good	good	P44-Treat	TRAV2;TRBV20-1_;_TRAJ20;TRBJ2-1_TRA:CAVESNDYKLSF;TRB:CSAVPDREFNEQFF_P44	9.280742459396752e-4	2	NA	NA	NA	NA	No	post_specific	R-post_novel
P44	R	021	good	severe	A	good	good	P44-Treat	TRAV13-1;TRBV20-1_;_TRAJ29;TRBJ2-1_TRA:CAASPLNTPLVF;TRB:CSAPYNEQFF_P44	9.280742459396752e-4	2	NA	NA	NA	NA	No	post_specific	R-post_novel
P44	R	021	good	severe	A	good	good	P44-Treat	TRAV12-2;TRBV18_;_TRAJ6;TRBJ2-3_TRA:CAVSGGGSYIPTF;TRB:CASSLTGVDTQYF_P44	0.00139211136890951	3	P44-Baseline	3.713330857779428e-4	1	No	No	pre_post_share	R-pre_existing
P44	R	021	good	severe	A	good	good	P44-Treat	TRAV38-2/DV8;TRBV20-1_;_TRAJ28;TRBJ2-7_TRA:CAYRSADWDSGAGSYQLTF;TRB:CSASEQGDEQYF_P44	9.280742459396752e-4	2	NA	NA	NA	NA	No	post_specific	R-post_novel
P44	R	021	good	severe	A	good	good	P44-Treat	TRAV38-2/DV8;TRBV15_;_TRAJ53;TRBJ2-2_TRA:CACHSGGSNYKLTF;TRB:CATRALPAGELFF_P44	9.280742459396752e-4	2	NA	NA	NA	NA	No	post_specific	R-post_novel
P44	R	021	good	severe	A	good	good	P44-Treat	TRAV12-3;TRBV30_;_TRAJ11;TRBJ2-7_TRA:CAMRGYSTLTF;TRB:CAWSVVAGYEQYF_P44	9.280742459396752e-4	2	NA	NA	NA	NA	No	post_specific	R-post_novel
P44	R	021	good	severe	A	good	good	P44-Treat	TRAV29/DV5;TRBV6-6_;_TRAJ15;TRBJ1-1_TRA:CAAYPWEAGTALIF;TRB:CASSLVGEEAEAFF_P44	9.280742459396752e-4	2	NA	NA	NA	NA	No	post_specific	R-post_novel
P44	R	021	good	severe	A	good	good	P44-Treat	TRAV21;TRBV20-1_;TRBD1_TRAJ23;TRBJ1-1_TRA:CAVNNQGGKLIF;TRB:CSARTGEQVNTEAFF_P44	9.280742459396752e-4	2	NA	NA	NA	NA	No	post_specific	R-post_novel
P45	NR	022	poor	moderate	B	pEKD	pEKD	P45-Treat	TRAV13-2;TRBV6-2_;_TRAJ7;TRBJ2-2_TRA:CAERGNNRLAF;TRB:CASSYFGTGELFF_P45	0.00108225108225108	2	NA	NA	NA	NA	No	post_specific	NR-post_novel
P45	NR	022	poor	moderate	B	pEKD	pEKD	P45-Treat	TRAV8-6;TRBV2_;_TRAJ4;TRBJ2-1_TRA:CAVSESGGYNKLIF;TRB:CASWVSGRASSYNEQFF_P45	0.00108225108225108	2	P45-Baseline	3.1036623215394165e-4	1	No	No	pre_post_share	NR-pre_existing
P45	NR	022	poor	moderate	B	pEKD	pEKD	P45-Treat	TRAV23/DV6;TRBV19_;_TRAJ29;TRBJ1-4_TRA:CAAEAGNTPLVF;TRB:CASSMMGAREKLFF_P45	0.00162337662337662	3	NA	NA	NA	NA	No	post_specific	NR-post_novel
P45	NR	022	poor	moderate	B	pEKD	pEKD	P45-Treat	TRAV1-2;TRBV28_;TRBD1_TRAJ34;TRBJ1-5_TRA:CAVSSYNTDKLIF;TRB:CASSLLGTGAQPQHF_P45	0.00432900432900432	8	P45-Baseline	0.00124146492861576	4	No	No	pre_post_share	NR-pre_existing
P45	NR	022	poor	moderate	B	pEKD	pEKD	P45-Treat	TRAV12-2;TRBV9_;_TRAJ20;TRBJ2-7_TRA:CAVNVYKLSF;TRB:CASSVPPGHYEQYF_P45	0.00108225108225108	2	NA	NA	NA	NA	No	post_specific	NR-post_novel
P45	NR	022	poor	moderate	B	pEKD	pEKD	P45-Treat	TRAV23/DV6;TRBV27_;_TRAJ47;TRBJ2-2_TRA:CAAGGEYGNKLVF;TRB:CASRGPRQGWNTGELFF_P45	0.0027056277056277	5	P45-Baseline	0.0015518311607697	5	No	No	pre_post_share	NR-pre_existing
P45	NR	022	poor	moderate	B	pEKD	pEKD	P45-Treat	TRAV26-1;TRBV27_;TRBD1_TRAJ52;TRBJ2-7_TRA:CIVRGAGGTSYGKLTF;TRB:CASSVQGANYEQYF_P45	0.00108225108225108	2	P45-Baseline	3.1036623215394165e-4	1	No	No	pre_post_share	NR-pre_existing
P45	NR	022	poor	moderate	B	pEKD	pEKD	P45-Treat	TRAV14/DV4;TRBV4-3_;_TRAJ32;TRBJ2-3_TRA:CAMRVGYGGATNKLIF;TRB:CASSQSPGGSTDTQYF_P45	0.00108225108225108	2	NA	NA	NA	NA	No	post_specific	NR-post_novel
P45	NR	022	poor	moderate	B	pEKD	pEKD	P45-Treat	TRAV17;TRBV4-2_;_TRAJ10;TRBJ2-5_TRA:CATDATGGGNKLTF;TRB:CASSQEGQRGETQYF_P45	0.00108225108225108	2	P45-Baseline	0.00186219739292365	6	No	No	pre_post_share	NR-pre_existing
P45	NR	022	poor	moderate	B	pEKD	pEKD	P45-Treat	TRAV6;TRBV20-1_;TRBD1_TRAJ20;TRBJ1-4_TRA:CALANDYKLSF;TRB:CSARGGQGQSFPNEKLFF_P45	0.00108225108225108	2	P45-Baseline	0.0015518311607697	5	No	No	pre_post_share	NR-pre_existing
P45	NR	022	poor	moderate	B	pEKD	pEKD	P45-Treat	TRAV13-2;TRBV18_;_TRAJ49;TRBJ1-2_TRA:CAERPNTGNQFYF;TRB:CASSPVERVFGYTF_P45	0.00108225108225108	2	NA	NA	NA	NA	No	post_specific	NR-post_novel
P45	NR	022	poor	moderate	B	pEKD	pEKD	P45-Treat	TRAV23/DV6;TRBV2_;_TRAJ42;TRBJ1-4_TRA:CAASWAGSQGNLIF;TRB:CASKAGEEKLFF_P45	0.00162337662337662	3	NA	NA	NA	NA	No	post_specific	NR-post_novel
P45	NR	022	poor	moderate	B	pEKD	pEKD	P45-Treat	TRAV13-2;TRBV6-5_;_TRAJ23;TRBJ1-1_TRA:CAESQDLNNQGGKLIF;TRB:CASSYLMVGSGGAVMNTEAFF_P45	0.00162337662337662	3	NA	NA	NA	NA	No	post_specific	NR-post_novel
P45	NR	022	poor	moderate	B	pEKD	pEKD	P45-Treat	TRAV3;TRBV5-5_;_TRAJ17;TRBJ1-1_TRA:CAVRDMEAAGNKLTF;TRB:CASSFVSGAAEAFF_P45	0.00162337662337662	3	P45-Baseline	0.00124146492861576	4	No	No	pre_post_share	NR-pre_existing
P45	NR	022	poor	moderate	B	pEKD	pEKD	P45-Treat	TRAV21;TRBV5-4_;TRBD1_TRAJ12;TRBJ2-7_TRA:CAGMDSSYKLIF;TRB:CASSGWTGVYEQYF_P45	0.0027056277056277	5	P45-Baseline	0.00186219739292365	6	No	No	pre_post_share	NR-pre_existing
P45	NR	022	poor	moderate	B	pEKD	pEKD	P45-Treat	TRAV27;TRBV6-5_;_TRAJ39;TRBJ1-2_TRA:CAGAGNNAGNMLTF;TRB:CASSYSGYRANYGYTF_P45	0.00108225108225108	2	NA	NA	NA	NA	No	post_specific	NR-post_novel
P45	NR	022	poor	moderate	B	pEKD	pEKD	P45-Treat	TRAV26-1;TRBV7-7_;_TRAJ30;TRBJ2-3_TRA:CIVRVNKIIF;TRB:CASSLGRGRTDTQYF_P45	0.00162337662337662	3	NA	NA	NA	NA	No	post_specific	NR-post_novel
P45	NR	022	poor	moderate	B	pEKD	pEKD	P45-Treat	TRAV5;TRBV5-1_;_TRAJ4;TRBJ2-3_TRA:CAEEPEFSGGYNKLIF;TRB:CASSLLGITDTQYF_P45	0.00108225108225108	2	NA	NA	NA	NA	No	post_specific	NR-post_novel
P45	NR	022	poor	moderate	B	pEKD	pEKD	P45-Treat	TRAV21;TRBV6-5_;_TRAJ40;TRBJ1-1_TRA:CAVRPGSGTYKYIF;TRB:CASSYSGLAGQGNTEAFF_P45	0.00108225108225108	2	NA	NA	NA	NA	No	post_specific	NR-post_novel
P45	NR	022	poor	moderate	B	pEKD	pEKD	P45-Treat	TRAV6;TRBV20-1_;_TRAJ26;TRBJ1-2_TRA:CALEGNYGQNFVF;TRB:CSVPFRQGKMGYTF_P45	0.00162337662337662	3	P45-Baseline	6.207324643078833e-4	2	No	No	pre_post_share	NR-pre_existing
P45	NR	022	poor	moderate	B	pEKD	pEKD	P45-Treat	TRAV3;TRBV6-4_;_TRAJ39;TRBJ2-1_TRA:CAVNLRNAGNMLTF;TRB:CASSRERGNEQFF_P45	0.00162337662337662	3	NA	NA	NA	NA	No	post_specific	NR-post_novel
P45	NR	022	poor	moderate	B	pEKD	pEKD	P45-Treat	TRAV8-2;TRBV30_;_TRAJ27;TRBJ2-5_TRA:CVVSDSYTNAGKSTF;TRB:CAWSGGRLSETQYF_P45	0.00108225108225108	2	P45-Baseline	0.00186219739292365	6	No	No	pre_post_share	NR-pre_existing
P45	NR	022	poor	moderate	B	pEKD	pEKD	P45-Treat	TRAV4;TRBV7-9_;_TRAJ35;TRBJ1-3_TRA:CLACFGNVLHC;TRB:CASSPSGNTIYF_P45	0.00108225108225108	2	NA	NA	NA	NA	No	post_specific	NR-post_novel
P45	NR	022	poor	moderate	B	pEKD	pEKD	P45-Treat	TRAV25;TRBV10-3_;TRBD2_TRAJ18;TRBJ2-3_TRA:CAGSRGSTLGRLYF;TRB:CAISPGLAGGGRGDTQYF_P45	0.00162337662337662	3	NA	NA	NA	NA	No	post_specific	NR-post_novel
P45	NR	022	poor	moderate	B	pEKD	pEKD	P45-Treat	TRAV19;TRBV9_;_TRAJ15;TRBJ2-2_TRA:CALSEFAGTALIF;TRB:CASSVATGELFF_P45	0.00324675324675324	6	P45-Baseline	0.00341402855369335	11	No	No	pre_post_share	NR-pre_existing
P45	NR	022	poor	moderate	B	pEKD	pEKD	P45-Treat	TRAV16;TRBV7-9_;_TRAJ50;TRBJ1-3_TRA:CALTKTSYDKVIF;TRB:CASSPSGNTIYF_P45	0.00108225108225108	2	NA	NA	NA	NA	No	post_specific	NR-post_novel
P45	NR	022	poor	moderate	B	pEKD	pEKD	P45-Treat	TRAV8-1;TRBV6-6_;TRBD1_TRAJ20;TRBJ2-7_TRA:CAVITNDYKLSF;TRB:CATGQGANEQYF_P45	0.00108225108225108	2	NA	NA	NA	NA	No	post_specific	NR-post_novel
P45	NR	022	poor	moderate	B	pEKD	pEKD	P45-Treat	TRAV29/DV5;TRBV12-4_;_TRAJ23;TRBJ2-1_TRA:CAASTEPYNQGGKLIF;TRB:CASSLLEGGLYNEQFF_P45	0.00108225108225108	2	P45-Baseline	3.1036623215394165e-4	1	No	No	pre_post_share	NR-pre_existing
P45	NR	022	poor	moderate	B	pEKD	pEKD	P45-Treat	TRAV29/DV5;TRBV6-5_;_TRAJ49;TRBJ2-1_TRA:CAAYVGNQFYF;TRB:CASSYGFTTGQFF_P45	0.00108225108225108	2	P45-Baseline	0.00589695841092489	19	No	No	pre_post_share	NR-pre_existing
P45	NR	022	poor	moderate	B	pEKD	pEKD	P45-Treat	TRAV12-1;TRBV20-1_;TRBD1_TRAJ5;TRBJ2-2_TRA:CAVNRQPGRRALTF;TRB:CSLPGTANTGELFF_P45	0.00162337662337662	3	NA	NA	NA	NA	No	post_specific	NR-post_novel
P45	NR	022	poor	moderate	B	pEKD	pEKD	P45-Treat	TRAV13-1;TRBV28_;_TRAJ49;TRBJ2-7_TRA:CAALERDTGNQFYF;TRB:CASSPRAGISYEQYF_P45	0.00108225108225108	2	NA	NA	NA	NA	No	post_specific	NR-post_novel
P45	NR	022	poor	moderate	B	pEKD	pEKD	P45-Treat	TRAV9-2;TRBV3-1_;TRBD2_TRAJ43;TRBJ2-2_TRA:CALSDRGNNDMRF;TRB:CASSPGLAGGRSGELFF_P45	0.00162337662337662	3	NA	NA	NA	NA	No	post_specific	NR-post_novel
P45	NR	022	poor	moderate	B	pEKD	pEKD	P45-Treat	TRAV22;TRBV3-1_;TRBD1_TRAJ34;TRBJ1-2_TRA:CAVEWWDTDKLIF;TRB:CASSQGQGYGYTF_P45	0.00162337662337662	3	NA	NA	NA	NA	No	post_specific	NR-post_novel
P45	NR	022	poor	moderate	B	pEKD	pEKD	P45-Treat	TRAV38-2/DV8;TRBV5-4_;TRBD2_TRAJ54;TRBJ2-5_TRA:CAYRSDINFQGAQKLVF;TRB:CASSLVGSGRAKKTQYF_P45	0.00108225108225108	2	NA	NA	NA	NA	No	post_specific	NR-post_novel
P45	NR	022	poor	moderate	B	pEKD	pEKD	P45-Treat	TRAV27;TRBV6-5_;_TRAJ43;TRBJ1-2_TRA:CAGLNDMRF;TRB:CASSFTVLGDGYTF_P45	0.00108225108225108	2	P45-Baseline	3.1036623215394165e-4	1	No	No	pre_post_share	NR-pre_existing
P45	NR	022	poor	moderate	B	pEKD	pEKD	P45-Treat	TRAV14/DV4;TRBV20-1_;_TRAJ32;TRBJ2-5_TRA:CAMREGWRGGGATNKLIF;TRB:CSAHRGTGQETQYF_P45	0.00162337662337662	3	P45-Baseline	0.00124146492861576	4	No	No	pre_post_share	NR-pre_existing
P45	NR	022	poor	moderate	B	pEKD	pEKD	P45-Treat	TRAV9-2;TRBV14_;_TRAJ10;TRBJ1-1_TRA:CALSALTGGGNKLTF;TRB:CASSRDRNTEAFF_P45	0.00162337662337662	3	NA	NA	NA	NA	No	post_specific	NR-post_novel
P45	NR	022	poor	moderate	B	pEKD	pEKD	P45-Treat	TRAV5;TRBV5-1_;_TRAJ15;TRBJ1-1_TRA:CAESNQAGTALIF;TRB:CASSPETGEAFF_P45	0.00432900432900432	8	P45-Baseline	0.00124146492861576	4	No	No	pre_post_share	NR-pre_existing
P45	NR	022	poor	moderate	B	pEKD	pEKD	P45-Treat	TRAV6;TRBV12-5_;_TRAJ20;TRBJ2-3_TRA:CALPSSNDYKLSF;TRB:CASALFGDTQYF_P45	0.00108225108225108	2	P45-Baseline	3.1036623215394165e-4	1	No	No	pre_post_share	NR-pre_existing
P45	NR	022	poor	moderate	B	pEKD	pEKD	P45-Treat	TRAV6;TRBV7-6_;_TRAJ4;TRBJ1-1_TRA:CALPFSGGYNKLIF;TRB:CASSPTQSRSNTEAFF_P45	0.00108225108225108	2	NA	NA	NA	NA	No	post_specific	NR-post_novel
P45	NR	022	poor	moderate	B	pEKD	pEKD	P45-Treat	TRAV2;TRBV20-1_;TRBD2_TRAJ29;TRBJ2-7_TRA:CAVVPSGNTPLVF;TRB:CSARRPGLAGNPYEQYF_P45	0.00162337662337662	3	P45-Baseline	0.005276225946617	17	No	No	pre_post_share	NR-pre_existing
P45	NR	022	poor	moderate	B	pEKD	pEKD	P45-Treat	TRAV17;TRBV20-1_;_TRAJ15;TRBJ1-3_TRA:CALANQAGTALIF;TRB:CSAKGSGNTIYF_P45	0.00108225108225108	2	P45-Baseline	0.00124146492861576	4	No	No	pre_post_share	NR-pre_existing
P45	NR	022	poor	moderate	B	pEKD	pEKD	P45-Treat	TRAV17;TRBV4-1_;_TRAJ7;TRBJ2-7_TRA:CVPYGNNRLAF;TRB:CASSQDPPADLEQYF_P45	0.00108225108225108	2	NA	NA	NA	NA	No	post_specific	NR-post_novel
P45	NR	022	poor	moderate	B	pEKD	pEKD	P45-Treat	TRAV19;TRBV27_;_TRAJ37;TRBJ1-2_TRA:CALSDGSGNTGKLIF;TRB:CASSLSYSYGYTF_P45	0.00108225108225108	2	P45-Baseline	3.1036623215394165e-4	1	No	No	pre_post_share	NR-pre_existing
P45	NR	022	poor	moderate	B	pEKD	pEKD	P45-Treat	TRAV19;TRBV28_;_TRAJ45;TRBJ2-7_TRA:CALIDLPIGGGADGLTF;TRB:CASSLPTQGPSGDEQYF_P45	0.00216450216450216	4	P45-Baseline	0.0015518311607697	5	No	No	pre_post_share	NR-pre_existing
P45	NR	022	poor	moderate	B	pEKD	pEKD	P45-Treat	TRAV20;TRBV3-1_;_TRAJ7;TRBJ2-2_TRA:CAVQEYNRLAF;TRB:CASSLALTGELFF_P45	0.01298701298701298	24	P45-Baseline	0.00496585971446306	16	No	Yes	pre_post_share	NR-pre_existing
P45	NR	022	poor	moderate	B	pEKD	pEKD	P45-Treat	TRAV8-2;TRBV30_;TRBD1_TRAJ3;TRBJ1-4_TRA:CVVNHFRGSASKIIF;TRB:CAWERGLNDEKLFF_P45	0.00108225108225108	2	NA	NA	NA	NA	No	post_specific	NR-post_novel
P45	NR	022	poor	moderate	B	pEKD	pEKD	P45-Treat	TRAV30;TRBV6-1_;_TRAJ54;TRBJ1-5_TRA:CGTPPQGAQKLVF;TRB:CASRDINLNQPQHF_P45	0.00378787878787878	7	P45-Baseline	0.00403476101800124	13	No	No	pre_post_share	NR-pre_existing
P45	NR	022	poor	moderate	B	pEKD	pEKD	P45-Treat	TRAV17;TRBV7-6_;TRBD1_TRAJ9;TRBJ1-6_TRA:CATAFGFKTIF;TRB:CASSSGTGESSPLHF_P45	0.00108225108225108	2	P45-Baseline	3.1036623215394165e-4	1	No	No	pre_post_share	NR-pre_existing
P45	NR	022	poor	moderate	B	pEKD	pEKD	P45-Treat	TRAV9-2;TRBV14_;_TRAJ10;TRBJ1-1_TRA:CALGGLTGGGNKLTF;TRB:CASSQDRNTEAFF_P45	0.00108225108225108	2	P45-Baseline	3.1036623215394165e-4	1	No	No	pre_post_share	NR-pre_existing
P45	NR	022	poor	moderate	B	pEKD	pEKD	P45-Treat	TRAV8-3;TRBV4-1_;_TRAJ44;TRBJ2-5_TRA:CAVVNTGTASKLTF;TRB:CASSRGDGGGETQYF_P45	0.00162337662337662	3	NA	NA	NA	NA	No	post_specific	NR-post_novel
P45	NR	022	poor	moderate	B	pEKD	pEKD	P45-Treat	TRAV21;TRBV6-2_;_TRAJ10;TRBJ2-1_TRA:CAVRLLSVTGGGNKLTF;TRB:CASSYSGPLAGVGNEQFF_P45	0.00108225108225108	2	NA	NA	NA	NA	No	post_specific	NR-post_novel
P45	NR	022	poor	moderate	B	pEKD	pEKD	P45-Treat	TRAV21;TRBV7-9_;_TRAJ50;TRBJ1-5_TRA:CAVRRMKTSYDKVIF;TRB:CASSLGAGSGYQPQHF_P45	0.00108225108225108	2	NA	NA	NA	NA	No	post_specific	NR-post_novel
P45	NR	022	poor	moderate	B	pEKD	pEKD	P45-Treat	TRAV38-2/DV8;TRBV10-2_;_TRAJ57;TRBJ2-2_TRA:CAYGITQGGSEKLVF;TRB:CASSQVGGGELFF_P45	0.01244588744588744	23	P45-Baseline	0.0074487895716946	24	No	Yes	pre_post_share	NR-pre_existing
P45	NR	022	poor	moderate	B	pEKD	pEKD	P45-Treat	TRAV23/DV6;TRBV6-6_;TRBD1_TRAJ12;TRBJ2-1_TRA:CAARSMDSSYKLIF;TRB:CASSTAGTGPHEQFF_P45	0.00108225108225108	2	NA	NA	NA	NA	No	post_specific	NR-post_novel
P45	NR	022	poor	moderate	B	pEKD	pEKD	P45-Treat	TRAV21;TRBV2_;TRBD2_TRAJ8;TRBJ2-1_TRA:CAAPRGPMNTGFQKLVF;TRB:CASSAGLAGGNEQFF_P45	0.00108225108225108	2	P45-Baseline	3.1036623215394165e-4	1	No	No	pre_post_share	NR-pre_existing
P45	NR	022	poor	moderate	B	pEKD	pEKD	P45-Treat	TRAV14/DV4;TRBV5-4_;_TRAJ53;TRBJ2-4_TRA:CAMSREGGSNYKLTF;TRB:CASSLMQGIKNIQYF_P45	0.00108225108225108	2	P45-Baseline	0.00124146492861576	4	No	No	pre_post_share	NR-pre_existing
P45	NR	022	poor	moderate	B	pEKD	pEKD	P45-Treat	TRAV5;TRBV12-3_;_TRAJ5;TRBJ1-1_TRA:CAEGGALTF;TRB:CASSYMNTEAFF_P45	0.00108225108225108	2	P45-Baseline	9.31098696461825e-4	3	No	No	pre_post_share	NR-pre_existing
P45	NR	022	poor	moderate	B	pEKD	pEKD	P45-Treat	TRAV26-1;TRBV10-3_;TRBD1_TRAJ40;TRBJ1-1_TRA:CIVISSGTYKYIF;TRB:CAISETGGKAFF_P45	0.00108225108225108	2	NA	NA	NA	NA	No	post_specific	NR-post_novel
P45	NR	022	poor	moderate	B	pEKD	pEKD	P45-Treat	TRAV26-1;TRBV20-1_;_TRAJ57;TRBJ2-7_TRA:CIVRTSQGGSEKLVF;TRB:CSARGQGPQYF_P45	0.00432900432900432	8	NA	NA	NA	NA	No	post_specific	NR-post_novel
P45	NR	022	poor	moderate	B	pEKD	pEKD	P45-Treat	TRAV16;TRBV7-7_;TRBD1_TRAJ52;TRBJ2-7_TRA:CALKENAGGTSYGKLTF;TRB:CASSLGPAGYEQYF_P45	0.00162337662337662	3	NA	NA	NA	NA	No	post_specific	NR-post_novel
P45	NR	022	poor	moderate	B	pEKD	pEKD	P45-Treat	TRAV29/DV5;TRBV10-1_;_TRAJ15;TRBJ2-3_TRA:CAAINQAGTALIF;TRB:CASSEFGSGARDTQYF_P45	0.00108225108225108	2	NA	NA	NA	NA	No	post_specific	NR-post_novel
P45	NR	022	poor	moderate	B	pEKD	pEKD	P45-Treat	TRAV21;TRBV20-1_;_TRAJ57;TRBJ2-3_TRA:CAVTQGGSEKLVF;TRB:CSTLSPSARTDTQYF_P45	0.00216450216450216	4	NA	NA	NA	NA	No	post_specific	NR-post_novel
P45	NR	022	poor	moderate	B	pEKD	pEKD	P45-Treat	TRAV19;TRBV7-9_;_TRAJ42;TRBJ2-7_TRA:CALSDVNYGGSQGNLIF;TRB:CASSFRDFGRYEQYF_P45	0.00108225108225108	2	P45-Baseline	3.1036623215394165e-4	1	No	No	pre_post_share	NR-pre_existing
P45	NR	022	poor	moderate	B	pEKD	pEKD	P45-Treat	TRAV12-1;TRBV4-1_;_TRAJ23;TRBJ1-6_TRA:CSNQGGKLIF;TRB:CASSSGTDSYNSPLHF_P45	0.00108225108225108	2	P45-Baseline	3.1036623215394165e-4	1	No	No	pre_post_share	NR-pre_existing
P45	NR	022	poor	moderate	B	pEKD	pEKD	P45-Treat	TRAV3;TRBV12-3_;_TRAJ20;TRBJ1-1_TRA:CAVRDGNDYKLSF;TRB:CASSYRREMNTEAFF_P45	0.00162337662337662	3	P45-Baseline	6.207324643078833e-4	2	No	No	pre_post_share	NR-pre_existing
P45	NR	022	poor	moderate	B	pEKD	pEKD	P45-Treat	TRAV8-4;TRBV15_;_TRAJ43;TRBJ2-7_TRA:CAADMRF;TRB:CATSRDTTSSYEQYF_P45	0.01244588744588744	23	NA	NA	NA	NA	Yes	post_specific	NR-post_novel
P45	NR	022	poor	moderate	B	pEKD	pEKD	P45-Treat	TRAV12-2;TRBV20-1_;TRBD1_TRAJ4;TRBJ1-5_TRA:CAVMFSGGYNKLIF;TRB:CSALRTGGAMQPQHF_P45	0.00108225108225108	2	NA	NA	NA	NA	No	post_specific	NR-post_novel
P45	NR	022	poor	moderate	B	pEKD	pEKD	P45-Treat	TRAV21;TRBV7-2_;TRBD1_TRAJ7;TRBJ2-3_TRA:CAVNVLGGGNNRLAF;TRB:CASSARQGGDTDTQYF_P45	0.00108225108225108	2	P45-Baseline	6.207324643078833e-4	2	No	No	pre_post_share	NR-pre_existing
P45	NR	022	poor	moderate	B	pEKD	pEKD	P45-Treat	TRAV14/DV4;TRBV16_;_TRAJ4;TRBJ1-5_TRA:CAMRGTLGGYNKLIF;TRB:CASSQRTDNQPQHF_P45	0.00108225108225108	2	P45-Baseline	6.207324643078833e-4	2	No	No	pre_post_share	NR-pre_existing
P45	NR	022	poor	moderate	B	pEKD	pEKD	P45-Treat	TRAV14/DV4;TRBV30_;_TRAJ22;TRBJ1-1_TRA:CAMREAFSGSARQLTF;TRB:CACYRTGRDTEAFF_P45	0.00757575757575757	14	P45-Baseline	3.1036623215394165e-4	1	No	No	pre_post_share	NR-pre_existing
P45	NR	022	poor	moderate	B	pEKD	pEKD	P45-Treat	TRAV5;TRBV24-1_;_TRAJ29;TRBJ1-5_TRA:CAESPNSGNTPLVF;TRB:CATSDRDSSGEPQHF_P45	0.00216450216450216	4	NA	NA	NA	NA	No	post_specific	NR-post_novel
P45	NR	022	poor	moderate	B	pEKD	pEKD	P45-Treat	TRAV1-2;TRBV4-1_;_TRAJ10;TRBJ1-1_TRA:CAVRVVTGGGNKLTF;TRB:CASSQGVEMNTEAFF_P45	0.00432900432900432	8	P45-Baseline	3.1036623215394165e-4	1	No	No	pre_post_share	NR-pre_existing
P45	NR	022	poor	moderate	B	pEKD	pEKD	P45-Treat	TRAV8-3;TRBV5-4_;_TRAJ10;TRBJ2-2_TRA:CAVDPFTGGGNKLTF;TRB:CASSQGADTGELFF_P45	0.00108225108225108	2	P45-Baseline	0.0015518311607697	5	No	No	pre_post_share	NR-pre_existing
P45	NR	022	poor	moderate	B	pEKD	pEKD	P45-Treat	TRAV19;TRBV7-2_;TRBD1_TRAJ35;TRBJ2-3_TRA:CALSERGFGNVLHC;TRB:CASSARQGGDTDTQYF_P45	0.00162337662337662	3	P45-Baseline	6.207324643078833e-4	2	No	No	pre_post_share	NR-pre_existing
P45	NR	022	poor	moderate	B	pEKD	pEKD	P45-Treat	TRAV12-1;TRBV4-3_;_TRAJ31;TRBJ1-6_TRA:CVVTRNNNARLMF;TRB:CASSQDRGQSNSPLHF_P45	0.00108225108225108	2	P45-Baseline	0.00310366232153941	10	No	No	pre_post_share	NR-pre_existing
P45	NR	022	poor	moderate	B	pEKD	pEKD	P45-Treat	TRAV12-1;TRBV7-8_;TRBD2_TRAJ4;TRBJ2-3_TRA:CAVNGAAGGYNKLIF;TRB:CASSPGTSGGPTDTQYF_P45	0.0027056277056277	5	NA	NA	NA	NA	No	post_specific	NR-post_novel
P45	NR	022	poor	moderate	B	pEKD	pEKD	P45-Treat	TRAV8-4;TRBV4-1_;_TRAJ23;TRBJ2-5_TRA:CAVSFGGGKLIF;TRB:CASSQAGEETQYF_P45	0.0027056277056277	5	P45-Baseline	3.1036623215394165e-4	1	No	No	pre_post_share	NR-pre_existing
P45	NR	022	poor	moderate	B	pEKD	pEKD	P45-Treat	TRAV12-2;TRBV6-2_;_TRAJ47;TRBJ2-3_TRA:CAALPRGYGNKLVF;TRB:CASSYSPRAGSGGGDTQYF_P45	0.00108225108225108	2	NA	NA	NA	NA	No	post_specific	NR-post_novel
P45	NR	022	poor	moderate	B	pEKD	pEKD	P45-Treat	TRAV8-6;TRBV12-4_;TRBD1_TRAJ21;TRBJ1-3_TRA:CAVISLNFNKFYF;TRB:CASSTGPGAGNTIYF_P45	0.00108225108225108	2	NA	NA	NA	NA	No	post_specific	NR-post_novel
P45	NR	022	poor	moderate	B	pEKD	pEKD	P45-Treat	TRAV12-3;TRBV2_;TRBD1_TRAJ31;TRBJ2-3_TRA:CAMNGNARLMF;TRB:CASSPGTGGPDTQYF_P45	0.00216450216450216	4	NA	NA	NA	NA	No	post_specific	NR-post_novel
P45	NR	022	poor	moderate	B	pEKD	pEKD	P45-Treat	TRAV12-3;TRBV28_;_TRAJ41;TRBJ2-7_TRA:CAMLSGYALNF;TRB:CASSDRQEGGYEQYF_P45	0.0027056277056277	5	P45-Baseline	0.00434512725015518	14	No	No	pre_post_share	NR-pre_existing
P45	NR	022	poor	moderate	B	pEKD	pEKD	P45-Treat	TRAV8-6;TRBV7-2_;TRBD1_TRAJ20;TRBJ2-1_TRA:CAVCSNDYKLSF;TRB:CASSTGQGPQQFF_P45	0.00108225108225108	2	P45-Baseline	3.1036623215394165e-4	1	No	No	pre_post_share	NR-pre_existing
P45	NR	022	poor	moderate	B	pEKD	pEKD	P45-Treat	TRAV12-3;TRBV6-1_;TRBD2_TRAJ6;TRBJ2-1_TRA:CAMSGRGSYIPTF;TRB:CASSVTGLAGVGYEQFF_P45	0.00108225108225108	2	P45-Baseline	3.1036623215394165e-4	1	No	No	pre_post_share	NR-pre_existing
P45	NR	022	poor	moderate	B	pEKD	pEKD	P45-Treat	TRAV38-1;TRBV5-1_;_TRAJ28;TRBJ2-3_TRA:CAFSYSGAGSYQLTF;TRB:CASSPPPGGRRTDTQYF_P45	0.00216450216450216	4	P45-Baseline	0.00620732464307883	20	No	No	pre_post_share	NR-pre_existing
P45	NR	022	poor	moderate	B	pEKD	pEKD	P45-Treat	TRAV13-1;TRBV5-1_;_TRAJ56;TRBJ2-7_TRA:CAASSAPTGANSKLTF;TRB:CASSLRGLLSSYEQYF_P45	0.00378787878787878	7	P45-Baseline	0.00310366232153941	10	No	No	pre_post_share	NR-pre_existing
P45	NR	022	poor	moderate	B	pEKD	pEKD	P45-Treat	TRAV38-2/DV8;TRBV24-1_;_TRAJ26;TRBJ2-5_TRA:CAYRSYGYGQNFVF;TRB:CATSDSGTETRETQYF_P45	0.00108225108225108	2	P45-Baseline	6.207324643078833e-4	2	No	No	pre_post_share	NR-pre_existing
P45	NR	022	poor	moderate	B	pEKD	pEKD	P45-Treat	TRAV23/DV6;TRBV18_;_TRAJ33;TRBJ1-5_TRA:CAASDRGSNYQLIW;TRB:CASSPARNQPQHF_P45	0.00108225108225108	2	P45-Baseline	3.1036623215394165e-4	1	No	No	pre_post_share	NR-pre_existing
P45	NR	022	poor	moderate	B	pEKD	pEKD	P45-Treat	TRAV23/DV6;TRBV4-1_;_TRAJ47;TRBJ1-5_TRA:CAARRLREYGNKLVF;TRB:CASTDSATSNQPQHF_P45	0.00108225108225108	2	NA	NA	NA	NA	No	post_specific	NR-post_novel
P45	NR	022	poor	moderate	B	pEKD	pEKD	P45-Treat	TRAV4;TRBV28_;_TRAJ41;TRBJ1-2_TRA:CLVGDPPNSGYALNF;TRB:CASSRPGTYGYTF_P45	0.00108225108225108	2	NA	NA	NA	NA	No	post_specific	NR-post_novel
P45	NR	022	poor	moderate	B	pEKD	pEKD	P45-Treat	TRAV14/DV4;TRBV7-2_;_TRAJ43;TRBJ2-4_TRA:CAMREGRDMRF;TRB:CASSLGFESGRAGAKNIQYF_P45	0.00487012987012987	9	NA	NA	NA	NA	No	post_specific	NR-post_novel
P45	NR	022	poor	moderate	B	pEKD	pEKD	P45-Treat	TRAV16;TRBV27_;TRBD2_TRAJ35;TRBJ2-3_TRA:CAPLGFGNVLHC;TRB:CASSRLAGGRATDTQYF_P45	0.00162337662337662	3	NA	NA	NA	NA	No	post_specific	NR-post_novel
P45	NR	022	poor	moderate	B	pEKD	pEKD	P45-Treat	TRAV16;TRBV28_;TRBD1_TRAJ54;TRBJ2-7_TRA:CALSGKGAQKLVF;TRB:CASSPDRARSYEQYF_P45	0.00108225108225108	2	P45-Baseline	3.1036623215394165e-4	1	No	No	pre_post_share	NR-pre_existing
P45	NR	022	poor	moderate	B	pEKD	pEKD	P45-Treat	TRAV16;TRBV7-2_;TRBD1_TRAJ41;TRBJ1-2_TRA:CALSGGSGYALNF;TRB:CASSPSGQGALSGYTF_P45	0.00108225108225108	2	P45-Baseline	9.31098696461825e-4	3	No	No	pre_post_share	NR-pre_existing
P45	NR	022	poor	moderate	B	pEKD	pEKD	P45-Treat	TRAV8-3;TRBV5-5_;TRBD1_TRAJ28;TRBJ1-3_TRA:CAVGSIGDSGAGSYQLTF;TRB:CASSKWTGFVNSENTIYF_P45	0.00324675324675324	6	P45-Baseline	6.207324643078833e-4	2	No	No	pre_post_share	NR-pre_existing
P45	NR	022	poor	moderate	B	pEKD	pEKD	P45-Treat	TRAV8-3;TRBV6-5_;_TRAJ53;TRBJ2-7_TRA:CAVGGWSGGSNYKLTF;TRB:CASSSQQGAEQYF_P45	0.00162337662337662	3	P45-Baseline	6.207324643078833e-4	2	No	No	pre_post_share	NR-pre_existing
P45	NR	022	poor	moderate	B	pEKD	pEKD	P45-Treat	TRAV8-3;TRBV7-7_;_TRAJ42;TRBJ2-3_TRA:CAVGADGGSQGNLIF;TRB:CASSPGPTDTQYF_P45	0.00108225108225108	2	NA	NA	NA	NA	No	post_specific	NR-post_novel
P45	NR	022	poor	moderate	B	pEKD	pEKD	P45-Treat	TRAV2;TRBV24-1_;_TRAJ40;TRBJ1-5_TRA:CAPLGSGTYKYIF;TRB:CATSDRDSSGEPQHF_P45	0.0027056277056277	5	NA	NA	NA	NA	No	post_specific	NR-post_novel
P45	NR	022	poor	moderate	B	pEKD	pEKD	P45-Treat	TRAV3;TRBV25-1_;_TRAJ9;TRBJ1-1_TRA:CAVRPEGFKTIF;TRB:CASSDARGRDWNTEAFF_P45	0.00108225108225108	2	P45-Baseline	3.1036623215394165e-4	1	No	No	pre_post_share	NR-pre_existing
P45	NR	022	poor	moderate	B	pEKD	pEKD	P45-Treat	TRAV3;TRBV5-1_;_TRAJ9;TRBJ2-1_TRA:CAVRDLGGGFKTIF;TRB:CASSLEGYNEQFF_P45	0.00162337662337662	3	P45-Baseline	3.1036623215394165e-4	1	No	No	pre_post_share	NR-pre_existing
P45	NR	022	poor	moderate	B	pEKD	pEKD	P45-Treat	TRAV21;TRBV18_;_TRAJ9;TRBJ2-1_TRA:CAVNTGGFKTIF;TRB:CASSPPGRSSSYNEQFF_P45	0.00162337662337662	3	NA	NA	NA	NA	No	post_specific	NR-post_novel
P45	NR	022	poor	moderate	B	pEKD	pEKD	P45-Treat	TRAV9-2;TRBV14_;_TRAJ10;TRBJ1-1_TRA:CALSVVTGGGNKLTF;TRB:CASSQDRNTEAFF_P45	0.00162337662337662	3	P45-Baseline	6.207324643078833e-4	2	No	No	pre_post_share	NR-pre_existing
P45	NR	022	poor	moderate	B	pEKD	pEKD	P45-Treat	TRAV13-1;TRBV9_;_TRAJ18;TRBJ2-1_TRA:CAASPRGSTLGRLYF;TRB:CASSLELTASSYNEQFF_P45	0.00108225108225108	2	NA	NA	NA	NA	No	post_specific	NR-post_novel
P45	NR	022	poor	moderate	B	pEKD	pEKD	P45-Treat	TRAV1-2;TRBV19_;_TRAJ24;TRBJ2-1_TRA:CAVRDKEPDSWGKLQF;TRB:CASSRLAGSDTLQQFF_P45	0.00811688311688311	15	P45-Baseline	0.00310366232153941	10	No	No	pre_post_share	NR-pre_existing
P45	NR	022	poor	moderate	B	pEKD	pEKD	P45-Treat	TRAV4;TRBV20-1_;_TRAJ27;TRBJ2-1_TRA:CLVGDTTNAGKSTF;TRB:CSASLWRGGGEQFF_P45	0.00108225108225108	2	NA	NA	NA	NA	No	post_specific	NR-post_novel
P45	NR	022	poor	moderate	B	pEKD	pEKD	P45-Treat	TRAV1-2;TRBV5-1_;TRBD1_TRAJ39;TRBJ1-1_TRA:CATSNNAGNMLTF;TRB:CASSPGTGGTEAFF_P45	0.00216450216450216	4	P45-Baseline	3.1036623215394165e-4	1	No	No	pre_post_share	NR-pre_existing
P45	NR	022	poor	moderate	B	pEKD	pEKD	P45-Treat	TRAV27;TRBV6-5_;_TRAJ50;TRBJ1-1_TRA:CAGDKTSYDKVIF;TRB:CASSYSGVLNTEAFF_P45	0.00108225108225108	2	NA	NA	NA	NA	No	post_specific	NR-post_novel
P45	NR	022	poor	moderate	B	pEKD	pEKD	P45-Treat	TRAV8-2;TRBV7-9_;TRBD1_TRAJ4;TRBJ2-2_TRA:CVVSEGSGGYNKLIF;TRB:CASSLRLGQQPGELFF_P45	0.00108225108225108	2	P45-Baseline	3.1036623215394165e-4	1	No	No	pre_post_share	NR-pre_existing
P45	NR	022	poor	moderate	B	pEKD	pEKD	P45-Treat	TRAV35;TRBV7-8_;TRBD1_TRAJ43;TRBJ2-1_TRA:CAGHDMRF;TRB:CASSLGVPGGWGNEQFF_P45	0.00541125541125541	10	P45-Baseline	0.00217256362507759	7	No	No	pre_post_share	NR-pre_existing
P45	NR	022	poor	moderate	B	pEKD	pEKD	P45-Treat	TRAV3;TRBV4-3_;_TRAJ27;TRBJ2-2_TRA:CAVRDGDNAGKSTF;TRB:CASSQSKWANTGELFF_P45	0.00108225108225108	2	P45-Baseline	3.1036623215394165e-4	1	No	No	pre_post_share	NR-pre_existing
P45	NR	022	poor	moderate	B	pEKD	pEKD	P45-Treat	TRAV30;TRBV12-4_;_TRAJ33;TRBJ2-1_TRA:CGTDDLYPSNYQLIW;TRB:CASTPGPEHNEQFF_P45	0.00216450216450216	4	P45-Baseline	3.1036623215394165e-4	1	No	No	pre_post_share	NR-pre_existing
P45	NR	022	poor	moderate	B	pEKD	pEKD	P45-Treat	TRAV30;TRBV5-1_;_TRAJ36;TRBJ2-1_TRA:CGTESGANNLFF;TRB:CASSFPPDSVTNNEQFF_P45	0.00108225108225108	2	NA	NA	NA	NA	No	post_specific	NR-post_novel
P45	NR	022	poor	moderate	B	pEKD	pEKD	P45-Treat	TRAV10;TRBV7-2_;_TRAJ4;TRBJ2-1_TRA:CVVSASGGYNKLIF;TRB:CASSLNVRLAENNEQFF_P45	0.00703463203463203	13	NA	NA	NA	NA	No	post_specific	NR-post_novel
P45	NR	022	poor	moderate	B	pEKD	pEKD	P45-Treat	TRAV21;TRBV6-6_;_TRAJ41;TRBJ2-5_TRA:CAVRPDSGYALNF;TRB:CASSYAAGQTETQYF_P45	0.00162337662337662	3	P45-Baseline	3.1036623215394165e-4	1	No	No	pre_post_share	NR-pre_existing
P45	NR	022	poor	moderate	B	pEKD	pEKD	P45-Treat	TRAV13-1;TRBV7-2_;_TRAJ10;TRBJ1-3_TRA:CAASRSGVTGGGNKLTF;TRB:CASSTQSGNTIYF_P45	0.00108225108225108	2	P45-Baseline	3.1036623215394165e-4	1	No	No	pre_post_share	NR-pre_existing
P45	NR	022	poor	moderate	B	pEKD	pEKD	P45-Treat	TRAV22;TRBV5-1_;_TRAJ45;TRBJ2-7_TRA:CAVELYSGGGADGLTF;TRB:CASSLFSRDQQYF_P45	0.00108225108225108	2	P45-Baseline	3.1036623215394165e-4	1	No	No	pre_post_share	NR-pre_existing
P45	NR	022	poor	moderate	B	pEKD	pEKD	P45-Treat	TRAV2;TRBV7-2_;_TRAJ15;TRBJ2-1_TRA:CAVEDQAGTALIF;TRB:CASSYDGLLDYNEQFF_P45	0.00108225108225108	2	NA	NA	NA	NA	No	post_specific	NR-post_novel
P45	NR	022	poor	moderate	B	pEKD	pEKD	P45-Treat	TRAV23/DV6;TRBV27_;_TRAJ22;TRBJ1-5_TRA:CAVSGSARQLTF;TRB:CASSLYRGNQPQHF_P45	0.00216450216450216	4	P45-Baseline	0.0015518311607697	5	No	No	pre_post_share	NR-pre_existing
P45	NR	022	poor	moderate	B	pEKD	pEKD	P45-Treat	TRAV17;TRBV6-5_;_TRAJ53;TRBJ1-2_TRA:CATDDPDSNYKLTF;TRB:CASSYSAAPYGYTF_P45	0.00595238095238095	11	P45-Baseline	0.01769087523277467	57	Yes	No	pre_post_share	NR-pre_existing
P45	NR	022	poor	moderate	B	pEKD	pEKD	P45-Treat	TRAV25;TRBV25-1_;_TRAJ50;TRBJ1-5_TRA:CAGPAGDKVIF;TRB:CASSEWGDQPQHF_P45	0.00216450216450216	4	P45-Baseline	3.1036623215394165e-4	1	No	No	pre_post_share	NR-pre_existing
P45	NR	022	poor	moderate	B	pEKD	pEKD	P45-Treat	TRAV19;TRBV3-1_;TRBD1_TRAJ26;TRBJ2-1_TRA:CALSEALGSYGQNFVF;TRB:CASRGGQGAYNEQFF_P45	0.00108225108225108	2	P45-Baseline	6.207324643078833e-4	2	No	No	pre_post_share	NR-pre_existing
P45	NR	022	poor	moderate	B	pEKD	pEKD	P45-Treat	TRAV5;TRBV5-4_;TRBD1_TRAJ8;TRBJ1-1_TRA:CAERNTGFQKLVF;TRB:CASSLTGGANTEAFF_P45	0.00108225108225108	2	NA	NA	NA	NA	No	post_specific	NR-post_novel
P45	NR	022	poor	moderate	B	pEKD	pEKD	P45-Treat	TRAV8-1;TRBV5-1_;_TRAJ38;TRBJ2-7_TRA:CAVNVGRNAGNNRKLIW;TRB:CASSLNYEQYF_P45	0.00108225108225108	2	NA	NA	NA	NA	No	post_specific	NR-post_novel
P45	NR	022	poor	moderate	B	pEKD	pEKD	P45-Treat	TRAV1-2;TRBV15_;_TRAJ21;TRBJ2-1_TRA:CAVRDGDNFNKFYF;TRB:CATSSRSTSGSPNEQFF_P45	0.00108225108225108	2	NA	NA	NA	NA	No	post_specific	NR-post_novel
P45	NR	022	poor	moderate	B	pEKD	pEKD	P45-Treat	TRAV1-2;TRBV19_;_TRAJ9;TRBJ2-1_TRA:CAVKPGGFKTIF;TRB:CASSIGGGASEQFF_P45	0.00216450216450216	4	P45-Baseline	3.1036623215394165e-4	1	No	No	pre_post_share	NR-pre_existing
P45	NR	022	poor	moderate	B	pEKD	pEKD	P45-Treat	TRAV17;TRBV27_;TRBD1_TRAJ20;TRBJ2-1_TRA:CATPPTNDYKLSF;TRB:CASSPGTGINEQFF_P45	0.00108225108225108	2	P45-Baseline	3.1036623215394165e-4	1	No	No	pre_post_share	NR-pre_existing
P45	NR	022	poor	moderate	B	pEKD	pEKD	P45-Treat	TRAV19;TRBV10-1_;TRBD1_TRAJ40;TRBJ2-5_TRA:CALSEKMPSGTYKYIF;TRB:CASSRTGEETQYF_P45	0.00108225108225108	2	NA	NA	NA	NA	No	post_specific	NR-post_novel
P45	NR	022	poor	moderate	B	pEKD	pEKD	P45-Treat	TRAV14/DV4;TRBV5-1_;_TRAJ50;TRBJ2-1_TRA:CAMRERMKTSYDKVIF;TRB:CASSPRGDEQFF_P45	0.01082251082251082	20	P45-Baseline	0.01210428305400372	39	Yes	No	pre_post_share	NR-pre_existing
P45	NR	022	poor	moderate	B	pEKD	pEKD	P45-Treat	TRAV13-1;TRBV2_;_TRAJ32;TRBJ1-2_TRA:CAANGGATNKLIF;TRB:CASSPAGDGYTF_P45	0.00162337662337662	3	NA	NA	NA	NA	No	post_specific	NR-post_novel
P45	NR	022	poor	moderate	B	pEKD	pEKD	P45-Treat	TRAV12-1;TRBV20-1_;_TRAJ34;TRBJ1-1_TRA:CVVTPKLIF;TRB:CSARVGGLNTEAFF_P45	0.00108225108225108	2	NA	NA	NA	NA	No	post_specific	NR-post_novel
P45	NR	022	poor	moderate	B	pEKD	pEKD	P45-Treat	TRAV13-2;TRBV12-3_;TRBD1_TRAJ22;TRBJ1-5_TRA:CAEIPLSGSARQLTF;TRB:CASSLGAWGNQPQHF_P45	0.00108225108225108	2	NA	NA	NA	NA	No	post_specific	NR-post_novel
P45	NR	022	poor	moderate	B	pEKD	pEKD	P45-Treat	TRAV12-2;TRBV20-1_;_TRAJ28;TRBJ2-1_TRA:CAVNLWGSGAGSYQLTF;TRB:CSASLWRGGGEQFF_P45	0.00108225108225108	2	NA	NA	NA	NA	No	post_specific	NR-post_novel
P45	NR	022	poor	moderate	B	pEKD	pEKD	P45-Treat	TRAV8-4;TRBV7-8_;TRBD1_TRAJ43;TRBJ2-3_TRA:CAVLKEDMRF;TRB:CASSLGGSQGTDTQYF_P45	0.00162337662337662	3	P45-Baseline	3.1036623215394165e-4	1	No	No	pre_post_share	NR-pre_existing
P45	NR	022	poor	moderate	B	pEKD	pEKD	P45-Treat	TRAV41;TRBV29-1_;_TRAJ45;TRBJ1-1_TRA:CAAPHSGGGADGLTF;TRB:CSVKGANTEAFF_P45	0.00108225108225108	2	NA	NA	NA	NA	No	post_specific	NR-post_novel
P45	NR	022	poor	moderate	B	pEKD	pEKD	P45-Treat	TRAV36/DV7;TRBV19_;_TRAJ52;TRBJ1-5_TRA:CAVRGGDGGTSYGKLTF;TRB:CASRFSGRPQHF_P45	0.00108225108225108	2	NA	NA	NA	NA	No	post_specific	NR-post_novel
P45	NR	022	poor	moderate	B	pEKD	pEKD	P45-Treat	TRAV9-2;TRBV3-1_;TRBD1_TRAJ52;TRBJ2-7_TRA:CALSTVKANAGGTSYGKLTF;TRB:CASSQDRMAGGLSYEQYF_P45	0.00162337662337662	3	P45-Baseline	0.0015518311607697	5	No	No	pre_post_share	NR-pre_existing
P45	NR	022	poor	moderate	B	pEKD	pEKD	P45-Treat	TRAV38-2/DV8;TRBV12-4_;_TRAJ34;TRBJ2-5_TRA:CAYRRGNTDKLIF;TRB:CASKDGQVLSQETQYF_P45	0.00162337662337662	3	P45-Baseline	0.00124146492861576	4	No	No	pre_post_share	NR-pre_existing
P45	NR	022	poor	moderate	B	pEKD	pEKD	P45-Treat	TRAV13-1;TRBV7-8_;_TRAJ20;TRBJ2-2_TRA:CAASIAAGDYKLSF;TRB:CASSHQLAGDTGELFF_P45	0.00162337662337662	3	P45-Baseline	3.1036623215394165e-4	1	No	No	pre_post_share	NR-pre_existing
P45	NR	022	poor	moderate	B	pEKD	pEKD	P45-Treat	TRAV29/DV5;TRBV25-1_;_TRAJ48;TRBJ2-1_TRA:CAAKEANFGNEKLTF;TRB:CASSEGRNEQFF_P45	0.00108225108225108	2	NA	NA	NA	NA	No	post_specific	NR-post_novel
P45	NR	022	poor	moderate	B	pEKD	pEKD	P45-Treat	TRAV12-1;TRBV11-3_;_TRAJ37;TRBJ1-1_TRA:CVLNTGKLIF;TRB:CASSSWGSEAFF_P45	0.00162337662337662	3	P45-Baseline	0.0015518311607697	5	No	No	pre_post_share	NR-pre_existing
P45	NR	022	poor	moderate	B	pEKD	pEKD	P45-Treat	TRAV29/DV5;TRBV6-2_;_TRAJ45;TRBJ2-5_TRA:CAASAGGGGADGLTF;TRB:CASSYRLAAADQETQYF_P45	0.00108225108225108	2	NA	NA	NA	NA	No	post_specific	NR-post_novel
P45	NR	022	poor	moderate	B	pEKD	pEKD	P45-Treat	TRAV8-3;TRBV6-5_;_TRAJ53;TRBJ2-7_TRA:CAVGNSGGSNYKLTF;TRB:CASRQRDSYEQYF_P45	0.00162337662337662	3	P45-Baseline	0.00248292985723153	8	No	No	pre_post_share	NR-pre_existing
P45	NR	022	poor	moderate	B	pEKD	pEKD	P45-Treat	TRAV17;TRBV11-2_;_TRAJ13;TRBJ2-1_TRA:CATGGYQKVTF;TRB:CASSSPRGRGHNEQFF_P45	0.0027056277056277	5	P45-Baseline	6.207324643078833e-4	2	No	No	pre_post_share	NR-pre_existing
P45	NR	022	poor	moderate	B	pEKD	pEKD	P45-Treat	TRAV17;TRBV14_;_TRAJ13;TRBJ2-6_TRA:CATEPNSGGYQKVTF;TRB:CASSQSHSGANVLTF_P45	0.00432900432900432	8	P45-Baseline	3.1036623215394165e-4	1	No	No	pre_post_share	NR-pre_existing
P45	NR	022	poor	moderate	B	pEKD	pEKD	P45-Treat	TRAV2;TRBV5-4_;TRBD2_TRAJ5;TRBJ2-7_TRA:CAVEFTGRRALTF;TRB:CASSLWGTSGRAYEQYF_P45	0.00162337662337662	3	NA	NA	NA	NA	No	post_specific	NR-post_novel
P45	NR	022	poor	moderate	B	pEKD	pEKD	P45-Treat	TRAV3;TRBV5-1_;_TRAJ20;TRBJ1-4_TRA:CAVRDNYDYKLSF;TRB:CASSWGLGSTNEKLFF_P45	0.00487012987012987	9	P45-Baseline	0.00279329608938547	9	No	No	pre_post_share	NR-pre_existing
P45	NR	022	poor	moderate	B	pEKD	pEKD	P45-Treat	TRAV10;TRBV7-6_;_TRAJ31;TRBJ1-6_TRA:CVVSARARLMF;TRB:CASSLAGPGNNSPLHF_P45	0.00108225108225108	2	P45-Baseline	3.1036623215394165e-4	1	No	No	pre_post_share	NR-pre_existing
P45	NR	022	poor	moderate	B	pEKD	pEKD	P45-Treat	TRAV30;TRBV12-4_;_TRAJ54;TRBJ2-2_TRA:CGTLLRSIIQGAQKLVF;TRB:CASSLGGGITGELFF_P45	0.00216450216450216	4	P45-Baseline	6.207324643078833e-4	2	No	No	pre_post_share	NR-pre_existing
P45	NR	022	poor	moderate	B	pEKD	pEKD	P45-Treat	TRAV41;TRBV10-2_;_TRAJ42;TRBJ2-2_TRA:CAVRGNYGGSQGNLIF;TRB:CASSQVGGGELFF_P45	0.00757575757575757	14	P45-Baseline	0.00310366232153941	10	No	No	pre_post_share	NR-pre_existing
P45	NR	022	poor	moderate	B	pEKD	pEKD	P45-Treat	TRAV8-3;TRBV25-1_;_TRAJ45;TRBJ1-1_TRA:CAVGAKGGGADGLTF;TRB:CASGGGFAEAFF_P45	0.00108225108225108	2	P45-Baseline	3.1036623215394165e-4	1	No	No	pre_post_share	NR-pre_existing
P45	NR	022	poor	moderate	B	pEKD	pEKD	P45-Treat	TRAV8-3;TRBV27_;_TRAJ40;TRBJ1-4_TRA:CAVGSSGTYKYIF;TRB:CASSFLQGAGEKLFF_P45	0.0027056277056277	5	NA	NA	NA	NA	No	post_specific	NR-post_novel
P45	NR	022	poor	moderate	B	pEKD	pEKD	P45-Treat	TRAV8-4;TRBV12-4_;TRBD1_TRAJ45;TRBJ2-7_TRA:CAVSADGLTF;TRB:CASSRDRGASYEQYF_P45	0.00108225108225108	2	NA	NA	NA	NA	No	post_specific	NR-post_novel
P45	NR	022	poor	moderate	B	pEKD	pEKD	P45-Treat	TRAV12-1;TRBV28_;_TRAJ43;TRBJ1-1_TRA:CVVKSDNNDMRF;TRB:CASSRDRVTEAFF_P45	0.00162337662337662	3	P45-Baseline	6.207324643078833e-4	2	No	No	pre_post_share	NR-pre_existing
P45	NR	022	poor	moderate	B	pEKD	pEKD	P45-Treat	TRAV8-4;TRBV2_;TRBD1_TRAJ47;TRBJ1-2_TRA:CAVTVGGNKLVF;TRB:CASRDGGSGNYGYTF_P45	0.00108225108225108	2	NA	NA	NA	NA	No	post_specific	NR-post_novel
P45	NR	022	poor	moderate	B	pEKD	pEKD	P45-Treat	TRAV12-1;TRBV20-1_;_TRAJ22;TRBJ2-1_TRA:CVVNNPGTGSARQLTF;TRB:CSARDFGAEHSYNEQFF_P45	0.00108225108225108	2	NA	NA	NA	NA	No	post_specific	NR-post_novel
P45	NR	022	poor	moderate	B	pEKD	pEKD	P45-Treat	TRAV21;TRBV6-6_;_TRAJ44;TRBJ2-3_TRA:CAVRPNTGTASKLTF;TRB:CASRPSSGGASAQYF_P45	0.00108225108225108	2	P45-Baseline	3.1036623215394165e-4	1	No	No	pre_post_share	NR-pre_existing
P45	NR	022	poor	moderate	B	pEKD	pEKD	P45-Treat	TRAV20;TRBV15_;TRBD1_TRAJ35;TRBJ2-1_TRA:CAVQASGFGNVLHC;TRB:CATSMSGQGYDEQFF_P45	0.00108225108225108	2	NA	NA	NA	NA	No	post_specific	NR-post_novel
P45	NR	022	poor	moderate	B	pEKD	pEKD	P45-Treat	TRAV8-1;TRBV7-9_;_TRAJ42;TRBJ2-7_TRA:CAVNWVNYGGSQGNLIF;TRB:CASSWGLIYEQYF_P45	0.00216450216450216	4	P45-Baseline	9.31098696461825e-4	3	No	No	pre_post_share	NR-pre_existing
P45	NR	022	poor	moderate	B	pEKD	pEKD	P45-Treat	TRAV19;TRBV27_;_TRAJ40;TRBJ2-5_TRA:CALLRAGTYKYIF;TRB:CASSLLGQETQYF_P45	0.00108225108225108	2	NA	NA	NA	NA	No	post_specific	NR-post_novel
P45	NR	022	poor	moderate	B	pEKD	pEKD	P45-Treat	TRAV19;TRBV3-1_;_TRAJ52;TRBJ2-5_TRA:CALSEANAGGTSYGKLTF;TRB:CASSPGTLFWGETQYF_P45	0.00378787878787878	7	P45-Baseline	3.1036623215394165e-4	1	No	No	pre_post_share	NR-pre_existing
P45	NR	022	poor	moderate	B	pEKD	pEKD	P45-Treat	TRAV8-4;TRBV5-5_;_TRAJ20;TRBJ2-1_TRA:CAVSSSYNDYKLSF;TRB:CASMGAPPSLGYNEQFF_P45	0.00108225108225108	2	P45-Baseline	3.1036623215394165e-4	1	No	No	pre_post_share	NR-pre_existing
P45	NR	022	poor	moderate	B	pEKD	pEKD	P45-Treat	TRAV13-1;TRBV3-1_;_TRAJ49;TRBJ2-5_TRA:CAAGNTGNQFYF;TRB:CASSQGGGQTQYF_P45	0.00162337662337662	3	P45-Baseline	0.00651769087523277	21	No	No	pre_post_share	NR-pre_existing
P45	NR	022	poor	moderate	B	pEKD	pEKD	P45-Treat	TRAV23/DV6;TRBV30_;_TRAJ28;TRBJ2-7_TRA:CAASGDSGAGSYQLTF;TRB:CAWSVGGTRANYEQYF_P45	0.00108225108225108	2	NA	NA	NA	NA	No	post_specific	NR-post_novel
P45	NR	022	poor	moderate	B	pEKD	pEKD	P45-Treat	TRAV4;TRBV7-9_;_TRAJ5;TRBJ1-2_TRA:CLVGPMDTGRRALTF;TRB:CASSQRALSDGYTF_P45	0.00108225108225108	2	NA	NA	NA	NA	No	post_specific	NR-post_novel
P45	NR	022	poor	moderate	B	pEKD	pEKD	P45-Treat	TRAV8-6;TRBV30_;_TRAJ54;TRBJ1-6_TRA:CAVRTRQIQGAQKLVF;TRB:CAWTEPGQRNSPLHF_P45	0.00378787878787878	7	NA	NA	NA	NA	No	post_specific	NR-post_novel
P45	NR	022	poor	moderate	B	pEKD	pEKD	P45-Treat	TRAV9-2;TRBV3-1_;_TRAJ17;TRBJ2-1_TRA:CALARWAGNKLTF;TRB:CASSQDMAEGEQFF_P45	0.00162337662337662	3	P45-Baseline	6.207324643078833e-4	2	No	No	pre_post_share	NR-pre_existing
P45	NR	022	poor	moderate	B	pEKD	pEKD	P45-Treat	TRAV17;TRBV4-3_;_TRAJ40;TRBJ2-7_TRA:CATDDVRSGTYKYIF;TRB:CASSLRTNLYEQYF_P45	0.00378787878787878	7	P45-Baseline	0.00217256362507759	7	No	No	pre_post_share	NR-pre_existing
P45	NR	022	poor	moderate	B	pEKD	pEKD	P45-Treat	TRAV2;TRBV19_;_TRAJ5;TRBJ1-1_TRA:CAVEDRGTGRRALTF;TRB:CASSPRNTEAFF_P45	0.00108225108225108	2	NA	NA	NA	NA	No	post_specific	NR-post_novel
P45	NR	022	poor	moderate	B	pEKD	pEKD	P45-Treat	TRAV1-2;TRBV7-6_;_TRAJ39;TRBJ1-4_TRA:CALHNAGNMLTF;TRB:CASSLVYQGEKLFF_P45	0.00216450216450216	4	P45-Baseline	0.00310366232153941	10	No	No	pre_post_share	NR-pre_existing
P45	NR	022	poor	moderate	B	pEKD	pEKD	P45-Treat	TRAV26-1;TRBV6-5_;_TRAJ28;TRBJ2-2_TRA:CIVRVVGMAGAGSYQLTF;TRB:CASTPGLMTGELFF_P45	0.00162337662337662	3	P45-Baseline	6.207324643078833e-4	2	No	No	pre_post_share	NR-pre_existing
P45	NR	022	poor	moderate	B	pEKD	pEKD	P45-Treat	TRAV9-2;TRBV6-1_;_TRAJ43;TRBJ1-4_TRA:CALGSHDMRF;TRB:CAGTGTGEWGKLFF_P45	0.00108225108225108	2	P45-Baseline	3.1036623215394165e-4	1	No	No	pre_post_share	NR-pre_existing
P45	NR	022	poor	moderate	B	pEKD	pEKD	P45-Treat	TRAV17;TRBV25-1_;_TRAJ12;TRBJ1-1_TRA:CATGSAMDSSYKLIF;TRB:CASSEGQNTEAFF_P45	0.00216450216450216	4	P45-Baseline	0.00217256362507759	7	No	No	pre_post_share	NR-pre_existing
P45	NR	022	poor	moderate	B	pEKD	pEKD	P45-Treat	TRAV4;TRBV10-1_;_TRAJ28;TRBJ1-1_TRA:CLVGEGYSGAGSYQLTF;TRB:CASKGTVKGTEAFF_P45	0.00108225108225108	2	P45-Baseline	0.00279329608938547	9	No	No	pre_post_share	NR-pre_existing
P45	NR	022	poor	moderate	B	pEKD	pEKD	P45-Treat	TRAV13-1;TRBV7-3_;TRBD1_TRAJ4;TRBJ1-1_TRA:CAASMSGGYNKLIF;TRB:CASSETGGTEAFF_P45	0.00216450216450216	4	NA	NA	NA	NA	No	post_specific	NR-post_novel
P45	NR	022	poor	moderate	B	pEKD	pEKD	P45-Treat	TRAV13-1;TRBV7-3_;_TRAJ38;TRBJ2-5_TRA:CAATNAGNNRKLIW;TRB:CASSLSGGETQYF_P45	0.00108225108225108	2	NA	NA	NA	NA	No	post_specific	NR-post_novel
P45	NR	022	poor	moderate	B	pEKD	pEKD	P45-Treat	TRAV17;TRBV5-4_;_TRAJ56;TRBJ2-5_TRA:CATDLTGANSKLTF;TRB:CASSVGLETQYF_P45	0.00487012987012987	9	P45-Baseline	0.00248292985723153	8	No	No	pre_post_share	NR-pre_existing
P46	R	018	good	severe	B	good	good	P46-Treat	TRAV12-2;TRBV28_;TRBD1_TRAJ8;TRBJ1-5_TRA:CAVGGVNTGFQKLVF;TRB:CASSQTTGGSNQPQHF_P46	0.02666666666666667	2	NA	NA	NA	NA	Yes	post_specific	R-post_novel
P46	R	018	good	severe	B	good	good	P46-Treat	TRAV1-2;TRBV9_;_TRAJ24;TRBJ2-2_TRA:CAVRSTDSWGKFQF;TRB:CASTVANTGELFF_P46	0.02666666666666667	2	P46-Baseline	0.00554938956714761	5	No	Yes	pre_post_share	R-pre_existing
P46	R	018	good	severe	B	good	good	P46-Treat	TRAV12-2;TRBV6-5_;_TRAJ7;TRBJ2-3_TRA:CAVTVGNNRLAF;TRB:CASSPSSGSTDTQYF_P46	0.02666666666666667	2	NA	NA	NA	NA	Yes	post_specific	R-post_novel
P46	R	018	good	severe	B	good	good	P46-Treat	TRAV8-4;TRBV15_;_TRAJ4;TRBJ1-3_TRA:CAVLFSGGYNKLIF;TRB:CATSRDTDSEGNTIYF_P46	0.02666666666666667	2	P46-Baseline	0.00887902330743618	8	No	Yes	pre_post_share	R-pre_existing
P46	R	018	good	severe	B	good	good	P46-Treat	TRAV12-2;TRBV5-1_;TRBD1_TRAJ7;TRBJ1-5_TRA:CAVTVGNNRLAF;TRB:CASSRDRVSNQPQHF_P46	0.04	3	P46-Baseline	0.00332963374028856	3	No	Yes	pre_post_share	R-pre_existing
P46	R	018	good	severe	B	good	good	P46-Treat	TRAV17;TRBV7-9_;_TRAJ12;TRBJ2-1_TRA:CATVIRMDSSYKLIF;TRB:CASSLIGVSSYNEQFF_P46	0.06666666666666667	5	P46-Baseline	0.00332963374028856	3	No	Yes	pre_post_share	R-pre_existing
P46	R	018	good	severe	B	good	good	P46-Treat	TRAV3;TRBV11-2_;_TRAJ16;TRBJ2-1_TRA:CAVRGKGRDGQKLLF;TRB:CATTIAGGSYNEQFF_P46	0.02666666666666667	2	NA	NA	NA	NA	Yes	post_specific	R-post_novel
P46	R	018	good	severe	B	good	good	P46-Treat	TRAV6;TRBV4-1_;_TRAJ10;TRBJ2-1_TRA:CALDIGLTGGGNKLTF;TRB:CASSPYGHEQFF_P46	0.02666666666666667	2	NA	NA	NA	NA	Yes	post_specific	R-post_novel
P47	R	032	good	severe	A	good	good	P47-Treat	TRAV13-2;TRBV20-1_;_TRAJ26;TRBJ1-6_TRA:CAETWTGQNFVF;TRB:CSATSGSPLHF_P47	5.272871078302136e-4	2	NA	NA	NA	NA	No	post_specific	R-post_novel
P47	R	032	good	severe	A	good	good	P47-Treat	TRAV8-1;TRBV7-9_;_TRAJ34;TRBJ1-1_TRA:CALDTDKLIF;TRB:CATKGRGAGYRADTEAFF_P47	0.00158186132349064	6	NA	NA	NA	NA	No	post_specific	R-post_novel
P47	R	032	good	severe	A	good	good	P47-Treat	TRAV14/DV4;TRBV19_;_TRAJ8;TRBJ1-4_TRA:CAMREVTGRTGFQKLVF;TRB:CASSKGGLEKLFF_P47	0.00342736620089638	13	NA	NA	NA	NA	No	post_specific	R-post_novel
P47	R	032	good	severe	A	good	good	P47-Treat	TRAV1-1;TRBV5-5_;_TRAJ9;TRBJ1-5_TRA:CAVRSDTGGFKTIF;TRB:CASSLDLSNQPQHF_P47	0.00131821776957553	5	NA	NA	NA	NA	No	post_specific	R-post_novel
P47	R	032	good	severe	A	good	good	P47-Treat	TRAV38-1;TRBV20-1_;_TRAJ54;TRBJ2-7_TRA:CAFMSPQGAQKLVF;TRB:CSASPPRGGNYEQYF_P47	5.272871078302136e-4	2	NA	NA	NA	NA	No	post_specific	R-post_novel
P47	R	032	good	severe	A	good	good	P47-Treat	TRAV12-1;TRBV15_;_TRAJ57;TRBJ2-7_TRA:CVVNDGTQGGSEKLVF;TRB:CATSRDFLTSSSYEQYF_P47	0.00184550487740574	7	P47-Baseline	0.00136239782016348	3	No	No	pre_post_share	R-pre_existing
P47	R	032	good	severe	A	good	good	P47-Treat	TRAV20;TRBV20-1_;_TRAJ49;TRBJ2-5_TRA:CAVLLNTGNQFYF;TRB:CSARRSSDLQETQYF_P47	0.00316372264698128	12	NA	NA	NA	NA	No	post_specific	R-post_novel
P47	R	032	good	severe	A	good	good	P47-Treat	TRAV13-1;TRBV7-2_;_TRAJ16;TRBJ2-1_TRA:CAASRGGQKLLF;TRB:CASSDRTSGVRNEQFF_P47	7.909306617453203e-4	3	P47-Baseline	9.082652134423252e-4	2	No	No	pre_post_share	R-pre_existing
P47	R	032	good	severe	A	good	good	P47-Treat	TRAV8-3;TRBV20-1_;_TRAJ39;TRBJ1-1_TRA:CAVAPRGTGNMLTF;TRB:CSLGSPPVADTEAFF_P47	5.272871078302136e-4	2	NA	NA	NA	NA	No	post_specific	R-post_novel
P47	R	032	good	severe	A	good	good	P47-Treat	TRAV1-1;TRBV20-1_;_TRAJ22;TRBJ2-7_TRA:CAVSGSARQLTF;TRB:CSASPTRADSSYEQYF_P47	5.272871078302136e-4	2	NA	NA	NA	NA	No	post_specific	R-post_novel
P47	R	032	good	severe	A	good	good	P47-Treat	TRAV3;TRBV7-9_;_TRAJ8;TRBJ2-7_TRA:CAVRDRNTGFQKLVF;TRB:CASSLSEGGDEQYF_P47	0.00105457421566042	4	P47-Baseline	4.5413260672116256e-4	1	No	No	pre_post_share	R-pre_existing
P47	R	032	good	severe	A	good	good	P47-Treat	TRAV35;TRBV4-1_;_TRAJ28;TRBJ1-6_TRA:CASYSGAGSYQLTF;TRB:CASSPGQHNSPLHF_P47	5.272871078302136e-4	2	NA	NA	NA	NA	No	post_specific	R-post_novel
P47	R	032	good	severe	A	good	good	P47-Treat	TRAV13-1;TRBV4-3_;_TRAJ28;TRBJ2-7_TRA:CAAYKAGAGSYQLTF;TRB:CASSPTPVPYEQYF_P47	0.00158186132349064	6	NA	NA	NA	NA	No	post_specific	R-post_novel
P47	R	032	good	severe	A	good	good	P47-Treat	TRAV14/DV4;TRBV9_;_TRAJ52;TRBJ2-2_TRA:CAMREANAGGTSYGKLTF;TRB:CASSYSGTGELFF_P47	0.0234642762984445	89	P47-Baseline	0.0254314259763851	56	Yes	Yes	pre_post_share	R-pre_existing
P47	R	032	good	severe	A	good	good	P47-Treat	TRAV8-2;TRBV15_;TRBD2_TRAJ22;TRBJ2-1_TRA:CVVMRGSARQLTF;TRB:CAIRGTSGSNEQFF_P47	5.272871078302136e-4	2	NA	NA	NA	NA	No	post_specific	R-post_novel
P47	R	032	good	severe	A	good	good	P47-Treat	TRAV8-4;TRBV7-2_;_TRAJ6;TRBJ2-7_TRA:CAVSGPGRLEGGSYIPTF;TRB:CASSLYGTDSYEQYF_P47	0.0042182968626417	16	P47-Baseline	4.5413260672116256e-4	1	No	No	pre_post_share	R-pre_existing
P47	R	032	good	severe	A	good	good	P47-Treat	TRAV14/DV4;TRBV7-9_;_TRAJ53;TRBJ2-1_TRA:CAMREIRSGGSNYKLTF;TRB:CASRPPSGFYNEQFF_P47	0.00237279198523596	9	P47-Baseline	0.00953678474114441	21	No	No	pre_post_share	R-pre_existing
P47	R	032	good	severe	A	good	good	P47-Treat	TRAV3;TRBV7-9_;_TRAJ5;TRBJ2-7_TRA:CAVRDMDTGRRALTF;TRB:CASSYDSRNNEQYF_P47	0.00210914843132085	8	P47-Baseline	0.00181653042688465	4	No	No	pre_post_share	R-pre_existing
P47	R	032	good	severe	A	good	good	P47-Treat	TRAV1-2;TRBV28_;_TRAJ30;TRBJ2-3_TRA:CAVTVNRDDKIIF;TRB:CASTDTGGNTQYF_P47	0.00131821776957553	5	NA	NA	NA	NA	No	post_specific	R-post_novel
P47	R	032	good	severe	A	good	good	P47-Treat	TRAV29/DV5;TRBV4-1_;_TRAJ17;TRBJ2-7_TRA:CAPEGAAGNKLTF;TRB:CASSPSGTFPYEQYF_P47	7.909306617453203e-4	3	NA	NA	NA	NA	No	post_specific	R-post_novel
P47	R	032	good	severe	A	good	good	P47-Treat	TRAV8-1;TRBV20-1_;TRBD1_TRAJ23;TRBJ1-1_TRA:CAVSVLQGGKLIF;TRB:CSARGQGYTEAFF_P47	5.272871078302136e-4	2	NA	NA	NA	NA	No	post_specific	R-post_novel
P47	R	032	good	severe	A	good	good	P47-Treat	TRAV1-1;TRBV7-3_;_TRAJ29;TRBJ2-3_TRA:CAAFSNSGNTPLVF;TRB:CASSVGTSVTDTQYF_P47	0.00184550487740574	7	P47-Baseline	4.5413260672116256e-4	1	No	No	pre_post_share	R-pre_existing
P47	R	032	good	severe	A	good	good	P47-Treat	TRAV13-1;TRBV6-5_;_TRAJ54;TRBJ2-3_TRA:CAASPVSGAQKLVF;TRB:CASKGVADTQYF_P47	0.00210914843132085	8	NA	NA	NA	NA	No	post_specific	R-post_novel
P47	R	032	good	severe	A	good	good	P47-Treat	TRAV13-2;TRBV18_;_TRAJ24;TRBJ2-1_TRA:CAEKTDSWGKFQF;TRB:CASSPLGQGSNEQFF_P47	0.00105457421566042	4	P47-Baseline	0.00181653042688465	4	No	No	pre_post_share	R-pre_existing
P47	R	032	good	severe	A	good	good	P47-Treat	TRAV36/DV7;TRBV20-1_;_TRAJ39;TRBJ1-6_TRA:CARFAGNMLTF;TRB:CSARDYGSSPLHF_P47	5.272871078302136e-4	2	NA	NA	NA	NA	No	post_specific	R-post_novel
P47	R	032	good	severe	A	good	good	P47-Treat	TRAV8-2;TRBV7-9_;TRBD1_TRAJ20;TRBJ1-4_TRA:CVVSDYGKLSF;TRB:CASSSMDRGNEKLFF_P47	0.00105457421566042	4	NA	NA	NA	NA	No	post_specific	R-post_novel
P47	R	032	good	severe	A	good	good	P47-Treat	TRAV3;TRBV19_;TRBD1_TRAJ24;TRBJ2-7_TRA:CAGQTDSWGKFQF;TRB:CASSTDRGYEQYF_P47	5.272871078302136e-4	2	NA	NA	NA	NA	No	post_specific	R-post_novel
P47	R	032	good	severe	A	good	good	P47-Treat	TRAV1-2;TRBV4-3_;_TRAJ10;TRBJ2-3_TRA:CACYILTGGGNKLTF;TRB:CASSPVGNTDTQYF_P47	0.00290007909306617	11	NA	NA	NA	NA	No	post_specific	R-post_novel
P47	R	032	good	severe	A	good	good	P47-Treat	TRAV17;TRBV20-1_;_TRAJ56;TRBJ2-7_TRA:CATDNTGANSKLTF;TRB:CSARDSRVHEQYF_P47	5.272871078302136e-4	2	NA	NA	NA	NA	No	post_specific	R-post_novel
P47	R	032	good	severe	A	good	good	P47-Treat	TRAV12-1;TRBV28_;_TRAJ6;TRBJ1-1_TRA:CVVNKPGGSYIPTF;TRB:CASSPRGQVEAFF_P47	7.909306617453203e-4	3	NA	NA	NA	NA	No	post_specific	R-post_novel
P47	R	032	good	severe	A	good	good	P47-Treat	TRAV1-2;TRBV20-1_;_TRAJ8;TRBJ2-1_TRA:CAVRDGNTGFQKLVF;TRB:CSARDLPRWGDHEQFF_P47	5.272871078302136e-4	2	P47-Baseline	0.00136239782016348	3	No	No	pre_post_share	R-pre_existing
P47	R	032	good	severe	A	good	good	P47-Treat	TRAV1-2;TRBV7-2_;_TRAJ13;TRBJ1-2_TRA:CAVRGGGYQKVTF;TRB:CASSFLTGADGYTF_P47	7.909306617453203e-4	3	P47-Baseline	4.5413260672116256e-4	1	No	No	pre_post_share	R-pre_existing
P47	R	032	good	severe	A	good	good	P47-Treat	TRAV9-2;TRBV29-1_;TRBD1_TRAJ24;TRBJ1-2_TRA:CALTITDSWGKFQF;TRB:CSVETGGYTF_P47	0.00105457421566042	4	NA	NA	NA	NA	No	post_specific	R-post_novel
P47	R	032	good	severe	A	good	good	P47-Treat	TRAV20;TRBV20-1_;_TRAJ12;TRBJ1-6_TRA:CAVRPLMDSSYKLIF;TRB:CSARQGRDNSPLHF_P47	0.00131821776957553	5	P47-Baseline	0.00544959128065395	12	No	No	pre_post_share	R-pre_existing
P47	R	032	good	severe	A	good	good	P47-Treat	TRAV3;TRBV12-4_;_TRAJ49;TRBJ1-4_TRA:CAVRDGNTGNQFYF;TRB:CASSGPGLNPFF_P47	0.00606380174004745	23	P47-Baseline	0.00181653042688465	4	No	No	pre_post_share	R-pre_existing
P47	R	032	good	severe	A	good	good	P47-Treat	TRAV8-2;TRBV16_;_TRAJ17;TRBJ2-6_TRA:CVVSDTAGNKLTF;TRB:CASSQSGEGDVLTF_P47	5.272871078302136e-4	2	NA	NA	NA	NA	No	post_specific	R-post_novel
P47	R	032	good	severe	A	good	good	P47-Treat	TRAV41;TRBV5-1_;TRBD1_TRAJ49;TRBJ1-5_TRA:CAVPNTGNQFYF;TRB:CASSPQGQGNQPQHF_P47	5.272871078302136e-4	2	NA	NA	NA	NA	No	post_specific	R-post_novel
P47	R	032	good	severe	A	good	good	P47-Treat	TRAV12-1;TRBV20-1_;TRBD1_TRAJ15;TRBJ1-1_TRA:CVVNVGNQAGTALIF;TRB:CSAKGTGESSTEAFF_P47	0.00474558397047192	18	P47-Baseline	0.07356948228882834	162	Yes	No	pre_post_share	R-pre_existing
P47	R	032	good	severe	A	good	good	P47-Treat	TRAV13-1;TRBV20-1_;TRBD1_TRAJ45;TRBJ1-6_TRA:CAASRDSGGGADGLTF;TRB:CSARGQEGYNSPLHF_P47	5.272871078302136e-4	2	NA	NA	NA	NA	No	post_specific	R-post_novel
P47	R	032	good	severe	A	good	good	P47-Treat	TRAV14/DV4;TRBV7-9_;_TRAJ40;TRBJ1-1_TRA:CAMRDIGTSGTYKYIF;TRB:CASSVSMNTEAFF_P47	5.272871078302136e-4	2	P47-Baseline	4.5413260672116256e-4	1	No	No	pre_post_share	R-pre_existing
P47	R	032	good	severe	A	good	good	P47-Treat	TRAV22;TRBV7-7_;TRBD2_TRAJ43;TRBJ2-1_TRA:CAGRNDMRF;TRB:CASSPTSGRVNEQFF_P47	0.00131821776957553	5	P47-Baseline	4.5413260672116256e-4	1	No	No	pre_post_share	R-pre_existing
P47	R	032	good	severe	A	good	good	P47-Treat	TRAV36/DV7;TRBV3-1_;_TRAJ47;TRBJ2-1_TRA:CAVGALYGNKLVF;TRB:CASSQLESRNEQFF_P47	0.00131821776957553	5	P47-Baseline	0.00181653042688465	4	No	No	pre_post_share	R-pre_existing
P47	R	032	good	severe	A	good	good	P47-Treat	TRAV3;TRBV12-4_;_TRAJ49;TRBJ1-2_TRA:CAVRDGNTGNQFYF;TRB:CASSSPGTFPIF_P47	7.909306617453203e-4	3	NA	NA	NA	NA	No	post_specific	R-post_novel
P47	R	032	good	severe	A	good	good	P47-Treat	TRAV16;TRBV7-2_;_TRAJ8;TRBJ2-7_TRA:CALLMNTGFQKLVF;TRB:CASSLYGTDSYEQYF_P47	0.00817295017136831	31	P47-Baseline	0.00272479564032697	6	No	No	pre_post_share	R-pre_existing
P47	R	032	good	severe	A	good	good	P47-Treat	TRAV12-3;TRBV5-1_;_TRAJ34;TRBJ2-7_TRA:CAMRDTDKLIF;TRB:CASSPDPPYEQYF_P47	7.909306617453203e-4	3	NA	NA	NA	NA	No	post_specific	R-post_novel
P47	R	032	good	severe	A	good	good	P47-Treat	TRAV21;TRBV7-9_;_TRAJ26;TRBJ2-2_TRA:CAGYGQNFVF;TRB:CASSLLLGYTGELFF_P47	7.909306617453203e-4	3	NA	NA	NA	NA	No	post_specific	R-post_novel
P47	R	032	good	severe	A	good	good	P47-Treat	TRAV13-2;TRBV5-6_;_TRAJ23;TRBJ2-1_TRA:CAENGYNQGGKLIF;TRB:CASSLVGENEQFF_P47	0.00580015818613234	22	P47-Baseline	0.00408719346049046	9	No	No	pre_post_share	R-pre_existing
P47	R	032	good	severe	A	good	good	P47-Treat	TRAV8-3;TRBV28_;_TRAJ44;TRBJ2-2_TRA:CAVAHSGTASKLTF;TRB:CASSFPGELFF_P47	0.00105457421566042	4	NA	NA	NA	NA	No	post_specific	R-post_novel
P47	R	032	good	severe	A	good	good	P47-Treat	TRAV17;TRBV15_;_TRAJ48;TRBJ2-5_TRA:CATEDNFGNEKLTF;TRB:CATSRYSGETQYF_P47	7.909306617453203e-4	3	P47-Baseline	0.00544959128065395	12	No	No	pre_post_share	R-pre_existing
P47	R	032	good	severe	A	good	good	P47-Treat	TRAV38-2/DV8;TRBV11-2_;_TRAJ36;TRBJ2-7_TRA:CAYRSMWGTGANNLFF;TRB:CASSFAGGKYF_P47	5.272871078302136e-4	2	NA	NA	NA	NA	No	post_specific	R-post_novel
P47	R	032	good	severe	A	good	good	P47-Treat	TRAV14/DV4;TRBV15_;_TRAJ53;TRBJ2-5_TRA:CAMSEGSGGSNYKLTF;TRB:CATSSQLAPGETQYF_P47	5.272871078302136e-4	2	P47-Baseline	0.00136239782016348	3	No	No	pre_post_share	R-pre_existing
P47	R	032	good	severe	A	good	good	P47-Treat	TRAV13-1;TRBV15_;_TRAJ49;TRBJ2-7_TRA:CAATGTGNQFYF;TRB:CATSRESQSYEQYF_P47	7.909306617453203e-4	3	P47-Baseline	0.00635785649409627	14	No	No	pre_post_share	R-pre_existing
P47	R	032	good	severe	A	good	good	P47-Treat	TRAV1-1;TRBV13_;_TRAJ21;TRBJ1-4_TRA:CAVRDFNKFYF;TRB:CASSLGRQGQEKLFF_P47	0.00105457421566042	4	P47-Baseline	0.00499545867393278	11	No	No	pre_post_share	R-pre_existing
P47	R	032	good	severe	A	good	good	P47-Treat	TRAV3;TRBV7-6_;_TRAJ8;TRBJ2-3_TRA:CAVRDIRNTGFQKLVF;TRB:CASSYLLASSTDTQYF_P47	5.272871078302136e-4	2	P47-Baseline	0.00272479564032697	6	No	No	pre_post_share	R-pre_existing
P47	R	032	good	severe	A	good	good	P47-Treat	TRAV12-1;TRBV7-2_;_TRAJ12;TRBJ2-2_TRA:CVVTDSSYKLIF;TRB:CASSSMGITGELFF_P47	0.00131821776957553	5	P47-Baseline	0.00499545867393278	11	No	No	pre_post_share	R-pre_existing
P47	R	032	good	severe	A	good	good	P47-Treat	TRAV1-1;TRBV27_;_TRAJ4;TRBJ2-1_TRA:CAVRSLSGGYNKLIF;TRB:CASTDDSSSYNEQFF_P47	0.00105457421566042	4	P47-Baseline	4.5413260672116256e-4	1	No	No	pre_post_share	R-pre_existing
P47	R	032	good	severe	A	good	good	P47-Treat	TRAV12-2;TRBV7-3_;_TRAJ15;TRBJ2-1_TRA:CAVNGGGTALIF;TRB:CASSATGSPYNEQFF_P47	5.272871078302136e-4	2	NA	NA	NA	NA	No	post_specific	R-post_novel
P47	R	032	good	severe	A	good	good	P47-Treat	TRAV21;TRBV7-9_;TRBD1_TRAJ58;TRBJ1-4_TRA:CAVSPFETSGSRLTF;TRB:CASSHPRGQGDEKLFF_P47	0.0079093066174532	30	P47-Baseline	9.082652134423252e-4	2	No	No	pre_post_share	R-pre_existing
P47	R	032	good	severe	A	good	good	P47-Treat	TRAV35;TRBV5-1_;_TRAJ42;TRBJ1-1_TRA:CAGQLRGGSQGNLIF;TRB:CASSSSQQGPEAFF_P47	5.272871078302136e-4	2	P47-Baseline	0.00272479564032697	6	No	No	pre_post_share	R-pre_existing
P47	R	032	good	severe	A	good	good	P47-Treat	TRAV36/DV7;TRBV2_;TRBD1_TRAJ45;TRBJ2-5_TRA:CAALYSGGGADGLTF;TRB:CASSDPDRAEETQYF_P47	5.272871078302136e-4	2	P47-Baseline	4.5413260672116256e-4	1	No	No	pre_post_share	R-pre_existing
P47	R	032	good	severe	A	good	good	P47-Treat	TRAV17;TRBV18_;_TRAJ53;TRBJ1-5_TRA:CATDAASGGSNYKLTF;TRB:CASSPLVGVVQPQHF_P47	5.272871078302136e-4	2	P47-Baseline	0.00454132606721162	10	No	No	pre_post_share	R-pre_existing
P47	R	032	good	severe	A	good	good	P47-Treat	TRAV12-1;TRBV3-1_;_TRAJ4;TRBJ1-1_TRA:CVARSGGYNKLIF;TRB:CASAGILNTEAFF_P47	7.909306617453203e-4	3	NA	NA	NA	NA	No	post_specific	R-post_novel
P47	R	032	good	severe	A	good	good	P47-Treat	TRAV12-3;TRBV25-1_;_TRAJ26;TRBJ1-3_TRA:CAMSLDNYGQNFVF;TRB:CASSPMDGFSGNTIYF_P47	7.909306617453203e-4	3	NA	NA	NA	NA	No	post_specific	R-post_novel
P47	R	032	good	severe	A	good	good	P47-Treat	TRAV19;TRBV7-8_;_TRAJ45;TRBJ2-3_TRA:CALLVGVGGADGLTF;TRB:CASCRTGYSTDTQYF_P47	0.05984708673872924	227	P47-Baseline	0.06630336058128973	146	Yes	Yes	pre_post_share	R-pre_existing
P47	R	032	good	severe	A	good	good	P47-Treat	TRAV1-2;TRBV5-1_;_TRAJ20;TRBJ1-1_TRA:CAVPNDYKLSF;TRB:CASSSKTDNTEAFF_P47	5.272871078302136e-4	2	P47-Baseline	4.5413260672116256e-4	1	No	No	pre_post_share	R-pre_existing
P47	R	032	good	severe	A	good	good	P47-Treat	TRAV12-1;TRBV6-2_;_TRAJ15;TRBJ1-5_TRA:CVVKRAGTALIF;TRB:CASWPGENQPQHF_P47	5.272871078302136e-4	2	NA	NA	NA	NA	No	post_specific	R-post_novel
P47	R	032	good	severe	A	good	good	P47-Treat	TRAV21;TRBV29-1_;TRBD1_TRAJ17;TRBJ2-3_TRA:CAVIKAAGNKLTF;TRB:CSVGQGGDTQYF_P47	0.00131821776957553	5	NA	NA	NA	NA	No	post_specific	R-post_novel
P47	R	032	good	severe	A	good	good	P47-Treat	TRAV8-1;TRBV19_;_TRAJ45;TRBJ2-7_TRA:CAVNSDRGGGADGLTF;TRB:CASSSRLLPYEQYF_P47	7.909306617453203e-4	3	NA	NA	NA	NA	No	post_specific	R-post_novel
P47	R	032	good	severe	A	good	good	P47-Treat	TRAV14/DV4;TRBV20-1_;_TRAJ52;TRBJ1-5_TRA:CAMREDVAGGTSYGKLTF;TRB:CSATSRTGYNQPQHF_P47	7.909306617453203e-4	3	NA	NA	NA	NA	No	post_specific	R-post_novel
P47	R	032	good	severe	A	good	good	P47-Treat	TRAV23/DV6;TRBV4-2_;_TRAJ18;TRBJ2-3_TRA:CAASRRERGSTLGRLYF;TRB:CASSQRGLAITDTQYF_P47	7.909306617453203e-4	3	NA	NA	NA	NA	No	post_specific	R-post_novel
P47	R	032	good	severe	A	good	good	P47-Treat	TRAV9-2;TRBV29-1_;TRBD1_TRAJ3;TRBJ2-7_TRA:CALSPTPGGYSSASKIIF;TRB:CSVEGQGAYEQYF_P47	7.909306617453203e-4	3	P47-Baseline	4.5413260672116256e-4	1	No	No	pre_post_share	R-pre_existing
P47	R	032	good	severe	A	good	good	P47-Treat	TRAV14/DV4;TRBV6-5_;_TRAJ53;TRBJ1-4_TRA:CAMRGFKGGGSNYKLTF;TRB:CASRSTGKANEKLFF_P47	0.00263643553915106	10	P47-Baseline	0.00408719346049046	9	No	No	pre_post_share	R-pre_existing
P47	R	032	good	severe	A	good	good	P47-Treat	TRAV12-2;TRBV19_;TRBD2_TRAJ6;TRBJ2-7_TRA:CAVNLLPSGGSYIPTF;TRB:CASSIRAGTSGISYEQYF_P47	0.00448194041655681	17	P47-Baseline	0.00590372388737511	13	No	No	pre_post_share	R-pre_existing
P47	R	032	good	severe	A	good	good	P47-Treat	TRAV9-2;TRBV5-4_;_TRAJ58;TRBJ2-1_TRA:CALSEGMETSGSRLTF;TRB:CASMGGGPTSYNEQFF_P47	5.272871078302136e-4	2	NA	NA	NA	NA	No	post_specific	R-post_novel
P47	R	032	good	severe	A	good	good	P47-Treat	TRAV9-2;TRBV6-5_;_TRAJ35;TRBJ2-3_TRA:CALSEGGFGNVLHC;TRB:CASSSTGWNTDTQYF_P47	5.272871078302136e-4	2	P47-Baseline	9.082652134423252e-4	2	No	No	pre_post_share	R-pre_existing
P47	R	032	good	severe	A	good	good	P47-Treat	TRAV12-2;TRBV20-1_;TRBD2_TRAJ12;TRBJ2-1_TRA:CAVTKGDSSYKLIF;TRB:CSSRPSGLAGVSEQFF_P47	0.00131821776957553	5	NA	NA	NA	NA	No	post_specific	R-post_novel
P47	R	032	good	severe	A	good	good	P47-Treat	TRAV12-2;TRBV4-3_;_TRAJ39;TRBJ2-7_TRA:CAVNNAGNMLTF;TRB:CASSSGRGYEQYF_P47	0.0039546533087266	15	P47-Baseline	9.082652134423252e-4	2	No	No	pre_post_share	R-pre_existing
P47	R	032	good	severe	A	good	good	P47-Treat	TRAV29/DV5;TRBV5-1_;_TRAJ30;TRBJ1-1_TRA:CAASAGDDKIIF;TRB:CASSGGLSDTEAFF_P47	7.909306617453203e-4	3	NA	NA	NA	NA	No	post_specific	R-post_novel
P47	R	032	good	severe	A	good	good	P47-Treat	TRAV12-1;TRBV2_;_TRAJ43;TRBJ2-7_TRA:CVVNYNNDMRF;TRB:CASRLVGGRLYEQYF_P47	0.00158186132349064	6	P47-Baseline	0.00272479564032697	6	No	No	pre_post_share	R-pre_existing
P47	R	032	good	severe	A	good	good	P47-Treat	TRAV5;TRBV4-3_;_TRAJ44;TRBJ2-1_TRA:CAEIQRYTGTASKLTF;TRB:CASSQSSGNNEQFF_P47	7.909306617453203e-4	3	NA	NA	NA	NA	No	post_specific	R-post_novel
P47	R	032	good	severe	A	good	good	P47-Treat	TRAV29/DV5;TRBV2_;TRBD1_TRAJ48;TRBJ2-5_TRA:CAAAISNFGNEKLTF;TRB:CASRSRRGGAGGKTQYF_P47	0.00131821776957553	5	NA	NA	NA	NA	No	post_specific	R-post_novel
P47	R	032	good	severe	A	good	good	P47-Treat	TRAV21;TRBV20-1_;_TRAJ9;TRBJ1-2_TRA:CAVELAGGFKTIF;TRB:CSALGTGGRDGYTF_P47	0.00105457421566042	4	P47-Baseline	0.00136239782016348	3	No	No	pre_post_share	R-pre_existing
P47	R	032	good	severe	A	good	good	P47-Treat	TRAV13-2;TRBV13_;_TRAJ15;TRBJ2-3_TRA:CAEIAGTALIF;TRB:CASSLGLRTSGEDTQYF_P47	0.00316372264698128	12	P47-Baseline	0.00317892824704813	7	No	No	pre_post_share	R-pre_existing
P47	R	032	good	severe	A	good	good	P47-Treat	TRAV39;TRBV4-1_;_TRAJ33;TRBJ2-1_TRA:CAVDSAVSNYQLIW;TRB:CASSQDEATLDEQFF_P47	5.272871078302136e-4	2	NA	NA	NA	NA	No	post_specific	R-post_novel
P47	R	032	good	severe	A	good	good	P47-Treat	TRAV19;TRBV7-2_;TRBD1_TRAJ35;TRBJ2-3_TRA:CALSERGFGNVLHC;TRB:CASSPRQGGDTDTQYF_P47	0.00131821776957553	5	P47-Baseline	4.5413260672116256e-4	1	No	No	pre_post_share	R-pre_existing
P47	R	032	good	severe	A	good	good	P47-Treat	TRAV12-3;TRBV20-1_;TRBD1_TRAJ47;TRBJ1-6_TRA:CAMSSPYGNKLVF;TRB:CSARGQEGYNSPLHF_P47	5.272871078302136e-4	2	P47-Baseline	9.082652134423252e-4	2	No	No	pre_post_share	R-pre_existing
P47	R	032	good	severe	A	good	good	P47-Treat	TRAV3;TRBV19_;_TRAJ38;TRBJ2-3_TRA:CAVRANAGNNRKLIW;TRB:CASSGPSVAGGHPSTDTQYF_P47	5.272871078302136e-4	2	NA	NA	NA	NA	No	post_specific	R-post_novel
P47	R	032	good	severe	A	good	good	P47-Treat	TRAV12-3;TRBV7-9_;_TRAJ21;TRBJ2-5_TRA:CAMSAGDNFNKFYF;TRB:CASSPRTGIETQYF_P47	5.272871078302136e-4	2	NA	NA	NA	NA	No	post_specific	R-post_novel
P47	R	032	good	severe	A	good	good	P47-Treat	TRAV8-3;TRBV5-1_;_TRAJ28;TRBJ2-1_TRA:CAVGASSGAGSYQLTF;TRB:CASGLGGEQFF_P47	7.909306617453203e-4	3	NA	NA	NA	NA	No	post_specific	R-post_novel
P47	R	032	good	severe	A	good	good	P47-Treat	TRAV41;TRBV28_;_TRAJ48;TRBJ1-5_TRA:CAVKVGVKLTF;TRB:CASSSFSLTGEWSNQPQHF_P47	5.272871078302136e-4	2	NA	NA	NA	NA	No	post_specific	R-post_novel
P47	R	032	good	severe	A	good	good	P47-Treat	TRAV1-1;TRBV2_;TRBD2_TRAJ45;TRBJ2-2_TRA:CAVAGGGGADGLTF;TRB:CARQRGLAGGTNTGELFF_P47	0.00237279198523596	9	P47-Baseline	0.00317892824704813	7	No	No	pre_post_share	R-pre_existing
P47	R	032	good	severe	A	good	good	P47-Treat	TRAV1-1;TRBV3-1_;_TRAJ15;TRBJ2-1_TRA:CAVANQAGTALIF;TRB:CASSYRDRSSYNEQFF_P47	5.272871078302136e-4	2	NA	NA	NA	NA	No	post_specific	R-post_novel
P47	R	032	good	severe	A	good	good	P47-Treat	TRAV29/DV5;TRBV6-1_;_TRAJ53;TRBJ1-1_TRA:CAASGGSNYKLTF;TRB:CASSERQQGRAFF_P47	5.272871078302136e-4	2	NA	NA	NA	NA	No	post_specific	R-post_novel
P47	R	032	good	severe	A	good	good	P47-Treat	TRAV21;TRBV2_;_TRAJ54;TRBJ2-7_TRA:CAVGLQGAQKLVF;TRB:CASSVYRAPSYEQYF_P47	5.272871078302136e-4	2	NA	NA	NA	NA	No	post_specific	R-post_novel
P47	R	032	good	severe	A	good	good	P47-Treat	TRAV1-2;TRBV15_;_TRAJ8;TRBJ2-1_TRA:CALGFQKLVF;TRB:CATSTHPLADSYNEQFF_P47	5.272871078302136e-4	2	NA	NA	NA	NA	No	post_specific	R-post_novel
P47	R	032	good	severe	A	good	good	P47-Treat	TRAV8-3;TRBV12-3_;TRBD1_TRAJ15;TRBJ2-7_TRA:CAVATPQAGTALIF;TRB:CASSTGGEQYF_P47	5.272871078302136e-4	2	NA	NA	NA	NA	No	post_specific	R-post_novel
P47	R	032	good	severe	A	good	good	P47-Treat	TRAV8-3;TRBV20-1_;_TRAJ40;TRBJ2-7_TRA:CAVGAVGTYKYIF;TRB:CSAREGGSTYEQYF_P47	5.272871078302136e-4	2	P47-Baseline	0.00181653042688465	4	No	No	pre_post_share	R-pre_existing
P47	R	032	good	severe	A	good	good	P47-Treat	TRAV8-1;TRBV11-2_;_TRAJ23;TRBJ2-5_TRA:CAVIPQVGGKLIF;TRB:CASSTSHRERETQYF_P47	0.00184550487740574	7	P47-Baseline	4.5413260672116256e-4	1	No	No	pre_post_share	R-pre_existing
P47	R	032	good	severe	A	good	good	P47-Treat	TRAV8-1;TRBV19_;_TRAJ49;TRBJ2-7_TRA:CAVNGPNTGNQFYF;TRB:CATELDYEQYF_P47	0.00158186132349064	6	P47-Baseline	9.082652134423252e-4	2	No	No	pre_post_share	R-pre_existing
P47	R	032	good	severe	A	good	good	P47-Treat	TRAV1-2;TRBV9_;_TRAJ22;TRBJ2-6_TRA:CACEGSARQLTF;TRB:CASSLGRTRSGANVLTF_P47	0.00131821776957553	5	NA	NA	NA	NA	No	post_specific	R-post_novel
P47	R	032	good	severe	A	good	good	P47-Treat	TRAV1-2;TRBV9_;_TRAJ30;TRBJ2-1_TRA:CAVERNRDDKIIF;TRB:CASSVGVGSSSYNEQFF_P47	5.272871078302136e-4	2	P47-Baseline	4.5413260672116256e-4	1	No	No	pre_post_share	R-pre_existing
P47	R	032	good	severe	A	good	good	P47-Treat	TRAV8-1;TRBV20-1_;_TRAJ7;TRBJ2-7_TRA:CAVKDGNNRLAF;TRB:CSAPLAGAGYEQYF_P47	5.272871078302136e-4	2	P47-Baseline	4.5413260672116256e-4	1	No	No	pre_post_share	R-pre_existing
P47	R	032	good	severe	A	good	good	P47-Treat	TRAV25;TRBV20-1_;_TRAJ49;TRBJ1-6_TRA:CAGGGTGNQFYF;TRB:CSAERDRPGPLHF_P47	5.272871078302136e-4	2	P47-Baseline	4.5413260672116256e-4	1	No	No	pre_post_share	R-pre_existing
P47	R	032	good	severe	A	good	good	P47-Treat	TRAV38-2/DV8;TRBV7-2_;_TRAJ40;TRBJ1-1_TRA:CAELGTYKYIF;TRB:CASSSVLGAGTEAFF_P47	0.00105457421566042	4	NA	NA	NA	NA	No	post_specific	R-post_novel
P47	R	032	good	severe	A	good	good	P47-Treat	TRAV35;TRBV20-1_;_TRAJ28;TRBJ1-5_TRA:CAGGAGSYQLTF;TRB:CSAIPSNQPQHF_P47	5.272871078302136e-4	2	NA	NA	NA	NA	No	post_specific	R-post_novel
P47	R	032	good	severe	A	good	good	P47-Treat	TRAV1-2;TRBV11-2_;TRBD1_TRAJ33;TRBJ2-3_TRA:CAVMDSNYQLIW;TRB:CASSPTGQESNTDTQYF_P47	5.272871078302136e-4	2	NA	NA	NA	NA	No	post_specific	R-post_novel
P47	R	032	good	severe	A	good	good	P47-Treat	TRAV16;TRBV7-9_;_TRAJ49;TRBJ2-2_TRA:CALNRNTGNQFYF;TRB:CASSLPRSPGELFF_P47	7.909306617453203e-4	3	P47-Baseline	4.5413260672116256e-4	1	No	No	pre_post_share	R-pre_existing
P47	R	032	good	severe	A	good	good	P47-Treat	TRAV26-1;TRBV7-2_;_TRAJ11;TRBJ1-2_TRA:CIGRRGDSTLTF;TRB:CASSLGLPIQSDYGYTF_P47	7.909306617453203e-4	3	P47-Baseline	0.00181653042688465	4	No	No	pre_post_share	R-pre_existing
P47	R	032	good	severe	A	good	good	P47-Treat	TRAV4;TRBV28_;_TRAJ37;TRBJ2-7_TRA:CLVGSYSGNTGKLIF;TRB:CASRTRDGGVYEQYF_P47	5.272871078302136e-4	2	P47-Baseline	0.00136239782016348	3	No	No	pre_post_share	R-pre_existing
P47	R	032	good	severe	A	good	good	P47-Treat	TRAV17;TRBV3-1_;_TRAJ40;TRBJ1-6_TRA:CATVTLGTYKYIF;TRB:CASSQEGSPLHF_P47	5.272871078302136e-4	2	NA	NA	NA	NA	No	post_specific	R-post_novel
P47	R	032	good	severe	A	good	good	P47-Treat	TRAV13-2;TRBV7-8_;_TRAJ49;TRBJ1-5_TRA:CAETESGNQFYF;TRB:CASSLRGSSQPQHF_P47	7.909306617453203e-4	3	NA	NA	NA	NA	No	post_specific	R-post_novel
P47	R	032	good	severe	A	good	good	P47-Treat	TRAV9-2;TRBV20-1_;_TRAJ48;TRBJ1-1_TRA:CALSDRWTNFGNEKLTF;TRB:CSARDNLNTEAFF_P47	7.909306617453203e-4	3	NA	NA	NA	NA	No	post_specific	R-post_novel
P47	R	032	good	severe	A	good	good	P47-Treat	TRAV12-1;TRBV7-3_;TRBD1_TRAJ5;TRBJ2-7_TRA:CVVDTGRRALTF;TRB:CASSPGQGAYEQYF_P47	0.00369100975481149	14	P47-Baseline	9.082652134423252e-4	2	No	No	pre_post_share	R-pre_existing
P47	R	032	good	severe	A	good	good	P47-Treat	TRAV12-1;TRBV7-6_;_TRAJ20;TRBJ1-1_TRA:CVVNMGDYKLSF;TRB:CASSSPDTQAFF_P47	0.00131821776957553	5	P47-Baseline	9.082652134423252e-4	2	No	No	pre_post_share	R-pre_existing
P47	R	032	good	severe	A	good	good	P47-Treat	TRAV27;TRBV6-5_;_TRAJ20;TRBJ1-4_TRA:CAGGDYKLSF;TRB:CASSYEGGRREKLFF_P47	7.909306617453203e-4	3	NA	NA	NA	NA	No	post_specific	R-post_novel
P47	R	032	good	severe	A	good	good	P47-Treat	TRAV12-2;TRBV5-5_;_TRAJ49;TRBJ2-7_TRA:CAVNLGTGNQFYF;TRB:CASSLPFPNYEQYF_P47	7.909306617453203e-4	3	P47-Baseline	4.5413260672116256e-4	1	No	No	pre_post_share	R-pre_existing
P47	R	032	good	severe	A	good	good	P47-Treat	TRAV38-2/DV8;TRBV7-2_;_TRAJ58;TRBJ1-4_TRA:CAYRGRGETSGSRLTF;TRB:CASSILAQATNEKLFF_P47	0.00158186132349064	6	P47-Baseline	0.00136239782016348	3	No	No	pre_post_share	R-pre_existing
P47	R	032	good	severe	A	good	good	P47-Treat	TRAV39;TRBV24-1_;TRBD1_TRAJ34;TRBJ2-5_TRA:CAVGPYNTDKLIF;TRB:CATSDSQGVGGQETQYF_P47	5.272871078302136e-4	2	P47-Baseline	0.00136239782016348	3	No	No	pre_post_share	R-pre_existing
P47	R	032	good	severe	A	good	good	P47-Treat	TRAV12-1;TRBV28_;_TRAJ36;TRBJ2-1_TRA:CVVNDQTGANNLFF;TRB:CASSWDVYEQFF_P47	0.00210914843132085	8	P47-Baseline	4.5413260672116256e-4	1	No	No	pre_post_share	R-pre_existing
P47	R	032	good	severe	A	good	good	P47-Treat	TRAV12-3;TRBV19_;_TRAJ20;TRBJ2-7_TRA:CATADNDYKLSF;TRB:CASSPGPVWEQYF_P47	0.00290007909306617	11	P47-Baseline	0.00136239782016348	3	No	No	pre_post_share	R-pre_existing
P47	R	032	good	severe	A	good	good	P47-Treat	TRAV12-3;TRBV20-1_;_TRAJ48;TRBJ1-1_TRA:CAMGLIFGNEKLTF;TRB:CSARTTNTEAFF_P47	7.909306617453203e-4	3	P47-Baseline	4.5413260672116256e-4	1	No	No	pre_post_share	R-pre_existing
P47	R	032	good	severe	A	good	good	P47-Treat	TRAV6;TRBV4-3_;_TRAJ42;TRBJ2-7_TRA:CALVLKDYGGSQGNLIF;TRB:CASSSGRGYEQYF_P47	7.909306617453203e-4	3	P47-Baseline	4.5413260672116256e-4	1	No	No	pre_post_share	R-pre_existing
P47	R	032	good	severe	A	good	good	P47-Treat	TRAV12-3;TRBV9_;_TRAJ53;TRBJ2-3_TRA:CAMRNSGGSNYKLTF;TRB:CASSVGKEDTDTQYF_P47	5.272871078302136e-4	2	NA	NA	NA	NA	No	post_specific	R-post_novel
P47	R	032	good	severe	A	good	good	P47-Treat	TRAV14/DV4;TRBV19_;_TRAJ24;TRBJ1-6_TRA:CATPTDSWGKFQF;TRB:CASRYRVGDYNSPLHF_P47	7.909306617453203e-4	3	NA	NA	NA	NA	No	post_specific	R-post_novel
P47	R	032	good	severe	A	good	good	P47-Treat	TRAV3;TRBV9_;_TRAJ26;TRBJ2-4_TRA:CAVRDRDNYGQNFVF;TRB:CASSVAAGAQNIQYF_P47	0.00105457421566042	4	NA	NA	NA	NA	No	post_specific	R-post_novel
P47	R	032	good	severe	A	good	good	P47-Treat	TRAV13-1;TRBV20-1_;TRBD2_TRAJ13;TRBJ2-7_TRA:CAALNSGGYQKVTF;TRB:CSASGLAGGGAEQYF_P47	5.272871078302136e-4	2	NA	NA	NA	NA	No	post_specific	R-post_novel
P47	R	032	good	severe	A	good	good	P47-Treat	TRAV20;TRBV5-1_;_TRAJ49;TRBJ2-7_TRA:CAVRTDTGNQFYF;TRB:CASSLGGASYEQYF_P47	5.272871078302136e-4	2	P47-Baseline	0.00181653042688465	4	No	No	pre_post_share	R-pre_existing
P47	R	032	good	severe	A	good	good	P47-Treat	TRAV30;TRBV9_;_TRAJ49;TRBJ1-1_TRA:CGTELNGNQFYF;TRB:CASSVGDGTEAFF_P47	7.909306617453203e-4	3	NA	NA	NA	NA	No	post_specific	R-post_novel
P47	R	032	good	severe	A	good	good	P47-Treat	TRAV5;TRBV27_;TRBD1_TRAJ50;TRBJ1-2_TRA:CAESTGGTSYDKVIF;TRB:CATATGDLYGYTF_P47	0.00105457421566042	4	NA	NA	NA	NA	No	post_specific	R-post_novel
P47	R	032	good	severe	A	good	good	P47-Treat	TRAV5;TRBV5-1_;_TRAJ30;TRBJ2-2_TRA:CAEIPNRDDKIIF;TRB:CASSLSGRELFF_P47	0.00342736620089638	13	P47-Baseline	4.5413260672116256e-4	1	No	No	pre_post_share	R-pre_existing
P47	R	032	good	severe	A	good	good	P47-Treat	TRAV36/DV7;TRBV2_;TRBD2_TRAJ38;TRBJ2-4_TRA:CAMLYAGNNRKLIW;TRB:CASSDGTSGSIQYF_P47	7.909306617453203e-4	3	NA	NA	NA	NA	No	post_specific	R-post_novel
P47	R	032	good	severe	A	good	good	P47-Treat	TRAV1-2;TRBV29-1_;_TRAJ32;TRBJ1-5_TRA:CAVRRGATNKLIF;TRB:CSVMTGNQPQHF_P47	5.272871078302136e-4	2	P47-Baseline	0.00681198910081743	15	No	No	pre_post_share	R-pre_existing
P47	R	032	good	severe	A	good	good	P47-Treat	TRAV8-3;TRBV18_;TRBD1_TRAJ15;TRBJ1-2_TRA:CAVGLNQAGTALIF;TRB:CASSQEGRQAAYYGYTF_P47	5.272871078302136e-4	2	P47-Baseline	9.082652134423252e-4	2	No	No	pre_post_share	R-pre_existing
P47	R	032	good	severe	A	good	good	P47-Treat	TRAV38-1;TRBV2_;TRBD1_TRAJ56;TRBJ2-5_TRA:CAFMKYTGANSKLTF;TRB:CASRSRRGGAGGKTQYF_P47	0.00342736620089638	13	P47-Baseline	4.5413260672116256e-4	1	No	No	pre_post_share	R-pre_existing
P47	R	032	good	severe	A	good	good	P47-Treat	TRAV13-2;TRBV4-3_;TRBD1_TRAJ34;TRBJ1-6_TRA:CADIDNTDKLIF;TRB:CASSQDRADSPLHF_P47	5.272871078302136e-4	2	NA	NA	NA	NA	No	post_specific	R-post_novel
P47	R	032	good	severe	A	good	good	P47-Treat	TRAV13-2;TRBV4-3_;TRBD1_TRAJ8;TRBJ2-7_TRA:CAEIRDTGFQKLVF;TRB:CASSRYSTGASSYEQYF_P47	5.272871078302136e-4	2	P47-Baseline	0.0036330608537693	8	No	No	pre_post_share	R-pre_existing
P47	R	032	good	severe	A	good	good	P47-Treat	TRAV38-1;TRBV28_;_TRAJ56;TRBJ2-1_TRA:CAFTITTGANSKLTF;TRB:CASSLIAGTGNEQFF_P47	0.00184550487740574	7	NA	NA	NA	NA	No	post_specific	R-post_novel
P47	R	032	good	severe	A	good	good	P47-Treat	TRAV1-2;TRBV6-4_;_TRAJ20;TRBJ2-3_TRA:CAVRDGDYKLSF;TRB:CASSDSSGGTDTQYF_P47	5.272871078302136e-4	2	NA	NA	NA	NA	No	post_specific	R-post_novel
P47	R	032	good	severe	A	good	good	P47-Treat	TRAV41;TRBV20-1_;_TRAJ58;TRBJ1-1_TRA:CAGREETSGSRLTF;TRB:CSARTTNTEAFF_P47	0.00105457421566042	4	NA	NA	NA	NA	No	post_specific	R-post_novel
P47	R	032	good	severe	A	good	good	P47-Treat	TRAV14/DV4;TRBV2_;_TRAJ13;TRBJ2-4_TRA:CAMREAGGYQKVTF;TRB:CASFSGRGLLAKNIQYF_P47	5.272871078302136e-4	2	NA	NA	NA	NA	No	post_specific	R-post_novel
P47	R	032	good	severe	A	good	good	P47-Treat	TRAV38-2/DV8;TRBV20-1_;_TRAJ47;TRBJ2-1_TRA:CAYRTTTWYGNKLVF;TRB:CSAILLDRDQFF_P47	0.00237279198523596	9	NA	NA	NA	NA	No	post_specific	R-post_novel
P47	R	032	good	severe	A	good	good	P47-Treat	TRAV10;TRBV9_;_TRAJ34;TRBJ1-6_TRA:CVVSGMGTDKLIF;TRB:CASSVEYNSPLHF_P47	7.909306617453203e-4	3	P47-Baseline	0.00272479564032697	6	No	No	pre_post_share	R-pre_existing
P47	R	032	good	severe	A	good	good	P47-Treat	TRAV12-1;TRBV12-3_;TRBD1_TRAJ12;TRBJ2-3_TRA:CVVMDSSYKLIF;TRB:CASSSWTGRSTDTQYF_P47	5.272871078302136e-4	2	P47-Baseline	0.00136239782016348	3	No	No	pre_post_share	R-pre_existing
P47	R	032	good	severe	A	good	good	P47-Treat	TRAV16;TRBV29-1_;_TRAJ33;TRBJ2-3_TRA:CALKRDYQLIW;TRB:CSVEQGIDTQYF_P47	0.00105457421566042	4	P47-Baseline	4.5413260672116256e-4	1	No	No	pre_post_share	R-pre_existing
P47	R	032	good	severe	A	good	good	P47-Treat	TRAV12-2;TRBV6-1_;_TRAJ13;TRBJ2-7_TRA:CAVWGSGGYQKVTF;TRB:CAGNSGVSPREQYF_P47	0.00210914843132085	8	P47-Baseline	4.5413260672116256e-4	1	No	No	pre_post_share	R-pre_existing
P47	R	032	good	severe	A	good	good	P47-Treat	TRAV16;TRBV7-9_;_TRAJ56;TRBJ2-1_TRA:CALLSGANSKLTF;TRB:CASSPLTNEQFF_P47	5.272871078302136e-4	2	NA	NA	NA	NA	No	post_specific	R-post_novel
P47	R	032	good	severe	A	good	good	P47-Treat	TRAV12-1;TRBV20-1_;_TRAJ45;TRBJ2-7_TRA:CVVDHSGGGADGLTF;TRB:CSARDASGSIYEQYF_P47	5.272871078302136e-4	2	NA	NA	NA	NA	No	post_specific	R-post_novel
P47	R	032	good	severe	A	good	good	P47-Treat	TRAV26-1;TRBV20-1_;TRBD2_TRAJ23;TRBJ2-2_TRA:CIVRFPYNQGGKLIF;TRB:CSTGTSGTTGELFF_P47	5.272871078302136e-4	2	NA	NA	NA	NA	No	post_specific	R-post_novel
P47	R	032	good	severe	A	good	good	P47-Treat	TRAV26-1;TRBV29-1_;_TRAJ53;TRBJ2-7_TRA:CIVRLRLGGSNYKLTF;TRB:CSVVAGGSSYEQYF_P47	0.00105457421566042	4	P47-Baseline	4.5413260672116256e-4	1	No	No	pre_post_share	R-pre_existing
P47	R	032	good	severe	A	good	good	P47-Treat	TRAV12-1;TRBV4-1_;_TRAJ49;TRBJ1-2_TRA:CVVFVTGNQFYF;TRB:CASSQDGRGSYGYTF_P47	0.00131821776957553	5	P47-Baseline	4.5413260672116256e-4	1	No	No	pre_post_share	R-pre_existing
P47	R	032	good	severe	A	good	good	P47-Treat	TRAV17;TRBV20-1_;_TRAJ20;TRBJ2-4_TRA:CAGSNDYKLSF;TRB:CSASGLKIAKNIQYF_P47	5.272871078302136e-4	2	P47-Baseline	9.082652134423252e-4	2	No	No	pre_post_share	R-pre_existing
P47	R	032	good	severe	A	good	good	P47-Treat	TRAV4;TRBV20-1_;_TRAJ44;TRBJ2-5_TRA:CLVGITGTASKLTF;TRB:CSARDQSPGRMETQYF_P47	5.272871078302136e-4	2	NA	NA	NA	NA	No	post_specific	R-post_novel
P47	R	032	good	severe	A	good	good	P47-Treat	TRAV17;TRBV4-1_;_TRAJ32;TRBJ2-7_TRA:CAPTGGATNKLIF;TRB:CASSQGLVSYEQYF_P47	5.272871078302136e-4	2	NA	NA	NA	NA	No	post_specific	R-post_novel
P47	R	032	good	severe	A	good	good	P47-Treat	TRAV12-1;TRBV7-2_;_TRAJ4;TRBJ1-3_TRA:CVVTPGGYNKLIF;TRB:CASSPGFGNTIYF_P47	7.909306617453203e-4	3	NA	NA	NA	NA	No	post_specific	R-post_novel
P47	R	032	good	severe	A	good	good	P47-Treat	TRAV9-2;TRBV20-1_;TRBD2_TRAJ53;TRBJ2-7_TRA:CALRPSGGSNYKLTF;TRB:CSAQSPAGGQTYEQYF_P47	0.00131821776957553	5	P47-Baseline	9.082652134423252e-4	2	No	No	pre_post_share	R-pre_existing
P47	R	032	good	severe	A	good	good	P47-Treat	TRAV17;TRBV5-1_;TRBD1_TRAJ58;TRBJ1-1_TRA:CAPSSGSRLTF;TRB:CASSLGQGNTEAFF_P47	7.909306617453203e-4	3	P47-Baseline	4.5413260672116256e-4	1	No	No	pre_post_share	R-pre_existing
P47	R	032	good	severe	A	good	good	P47-Treat	TRAV1-2;TRBV7-9_;TRBD1_TRAJ17;TRBJ2-5_TRA:CAVRALGRAAGNKLTF;TRB:CASSLVPGSGRETQYF_P47	0.00105457421566042	4	NA	NA	NA	NA	No	post_specific	R-post_novel
P47	R	032	good	severe	A	good	good	P47-Treat	TRAV17;TRBV6-2_;_TRAJ8;TRBJ2-5_TRA:CATVTFQKLVF;TRB:CASSKTAYQETQYF_P47	5.272871078302136e-4	2	P47-Baseline	0.00227066303360581	5	No	No	pre_post_share	R-pre_existing
P47	R	032	good	severe	A	good	good	P47-Treat	TRAV10;TRBV20-1_;_TRAJ10;TRBJ1-2_TRA:CVVNGLTGGGNKLTF;TRB:CSASPDRTLNYGYTF_P47	0.00237279198523596	9	P47-Baseline	4.5413260672116256e-4	1	No	No	pre_post_share	R-pre_existing
P47	R	032	good	severe	A	good	good	P47-Treat	TRAV9-2;TRBV29-1_;_TRAJ53;TRBJ2-5_TRA:CAIGGSGGSNYKLTF;TRB:CSVEWGAKETQYF_P47	5.272871078302136e-4	2	P47-Baseline	4.5413260672116256e-4	1	No	No	pre_post_share	R-pre_existing
P47	R	032	good	severe	A	good	good	P47-Treat	TRAV5;TRBV11-2_;_TRAJ20;TRBJ1-3_TRA:CAESNDYKLSF;TRB:CASSLEGPSGNTIYF_P47	5.272871078302136e-4	2	NA	NA	NA	NA	No	post_specific	R-post_novel
P47	R	032	good	severe	A	good	good	P47-Treat	TRAV5;TRBV11-3_;TRBD1_TRAJ12;TRBJ2-7_TRA:CAESIRDSSYKLIF;TRB:CASSLGGQGSYEQYF_P47	5.272871078302136e-4	2	P47-Baseline	0.00272479564032697	6	No	No	pre_post_share	R-pre_existing
P47	R	032	good	severe	A	good	good	P47-Treat	TRAV5;TRBV11-3_;_TRAJ23;TRBJ2-5_TRA:CAEKNQGGKLIF;TRB:CASRMIGVETQYF_P47	0.00316372264698128	12	NA	NA	NA	NA	No	post_specific	R-post_novel
P47	R	032	good	severe	A	good	good	P47-Treat	TRAV12-2;TRBV4-1_;_TRAJ26;TRBJ2-1_TRA:CAVNAYGQNFVF;TRB:CASSQAQRGAGSYNEQFF_P47	7.909306617453203e-4	3	P47-Baseline	9.082652134423252e-4	2	No	No	pre_post_share	R-pre_existing
P47	R	032	good	severe	A	good	good	P47-Treat	TRAV9-2;TRBV6-6_;_TRAJ49;TRBJ1-2_TRA:CALLNTGNQFYF;TRB:CASSPSRGYYGYTF_P47	0.00105457421566042	4	NA	NA	NA	NA	No	post_specific	R-post_novel
P47	R	032	good	severe	A	good	good	P47-Treat	TRAV12-2;TRBV4-3_;TRBD1_TRAJ4;TRBJ2-2_TRA:CALTGGYNKLIF;TRB:CASSHTTGQGAGTGELFF_P47	5.272871078302136e-4	2	P47-Baseline	4.5413260672116256e-4	1	No	No	pre_post_share	R-pre_existing
P47	R	032	good	severe	A	good	good	P47-Treat	TRAV19;TRBV28_;_TRAJ10;TRBJ2-2_TRA:CALNRLTGGGNKLTF;TRB:CASVQSRANTGELFF_P47	5.272871078302136e-4	2	NA	NA	NA	NA	No	post_specific	R-post_novel
P47	R	032	good	severe	A	good	good	P47-Treat	TRAV12-1;TRBV20-1_;TRBD1_TRAJ44;TRBJ2-7_TRA:CITGTASKLTF;TRB:CSAAGTGSSYEQYF_P47	5.272871078302136e-4	2	NA	NA	NA	NA	No	post_specific	R-post_novel
P47	R	032	good	severe	A	good	good	P47-Treat	TRAV19;TRBV6-5_;_TRAJ26;TRBJ2-3_TRA:CALSEVLLVGDYGQNFVF;TRB:CASSPGTTHTDTQYF_P47	0.00184550487740574	7	P47-Baseline	4.5413260672116256e-4	1	No	No	pre_post_share	R-pre_existing
P47	R	032	good	severe	A	good	good	P47-Treat	TRAV3;TRBV11-2_;_TRAJ7;TRBJ2-2_TRA:CAVRVPYGNNRLAF;TRB:CASSLDSLTGTNGELFF_P47	7.909306617453203e-4	3	P47-Baseline	9.082652134423252e-4	2	No	No	pre_post_share	R-pre_existing
P47	R	032	good	severe	A	good	good	P47-Treat	TRAV12-3;TRBV24-1_;TRBD2_TRAJ48;TRBJ2-1_TRA:CAMRGISNFGNEKLTF;TRB:CATSDLAGTSGGAGYNEQFF_P47	5.272871078302136e-4	2	NA	NA	NA	NA	No	post_specific	R-post_novel
P47	R	032	good	severe	A	good	good	P47-Treat	TRAV19;TRBV7-6_;_TRAJ35;TRBJ2-5_TRA:CALSEDQGFGNVLHC;TRB:CASSISGTRWETQYF_P47	5.272871078302136e-4	2	NA	NA	NA	NA	No	post_specific	R-post_novel
P47	R	032	good	severe	A	good	good	P47-Treat	TRAV12-3;TRBV4-2_;_TRAJ10;TRBJ1-3_TRA:CAMSLTGGGNKLTF;TRB:CASSQEHRPGNTIYF_P47	7.909306617453203e-4	3	P47-Baseline	9.082652134423252e-4	2	No	No	pre_post_share	R-pre_existing
P47	R	032	good	severe	A	good	good	P47-Treat	TRAV3;TRBV20-1_;_TRAJ12;TRBJ1-1_TRA:CAVTRMDSSYKLIF;TRB:CSASGTGTLNTEAFF_P47	7.909306617453203e-4	3	P47-Baseline	0.00272479564032697	6	No	No	pre_post_share	R-pre_existing
P47	R	032	good	severe	A	good	good	P47-Treat	TRAV8-1;TRBV11-2_;_TRAJ48;TRBJ1-3_TRA:CAPGKRNEKLTF;TRB:CASSESSGNTIYF_P47	5.272871078302136e-4	2	NA	NA	NA	NA	No	post_specific	R-post_novel
P47	R	032	good	severe	A	good	good	P47-Treat	TRAV8-1;TRBV18_;_TRAJ34;TRBJ1-1_TRA:CALFTDKLIF;TRB:CASSPPGPEAFF_P47	0.00131821776957553	5	NA	NA	NA	NA	No	post_specific	R-post_novel
P47	R	032	good	severe	A	good	good	P47-Treat	TRAV3;TRBV5-6_;_TRAJ4;TRBJ2-7_TRA:CAVRGLGTGGYNKLIF;TRB:CASSPRTKNVLGEQYF_P47	0.00158186132349064	6	P47-Baseline	0.0036330608537693	8	No	No	pre_post_share	R-pre_existing
P47	R	032	good	severe	A	good	good	P47-Treat	TRAV1-2;TRBV7-9_;TRBD1_TRAJ9;TRBJ2-1_TRA:CAVGNTGGFKTIF;TRB:CASSSGTGEAYNEQFF_P47	0.00237279198523596	9	NA	NA	NA	NA	No	post_specific	R-post_novel
P47	R	032	good	severe	A	good	good	P47-Treat	TRAV2;TRBV7-2_;TRBD1_TRAJ8;TRBJ2-5_TRA:CAVAPEIQKLVF;TRB:CASMKGLGSGETQYF_P47	7.909306617453203e-4	3	P47-Baseline	0.00454132606721162	10	No	No	pre_post_share	R-pre_existing
P47	R	032	good	severe	A	good	good	P47-Treat	TRAV12-2;TRBV11-2_;_TRAJ40;TRBJ2-5_TRA:CAVNRASGTYKYIF;TRB:CASSFGQQETQYF_P47	5.272871078302136e-4	2	NA	NA	NA	NA	No	post_specific	R-post_novel
P47	R	032	good	severe	A	good	good	P47-Treat	TRAV20;TRBV11-2_;_TRAJ27;TRBJ2-7_TRA:CAPRGYTNAGKSTF;TRB:CASSWGGQFYEQYF_P47	0.00158186132349064	6	NA	NA	NA	NA	No	post_specific	R-post_novel
P47	R	032	good	severe	A	good	good	P47-Treat	TRAV14/DV4;TRBV6-6_;_TRAJ42;TRBJ2-4_TRA:CAMRESLRGSQGNLIF;TRB:CASAGAIAKNIQYF_P47	0.00158186132349064	6	P47-Baseline	0.0036330608537693	8	No	No	pre_post_share	R-pre_existing
P47	R	032	good	severe	A	good	good	P47-Treat	TRAV30;TRBV18_;_TRAJ58;TRBJ2-3_TRA:CGTEIQGKTSGSRLTF;TRB:CASSWGLAGTDTQYF_P47	5.272871078302136e-4	2	NA	NA	NA	NA	No	post_specific	R-post_novel
P47	R	032	good	severe	A	good	good	P47-Treat	TRAV8-1;TRBV7-2_;_TRAJ9;TRBJ1-2_TRA:CAVNANTGGFKTIF;TRB:CASSLRGQGEGYTF_P47	0.03295544423938835	125	P47-Baseline	0.0108991825613079	24	Yes	Yes	pre_post_share	R-pre_existing
P47	R	032	good	severe	A	good	good	P47-Treat	TRAV13-1;TRBV5-1_;_TRAJ3;TRBJ2-3_TRA:CAASGYSSASKIIF;TRB:CASSLFSWPTDTQYF_P47	5.272871078302136e-4	2	NA	NA	NA	NA	No	post_specific	R-post_novel
P47	R	032	good	severe	A	good	good	P47-Treat	TRAV21;TRBV2_;_TRAJ20;TRBJ2-7_TRA:CAGRSNDYKLSF;TRB:CASERGSLPHEQYF_P47	5.272871078302136e-4	2	P47-Baseline	0.00136239782016348	3	No	No	pre_post_share	R-pre_existing
P47	R	032	good	severe	A	good	good	P47-Treat	TRAV21;TRBV19_;_TRAJ15;TRBJ2-1_TRA:CAVFNQAGTALIF;TRB:CASRTSRLVRDKQFF_P47	0.00158186132349064	6	P47-Baseline	4.5413260672116256e-4	1	No	No	pre_post_share	R-pre_existing
P47	R	032	good	severe	A	good	good	P47-Treat	TRAV13-1;TRBV7-6_;_TRAJ43;TRBJ2-1_TRA:CAANGGDMRF;TRB:CASSLVGTGRSSYNEQFF_P47	5.272871078302136e-4	2	P47-Baseline	4.5413260672116256e-4	1	No	No	pre_post_share	R-pre_existing
P47	R	032	good	severe	A	good	good	P47-Treat	TRAV13-1;TRBV7-9_;_TRAJ26;TRBJ2-7_TRA:CALSNYGQNFVF;TRB:CASSFTGTSGPYEQYF_P47	7.909306617453203e-4	3	NA	NA	NA	NA	No	post_specific	R-post_novel
P47	R	032	good	severe	A	good	good	P47-Treat	TRAV13-1;TRBV9_;_TRAJ45;TRBJ2-1_TRA:CAAFYSGGGADGLTF;TRB:CASSFGTSAYNEQFF_P47	0.00131821776957553	5	P47-Baseline	4.5413260672116256e-4	1	No	No	pre_post_share	R-pre_existing
P47	R	032	good	severe	A	good	good	P47-Treat	TRAV13-1;TRBV9_;_TRAJ5;TRBJ2-1_TRA:CAATPNTGRRALTF;TRB:CASSVGVGSSSYNEQFF_P47	7.909306617453203e-4	3	P47-Baseline	0.00227066303360581	5	No	No	pre_post_share	R-pre_existing
P47	R	032	good	severe	A	good	good	P47-Treat	TRAV8-6;TRBV7-9_;TRBD1_TRAJ42;TRBJ2-5_TRA:CAVPGSQGNLIF;TRB:CASSFLTGGGETQYF_P47	0.00105457421566042	4	NA	NA	NA	NA	No	post_specific	R-post_novel
P47	R	032	good	severe	A	good	good	P47-Treat	TRAV1-2;TRBV29-1_;TRBD1_TRAJ9;TRBJ1-4_TRA:CAVRRGGGFKTIF;TRB:CSVETPGQGASGLFF_P47	7.909306617453203e-4	3	P47-Baseline	0.00227066303360581	5	No	No	pre_post_share	R-pre_existing
P47	R	032	good	severe	A	good	good	P47-Treat	TRAV21;TRBV7-8_;_TRAJ42;TRBJ1-5_TRA:CAVRHYGGSQGNLIF;TRB:CASSLIPGSGPQHF_P47	7.909306617453203e-4	3	NA	NA	NA	NA	No	post_specific	R-post_novel
P47	R	032	good	severe	A	good	good	P47-Treat	TRAV8-3;TRBV29-1_;_TRAJ37;TRBJ1-5_TRA:CAVALPGGGNTGKLIF;TRB:CSVMTGNQPQHF_P47	5.272871078302136e-4	2	P47-Baseline	0.00544959128065395	12	No	No	pre_post_share	R-pre_existing
P47	R	032	good	severe	A	good	good	P47-Treat	TRAV13-2;TRBV6-2_;_TRAJ4;TRBJ2-1_TRA:CAEILLPHSGGYNKLIF;TRB:CAISDLSSYNEQFF_P47	5.272871078302136e-4	2	NA	NA	NA	NA	No	post_specific	R-post_novel
P47	R	032	good	severe	A	good	good	P47-Treat	TRAV1-2;TRBV6-4_;_TRAJ12;TRBJ2-3_TRA:CAVMDSSYKLIF;TRB:CASSEGGDTDTQYF_P47	5.272871078302136e-4	2	NA	NA	NA	NA	No	post_specific	R-post_novel
P47	R	032	good	severe	A	good	good	P47-Treat	TRAV23/DV6;TRBV13_;TRBD1_TRAJ37;TRBJ1-2_TRA:CAARLIGKLIF;TRB:CASSLGPGTGGFGYTF_P47	5.272871078302136e-4	2	P47-Baseline	9.082652134423252e-4	2	No	No	pre_post_share	R-pre_existing
P47	R	032	good	severe	A	good	good	P47-Treat	TRAV8-3;TRBV6-5_;_TRAJ42;TRBJ2-5_TRA:CAVAPDGGSQGNLIF;TRB:CASSITGQTRETQYF_P47	0.00210914843132085	8	NA	NA	NA	NA	No	post_specific	R-post_novel
P47	R	032	good	severe	A	good	good	P47-Treat	TRAV38-2/DV8;TRBV19_;_TRAJ48;TRBJ1-5_TRA:CAYRISFGNEKLTF;TRB:CATKGGLGQGYSNQPQHF_P47	0.0195096229897179	74	NA	NA	NA	NA	Yes	post_specific	R-post_novel
P47	R	032	good	severe	A	good	good	P47-Treat	TRAV14/DV4;TRBV4-1_;_TRAJ8;TRBJ2-3_TRA:CAMREGEGMSFQKLVF;TRB:CASSQDSGGNTDTQYF_P47	5.272871078302136e-4	2	NA	NA	NA	NA	No	post_specific	R-post_novel
P47	R	032	good	severe	A	good	good	P47-Treat	TRAV8-4;TRBV12-3_;TRBD2_TRAJ37;TRBJ2-1_TRA:CAVSTSGNTGKLIF;TRB:CASSPGTSGSEQFF_P47	0.00316372264698128	12	P47-Baseline	9.082652134423252e-4	2	No	No	pre_post_share	R-pre_existing
P47	R	032	good	severe	A	good	good	P47-Treat	TRAV14/DV4;TRBV6-2_;TRBD1_TRAJ5;TRBJ2-6_TRA:CAMRERTGRRALTF;TRB:CASSYRGSTSGANVLTF_P47	0.00237279198523596	9	P47-Baseline	4.5413260672116256e-4	1	No	No	pre_post_share	R-pre_existing
P47	R	032	good	severe	A	good	good	P47-Treat	TRAV25;TRBV4-2_;_TRAJ20;TRBJ2-7_TRA:CALPDSNDYKLSF;TRB:CASSQEGAGTTYEQYF_P47	0.00131821776957553	5	NA	NA	NA	NA	No	post_specific	R-post_novel
P47	R	032	good	severe	A	good	good	P47-Treat	TRAV12-1;TRBV18_;_TRAJ21;TRBJ2-1_TRA:CVVESSKFYF;TRB:CASSPPQSSYNEQFF_P47	0.00131821776957553	5	NA	NA	NA	NA	No	post_specific	R-post_novel
P47	R	032	good	severe	A	good	good	P47-Treat	TRAV16;TRBV29-1_;_TRAJ53;TRBJ1-2_TRA:CALSGVASGGSNYKLTF;TRB:CSAWGPNYGYTF_P47	5.272871078302136e-4	2	NA	NA	NA	NA	No	post_specific	R-post_novel
P47	R	032	good	severe	A	good	good	P47-Treat	TRAV25;TRBV7-2_;_TRAJ33;TRBJ2-7_TRA:CAGPSDSNYQLIW;TRB:CASTGGGTSIYEQYF_P47	0.01792776166622726	68	P47-Baseline	0.00953678474114441	21	No	Yes	pre_post_share	R-pre_existing
P47	R	032	good	severe	A	good	good	P47-Treat	TRAV38-2/DV8;TRBV7-2_;_TRAJ40;TRBJ2-7_TRA:CASLGTYKYIF;TRB:CASSLTSGSSEQYF_P47	5.272871078302136e-4	2	NA	NA	NA	NA	No	post_specific	R-post_novel
P47	R	032	good	severe	A	good	good	P47-Treat	TRAV29/DV5;TRBV5-4_;_TRAJ58;TRBJ2-1_TRA:CAASAGSGSRLTF;TRB:CASSLDIAGGGDEQFF_P47	0.00131821776957553	5	NA	NA	NA	NA	No	post_specific	R-post_novel
P47	R	032	good	severe	A	good	good	P47-Treat	TRAV12-2;TRBV6-1_;_TRAJ20;TRBJ1-1_TRA:CAVNDDYKLSF;TRB:CASSTQTLGTEAFF_P47	0.00105457421566042	4	P47-Baseline	0.00181653042688465	4	No	No	pre_post_share	R-pre_existing
P47	R	032	good	severe	A	good	good	P47-Treat	TRAV12-2;TRBV6-2_;_TRAJ28;TRBJ2-7_TRA:CAVRPTGAGSYQLTF;TRB:CASSYLQEQYF_P47	5.272871078302136e-4	2	NA	NA	NA	NA	No	post_specific	R-post_novel
P47	R	032	good	severe	A	good	good	P47-Treat	TRAV8-6;TRBV24-1_;_TRAJ48;TRBJ2-1_TRA:CVVISNFGNEKLTF;TRB:CATSDLLDRYNEQFF_P47	5.272871078302136e-4	2	P47-Baseline	4.5413260672116256e-4	1	No	No	pre_post_share	R-pre_existing
P47	R	032	good	severe	A	good	good	P47-Treat	TRAV19;TRBV6-2_;_TRAJ49;TRBJ2-7_TRA:CALITGNQFYF;TRB:CASRDDPRQERRYEQYF_P47	5.272871078302136e-4	2	P47-Baseline	4.5413260672116256e-4	1	No	No	pre_post_share	R-pre_existing
P47	R	032	good	severe	A	good	good	P47-Treat	TRAV19;TRBV7-2_;TRBD1_TRAJ5;TRBJ2-1_TRA:CALSEAQRGRRALTF;TRB:CASSPSETGVYNEQFF_P47	0.00105457421566042	4	P47-Baseline	0.00772025431425976	17	No	No	pre_post_share	R-pre_existing
P47	R	032	good	severe	A	good	good	P47-Treat	TRAV26-1;TRBV6-6_;TRBD1_TRAJ56;TRBJ2-2_TRA:CIVRVAGANSKLTF;TRB:CASSRSGQGGTGELFF_P47	0.00105457421566042	4	P47-Baseline	4.5413260672116256e-4	1	No	No	pre_post_share	R-pre_existing
P47	R	032	good	severe	A	good	good	P47-Treat	TRAV12-1;TRBV4-1_;TRBD1_TRAJ39;TRBJ2-1_TRA:CVVFNNAGNMLTF;TRB:CASSQDPGTGYDEQFF_P47	7.909306617453203e-4	3	NA	NA	NA	NA	No	post_specific	R-post_novel
P47	R	032	good	severe	A	good	good	P47-Treat	TRAV17;TRBV19_;_TRAJ56;TRBJ1-5_TRA:CVQASGANSKLTF;TRB:CASSILALNQPQHF_P47	7.909306617453203e-4	3	NA	NA	NA	NA	No	post_specific	R-post_novel
P47	R	032	good	severe	A	good	good	P47-Treat	TRAV4;TRBV29-1_;_TRAJ23;TRBJ1-2_TRA:CLVGDNQNNQGGKLIF;TRB:CSVEFQAGGYTF_P47	5.272871078302136e-4	2	NA	NA	NA	NA	No	post_specific	R-post_novel
P47	R	032	good	severe	A	good	good	P47-Treat	TRAV17;TRBV5-4_;TRBD1_TRAJ28;TRBJ2-7_TRA:CATVPRHSGAGSYQLTF;TRB:CASSSGQGDEQYF_P47	0.00105457421566042	4	P47-Baseline	4.5413260672116256e-4	1	No	No	pre_post_share	R-pre_existing
P47	R	032	good	severe	A	good	good	P47-Treat	TRAV29/DV5;TRBV11-1_;_TRAJ40;TRBJ2-1_TRA:CAASHTTSGTYKYIF;TRB:CASSLGPRDEQFF_P47	0.00131821776957553	5	P47-Baseline	9.082652134423252e-4	2	No	No	pre_post_share	R-pre_existing
P47	R	032	good	severe	A	good	good	P47-Treat	TRAV29/DV5;TRBV12-5_;_TRAJ44;TRBJ2-5_TRA:CAASITGTASKLTF;TRB:CASGLSTLAETQYF_P47	0.00158186132349064	6	P47-Baseline	0.00136239782016348	3	No	No	pre_post_share	R-pre_existing
P47	R	032	good	severe	A	good	good	P47-Treat	TRAV9-2;TRBV4-1_;_TRAJ52;TRBJ2-3_TRA:CALNSGGTSYGKLTF;TRB:CASSQEGYGDTQYF_P47	7.909306617453203e-4	3	NA	NA	NA	NA	No	post_specific	R-post_novel
P47	R	032	good	severe	A	good	good	P47-Treat	TRAV29/DV5;TRBV18_;_TRAJ32;TRBJ1-2_TRA:CAALLYGGATNKLIF;TRB:CASSPSGQSYTF_P47	5.272871078302136e-4	2	P47-Baseline	4.5413260672116256e-4	1	No	No	pre_post_share	R-pre_existing
P47	R	032	good	severe	A	good	good	P47-Treat	TRAV14/DV4;TRBV6-2_;_TRAJ45;TRBJ2-1_TRA:CAMREGRTGGGADGLTF;TRB:CASSFLAGTYNEQFF_P47	0.0079093066174532	30	P47-Baseline	0.00181653042688465	4	No	No	pre_post_share	R-pre_existing
P47	R	032	good	severe	A	good	good	P47-Treat	TRAV19;TRBV13_;_TRAJ48;TRBJ2-3_TRA:CALLSFGNEKLTF;TRB:CASTPWGGTTDTQYF_P47	5.272871078302136e-4	2	P47-Baseline	9.082652134423252e-4	2	No	No	pre_post_share	R-pre_existing
P47	R	032	good	severe	A	good	good	P47-Treat	TRAV5;TRBV20-1_;_TRAJ23;TRBJ2-7_TRA:CAERGNQGGKLIF;TRB:CSATGQRYEQYF_P47	5.272871078302136e-4	2	NA	NA	NA	NA	No	post_specific	R-post_novel
P47	R	032	good	severe	A	good	good	P47-Treat	TRAV12-2;TRBV4-3_;_TRAJ29;TRBJ1-4_TRA:CAVNKGNTPLVF;TRB:CASSQVLNEKLFF_P47	5.272871078302136e-4	2	NA	NA	NA	NA	No	post_specific	R-post_novel
P47	R	032	good	severe	A	good	good	P47-Treat	TRAV19;TRBV2_;_TRAJ54;TRBJ2-6_TRA:CALRGLIQGAQKLVF;TRB:CASSMEAGANVLTF_P47	7.909306617453203e-4	3	NA	NA	NA	NA	No	post_specific	R-post_novel
P47	R	032	good	severe	A	good	good	P47-Treat	TRAV19;TRBV20-1_;_TRAJ53;TRBJ2-7_TRA:CALRGNSGGSNYKLTF;TRB:CSAREHYEQYF_P47	5.272871078302136e-4	2	NA	NA	NA	NA	No	post_specific	R-post_novel
P47	R	032	good	severe	A	good	good	P47-Treat	TRAV19;TRBV29-1_;TRBD1_TRAJ52;TRBJ2-3_TRA:CALSEAHPAGGTSYGKLTF;TRB:CSVPGQGARTQYF_P47	0.00158186132349064	6	NA	NA	NA	NA	No	post_specific	R-post_novel
P47	R	032	good	severe	A	good	good	P47-Treat	TRAV29/DV5;TRBV7-3_;_TRAJ10;TRBJ2-1_TRA:CAASAEVTGGGNKLTF;TRB:CASSLTGDSYNEQFF_P47	5.272871078302136e-4	2	NA	NA	NA	NA	No	post_specific	R-post_novel
P47	R	032	good	severe	A	good	good	P47-Treat	TRAV12-2;TRBV7-9_;TRBD1_TRAJ42;TRBJ2-3_TRA:CAVIKRKGSQGNLIF;TRB:CASSLTGGSDTQYF_P47	0.06169259161613499	234	P47-Baseline	0.00544959128065395	12	No	Yes	pre_post_share	R-pre_existing
P47	R	032	good	severe	A	good	good	P47-Treat	TRAV3;TRBV10-3_;_TRAJ31;TRBJ2-5_TRA:CAVRDYARLMF;TRB:CAISESVAGGEETQYF_P47	0.00290007909306617	11	P47-Baseline	0.0036330608537693	8	No	No	pre_post_share	R-pre_existing
P47	R	032	good	severe	A	good	good	P47-Treat	TRAV12-3;TRBV7-3_;_TRAJ42;TRBJ1-1_TRA:CAMKRNYGGSQGNLIF;TRB:CASSSQGNTEAFF_P47	0.00184550487740574	7	NA	NA	NA	NA	No	post_specific	R-post_novel
P47	R	032	good	severe	A	good	good	P47-Treat	TRAV3;TRBV4-3_;_TRAJ8;TRBJ2-3_TRA:CAVRDRGTGFQKLVF;TRB:CASSPLSGSTDTQYF_P47	5.272871078302136e-4	2	P47-Baseline	9.082652134423252e-4	2	No	No	pre_post_share	R-pre_existing
P47	R	032	good	severe	A	good	good	P47-Treat	TRAV13-1;TRBV12-3_;_TRAJ21;TRBJ2-3_TRA:CAALYNFNKFYF;TRB:CATTPGTSVVSTDTQYF_P47	5.272871078302136e-4	2	NA	NA	NA	NA	No	post_specific	R-post_novel
P47	R	032	good	severe	A	good	good	P47-Treat	TRAV13-1;TRBV19_;_TRAJ52;TRBJ2-3_TRA:CAANNAGGTSYGKLTF;TRB:CASSIDRGVADTDTQYF_P47	0.00105457421566042	4	NA	NA	NA	NA	No	post_specific	R-post_novel
P47	R	032	good	severe	A	good	good	P47-Treat	TRAV29/DV5;TRBV15_;_TRAJ39;TRBJ1-1_TRA:CAASAGNAGNMLTF;TRB:CATSRDDTMNTEAFF_P47	0.00105457421566042	4	NA	NA	NA	NA	No	post_specific	R-post_novel
P47	R	032	good	severe	A	good	good	P47-Treat	TRAV38-2/DV8;TRBV4-3_;TRBD1_TRAJ58;TRBJ2-2_TRA:CALKETSGSRLTF;TRB:CASSQPIPGQVSNTGELFF_P47	5.272871078302136e-4	2	NA	NA	NA	NA	No	post_specific	R-post_novel
P47	R	032	good	severe	A	good	good	P47-Treat	TRAV30;TRBV6-6_;_TRAJ36;TRBJ1-4_TRA:CGTEAGANNLFF;TRB:CASSSPRGVNEKLFF_P47	0.0039546533087266	15	P47-Baseline	0.00136239782016348	3	No	No	pre_post_share	R-pre_existing
P47	R	032	good	severe	A	good	good	P47-Treat	TRAV13-1;TRBV4-1_;_TRAJ13;TRBJ1-1_TRA:CAASKPGGGYQKVTF;TRB:CASSQGLRAHEAFF_P47	0.00316372264698128	12	P47-Baseline	0.0072661217075386	16	No	No	pre_post_share	R-pre_existing
P47	R	032	good	severe	A	good	good	P47-Treat	TRAV29/DV5;TRBV5-4_;TRBD1_TRAJ45;TRBJ1-2_TRA:CAATRGGADGLTF;TRB:CASHHGTAGPNYGYTF_P47	0.00158186132349064	6	P47-Baseline	0.00408719346049046	9	No	No	pre_post_share	R-pre_existing
P47	R	032	good	severe	A	good	good	P47-Treat	TRAV21;TRBV3-1_;_TRAJ15;TRBJ1-1_TRA:CAVKDQAGTALIF;TRB:CASRETGLNTEAFF_P47	5.272871078302136e-4	2	NA	NA	NA	NA	No	post_specific	R-post_novel
P47	R	032	good	severe	A	good	good	P47-Treat	TRAV8-6;TRBV3-1_;TRBD2_TRAJ22;TRBJ2-3_TRA:CAVSSRSARQLTF;TRB:CASSQDLRQGPGTSGGKDTQYF_P47	0.00184550487740574	7	P47-Baseline	4.5413260672116256e-4	1	No	No	pre_post_share	R-pre_existing
P47	R	032	good	severe	A	good	good	P47-Treat	TRAV4;TRBV11-2_;_TRAJ22;TRBJ2-3_TRA:CLVDGGSARQLTF;TRB:CASKGGSTDTQYF_P47	5.272871078302136e-4	2	NA	NA	NA	NA	No	post_specific	R-post_novel
P47	R	032	good	severe	A	good	good	P47-Treat	TRAV13-2;TRBV29-1_;TRBD1_TRAJ26;TRBJ2-2_TRA:CAEKENYGQNFVF;TRB:CSARGLAENTGELFF_P47	0.00184550487740574	7	P47-Baseline	0.00227066303360581	5	No	No	pre_post_share	R-pre_existing
P47	R	032	good	severe	A	good	good	P47-Treat	TRAV12-1;TRBV4-2_;_TRAJ34;TRBJ1-5_TRA:CVVNMGSSLRLHNTDKLIF;TRB:CASSQEGAAQPQHF_P47	7.909306617453203e-4	3	NA	NA	NA	NA	No	post_specific	R-post_novel
P47	R	032	good	severe	A	good	good	P47-Treat	TRAV22;TRBV28_;_TRAJ44;TRBJ2-1_TRA:CAVRASGTASKLTF;TRB:CASSLVPLGGEQFF_P47	5.272871078302136e-4	2	NA	NA	NA	NA	No	post_specific	R-post_novel
P47	R	032	good	severe	A	good	good	P47-Treat	TRAV22;TRBV4-2_;TRBD1_TRAJ15;TRBJ2-1_TRA:CAVSNQAGTALIF;TRB:CASSQGPGAEQFF_P47	0.00105457421566042	4	P47-Baseline	0.01044504995458674	23	No	No	pre_post_share	R-pre_existing
P47	R	032	good	severe	A	good	good	P47-Treat	TRAV38-2/DV8;TRBV19_;_TRAJ45;TRBJ2-3_TRA:CAYRSARGGADGLTF;TRB:CASSPILAGTQYF_P47	0.00105457421566042	4	NA	NA	NA	NA	No	post_specific	R-post_novel
P47	R	032	good	severe	A	good	good	P47-Treat	TRAV38-2/DV8;TRBV20-1_;_TRAJ27;TRBJ2-5_TRA:CAYRSEANAGKSTF;TRB:CSAREWGEGWETQYF_P47	0.00105457421566042	4	NA	NA	NA	NA	No	post_specific	R-post_novel
P47	R	032	good	severe	A	good	good	P47-Treat	TRAV12-2;TRBV19_;_TRAJ27;TRBJ1-1_TRA:CAVNNNAGKSTF;TRB:CASSFPRSSPEAFF_P47	0.00158186132349064	6	NA	NA	NA	NA	No	post_specific	R-post_novel
P47	R	032	good	severe	A	good	good	P47-Treat	TRAV10;TRBV7-9_;_TRAJ4;TRBJ1-3_TRA:CVVKERGYNKLIF;TRB:CASSSPPSSSGNTIYF_P47	0.01107302926443448	42	P47-Baseline	0.01589464123524069	35	Yes	Yes	pre_post_share	R-pre_existing
P47	R	032	good	severe	A	good	good	P47-Treat	TRAV10;TRBV9_;_TRAJ13;TRBJ2-3_TRA:CVVSPEGYQKVTF;TRB:CASSVEAGVRTDTQYF_P47	0.00131821776957553	5	P47-Baseline	4.5413260672116256e-4	1	No	No	pre_post_share	R-pre_existing
P47	R	032	good	severe	A	good	good	P47-Treat	TRAV25;TRBV4-1_;_TRAJ32;TRBJ2-1_TRA:CAGPYGGATNKLIF;TRB:CASSHSAANNEQFF_P47	0.00237279198523596	9	P47-Baseline	4.5413260672116256e-4	1	No	No	pre_post_share	R-pre_existing
P47	R	032	good	severe	A	good	good	P47-Treat	TRAV38-2/DV8;TRBV6-2_;_TRAJ56;TRBJ2-3_TRA:CASRITGANSKLTF;TRB:CASSYPRLHLDTQYF_P47	5.272871078302136e-4	2	NA	NA	NA	NA	No	post_specific	R-post_novel
P47	R	032	good	severe	A	good	good	P47-Treat	TRAV5;TRBV29-1_;_TRAJ22;TRBJ2-4_TRA:CAETPRGSARQLTF;TRB:CSVALAEIQYF_P47	5.272871078302136e-4	2	NA	NA	NA	NA	No	post_specific	R-post_novel
P47	R	032	good	severe	A	good	good	P47-Treat	TRAV9-2;TRBV11-2_;_TRAJ56;TRBJ2-3_TRA:CALFGGANSKLTF;TRB:CASSRDSGSTDTQYF_P47	7.909306617453203e-4	3	P47-Baseline	9.082652134423252e-4	2	No	No	pre_post_share	R-pre_existing
P47	R	032	good	severe	A	good	good	P47-Treat	TRAV12-1;TRBV20-1_;_TRAJ28;TRBJ2-1_TRA:CVVEPRGAGSYQLTF;TRB:CSARDLGSRSYNEQFF_P47	5.272871078302136e-4	2	P47-Baseline	4.5413260672116256e-4	1	No	No	pre_post_share	R-pre_existing
P47	R	032	good	severe	A	good	good	P47-Treat	TRAV29/DV5;TRBV7-2_;_TRAJ17;TRBJ1-3_TRA:CAPEGAAGNKLTF;TRB:CASSWRQGRLGGTFSGNTIYF_P47	5.272871078302136e-4	2	NA	NA	NA	NA	No	post_specific	R-post_novel
P47	R	032	good	severe	A	good	good	P47-Treat	TRAV12-1;TRBV20-1_;_TRAJ3;TRBJ1-5_TRA:CVVRNSSASKIIF;TRB:CSIQGVNQPQHF_P47	7.909306617453203e-4	3	NA	NA	NA	NA	No	post_specific	R-post_novel
P47	R	032	good	severe	A	good	good	P47-Treat	TRAV5;TRBV7-9_;TRBD1_TRAJ23;TRBJ2-7_TRA:CAEAYNQGGKLIF;TRB:CASSHLPGTGFGEQYF_P47	5.272871078302136e-4	2	NA	NA	NA	NA	No	post_specific	R-post_novel
P47	R	032	good	severe	A	good	good	P47-Treat	TRAV17;TRBV15_;_TRAJ48;TRBJ2-5_TRA:CATEEDFGNEKLTF;TRB:CATSRLAGEAQYF_P47	0.00342736620089638	13	P47-Baseline	9.082652134423252e-4	2	No	No	pre_post_share	R-pre_existing
P47	R	032	good	severe	A	good	good	P47-Treat	TRAV6;TRBV20-1_;TRBD1_TRAJ11;TRBJ2-1_TRA:CALALSSGYSTLTF;TRB:CSATGTGVNEQFF_P47	5.272871078302136e-4	2	NA	NA	NA	NA	No	post_specific	R-post_novel
P47	R	032	good	severe	A	good	good	P47-Treat	TRAV26-1;TRBV6-4_;_TRAJ36;TRBJ2-1_TRA:CIVRAGANNLFF;TRB:CASSDIPTSGFSNEQFF_P47	7.909306617453203e-4	3	NA	NA	NA	NA	No	post_specific	R-post_novel
P47	R	032	good	severe	A	good	good	P47-Treat	TRAV12-2;TRBV11-2_;_TRAJ27;TRBJ2-3_TRA:CAVSGKSTF;TRB:CASSLGVGTDTQYF_P47	5.272871078302136e-4	2	NA	NA	NA	NA	No	post_specific	R-post_novel
P47	R	032	good	severe	A	good	good	P47-Treat	TRAV9-2;TRBV11-3_;_TRAJ22;TRBJ2-4_TRA:CALSVISSARQLTF;TRB:CASSPVASGGLAKNIQYF_P47	5.272871078302136e-4	2	NA	NA	NA	NA	No	post_specific	R-post_novel
P47	R	032	good	severe	A	good	good	P47-Treat	TRAV12-1;TRBV6-1_;_TRAJ37;TRBJ2-5_TRA:CVVLSGNTGKLIF;TRB:CASSEGYQETQYF_P47	0.00184550487740574	7	P47-Baseline	0.00181653042688465	4	No	No	pre_post_share	R-pre_existing
P47	R	032	good	severe	A	good	good	P47-Treat	TRAV12-1;TRBV6-5_;_TRAJ13;TRBJ2-1_TRA:CVVNTNSGGYQKVTF;TRB:CASSFDGSRYNEQFF_P47	5.272871078302136e-4	2	NA	NA	NA	NA	No	post_specific	R-post_novel
P47	R	032	good	severe	A	good	good	P47-Treat	TRAV3;TRBV4-3_;_TRAJ8;TRBJ2-3_TRA:CAVRDKGNTGFQKLVF;TRB:CASSQLVAASTDTQYF_P47	0.00184550487740574	7	P47-Baseline	0.00408719346049046	9	No	No	pre_post_share	R-pre_existing
P47	R	032	good	severe	A	good	good	P47-Treat	TRAV12-1;TRBV7-6_;_TRAJ27;TRBJ2-7_TRA:CVVNGTNTNAGKSTF;TRB:CASSLVASGGLYEQYF_P47	7.909306617453203e-4	3	P47-Baseline	0.00136239782016348	3	No	No	pre_post_share	R-pre_existing
P47	R	032	good	severe	A	good	good	P47-Treat	TRAV12-1;TRBV9_;TRBD1_TRAJ30;TRBJ1-1_TRA:CVVNKSVRDDKIIF;TRB:CASSLRGHGTEAFF_P47	0.00448194041655681	17	NA	NA	NA	NA	No	post_specific	R-post_novel
P47	R	032	good	severe	A	good	good	P47-Treat	TRAV24;TRBV20-1_;_TRAJ52;TRBJ2-1_TRA:CAPNAGGTSYGKLTF;TRB:CSAPDDTYNEQFF_P47	5.272871078302136e-4	2	P47-Baseline	4.5413260672116256e-4	1	No	No	pre_post_share	R-pre_existing
P47	R	032	good	severe	A	good	good	P47-Treat	TRAV12-2;TRBV20-1_;_TRAJ39;TRBJ2-5_TRA:CAVCENAGNMLTF;TRB:CSARDSLGIQETQYF_P47	0.00685473240179277	26	NA	NA	NA	NA	No	post_specific	R-post_novel
P47	R	032	good	severe	A	good	good	P47-Treat	TRAV12-1;TRBV10-3_;_TRAJ43;TRBJ2-7_TRA:CVVEGDMRF;TRB:CAISEFGPGDYEQYF_P47	7.909306617453203e-4	3	NA	NA	NA	NA	No	post_specific	R-post_novel
P47	R	032	good	severe	A	good	good	P47-Treat	TRAV19;TRBV12-4_;TRBD1_TRAJ49;TRBJ1-1_TRA:CALSEAITGNQFYF;TRB:CASSWDRERAFF_P47	7.909306617453203e-4	3	NA	NA	NA	NA	No	post_specific	R-post_novel
P47	R	032	good	severe	A	good	good	P47-Treat	TRAV30;TRBV9_;_TRAJ57;TRBJ1-3_TRA:CGTEGGSEKLVF;TRB:CASSVGDGNTIYF_P47	7.909306617453203e-4	3	NA	NA	NA	NA	No	post_specific	R-post_novel
P47	R	032	good	severe	A	good	good	P47-Treat	TRAV2;TRBV9_;_TRAJ10;TRBJ2-6_TRA:CAVELLTGGGNKLTF;TRB:CASSLGRTRSGANVLTF_P47	5.272871078302136e-4	2	P47-Baseline	0.00181653042688465	4	No	No	pre_post_share	R-pre_existing
P47	R	032	good	severe	A	good	good	P47-Treat	TRAV17;TRBV19_;_TRAJ56;TRBJ1-5_TRA:CATVNGANSKLTF;TRB:CASSIVAHNQPQHF_P47	0.00263643553915106	10	NA	NA	NA	NA	No	post_specific	R-post_novel
P47	R	032	good	severe	A	good	good	P47-Treat	TRAV19;TRBV4-3_;TRBD1_TRAJ18;TRBJ2-7_TRA:CALSGGGSTLGRLYF;TRB:CASSQEFRAREQYF_P47	5.272871078302136e-4	2	NA	NA	NA	NA	No	post_specific	R-post_novel
P47	R	032	good	severe	A	good	good	P47-Treat	TRAV29/DV5;TRBV7-9_;_TRAJ30;TRBJ2-3_TRA:CAARLDDKIIF;TRB:CASSLVREPDTQYF_P47	0.00316372264698128	12	NA	NA	NA	NA	No	post_specific	R-post_novel
P47	R	032	good	severe	A	good	good	P47-Treat	TRAV29/DV5;TRBV7-9_;_TRAJ45;TRBJ1-1_TRA:CAASGYSGGGADGLTF;TRB:CASSSLGPGNTEAFF_P47	0.00158186132349064	6	P47-Baseline	0.00544959128065395	12	No	No	pre_post_share	R-pre_existing
P47	R	032	good	severe	A	good	good	P47-Treat	TRAV19;TRBV5-8_;_TRAJ33;TRBJ2-4_TRA:CALRDSNYQLIW;TRB:CASSSGLAVAKNIQYF_P47	5.272871078302136e-4	2	P47-Baseline	4.5413260672116256e-4	1	No	No	pre_post_share	R-pre_existing
P47	R	032	good	severe	A	good	good	P47-Treat	TRAV12-3;TRBV19_;_TRAJ3;TRBJ2-3_TRA:CAMRGYSSASKIIF;TRB:CASRGSGGSGTDTQYF_P47	5.272871078302136e-4	2	NA	NA	NA	NA	No	post_specific	R-post_novel
P47	R	032	good	severe	A	good	good	P47-Treat	TRAV17;TRBV18_;_TRAJ15;TRBJ2-3_TRA:CATDYNQAGTALIF;TRB:CASSSLQGGDTQYF_P47	0.00817295017136831	31	P47-Baseline	0.00317892824704813	7	No	No	pre_post_share	R-pre_existing
P47	R	032	good	severe	A	good	good	P47-Treat	TRAV12-1;TRBV3-1_;TRBD1_TRAJ5;TRBJ2-7_TRA:CVEDTGRRALTF;TRB:CASSPGQGAYEQYF_P47	5.272871078302136e-4	2	NA	NA	NA	NA	No	post_specific	R-post_novel
P47	R	032	good	severe	A	good	good	P47-Treat	TRAV3;TRBV5-1_;TRBD1_TRAJ10;TRBJ2-1_TRA:CAAYPTGGGNKLTF;TRB:CASSGAGGYNEQFF_P47	7.909306617453203e-4	3	P47-Baseline	4.5413260672116256e-4	1	No	No	pre_post_share	R-pre_existing
P47	R	032	good	severe	A	good	good	P47-Treat	TRAV3;TRBV5-1_;_TRAJ10;TRBJ2-5_TRA:CAVQGLTGGGNKLTF;TRB:CASSSAGGYETQYF_P47	5.272871078302136e-4	2	P47-Baseline	4.5413260672116256e-4	1	No	No	pre_post_share	R-pre_existing
P47	R	032	good	severe	A	good	good	P47-Treat	TRAV2;TRBV7-6_;_TRAJ4;TRBJ1-1_TRA:CAPERVSGGYNKLIF;TRB:CASSSPDTQAFF_P47	0.00158186132349064	6	P47-Baseline	0.00181653042688465	4	No	No	pre_post_share	R-pre_existing
P47	R	032	good	severe	A	good	good	P47-Treat	TRAV38-2/DV8;TRBV19_;TRBD1_TRAJ13;TRBJ2-6_TRA:CAYRTPPGGYQKVTF;TRB:CASSPVGQGLVGANVLTF_P47	7.909306617453203e-4	3	P47-Baseline	4.5413260672116256e-4	1	No	No	pre_post_share	R-pre_existing
P47	R	032	good	severe	A	good	good	P47-Treat	TRAV5;TRBV3-1_;_TRAJ49;TRBJ2-5_TRA:CAEITTGNQFYF;TRB:CASSPFSSGRLETQYF_P47	0.00263643553915106	10	NA	NA	NA	NA	No	post_specific	R-post_novel
P47	R	032	good	severe	A	good	good	P47-Treat	TRAV24;TRBV5-6_;TRBD1_TRAJ31;TRBJ2-7_TRA:CAFISIARLMF;TRB:CASSYGQGNNYEQYF_P47	0.00105457421566042	4	NA	NA	NA	NA	No	post_specific	R-post_novel
P47	R	032	good	severe	A	good	good	P47-Treat	TRAV30;TRBV27_;_TRAJ36;TRBJ2-1_TRA:CGTEAGANNLFF;TRB:CASSHSRNEQFF_P47	7.909306617453203e-4	3	P47-Baseline	4.5413260672116256e-4	1	No	No	pre_post_share	R-pre_existing
P47	R	032	good	severe	A	good	good	P47-Treat	TRAV29/DV5;TRBV28_;TRBD1_TRAJ21;TRBJ2-7_TRA:CAASGGNFNKFYF;TRB:CASVTGYNEQYF_P47	5.272871078302136e-4	2	P47-Baseline	4.5413260672116256e-4	1	No	No	pre_post_share	R-pre_existing
P47	R	032	good	severe	A	good	good	P47-Treat	TRAV12-2;TRBV4-3_;_TRAJ39;TRBJ2-7_TRA:CAVNNAGNMLTF;TRB:CASSQGRGYEQYF_P47	0.00316372264698128	12	P47-Baseline	0.00317892824704813	7	No	No	pre_post_share	R-pre_existing
P47	R	032	good	severe	A	good	good	P47-Treat	TRAV12-2;TRBV5-1_;_TRAJ13;TRBJ2-2_TRA:CAVNMNSGGYQKVTF;TRB:CASSLRNTGELFF_P47	7.909306617453203e-4	3	NA	NA	NA	NA	No	post_specific	R-post_novel
P47	R	032	good	severe	A	good	good	P47-Treat	TRAV27;TRBV7-3_;_TRAJ40;TRBJ2-7_TRA:CAVFTSGTYKYIF;TRB:CASSLNGDPSYEQYF_P47	5.272871078302136e-4	2	NA	NA	NA	NA	No	post_specific	R-post_novel
P47	R	032	good	severe	A	good	good	P47-Treat	TRAV19;TRBV28_;_TRAJ42;TRBJ1-2_TRA:CALSETYYGGSQGNLIF;TRB:CASSEDLPGYTF_P47	0.00158186132349064	6	P47-Baseline	0.00408719346049046	9	No	No	pre_post_share	R-pre_existing
P47	R	032	good	severe	A	good	good	P47-Treat	TRAV8-2;TRBV28_;_TRAJ5;TRBJ2-1_TRA:CVVSDLMDTGRRALTF;TRB:CATLNSGSSTNEQFF_P47	0.00105457421566042	4	NA	NA	NA	NA	No	post_specific	R-post_novel
P47	R	032	good	severe	A	good	good	P47-Treat	TRAV8-2;TRBV4-2_;_TRAJ6;TRBJ2-1_TRA:CVVMDASGGSYIPTF;TRB:CASSQGTRSSNEQFF_P47	5.272871078302136e-4	2	NA	NA	NA	NA	No	post_specific	R-post_novel
P47	R	032	good	severe	A	good	good	P47-Treat	TRAV12-1;TRBV7-2_;TRBD1_TRAJ5;TRBJ2-4_TRA:CVVDTGRRALTF;TRB:CASSEGQGAYIQYF_P47	5.272871078302136e-4	2	NA	NA	NA	NA	No	post_specific	R-post_novel
P47	R	032	good	severe	A	good	good	P47-Treat	TRAV12-3;TRBV13_;_TRAJ22;TRBJ2-7_TRA:CAMTSGSARQLTF;TRB:CASSFGPSSYEQYF_P47	5.272871078302136e-4	2	NA	NA	NA	NA	No	post_specific	R-post_novel
P47	R	032	good	severe	A	good	good	P47-Treat	TRAV13-1;TRBV29-1_;_TRAJ9;TRBJ2-3_TRA:CAASKGGGFKTIF;TRB:CSVEAGVGEGDTDTQYF_P47	5.272871078302136e-4	2	P47-Baseline	0.00136239782016348	3	No	No	pre_post_share	R-pre_existing
P47	R	032	good	severe	A	good	good	P47-Treat	TRAV3;TRBV11-3_;_TRAJ39;TRBJ2-1_TRA:CAVRDPNNAGNMLTF;TRB:CASSPRETANEQFF_P47	5.272871078302136e-4	2	NA	NA	NA	NA	No	post_specific	R-post_novel
P47	R	032	good	severe	A	good	good	P47-Treat	TRAV10;TRBV20-1_;TRBD2_TRAJ28;TRBJ2-3_TRA:CVVSARAGSYQLTF;TRB:CSARAVWASGRADTQYF_P47	7.909306617453203e-4	3	P47-Baseline	0.00181653042688465	4	No	No	pre_post_share	R-pre_existing
P47	R	032	good	severe	A	good	good	P47-Treat	TRAV8-4;TRBV9_;_TRAJ31;TRBJ2-3_TRA:CAVSEGNARLMF;TRB:CASSPSPLGTDTQYF_P47	5.272871078302136e-4	2	NA	NA	NA	NA	No	post_specific	R-post_novel
P47	R	032	good	severe	A	good	good	P47-Treat	TRAV17;TRBV7-2_;_TRAJ58;TRBJ1-2_TRA:CATRETSGSRLTF;TRB:CASRVRSLVEGRSYGYTF_P47	5.272871078302136e-4	2	NA	NA	NA	NA	No	post_specific	R-post_novel
P47	R	032	good	severe	A	good	good	P47-Treat	TRAV17;TRBV5-1_;_TRAJ43;TRBJ1-2_TRA:CATDAVMRF;TRB:CASSHPDRPYGYTF_P47	5.272871078302136e-4	2	NA	NA	NA	NA	No	post_specific	R-post_novel
P47	R	032	good	severe	A	good	good	P47-Treat	TRAV38-2/DV8;TRBV27_;_TRAJ52;TRBJ2-3_TRA:CAYPGTSYGKLTF;TRB:CASSPSGARGDTQYF_P47	0.00105457421566042	4	NA	NA	NA	NA	No	post_specific	R-post_novel
P47	R	032	good	severe	A	good	good	P47-Treat	TRAV23/DV6;TRBV20-1_;TRBD2_TRAJ8;TRBJ2-5_TRA:CAASTGFQKLVF;TRB:CSARSGGLAGGLETQYF_P47	0.00131821776957553	5	NA	NA	NA	NA	No	post_specific	R-post_novel
P47	R	032	good	severe	A	good	good	P47-Treat	TRAV38-2/DV8;TRBV24-1_;TRBD1_TRAJ39;TRBJ2-1_TRA:CAYRSYNAGNMLTF;TRB:CATSDNPDAQGAGEQFF_P47	0.00105457421566042	4	NA	NA	NA	NA	No	post_specific	R-post_novel
P47	R	032	good	severe	A	good	good	P47-Treat	TRAV9-2;TRBV6-2_;_TRAJ11;TRBJ2-5_TRA:CALSDRTGYSTLTF;TRB:CASSYGQQETQYF_P47	5.272871078302136e-4	2	NA	NA	NA	NA	No	post_specific	R-post_novel
P47	R	032	good	severe	A	good	good	P47-Treat	TRAV16;TRBV7-2_;TRBD1_TRAJ45;TRBJ2-3_TRA:CALSGLGGGADGLTF;TRB:CASSPRQGGDTDTQYF_P47	0.00237279198523596	9	P47-Baseline	4.5413260672116256e-4	1	No	No	pre_post_share	R-pre_existing
P47	R	032	good	severe	A	good	good	P47-Treat	TRAV25;TRBV20-1_;_TRAJ49;TRBJ1-2_TRA:CAGGGTGNQFYF;TRB:CSATTDPANYGYTF_P47	5.272871078302136e-4	2	NA	NA	NA	NA	No	post_specific	R-post_novel
P47	R	032	good	severe	A	good	good	P47-Treat	TRAV30;TRBV20-1_;_TRAJ36;TRBJ1-5_TRA:CGTVDQTGANNLFF;TRB:CSAGGAVYSNQPQHF_P47	0.00184550487740574	7	NA	NA	NA	NA	No	post_specific	R-post_novel
P47	R	032	good	severe	A	good	good	P47-Treat	TRAV12-1;TRBV9_;_TRAJ43;TRBJ1-6_TRA:CVVRRNNDMRF;TRB:CASSVEYNSPLHF_P47	7.909306617453203e-4	3	P47-Baseline	0.00136239782016348	3	No	No	pre_post_share	R-pre_existing
P47	R	032	good	severe	A	good	good	P47-Treat	TRAV12-2;TRBV7-2_;_TRAJ10;TRBJ1-2_TRA:CAVPVTGGGNKLTF;TRB:CASSGWGANYGYTF_P47	0.00105457421566042	4	NA	NA	NA	NA	No	post_specific	R-post_novel
P47	R	032	good	severe	A	good	good	P47-Treat	TRAV8-2;TRBV20-1_;_TRAJ8;TRBJ2-5_TRA:CVVSPMNTGFQKLVF;TRB:CSAGGDRDFQETQYF_P47	7.909306617453203e-4	3	NA	NA	NA	NA	No	post_specific	R-post_novel
P47	R	032	good	severe	A	good	good	P47-Treat	TRAV9-2;TRBV28_;_TRAJ6;TRBJ2-5_TRA:CALSASGGSYIPTF;TRB:CASSFFGLQETQYF_P47	7.909306617453203e-4	3	P47-Baseline	4.5413260672116256e-4	1	No	No	pre_post_share	R-pre_existing
P47	R	032	good	severe	A	good	good	P47-Treat	TRAV39;TRBV5-5_;_TRAJ48;TRBJ2-7_TRA:CAVDILSFGNEKLTF;TRB:CASSTVGPLSYEQYF_P47	5.272871078302136e-4	2	NA	NA	NA	NA	No	post_specific	R-post_novel
P47	R	032	good	severe	A	good	good	P47-Treat	TRAV8-6;TRBV20-1_;_TRAJ54;TRBJ2-1_TRA:CASKLVF;TRB:CSASVPMIYNEQFF_P47	5.272871078302136e-4	2	P47-Baseline	0.00454132606721162	10	No	No	pre_post_share	R-pre_existing
P47	R	032	good	severe	A	good	good	P47-Treat	TRAV12-2;TRBV7-8_;TRBD1_TRAJ27;TRBJ1-5_TRA:CAVNKGTNAGKSTF;TRB:CASSLGPRTGGNQPQHF_P47	7.909306617453203e-4	3	P47-Baseline	4.5413260672116256e-4	1	No	No	pre_post_share	R-pre_existing
P47	R	032	good	severe	A	good	good	P47-Treat	TRAV3;TRBV4-3_;_TRAJ28;TRBJ2-3_TRA:CAVRDKSGAGSYQLTF;TRB:CASRPRSGGADTQYF_P47	0.00553651463221724	21	P47-Baseline	0.00136239782016348	3	No	No	pre_post_share	R-pre_existing
P47	R	032	good	severe	A	good	good	P47-Treat	TRAV17;TRBV28_;_TRAJ27;TRBJ1-1_TRA:CATDGANAGKSTF;TRB:CASSPRGQVEAFF_P47	5.272871078302136e-4	2	NA	NA	NA	NA	No	post_specific	R-post_novel
P47	R	032	good	severe	A	good	good	P47-Treat	TRAV4;TRBV7-9_;TRBD1_TRAJ9;TRBJ2-7_TRA:CLVDLNTGGFKTIF;TRB:CASSTGQGGSYEQYF_P47	5.272871078302136e-4	2	NA	NA	NA	NA	No	post_specific	R-post_novel
P47	R	032	good	severe	A	good	good	P47-Treat	TRAV41;TRBV6-1_;_TRAJ34;TRBJ1-4_TRA:CAVRGNTDKLIF;TRB:CASSEARAGTGVF_P47	5.272871078302136e-4	2	P47-Baseline	4.5413260672116256e-4	1	No	No	pre_post_share	R-pre_existing
P47	R	032	good	severe	A	good	good	P47-Treat	TRAV25;TRBV5-4_;_TRAJ52;TRBJ2-7_TRA:CAGNGGTSYGKLTF;TRB:CASSPSPGIAYEQYF_P47	5.272871078302136e-4	2	NA	NA	NA	NA	No	post_specific	R-post_novel
P47	R	032	good	severe	A	good	good	P47-Treat	TRAV9-2;TRBV20-1_;_TRAJ23;TRBJ1-2_TRA:CALTPLQGGKLIF;TRB:CSAPTGVGYGYTF_P47	5.272871078302136e-4	2	NA	NA	NA	NA	No	post_specific	R-post_novel
P47	R	032	good	severe	A	good	good	P47-Treat	TRAV12-1;TRBV6-2_;TRBD1_TRAJ8;TRBJ1-5_TRA:CVVNSRTGFQKLVF;TRB:CASSYSRTGDNQPQHF_P47	7.909306617453203e-4	3	NA	NA	NA	NA	No	post_specific	R-post_novel
P47	R	032	good	severe	A	good	good	P47-Treat	TRAV1-2;TRBV6-2_;_TRAJ34;TRBJ2-1_TRA:CAVRDSNTDKLIF;TRB:CASSYQGRGNEQFF_P47	5.272871078302136e-4	2	NA	NA	NA	NA	No	post_specific	R-post_novel
P47	R	032	good	severe	A	good	good	P47-Treat	TRAV9-2;TRBV16_;_TRAJ3;TRBJ2-5_TRA:CALSDRRSSASKIIF;TRB:CASSHGGNQETQYF_P47	5.272871078302136e-4	2	P47-Baseline	9.082652134423252e-4	2	No	No	pre_post_share	R-pre_existing
P47	R	032	good	severe	A	good	good	P47-Treat	TRAV21;TRBV20-1_;_TRAJ57;TRBJ2-2_TRA:CACHLGGGSEKLVF;TRB:CSAYGRGGRRAGELFF_P47	0.00184550487740574	7	P47-Baseline	0.01362397820163487	30	Yes	No	pre_post_share	R-pre_existing
P47	R	032	good	severe	A	good	good	P47-Treat	TRAV4;TRBV9_;TRBD2_TRAJ44;TRBJ2-3_TRA:CLVVLLSGTASKLTF;TRB:CASSVGGLAGDTQYF_P47	5.272871078302136e-4	2	NA	NA	NA	NA	No	post_specific	R-post_novel
P47	R	032	good	severe	A	good	good	P47-Treat	TRAV3;TRBV29-1_;_TRAJ3;TRBJ1-5_TRA:CAVRDRNSSASKIIF;TRB:CSVGGGLNQPQHF_P47	7.909306617453203e-4	3	NA	NA	NA	NA	No	post_specific	R-post_novel
P47	R	032	good	severe	A	good	good	P47-Treat	TRAV9-2;TRBV7-8_;_TRAJ12;TRBJ1-1_TRA:CALEDSSYKLIF;TRB:CASSPGDRATEAFF_P47	0.00184550487740574	7	P47-Baseline	0.00454132606721162	10	No	No	pre_post_share	R-pre_existing
P47	R	032	good	severe	A	good	good	P47-Treat	TRAV17;TRBV11-3_;TRBD1_TRAJ39;TRBJ1-1_TRA:CATDNAGNMLTF;TRB:CASSPGTVNTEAFF_P47	0.00131821776957553	5	NA	NA	NA	NA	No	post_specific	R-post_novel
P47	R	032	good	severe	A	good	good	P47-Treat	TRAV17;TRBV28_;_TRAJ16;TRBJ2-1_TRA:CATDLSDGQKLLF;TRB:CASSYYNEQFF_P47	5.272871078302136e-4	2	NA	NA	NA	NA	No	post_specific	R-post_novel
P47	R	032	good	severe	A	good	good	P47-Treat	TRAV4;TRBV7-6_;_TRAJ26;TRBJ2-7_TRA:CLVAGQNFVF;TRB:CASSLVASGGLYEQYF_P47	5.272871078302136e-4	2	P47-Baseline	4.5413260672116256e-4	1	No	No	pre_post_share	R-pre_existing
P47	R	032	good	severe	A	good	good	P47-Treat	TRAV20;TRBV7-9_;_TRAJ13;TRBJ2-3_TRA:CAVQALGYQKVTF;TRB:CASSLDPSGDTQYF_P47	5.272871078302136e-4	2	P47-Baseline	4.5413260672116256e-4	1	No	No	pre_post_share	R-pre_existing
P47	R	032	good	severe	A	good	good	P47-Treat	TRAV9-2;TRBV5-5_;TRBD1_TRAJ40;TRBJ2-7_TRA:CALDEGTYKYIF;TRB:CASSLGGQGGEQYF_P47	0.00316372264698128	12	P47-Baseline	0.00227066303360581	5	No	No	pre_post_share	R-pre_existing
P47	R	032	good	severe	A	good	good	P47-Treat	TRAV27;TRBV29-1_;_TRAJ44;TRBJ1-1_TRA:CAGATHLGTGTASKLTF;TRB:CSVGGSQGSTEAFF_P47	0.00158186132349064	6	NA	NA	NA	NA	No	post_specific	R-post_novel
P48	NR	054	poor	mild	B	pEKI	pEKI	P48-Treat	TRAV12-2;TRBV28_;TRBD1_TRAJ33;TRBJ2-3_TRA:CAVNVAPDSNYQLIW;TRB:CATCDRGHSGDTQYF_P48	0.00269978401727861	5	P48-Baseline	0.00154798761609907	2	No	No	pre_post_share	NR-pre_existing
P48	NR	054	poor	mild	B	pEKI	pEKI	P48-Treat	TRAV35;TRBV24-1_;_TRAJ57;TRBJ2-2_TRA:CAGQRGGSEKLVF;TRB:CATSDFGGANTGELFF_P48	0.00107991360691144	2	P48-Baseline	0.00309597523219814	4	No	No	pre_post_share	NR-pre_existing
P48	NR	054	poor	mild	B	pEKI	pEKI	P48-Treat	TRAV8-4;TRBV20-1_;_TRAJ54;TRBJ2-3_TRA:CAVSETQKLVF;TRB:CSARIATDTQYF_P48	0.00269978401727861	5	NA	NA	NA	NA	No	post_specific	NR-post_novel
P48	NR	054	poor	mild	B	pEKI	pEKI	P48-Treat	TRAV13-1;TRBV10-2_;TRBD1_TRAJ43;TRBJ2-1_TRA:CAASRRDMRF;TRB:CASSESTGQVGREQFF_P48	0.00107991360691144	2	NA	NA	NA	NA	No	post_specific	NR-post_novel
P48	NR	054	poor	mild	B	pEKI	pEKI	P48-Treat	TRAV13-1;TRBV3-1_;_TRAJ15;TRBJ1-6_TRA:CAADPHVTGTALIF;TRB:CASSDGPKRSPLHF_P48	0.00215982721382289	4	NA	NA	NA	NA	No	post_specific	NR-post_novel
P48	NR	054	poor	mild	B	pEKI	pEKI	P48-Treat	TRAV19;TRBV2_;TRBD1_TRAJ44;TRBJ1-1_TRA:CALRGRGGTASKLTF;TRB:CASSDREGTEAFF_P48	0.00485961123110151	9	P48-Baseline	7.7399380804953e-4	1	No	No	pre_post_share	NR-pre_existing
P48	NR	054	poor	mild	B	pEKI	pEKI	P48-Treat	TRAV12-1;TRBV5-1_;_TRAJ42;TRBJ2-1_TRA:CVVNDGGGGSQGNLIF;TRB:CASSFGDPLMNEQFF_P48	0.00215982721382289	4	NA	NA	NA	NA	No	post_specific	NR-post_novel
P48	NR	054	poor	mild	B	pEKI	pEKI	P48-Treat	TRAV12-2;TRBV24-1_;_TRAJ28;TRBJ2-3_TRA:CAVDAYSGAGSYQLTF;TRB:CATSDSPTGSTDTQYF_P48	0.00107991360691144	2	NA	NA	NA	NA	No	post_specific	NR-post_novel
P48	NR	054	poor	mild	B	pEKI	pEKI	P48-Treat	TRAV8-4;TRBV20-1_;_TRAJ49;TRBJ2-3_TRA:CAVSDGNQFYF;TRB:CSARIATDTQYF_P48	0.00269978401727861	5	P48-Baseline	0.00154798761609907	2	No	No	pre_post_share	NR-pre_existing
P48	NR	054	poor	mild	B	pEKI	pEKI	P48-Treat	TRAV14/DV4;TRBV18_;_TRAJ9;TRBJ2-1_TRA:CAMREVNTGGFKTIF;TRB:CASSKGQSSYNEQFF_P48	0.00161987041036717	3	P48-Baseline	0.00773993808049535	10	No	No	pre_post_share	NR-pre_existing
P48	NR	054	poor	mild	B	pEKI	pEKI	P48-Treat	TRAV1-2;TRBV6-4_;_TRAJ41;TRBJ2-3_TRA:CAVKDSGYALNF;TRB:CASSDTSGGGDTQYF_P48	0.00107991360691144	2	P48-Baseline	7.7399380804953e-4	1	No	No	pre_post_share	NR-pre_existing
P48	NR	054	poor	mild	B	pEKI	pEKI	P48-Treat	TRAV9-2;TRBV5-4_;_TRAJ4;TRBJ2-7_TRA:CALNLGSGGYNKLIF;TRB:CASSFQREGLYEQYF_P48	0.00107991360691144	2	P48-Baseline	0.00154798761609907	2	No	No	pre_post_share	NR-pre_existing
P48	NR	054	poor	mild	B	pEKI	pEKI	P48-Treat	TRAV35;TRBV27_;_TRAJ28;TRBJ2-2_TRA:CAGPGAGSYQLTF;TRB:CASSFPNTGELFF_P48	0.00107991360691144	2	P48-Baseline	7.7399380804953e-4	1	No	No	pre_post_share	NR-pre_existing
P48	NR	054	poor	mild	B	pEKI	pEKI	P48-Treat	TRAV9-2;TRBV5-1_;_TRAJ52;TRBJ1-2_TRA:CALSPKGAGGTSYGKLTF;TRB:CASSPRAGHDGYTF_P48	0.00107991360691144	2	NA	NA	NA	NA	No	post_specific	NR-post_novel
P48	NR	054	poor	mild	B	pEKI	pEKI	P48-Treat	TRAV38-1;TRBV27_;_TRAJ43;TRBJ1-4_TRA:CAFMRYNNNDMRF;TRB:CASSLQGRNEKLFF_P48	0.00269978401727861	5	NA	NA	NA	NA	No	post_specific	NR-post_novel
P48	NR	054	poor	mild	B	pEKI	pEKI	P48-Treat	TRAV12-1;TRBV6-1_;_TRAJ11;TRBJ2-2_TRA:CVVTLNSGYSTLTF;TRB:CASSERGTGELFF_P48	0.00161987041036717	3	NA	NA	NA	NA	No	post_specific	NR-post_novel
P48	NR	054	poor	mild	B	pEKI	pEKI	P48-Treat	TRAV38-1;TRBV9_;_TRAJ26;TRBJ2-2_TRA:CAFYSYGQNFVF;TRB:CASSVGSSANTGELFF_P48	0.00107991360691144	2	P48-Baseline	7.7399380804953e-4	1	No	No	pre_post_share	NR-pre_existing
P48	NR	054	poor	mild	B	pEKI	pEKI	P48-Treat	TRAV5;TRBV7-9_;_TRAJ41;TRBJ2-5_TRA:CAETSTYALNF;TRB:CASSQESQTETQYF_P48	0.00107991360691144	2	NA	NA	NA	NA	No	post_specific	NR-post_novel
P48	NR	054	poor	mild	B	pEKI	pEKI	P48-Treat	TRAV9-2;TRBV27_;_TRAJ37;TRBJ2-2_TRA:CALKAPPGNTGKLIF;TRB:CASSLNSNTGELFF_P48	0.00107991360691144	2	NA	NA	NA	NA	No	post_specific	NR-post_novel
P48	NR	054	poor	mild	B	pEKI	pEKI	P48-Treat	TRAV13-1;TRBV10-2_;_TRAJ53;TRBJ2-5_TRA:CAADIGGSNYKLTF;TRB:CASSEIAVQETQYF_P48	0.00107991360691144	2	NA	NA	NA	NA	No	post_specific	NR-post_novel
P48	NR	054	poor	mild	B	pEKI	pEKI	P48-Treat	TRAV3;TRBV5-1_;_TRAJ32;TRBJ2-4_TRA:CAVREGGGATNKLIF;TRB:CASRPPGGNIQYF_P48	0.00161987041036717	3	NA	NA	NA	NA	No	post_specific	NR-post_novel
P48	NR	054	poor	mild	B	pEKI	pEKI	P48-Treat	TRAV17;TRBV5-1_;TRBD1_TRAJ10;TRBJ1-3_TRA:CATGGVTGGGNKLTF;TRB:CASSLVGTGGNTIYF_P48	0.00161987041036717	3	NA	NA	NA	NA	No	post_specific	NR-post_novel
P48	NR	054	poor	mild	B	pEKI	pEKI	P48-Treat	TRAV13-1;TRBV24-1_;_TRAJ10;TRBJ2-5_TRA:CASIILTGGGNKLTF;TRB:CATSGVSTGHPQETQYF_P48	0.00107991360691144	2	P48-Baseline	7.7399380804953e-4	1	No	No	pre_post_share	NR-pre_existing
P48	NR	054	poor	mild	B	pEKI	pEKI	P48-Treat	TRAV5;TRBV4-2_;_TRAJ41;TRBJ2-2_TRA:CAETSFNSGYALNF;TRB:CASGGGGSNTGELFF_P48	0.00269978401727861	5	NA	NA	NA	NA	No	post_specific	NR-post_novel
P48	NR	054	poor	mild	B	pEKI	pEKI	P48-Treat	TRAV3;TRBV20-1_;_TRAJ36;TRBJ1-3_TRA:CAVRRVRTGANNLFF;TRB:CSARDPGAGVSGNTIYF_P48	0.00485961123110151	9	NA	NA	NA	NA	No	post_specific	NR-post_novel
P48	NR	054	poor	mild	B	pEKI	pEKI	P48-Treat	TRAV13-1;TRBV15_;_TRAJ37;TRBJ2-2_TRA:CAATSFSGNTGKLIF;TRB:CATRMGQFTGELFF_P48	0.00809935205183585	15	P48-Baseline	0.01393188854489164	18	Yes	No	pre_post_share	NR-pre_existing
P48	NR	054	poor	mild	B	pEKI	pEKI	P48-Treat	TRAV38-2/DV8;TRBV7-3_;_TRAJ40;TRBJ2-7_TRA:CAYRSATSGTYKYIF;TRB:CASSLYRGYEQYF_P48	0.00107991360691144	2	NA	NA	NA	NA	No	post_specific	NR-post_novel
P48	NR	054	poor	mild	B	pEKI	pEKI	P48-Treat	TRAV9-2;TRBV20-1_;TRBD1_TRAJ32;TRBJ2-7_TRA:CALSYGGATNKLIF;TRB:CSARNGGQYF_P48	0.00377969762419006	7	P48-Baseline	0.0023219814241486	3	No	No	pre_post_share	NR-pre_existing
P48	NR	054	poor	mild	B	pEKI	pEKI	P48-Treat	TRAV30;TRBV7-6_;_TRAJ31;TRBJ1-2_TRA:CGTEVEGNARLMF;TRB:CASSLAEGFHGYTF_P48	0.00107991360691144	2	P48-Baseline	0.00154798761609907	2	No	No	pre_post_share	NR-pre_existing
P48	NR	054	poor	mild	B	pEKI	pEKI	P48-Treat	TRAV35;TRBV24-1_;TRBD1_TRAJ54;TRBJ1-2_TRA:CAGLWGAQKLVF;TRB:CATSDARQGDYGYTF_P48	0.00269978401727861	5	P48-Baseline	0.00309597523219814	4	No	No	pre_post_share	NR-pre_existing
P48	NR	054	poor	mild	B	pEKI	pEKI	P48-Treat	TRAV26-1;TRBV28_;TRBD1_TRAJ41;TRBJ2-5_TRA:CIVRRNSGYALNF;TRB:CASSLADRGLETQYF_P48	0.00215982721382289	4	NA	NA	NA	NA	No	post_specific	NR-post_novel
P48	NR	054	poor	mild	B	pEKI	pEKI	P48-Treat	TRAV4;TRBV6-5_;_TRAJ17;TRBJ1-1_TRA:CLVGAQAAGNKLTF;TRB:CASSYEGLNTEAFF_P48	0.00215982721382289	4	P48-Baseline	0.00154798761609907	2	No	No	pre_post_share	NR-pre_existing
P48	NR	054	poor	mild	B	pEKI	pEKI	P48-Treat	TRAV13-1;TRBV7-9_;_TRAJ16;TRBJ2-7_TRA:CAASLDGQKLLF;TRB:CASSFISGRGDEQYF_P48	0.00215982721382289	4	NA	NA	NA	NA	No	post_specific	NR-post_novel
P48	NR	054	poor	mild	B	pEKI	pEKI	P48-Treat	TRAV13-1;TRBV11-2_;_TRAJ29;TRBJ2-5_TRA:CAASDSGNTPLVF;TRB:CASSSGSAETQYF_P48	0.00107991360691144	2	NA	NA	NA	NA	No	post_specific	NR-post_novel
P48	NR	054	poor	mild	B	pEKI	pEKI	P48-Treat	TRAV8-4;TRBV6-6_;_TRAJ31;TRBJ1-4_TRA:CAVSRAGNNNARLMF;TRB:CASTEGSSKLFF_P48	0.00215982721382289	4	NA	NA	NA	NA	No	post_specific	NR-post_novel
P48	NR	054	poor	mild	B	pEKI	pEKI	P48-Treat	TRAV5;TRBV19_;_TRAJ47;TRBJ1-4_TRA:CAVIGYGNKLVF;TRB:CASQVRGDEKLFF_P48	0.00161987041036717	3	NA	NA	NA	NA	No	post_specific	NR-post_novel
P48	NR	054	poor	mild	B	pEKI	pEKI	P48-Treat	TRAV30;TRBV6-6_;_TRAJ45;TRBJ2-7_TRA:CGTQYSGGGADGLTF;TRB:CASSYSGQKYF_P48	0.00269978401727861	5	NA	NA	NA	NA	No	post_specific	NR-post_novel
P48	NR	054	poor	mild	B	pEKI	pEKI	P48-Treat	TRAV8-2;TRBV18_;_TRAJ40;TRBJ2-5_TRA:CVVSEASGTYKYIF;TRB:CASSPKTNQETQYF_P48	0.00161987041036717	3	NA	NA	NA	NA	No	post_specific	NR-post_novel
P48	NR	054	poor	mild	B	pEKI	pEKI	P48-Treat	TRAV14/DV4;TRBV11-2_;_TRAJ27;TRBJ1-1_TRA:CAMREGTRAGKSTF;TRB:CASSRIWGMNTEAFF_P48	0.00107991360691144	2	NA	NA	NA	NA	No	post_specific	NR-post_novel
P48	NR	054	poor	mild	B	pEKI	pEKI	P48-Treat	TRAV14/DV4;TRBV11-1_;_TRAJ18;TRBJ2-7_TRA:CAMRETQRGSTLGRLYF;TRB:CASSLGSYEQYF_P48	0.00161987041036717	3	P48-Baseline	7.7399380804953e-4	1	No	No	pre_post_share	NR-pre_existing
P48	NR	054	poor	mild	B	pEKI	pEKI	P48-Treat	TRAV38-2/DV8;TRBV18_;_TRAJ31;TRBJ2-2_TRA:CAYRSWIRNNNARLMF;TRB:CASSPEEGPIATGELFF_P48	0.00269978401727861	5	P48-Baseline	0.00386996904024767	5	No	No	pre_post_share	NR-pre_existing
P48	NR	054	poor	mild	B	pEKI	pEKI	P48-Treat	TRAV12-2;TRBV5-1_;_TRAJ6;TRBJ1-5_TRA:CAVNVGGSYIPTF;TRB:CASSLGGNQPQHF_P48	0.00107991360691144	2	P48-Baseline	0.0023219814241486	3	No	No	pre_post_share	NR-pre_existing
P48	NR	054	poor	mild	B	pEKI	pEKI	P48-Treat	TRAV13-2;TRBV5-4_;_TRAJ40;TRBJ1-3_TRA:CAEKPVPGTYKYIF;TRB:CASSLWGSGNTIYF_P48	0.01241900647948164	23	P48-Baseline	0.00386996904024767	5	No	Yes	pre_post_share	NR-pre_existing
P48	NR	054	poor	mild	B	pEKI	pEKI	P48-Treat	TRAV20;TRBV3-1_;_TRAJ32;TRBJ1-6_TRA:CAVQASGATNKLIF;TRB:CASSQGINSPLHF_P48	0.00161987041036717	3	NA	NA	NA	NA	No	post_specific	NR-post_novel
P48	NR	054	poor	mild	B	pEKI	pEKI	P48-Treat	TRAV17;TRBV20-1_;_TRAJ31;TRBJ1-5_TRA:CATDANNARLMF;TRB:CSVSDRHSPQHF_P48	0.00107991360691144	2	NA	NA	NA	NA	No	post_specific	NR-post_novel
P48	NR	054	poor	mild	B	pEKI	pEKI	P48-Treat	TRAV13-1;TRBV19_;_TRAJ47;TRBJ2-3_TRA:CAPPGQEGNKLVF;TRB:CASTTGAGTDTQYF_P48	0.00107991360691144	2	NA	NA	NA	NA	No	post_specific	NR-post_novel
P48	NR	054	poor	mild	B	pEKI	pEKI	P48-Treat	TRAV13-1;TRBV2_;_TRAJ9;TRBJ1-1_TRA:CAATPNTGGFKTIF;TRB:CAKGIRDTEAFF_P48	0.00107991360691144	2	NA	NA	NA	NA	No	post_specific	NR-post_novel
P48	NR	054	poor	mild	B	pEKI	pEKI	P48-Treat	TRAV16;TRBV20-1_;TRBD1_TRAJ5;TRBJ1-5_TRA:CALRDTGRRALTF;TRB:CSAAGTRNQPQHF_P48	0.00161987041036717	3	P48-Baseline	7.7399380804953e-4	1	No	No	pre_post_share	NR-pre_existing
P48	NR	054	poor	mild	B	pEKI	pEKI	P48-Treat	TRAV8-4;TRBV7-7_;_TRAJ52;TRBJ2-7_TRA:CAVSRGGTSYGKLTF;TRB:CASSSEDGEQYF_P48	0.00107991360691144	2	NA	NA	NA	NA	No	post_specific	NR-post_novel
P48	NR	054	poor	mild	B	pEKI	pEKI	P48-Treat	TRAV13-1;TRBV3-1_;_TRAJ23;TRBJ1-4_TRA:CAASIEGYNQGGKLIF;TRB:CASSQDSDIGKLFF_P48	0.00107991360691144	2	NA	NA	NA	NA	No	post_specific	NR-post_novel
P48	NR	054	poor	mild	B	pEKI	pEKI	P48-Treat	TRAV26-1;TRBV19_;_TRAJ44;TRBJ2-5_TRA:CIVSNTGTASKLTF;TRB:CASSVDRAETQYF_P48	0.00107991360691144	2	P48-Baseline	7.7399380804953e-4	1	No	No	pre_post_share	NR-pre_existing
P48	NR	054	poor	mild	B	pEKI	pEKI	P48-Treat	TRAV1-2;TRBV20-1_;_TRAJ30;TRBJ2-1_TRA:CAVRDLDRDDKIIF;TRB:CSASRSSYNEQFF_P48	0.00107991360691144	2	P48-Baseline	7.7399380804953e-4	1	No	No	pre_post_share	NR-pre_existing
P48	NR	054	poor	mild	B	pEKI	pEKI	P48-Treat	TRAV35;TRBV7-6_;_TRAJ29;TRBJ1-3_TRA:CAGRRNTPLVF;TRB:CASSLGPAAGNTIYF_P48	0.00161987041036717	3	NA	NA	NA	NA	No	post_specific	NR-post_novel
P48	NR	054	poor	mild	B	pEKI	pEKI	P48-Treat	TRAV41;TRBV28_;_TRAJ54;TRBJ1-5_TRA:CAVKGQGAQKLVF;TRB:CASTSPPQPQHF_P48	0.00161987041036717	3	NA	NA	NA	NA	No	post_specific	NR-post_novel
P48	NR	054	poor	mild	B	pEKI	pEKI	P48-Treat	TRAV8-1;TRBV5-4_;_TRAJ39;TRBJ2-7_TRA:CAVNEGENAGNMLTF;TRB:CASSPSPSSYEQYF_P48	0.00215982721382289	4	P48-Baseline	7.7399380804953e-4	1	No	No	pre_post_share	NR-pre_existing
P48	NR	054	poor	mild	B	pEKI	pEKI	P48-Treat	TRAV8-1;TRBV5-1_;TRBD1_TRAJ17;TRBJ2-7_TRA:CAVNAQAAGNKLTF;TRB:CASSPKGQWSSYEQYF_P48	0.00107991360691144	2	NA	NA	NA	NA	No	post_specific	NR-post_novel
P48	NR	054	poor	mild	B	pEKI	pEKI	P48-Treat	TRAV8-1;TRBV6-6_;_TRAJ18;TRBJ2-1_TRA:CAVTDRGSTLGRLYF;TRB:CASSYSGGDNEQFF_P48	0.00215982721382289	4	P48-Baseline	0.00154798761609907	2	No	No	pre_post_share	NR-pre_existing
P48	NR	054	poor	mild	B	pEKI	pEKI	P48-Treat	TRAV12-1;TRBV10-3_;_TRAJ42;TRBJ2-1_TRA:CVVNMRGSQGNLIF;TRB:CAISESLTFNEQFF_P48	0.00161987041036717	3	P48-Baseline	7.7399380804953e-4	1	No	No	pre_post_share	NR-pre_existing
P48	NR	054	poor	mild	B	pEKI	pEKI	P48-Treat	TRAV5;TRBV20-1_;_TRAJ16;TRBJ1-2_TRA:CAEIGWSDGQKLLF;TRB:CSAGQGGEGYTF_P48	0.00161987041036717	3	NA	NA	NA	NA	No	post_specific	NR-post_novel
P48	NR	054	poor	mild	B	pEKI	pEKI	P48-Treat	TRAV9-2;TRBV27_;_TRAJ30;TRBJ2-6_TRA:CALSHMNRDDKIIF;TRB:CASSGTRSGANVLTF_P48	0.00161987041036717	3	NA	NA	NA	NA	No	post_specific	NR-post_novel
P48	NR	054	poor	mild	B	pEKI	pEKI	P48-Treat	TRAV12-1;TRBV20-1_;_TRAJ34;TRBJ1-2_TRA:CVVNGNKLIF;TRB:CSESLGAMNYGYTF_P48	0.00107991360691144	2	NA	NA	NA	NA	No	post_specific	NR-post_novel
P48	NR	054	poor	mild	B	pEKI	pEKI	P48-Treat	TRAV38-2/DV8;TRBV10-1_;_TRAJ33;TRBJ2-7_TRA:CAYTRSNYQLIW;TRB:CASSESPGANRAYEQYF_P48	0.00107991360691144	2	NA	NA	NA	NA	No	post_specific	NR-post_novel
P48	NR	054	poor	mild	B	pEKI	pEKI	P48-Treat	TRAV14/DV4;TRBV19_;_TRAJ29;TRBJ2-7_TRA:CAMREGRIRGNTPLVF;TRB:CASSIAASGSYEQYF_P48	0.00107991360691144	2	P48-Baseline	0.00464396284829721	6	No	No	pre_post_share	NR-pre_existing
P48	NR	054	poor	mild	B	pEKI	pEKI	P48-Treat	TRAV12-2;TRBV5-1_;_TRAJ20;TRBJ1-4_TRA:CAVDANDYKLSF;TRB:CASSLAEWPDNEKLFF_P48	0.00215982721382289	4	NA	NA	NA	NA	No	post_specific	NR-post_novel
P48	NR	054	poor	mild	B	pEKI	pEKI	P48-Treat	TRAV12-2;TRBV4-1_;_TRAJ52;TRBJ1-6_TRA:CAVNVGAGGTSYGKLTF;TRB:CASSQDLGNSPLHF_P48	0.00107991360691144	2	NA	NA	NA	NA	No	post_specific	NR-post_novel
P48	NR	054	poor	mild	B	pEKI	pEKI	P48-Treat	TRAV8-4;TRBV5-1_;_TRAJ29;TRBJ2-2_TRA:CAVKAGGNTPLVF;TRB:CASSLGGQTNTGELFF_P48	0.00107991360691144	2	NA	NA	NA	NA	No	post_specific	NR-post_novel
P48	NR	054	poor	mild	B	pEKI	pEKI	P48-Treat	TRAV38-2/DV8;TRBV7-2_;_TRAJ48;TRBJ2-2_TRA:CAYRTPFISNFGNEKLTF;TRB:CASSLSALAGDGGELFF_P48	0.00107991360691144	2	NA	NA	NA	NA	No	post_specific	NR-post_novel
P48	NR	054	poor	mild	B	pEKI	pEKI	P48-Treat	TRAV26-1;TRBV6-5_;_TRAJ26;TRBJ2-1_TRA:CIVDNYGQNFVF;TRB:CASSADWADEQFF_P48	0.00431965442764578	8	P48-Baseline	0.00154798761609907	2	No	No	pre_post_share	NR-pre_existing
P48	NR	054	poor	mild	B	pEKI	pEKI	P48-Treat	TRAV3;TRBV11-2_;_TRAJ10;TRBJ1-5_TRA:CAVREPGGGNKLTF;TRB:CASSSQGGNNQPQHF_P48	0.00323974082073434	6	P48-Baseline	7.7399380804953e-4	1	No	No	pre_post_share	NR-pre_existing
P48	NR	054	poor	mild	B	pEKI	pEKI	P48-Treat	TRAV23/DV6;TRBV7-2_;TRBD2_TRAJ22;TRBJ2-7_TRA:CAARGSARQLTF;TRB:CASSLGLAGDEQYF_P48	0.01133909287257019	21	P48-Baseline	0.01006191950464396	13	No	Yes	pre_post_share	NR-pre_existing
P48	NR	054	poor	mild	B	pEKI	pEKI	P48-Treat	TRAV3;TRBV20-1_;_TRAJ36;TRBJ2-7_TRA:CAVSPPGGGANNLFF;TRB:CSARGGSPYEQYF_P48	0.00215982721382289	4	P48-Baseline	0.00386996904024767	5	No	No	pre_post_share	NR-pre_existing
P48	NR	054	poor	mild	B	pEKI	pEKI	P48-Treat	TRAV3;TRBV28_;TRBD1_TRAJ17;TRBJ2-7_TRA:CAVRWAAGNKLTF;TRB:CASSLEGSGRGGYEQYF_P48	0.00215982721382289	4	P48-Baseline	0.00309597523219814	4	No	No	pre_post_share	NR-pre_existing
P48	NR	054	poor	mild	B	pEKI	pEKI	P48-Treat	TRAV30;TRBV28_;_TRAJ39;TRBJ1-2_TRA:CGTEIRNAGNMLTF;TRB:CASSLGGDGYTF_P48	0.00161987041036717	3	NA	NA	NA	NA	No	post_specific	NR-post_novel
P48	NR	054	poor	mild	B	pEKI	pEKI	P48-Treat	TRAV13-1;TRBV20-1_;_TRAJ41;TRBJ1-5_TRA:CAASPASNSGYALNF;TRB:CSASRVDQPQHF_P48	0.00107991360691144	2	NA	NA	NA	NA	No	post_specific	NR-post_novel
P48	NR	054	poor	mild	B	pEKI	pEKI	P48-Treat	TRAV26-1;TRBV20-1_;TRBD1_TRAJ45;TRBJ2-7_TRA:CIVRVATGGADGLTF;TRB:CSAKQTGALLVQYF_P48	0.00107991360691144	2	NA	NA	NA	NA	No	post_specific	NR-post_novel
P48	NR	054	poor	mild	B	pEKI	pEKI	P48-Treat	TRAV2;TRBV20-1_;_TRAJ13;TRBJ2-5_TRA:CAVEERGYQKVTF;TRB:CSAGGGRGRETQYF_P48	0.00107991360691144	2	NA	NA	NA	NA	No	post_specific	NR-post_novel
P48	NR	054	poor	mild	B	pEKI	pEKI	P48-Treat	TRAV36/DV7;TRBV10-1_;TRBD1_TRAJ44;TRBJ2-7_TRA:CAVDLSNTGTASKLTF;TRB:CASSDPRTGAYEQYF_P48	0.00323974082073434	6	NA	NA	NA	NA	No	post_specific	NR-post_novel
P48	NR	054	poor	mild	B	pEKI	pEKI	P48-Treat	TRAV38-1;TRBV15_;_TRAJ53;TRBJ2-5_TRA:CAFMRVSGGSNYKLTF;TRB:CATSREGGSGETQYF_P48	0.00107991360691144	2	NA	NA	NA	NA	No	post_specific	NR-post_novel
P48	NR	054	poor	mild	B	pEKI	pEKI	P48-Treat	TRAV38-1;TRBV27_;_TRAJ34;TRBJ1-4_TRA:CAFMRYNTDKLIF;TRB:CASSLQGRNEKLFF_P48	0.00107991360691144	2	NA	NA	NA	NA	No	post_specific	NR-post_novel
P48	NR	054	poor	mild	B	pEKI	pEKI	P48-Treat	TRAV38-1;TRBV6-1_;_TRAJ21;TRBJ2-1_TRA:CAFSGVIYNFNKFYF;TRB:CASSEARLRYEQFF_P48	0.00107991360691144	2	NA	NA	NA	NA	No	post_specific	NR-post_novel
P48	NR	054	poor	mild	B	pEKI	pEKI	P48-Treat	TRAV14/DV4;TRBV28_;_TRAJ9;TRBJ1-3_TRA:CAMREGGTGGFKTIF;TRB:CASRQWDSGNTIYF_P48	0.00107991360691144	2	NA	NA	NA	NA	No	post_specific	NR-post_novel
P48	NR	054	poor	mild	B	pEKI	pEKI	P48-Treat	TRAV1-2;TRBV9_;_TRAJ6;TRBJ2-5_TRA:CAVRSGGSYIPTF;TRB:CASSVSGPKETQYF_P48	0.00161987041036717	3	NA	NA	NA	NA	No	post_specific	NR-post_novel
P48	NR	054	poor	mild	B	pEKI	pEKI	P48-Treat	TRAV10;TRBV20-1_;_TRAJ10;TRBJ2-1_TRA:CVVSPGGGNKLTF;TRB:CSASRLAGYNEQFF_P48	0.00107991360691144	2	P48-Baseline	7.7399380804953e-4	1	No	No	pre_post_share	NR-pre_existing
P48	NR	054	poor	mild	B	pEKI	pEKI	P48-Treat	TRAV9-2;TRBV7-2_;TRBD1_TRAJ52;TRBJ2-7_TRA:CALSVGAGGTSYGKLTF;TRB:CASSLRTGGTSYEQYF_P48	0.00107991360691144	2	NA	NA	NA	NA	No	post_specific	NR-post_novel
P48	NR	054	poor	mild	B	pEKI	pEKI	P48-Treat	TRAV14/DV4;TRBV7-9_;TRBD1_TRAJ38;TRBJ2-7_TRA:CAMSDYAGNNRKLIW;TRB:CASSSPGTGNYEQYF_P48	0.03563714902807775	66	P48-Baseline	0.01006191950464396	13	No	Yes	pre_post_share	NR-pre_existing
P48	NR	054	poor	mild	B	pEKI	pEKI	P48-Treat	TRAV39;TRBV20-1_;_TRAJ48;TRBJ2-5_TRA:CAVPTSNFGNEKLTF;TRB:CSANQGMETQYF_P48	0.00161987041036717	3	P48-Baseline	7.7399380804953e-4	1	No	No	pre_post_share	NR-pre_existing
P48	NR	054	poor	mild	B	pEKI	pEKI	P48-Treat	TRAV23/DV6;TRBV27_;_TRAJ48;TRBJ1-4_TRA:CAAQGISNFGNEKLTF;TRB:CASTSLGQGHEKLFF_P48	0.00107991360691144	2	P48-Baseline	0.0023219814241486	3	No	No	pre_post_share	NR-pre_existing
P48	NR	054	poor	mild	B	pEKI	pEKI	P48-Treat	TRAV24;TRBV2_;_TRAJ16;TRBJ2-5_TRA:CAPGADGQKLLF;TRB:CASSAYGRPQETQYF_P48	0.00215982721382289	4	P48-Baseline	0.01160990712074303	15	Yes	No	pre_post_share	NR-pre_existing
P48	NR	054	poor	mild	B	pEKI	pEKI	P48-Treat	TRAV9-2;TRBV7-2_;_TRAJ10;TRBJ1-1_TRA:CALSDDTGGGNKLTF;TRB:CASSLPGRWRAFF_P48	0.00161987041036717	3	NA	NA	NA	NA	No	post_specific	NR-post_novel
P48	NR	054	poor	mild	B	pEKI	pEKI	P48-Treat	TRAV17;TRBV6-1_;_TRAJ57;TRBJ2-1_TRA:CITQGGSEKLVF;TRB:CASRPYSSYNEQFF_P48	0.00107991360691144	2	NA	NA	NA	NA	No	post_specific	NR-post_novel
P48	NR	054	poor	mild	B	pEKI	pEKI	P48-Treat	TRAV5;TRBV6-1_;TRBD1_TRAJ8;TRBJ1-5_TRA:CGTGFQKLVF;TRB:CASKRKGQEYNQPQHF_P48	0.00107991360691144	2	NA	NA	NA	NA	No	post_specific	NR-post_novel
P48	NR	054	poor	mild	B	pEKI	pEKI	P48-Treat	TRAV5;TRBV7-2_;_TRAJ40;TRBJ2-1_TRA:CAESLTSGTYKYIF;TRB:CASSATSGHEQFF_P48	0.00107991360691144	2	NA	NA	NA	NA	No	post_specific	NR-post_novel
P48	NR	054	poor	mild	B	pEKI	pEKI	P48-Treat	TRAV8-6;TRBV4-1_;TRBD1_TRAJ42;TRBJ2-1_TRA:CAVSDALNYGGSQGNLIF;TRB:CASSQLGTGSDEQFF_P48	0.00107991360691144	2	NA	NA	NA	NA	No	post_specific	NR-post_novel
P48	NR	054	poor	mild	B	pEKI	pEKI	P48-Treat	TRAV35;TRBV28_;_TRAJ56;TRBJ2-1_TRA:CAGHRRTGANSKLTF;TRB:CASTQAWGYNEQFF_P48	0.00107991360691144	2	NA	NA	NA	NA	No	post_specific	NR-post_novel
P48	NR	054	poor	mild	B	pEKI	pEKI	P48-Treat	TRAV2;TRBV20-1_;_TRAJ13;TRBJ1-1_TRA:CAVEEMGGGYQKVTF;TRB:CSARHPMNTEAFF_P48	0.00161987041036717	3	P48-Baseline	7.7399380804953e-4	1	No	No	pre_post_share	NR-pre_existing
P48	NR	054	poor	mild	B	pEKI	pEKI	P48-Treat	TRAV6;TRBV7-9_;_TRAJ31;TRBJ2-1_TRA:CARNNNARLMF;TRB:CASSSGLAGYNEQFF_P48	0.00107991360691144	2	NA	NA	NA	NA	No	post_specific	NR-post_novel
P48	NR	054	poor	mild	B	pEKI	pEKI	P48-Treat	TRAV13-2;TRBV15_;_TRAJ30;TRBJ1-1_TRA:CAENGSSRDDKIIF;TRB:CATSISQGNTEAFF_P48	0.00269978401727861	5	NA	NA	NA	NA	No	post_specific	NR-post_novel
P48	NR	054	poor	mild	B	pEKI	pEKI	P48-Treat	TRAV20;TRBV29-1_;_TRAJ54;TRBJ2-1_TRA:CAVLRQGAQKLVF;TRB:CSVDRGYNNEQFF_P48	0.00215982721382289	4	P48-Baseline	0.0023219814241486	3	No	No	pre_post_share	NR-pre_existing
P48	NR	054	poor	mild	B	pEKI	pEKI	P48-Treat	TRAV8-3;TRBV19_;_TRAJ42;TRBJ2-3_TRA:CAVGVWGSQGNLIF;TRB:CASTTGAGTDTQYF_P48	0.00161987041036717	3	NA	NA	NA	NA	No	post_specific	NR-post_novel
P48	NR	054	poor	mild	B	pEKI	pEKI	P48-Treat	TRAV21;TRBV10-2_;TRBD1_TRAJ26;TRBJ1-5_TRA:CAVWDNYGQNFVF;TRB:CATLGTGNQPQHF_P48	0.02267818574514039	42	P48-Baseline	0.00619195046439628	8	No	Yes	pre_post_share	NR-pre_existing
P48	NR	054	poor	mild	B	pEKI	pEKI	P48-Treat	TRAV8-3;TRBV20-1_;_TRAJ20;TRBJ2-5_TRA:CAVGESDYKLSF;TRB:CSARGEETQYF_P48	0.00161987041036717	3	P48-Baseline	7.7399380804953e-4	1	No	No	pre_post_share	NR-pre_existing
P48	NR	054	poor	mild	B	pEKI	pEKI	P48-Treat	TRAV21;TRBV2_;_TRAJ35;TRBJ1-2_TRA:CAVIRIGFGNVLHC;TRB:CASSDERFYGYTF_P48	0.00269978401727861	5	NA	NA	NA	NA	No	post_specific	NR-post_novel
P48	NR	054	poor	mild	B	pEKI	pEKI	P48-Treat	TRAV36/DV7;TRBV28_;_TRAJ32;TRBJ2-4_TRA:CAVAYGGATNKLIF;TRB:CASSFAGGGNIQYF_P48	0.00161987041036717	3	NA	NA	NA	NA	No	post_specific	NR-post_novel
P48	NR	054	poor	mild	B	pEKI	pEKI	P48-Treat	TRAV9-2;TRBV6-6_;_TRAJ53;TRBJ2-4_TRA:CALSIRGGGSNYKLTF;TRB:CASSYRIEGNIQYF_P48	0.00161987041036717	3	P48-Baseline	7.7399380804953e-4	1	No	No	pre_post_share	NR-pre_existing
P48	NR	054	poor	mild	B	pEKI	pEKI	P48-Treat	TRAV38-2/DV8;TRBV7-9_;_TRAJ30;TRBJ2-1_TRA:CAYRSRDDKIIF;TRB:CASSLLTGGSAEQFF_P48	0.00215982721382289	4	P48-Baseline	7.7399380804953e-4	1	No	No	pre_post_share	NR-pre_existing
P48	NR	054	poor	mild	B	pEKI	pEKI	P48-Treat	TRAV16;TRBV28_;TRBD1_TRAJ18;TRBJ1-2_TRA:CALSGQGRGSTLGRLYF;TRB:CASRKGGADYGYTF_P48	0.00215982721382289	4	P48-Baseline	0.00386996904024767	5	No	No	pre_post_share	NR-pre_existing
P48	NR	054	poor	mild	B	pEKI	pEKI	P48-Treat	TRAV17;TRBV15_;_TRAJ29;TRBJ1-3_TRA:CDYSGNTPLVF;TRB:CATSSHEDTIYF_P48	0.00107991360691144	2	P48-Baseline	7.7399380804953e-4	1	No	No	pre_post_share	NR-pre_existing
P48	NR	054	poor	mild	B	pEKI	pEKI	P48-Treat	TRAV8-4;TRBV27_;TRBD1_TRAJ44;TRBJ1-2_TRA:CAAINTGTASKLTF;TRB:CASSLRAGGHGYTF_P48	0.01673866090712743	31	P48-Baseline	7.7399380804953e-4	1	No	Yes	pre_post_share	NR-pre_existing
P48	NR	054	poor	mild	B	pEKI	pEKI	P48-Treat	TRAV17;TRBV6-1_;_TRAJ5;TRBJ1-5_TRA:CATWSTGRRALTF;TRB:CASSELNPNQPQHF_P48	0.00161987041036717	3	P48-Baseline	7.7399380804953e-4	1	No	No	pre_post_share	NR-pre_existing
P48	NR	054	poor	mild	B	pEKI	pEKI	P48-Treat	TRAV8-4;TRBV7-6_;_TRAJ9;TRBJ1-6_TRA:CAVSDGTGGFKTIF;TRB:CASSPTAGSDSPLHF_P48	0.00269978401727861	5	NA	NA	NA	NA	No	post_specific	NR-post_novel
P48	NR	054	poor	mild	B	pEKI	pEKI	P48-Treat	TRAV8-6;TRBV20-1_;_TRAJ6;TRBJ1-1_TRA:CAVSESGGSYIPTF;TRB:CSAREGGRGGNTEAFF_P48	0.00107991360691144	2	P48-Baseline	0.00541795665634674	7	No	No	pre_post_share	NR-pre_existing
P48	NR	054	poor	mild	B	pEKI	pEKI	P48-Treat	TRAV13-1;TRBV5-1_;_TRAJ23;TRBJ1-2_TRA:CASGEGGKLIF;TRB:CASSQTGSYGYTF_P48	0.00107991360691144	2	NA	NA	NA	NA	No	post_specific	NR-post_novel
P48	NR	054	poor	mild	B	pEKI	pEKI	P48-Treat	TRAV26-1;TRBV24-1_;_TRAJ21;TRBJ1-2_TRA:CIVRNYNFNKFYF;TRB:CATGDSSVEGYTF_P48	0.00107991360691144	2	P48-Baseline	7.7399380804953e-4	1	No	No	pre_post_share	NR-pre_existing
P48	NR	054	poor	mild	B	pEKI	pEKI	P48-Treat	TRAV6;TRBV3-1_;TRBD2_TRAJ8;TRBJ2-7_TRA:CALGFQKLVF;TRB:CASSQDGTSGSEQYF_P48	0.00755939524838013	14	P48-Baseline	0.00386996904024767	5	No	No	pre_post_share	NR-pre_existing
P48	NR	054	poor	mild	B	pEKI	pEKI	P48-Treat	TRAV10;TRBV20-1_;_TRAJ53;TRBJ1-3_TRA:CVVTFGGSNYKLTF;TRB:CSARGGYSGNTIYF_P48	0.00107991360691144	2	NA	NA	NA	NA	No	post_specific	NR-post_novel
P48	NR	054	poor	mild	B	pEKI	pEKI	P48-Treat	TRAV26-1;TRBV6-1_;_TRAJ54;TRBJ2-5_TRA:CLEEIQGAQKLVF;TRB:CASSLAGGYQETQYF_P48	0.00107991360691144	2	NA	NA	NA	NA	No	post_specific	NR-post_novel
P48	NR	054	poor	mild	B	pEKI	pEKI	P48-Treat	TRAV9-2;TRBV20-1_;_TRAJ49;TRBJ1-5_TRA:CALRNNPVGNQFYF;TRB:CSASRGDGAHSNQPQHF_P48	0.00323974082073434	6	P48-Baseline	7.7399380804953e-4	1	No	No	pre_post_share	NR-pre_existing
P48	NR	054	poor	mild	B	pEKI	pEKI	P48-Treat	TRAV26-1;TRBV6-5_;TRBD1_TRAJ26;TRBJ2-1_TRA:CIVMNYGQNFVF;TRB:CASSSQGALGNEQFF_P48	0.00161987041036717	3	NA	NA	NA	NA	No	post_specific	NR-post_novel
P48	NR	054	poor	mild	B	pEKI	pEKI	P48-Treat	TRAV13-2;TRBV7-9_;_TRAJ22;TRBJ2-5_TRA:CADGSGSARQLTF;TRB:CASSLSSQETQYF_P48	0.13444924406047515	249	P48-Baseline	0.0023219814241486	3	No	Yes	pre_post_share	NR-pre_existing
P48	NR	054	poor	mild	B	pEKI	pEKI	P48-Treat	TRAV12-1;TRBV7-2_;_TRAJ29;TRBJ2-3_TRA:CVVNRLGALVF;TRB:CASSGRATSLSTDTQYF_P48	0.00107991360691144	2	NA	NA	NA	NA	No	post_specific	NR-post_novel
P48	NR	054	poor	mild	B	pEKI	pEKI	P48-Treat	TRAV12-2;TRBV7-2_;_TRAJ15;TRBJ2-3_TRA:CAVDQAGTALIF;TRB:CASSPQAWPSTDTQYF_P48	0.00107991360691144	2	NA	NA	NA	NA	No	post_specific	NR-post_novel
P48	NR	054	poor	mild	B	pEKI	pEKI	P48-Treat	TRAV14/DV4;TRBV7-9_;_TRAJ17;TRBJ2-7_TRA:CAMREGAAGNKLTF;TRB:CASSFISGRGDEQYF_P48	0.00323974082073434	6	P48-Baseline	7.7399380804953e-4	1	No	No	pre_post_share	NR-pre_existing
P48	NR	054	poor	mild	B	pEKI	pEKI	P48-Treat	TRAV12-3;TRBV20-1_;_TRAJ18;TRBJ2-1_TRA:CAMRKGSTLGRLYF;TRB:CSARDQGVSYNEQFF_P48	0.00269978401727861	5	NA	NA	NA	NA	No	post_specific	NR-post_novel
P48	NR	054	poor	mild	B	pEKI	pEKI	P48-Treat	TRAV29/DV5;TRBV7-3_;TRBD1_TRAJ34;TRBJ2-2_TRA:CAAPNTDKLIF;TRB:CASGQAQGANTGELFF_P48	0.00431965442764578	8	NA	NA	NA	NA	No	post_specific	NR-post_novel
P48	NR	054	poor	mild	B	pEKI	pEKI	P48-Treat	TRAV8-4;TRBV20-1_;TRBD1_TRAJ13;TRBJ2-7_TRA:CAVTRLGGYQKVTF;TRB:CSAGQGTYEQYF_P48	0.00323974082073434	6	NA	NA	NA	NA	No	post_specific	NR-post_novel
P48	NR	054	poor	mild	B	pEKI	pEKI	P48-Treat	TRAV25;TRBV10-3_;_TRAJ53;TRBJ2-2_TRA:CAGLGSNYKLTF;TRB:CAISVDGNTGELFF_P48	0.00485961123110151	9	P48-Baseline	0.0023219814241486	3	No	No	pre_post_share	NR-pre_existing
P48	NR	054	poor	mild	B	pEKI	pEKI	P48-Treat	TRAV30;TRBV27_;TRBD1_TRAJ36;TRBJ1-4_TRA:CGTEGGANNLFF;TRB:CASSYRPGQGDEKLFF_P48	0.00269978401727861	5	P48-Baseline	0.0023219814241486	3	No	No	pre_post_share	NR-pre_existing
P48	NR	054	poor	mild	B	pEKI	pEKI	P48-Treat	TRAV5;TRBV5-1_;TRBD1_TRAJ44;TRBJ1-1_TRA:CAEILTGTASKLTF;TRB:CASRDTVNTEAFF_P48	0.00161987041036717	3	NA	NA	NA	NA	No	post_specific	NR-post_novel
P48	NR	054	poor	mild	B	pEKI	pEKI	P48-Treat	TRAV26-1;TRBV2_;_TRAJ43;TRBJ1-5_TRA:CIVNRVRNNNDMRF;TRB:CATSDRDSNQPQHF_P48	0.00161987041036717	3	NA	NA	NA	NA	No	post_specific	NR-post_novel
P48	NR	054	poor	mild	B	pEKI	pEKI	P48-Treat	TRAV8-6;TRBV28_;_TRAJ43;TRBJ2-5_TRA:CAVSEVGDMRF;TRB:CASSLIVAGDERETQYF_P48	0.00269978401727861	5	P48-Baseline	7.7399380804953e-4	1	No	No	pre_post_share	NR-pre_existing
P48	NR	054	poor	mild	B	pEKI	pEKI	P48-Treat	TRAV6;TRBV2_;_TRAJ23;TRBJ2-5_TRA:CAPGGNQGGKLIF;TRB:CASSGGGVETQYF_P48	0.00107991360691144	2	NA	NA	NA	NA	No	post_specific	NR-post_novel
P48	NR	054	poor	mild	B	pEKI	pEKI	P48-Treat	TRAV35;TRBV9_;TRBD1_TRAJ24;TRBJ2-5_TRA:CAGHVTTDSWGKFQF;TRB:CASSVTGVQWQETQYF_P48	0.00107991360691144	2	NA	NA	NA	NA	No	post_specific	NR-post_novel
P48	NR	054	poor	mild	B	pEKI	pEKI	P48-Treat	TRAV13-1;TRBV5-6_;TRBD1_TRAJ27;TRBJ1-2_TRA:CAARPNTNAGKSTF;TRB:CASSRGQGGYGYTF_P48	0.00161987041036717	3	NA	NA	NA	NA	No	post_specific	NR-post_novel
P48	NR	054	poor	mild	B	pEKI	pEKI	P48-Treat	TRAV36/DV7;TRBV10-2_;_TRAJ53;TRBJ2-5_TRA:CAVGGNSGGSNYKLTF;TRB:CASSEIAVQETQYF_P48	0.00107991360691144	2	NA	NA	NA	NA	No	post_specific	NR-post_novel
P48	NR	054	poor	mild	B	pEKI	pEKI	P48-Treat	TRAV6;TRBV7-9_;_TRAJ33;TRBJ1-5_TRA:CALDEGSNYQLIW;TRB:CASSLDGKPQHF_P48	0.00161987041036717	3	NA	NA	NA	NA	No	post_specific	NR-post_novel
P48	NR	054	poor	mild	B	pEKI	pEKI	P48-Treat	TRAV38-1;TRBV15_;_TRAJ43;TRBJ2-1_TRA:CAFMIYNNNDMRF;TRB:CATSRVHSNEQFF_P48	0.00107991360691144	2	NA	NA	NA	NA	No	post_specific	NR-post_novel
P48	NR	054	poor	mild	B	pEKI	pEKI	P48-Treat	TRAV38-1;TRBV11-3_;_TRAJ48;TRBJ2-2_TRA:CAFFGNEKLTF;TRB:CASSLVGTGELFF_P48	0.00215982721382289	4	P48-Baseline	0.00619195046439628	8	No	No	pre_post_share	NR-pre_existing
P48	NR	054	poor	mild	B	pEKI	pEKI	P48-Treat	TRAV13-2;TRBV12-3_;_TRAJ45;TRBJ1-4_TRA:CAETLYSGGGADGLTF;TRB:CASSDRGTREKLFF_P48	0.00107991360691144	2	NA	NA	NA	NA	No	post_specific	NR-post_novel
P48	NR	054	poor	mild	B	pEKI	pEKI	P48-Treat	TRAV21;TRBV20-1_;_TRAJ15;TRBJ2-1_TRA:CAVEGTALIF;TRB:CSAPSPGGRYNEQFF_P48	0.00107991360691144	2	NA	NA	NA	NA	No	post_specific	NR-post_novel
P48	NR	054	poor	mild	B	pEKI	pEKI	P48-Treat	TRAV14/DV4;TRBV19_;TRBD1_TRAJ49;TRBJ1-1_TRA:CAMREFYTGNQFYF;TRB:CASTSGVGATEAFF_P48	0.00107991360691144	2	NA	NA	NA	NA	No	post_specific	NR-post_novel
P48	NR	054	poor	mild	B	pEKI	pEKI	P48-Treat	TRAV29/DV5;TRBV11-2_;_TRAJ48;TRBJ2-7_TRA:CAASDLGNEKLTF;TRB:CASSRQGLDEQYF_P48	0.00107991360691144	2	NA	NA	NA	NA	No	post_specific	NR-post_novel
P48	NR	054	poor	mild	B	pEKI	pEKI	P48-Treat	TRAV14/DV4;TRBV6-5_;_TRAJ6;TRBJ1-1_TRA:CAMREGPGGGSYIPTF;TRB:CASSYEGLNTEAFF_P48	0.00161987041036717	3	P48-Baseline	7.7399380804953e-4	1	No	No	pre_post_share	NR-pre_existing
P48	NR	054	poor	mild	B	pEKI	pEKI	P48-Treat	TRAV9-2;TRBV7-8_;TRBD1_TRAJ36;TRBJ2-2_TRA:CALSVRFTGANNLFF;TRB:CASSSRDSGTGELFF_P48	0.00269978401727861	5	NA	NA	NA	NA	No	post_specific	NR-post_novel
P48	NR	054	poor	mild	B	pEKI	pEKI	P48-Treat	TRAV8-4;TRBV20-1_;_TRAJ21;TRBJ2-1_TRA:CAVSEVRRVNFNKFYF;TRB:CSARGNEQFF_P48	0.00161987041036717	3	P48-Baseline	7.7399380804953e-4	1	No	No	pre_post_share	NR-pre_existing
P48	NR	054	poor	mild	B	pEKI	pEKI	P48-Treat	TRAV12-3;TRBV3-1_;_TRAJ52;TRBJ2-3_TRA:CAMRGGTSYGKLTF;TRB:CASSQDLRLVPGPRTDTQYF_P48	0.00161987041036717	3	P48-Baseline	7.7399380804953e-4	1	No	No	pre_post_share	NR-pre_existing
P48	NR	054	poor	mild	B	pEKI	pEKI	P48-Treat	TRAV4;TRBV5-1_;TRBD1_TRAJ10;TRBJ2-7_TRA:CLVGVVTGGGNKLTF;TRB:CASSPKGQWSSYEQYF_P48	0.00107991360691144	2	NA	NA	NA	NA	No	post_specific	NR-post_novel
P48	NR	054	poor	mild	B	pEKI	pEKI	P48-Treat	TRAV8-4;TRBV29-1_;_TRAJ54;TRBJ2-3_TRA:CAVSDSQKLVF;TRB:CSVRPSTDTQYF_P48	0.00161987041036717	3	NA	NA	NA	NA	No	post_specific	NR-post_novel
P48	NR	054	poor	mild	B	pEKI	pEKI	P48-Treat	TRAV25;TRBV12-3_;_TRAJ45;TRBJ2-7_TRA:CAGPAGGGADGLTF;TRB:CASSLNRYEQYF_P48	0.00539956803455723	10	P48-Baseline	0.00851393188854489	11	No	No	pre_post_share	NR-pre_existing
P48	NR	054	poor	mild	B	pEKI	pEKI	P48-Treat	TRAV25;TRBV5-6_;_TRAJ21;TRBJ1-1_TRA:CAVPRYNFNKFYF;TRB:CASSPGTTTEAFF_P48	0.00215982721382289	4	P48-Baseline	0.0023219814241486	3	No	No	pre_post_share	NR-pre_existing
P48	NR	054	poor	mild	B	pEKI	pEKI	P48-Treat	TRAV17;TRBV6-5_;_TRAJ54;TRBJ1-4_TRA:CAGGRGAQKLVF;TRB:CASSSEGLDEKLFF_P48	0.00161987041036717	3	NA	NA	NA	NA	No	post_specific	NR-post_novel
P48	NR	054	poor	mild	B	pEKI	pEKI	P48-Treat	TRAV17;TRBV7-3_;_TRAJ54;TRBJ2-2_TRA:CATDSQGAQKLVF;TRB:CASSQGVSGELFF_P48	0.00215982721382289	4	P48-Baseline	0.00619195046439628	8	No	No	pre_post_share	NR-pre_existing
P48	NR	054	poor	mild	B	pEKI	pEKI	P48-Treat	TRAV9-2;TRBV4-1_;_TRAJ52;TRBJ1-5_TRA:CALSRSAGGTSYGKLTF;TRB:CASSQRPDRGNQPQHF_P48	0.00377969762419006	7	P48-Baseline	0.00154798761609907	2	No	No	pre_post_share	NR-pre_existing
P48	NR	054	poor	mild	B	pEKI	pEKI	P48-Treat	TRAV8-6;TRBV6-1_;_TRAJ16;TRBJ1-3_TRA:CAVSEGSDGQKLLF;TRB:CAIGDRAAGNTIYF_P48	0.00107991360691144	2	P48-Baseline	0.0023219814241486	3	No	No	pre_post_share	NR-pre_existing
P48	NR	054	poor	mild	B	pEKI	pEKI	P48-Treat	TRAV19;TRBV7-9_;_TRAJ13;TRBJ2-5_TRA:CALRIGGYQKVTF;TRB:CASSQTRRVEETQYF_P48	0.00107991360691144	2	NA	NA	NA	NA	No	post_specific	NR-post_novel
P48	NR	054	poor	mild	B	pEKI	pEKI	P48-Treat	TRAV2;TRBV30_;_TRAJ13;TRBJ2-7_TRA:CAVYSGGYQKVTF;TRB:CAWSGGAAYEQYF_P48	0.00107991360691144	2	P48-Baseline	7.7399380804953e-4	1	No	No	pre_post_share	NR-pre_existing
P48	NR	054	poor	mild	B	pEKI	pEKI	P48-Treat	TRAV2;TRBV5-1_;_TRAJ22;TRBJ1-1_TRA:CAVDYLGPARQLTF;TRB:CASSLAESSNTEAFF_P48	0.00107991360691144	2	P48-Baseline	0.00386996904024767	5	No	No	pre_post_share	NR-pre_existing
P48	NR	054	poor	mild	B	pEKI	pEKI	P48-Treat	TRAV8-1;TRBV20-1_;_TRAJ28;TRBJ2-7_TRA:CAVISSGAGSYQLTF;TRB:CSARDTGGPKYEQYF_P48	0.00323974082073434	6	P48-Baseline	7.7399380804953e-4	1	No	No	pre_post_share	NR-pre_existing
P48	NR	054	poor	mild	B	pEKI	pEKI	P48-Treat	TRAV26-1;TRBV9_;_TRAJ26;TRBJ2-2_TRA:CIVVSNYGQNFVF;TRB:CASRRGLENTGELFF_P48	0.00107991360691144	2	P48-Baseline	7.7399380804953e-4	1	No	No	pre_post_share	NR-pre_existing
P48	NR	054	poor	mild	B	pEKI	pEKI	P48-Treat	TRAV9-2;TRBV27_;TRBD1_TRAJ52;TRBJ2-6_TRA:CALSWAGGTSYGKLTF;TRB:CASRPTQATGANVLTF_P48	0.00161987041036717	3	NA	NA	NA	NA	No	post_specific	NR-post_novel
P48	NR	054	poor	mild	B	pEKI	pEKI	P48-Treat	TRAV8-2;TRBV4-1_;_TRAJ41;TRBJ2-3_TRA:CVVSESDSGYALNF;TRB:CASSQGVGFETDTQYF_P48	0.00269978401727861	5	P48-Baseline	7.7399380804953e-4	1	No	No	pre_post_share	NR-pre_existing
P48	NR	054	poor	mild	B	pEKI	pEKI	P48-Treat	TRAV27;TRBV27_;_TRAJ31;TRBJ2-6_TRA:CAAFYNNARLMF;TRB:CASSGTRSGANVLTF_P48	0.00107991360691144	2	NA	NA	NA	NA	No	post_specific	NR-post_novel
P48	NR	054	poor	mild	B	pEKI	pEKI	P48-Treat	TRAV8-3;TRBV20-1_;TRBD2_TRAJ16;TRBJ2-7_TRA:CAVGAGGQKLLF;TRB:CSARPRTSGSSYEQYF_P48	0.00161987041036717	3	P48-Baseline	7.7399380804953e-4	1	No	No	pre_post_share	NR-pre_existing
P48	NR	054	poor	mild	B	pEKI	pEKI	P48-Treat	TRAV21;TRBV19_;_TRAJ39;TRBJ2-2_TRA:CAVRQGGGAGNMLTF;TRB:CASSPRGTGELFF_P48	0.00107991360691144	2	NA	NA	NA	NA	No	post_specific	NR-post_novel
P48	NR	054	poor	mild	B	pEKI	pEKI	P48-Treat	TRAV29/DV5;TRBV20-1_;_TRAJ41;TRBJ2-7_TRA:CAAGEAGYALNF;TRB:CSVLGWDSQKGGEQYF_P48	0.00107991360691144	2	NA	NA	NA	NA	No	post_specific	NR-post_novel
P48	NR	054	poor	mild	B	pEKI	pEKI	P48-Treat	TRAV12-2;TRBV4-1_;_TRAJ17;TRBJ1-6_TRA:CAVNRKAAGNKLTF;TRB:CASSQDIPGQQYNSPLHF_P48	0.00107991360691144	2	NA	NA	NA	NA	No	post_specific	NR-post_novel
P48	NR	054	poor	mild	B	pEKI	pEKI	P48-Treat	TRAV21;TRBV5-1_;TRBD1_TRAJ31;TRBJ2-3_TRA:CAVRRSNARLMF;TRB:CASSSWTGDTDTQYF_P48	0.00269978401727861	5	NA	NA	NA	NA	No	post_specific	NR-post_novel
P48	NR	054	poor	mild	B	pEKI	pEKI	P48-Treat	TRAV9-2;TRBV9_;_TRAJ15;TRBJ2-3_TRA:CALGKAGTALIF;TRB:CASSVGREDTQYF_P48	0.01133909287257019	21	P48-Baseline	0.00154798761609907	2	No	Yes	pre_post_share	NR-pre_existing
P48	NR	054	poor	mild	B	pEKI	pEKI	P48-Treat	TRAV4;TRBV19_;_TRAJ39;TRBJ1-3_TRA:CLVGRNAGNMLTF;TRB:CASRADTRNTIYF_P48	0.00107991360691144	2	P48-Baseline	7.7399380804953e-4	1	No	No	pre_post_share	NR-pre_existing
P48	NR	054	poor	mild	B	pEKI	pEKI	P48-Treat	TRAV8-6;TRBV24-1_;TRBD1_TRAJ9;TRBJ2-2_TRA:CAVRLTTGGFKTIF;TRB:CATSEAGGASTGELFF_P48	0.00107991360691144	2	NA	NA	NA	NA	No	post_specific	NR-post_novel
P48	NR	054	poor	mild	B	pEKI	pEKI	P48-Treat	TRAV24;TRBV19_;_TRAJ20;TRBJ1-1_TRA:CAPLRGNDYKLSF;TRB:CASSSLLNTEAFF_P48	0.00323974082073434	6	P48-Baseline	7.7399380804953e-4	1	No	No	pre_post_share	NR-pre_existing
P48	NR	054	poor	mild	B	pEKI	pEKI	P48-Treat	TRAV17;TRBV18_;_TRAJ10;TRBJ2-1_TRA:CATEGLTGGGNKLTF;TRB:CASSPTQYNEQFF_P48	0.00161987041036717	3	P48-Baseline	0.00154798761609907	2	No	No	pre_post_share	NR-pre_existing
P48	NR	054	poor	mild	B	pEKI	pEKI	P48-Treat	TRAV4;TRBV6-2_;TRBD1_TRAJ40;TRBJ1-2_TRA:CLVGRISGTYKYIF;TRB:CASSLDPRDRDHYGYTF_P48	0.00107991360691144	2	NA	NA	NA	NA	No	post_specific	NR-post_novel
P48	NR	054	poor	mild	B	pEKI	pEKI	P48-Treat	TRAV24;TRBV5-1_;_TRAJ12;TRBJ2-3_TRA:CAFPDSSYKLIF;TRB:CASSFGGRGDTQYF_P48	0.00161987041036717	3	NA	NA	NA	NA	No	post_specific	NR-post_novel
P48	NR	054	poor	mild	B	pEKI	pEKI	P48-Treat	TRAV25;TRBV10-1_;_TRAJ40;TRBJ2-2_TRA:CAGAPGTYKYIF;TRB:CASSEGFRTGELFF_P48	0.00107991360691144	2	P48-Baseline	0.00154798761609907	2	No	No	pre_post_share	NR-pre_existing
P48	NR	054	poor	mild	B	pEKI	pEKI	P48-Treat	TRAV25;TRBV20-1_;_TRAJ8;TRBJ1-3_TRA:CAGMNTGFQKLVF;TRB:CSARRGRGNTIYF_P48	0.00107991360691144	2	NA	NA	NA	NA	No	post_specific	NR-post_novel
P48	NR	054	poor	mild	B	pEKI	pEKI	P48-Treat	TRAV13-1;TRBV20-1_;_TRAJ26;TRBJ2-3_TRA:CAASKGDNYGQNFVF;TRB:CSARFGDTQYF_P48	0.00269978401727861	5	P48-Baseline	0.00154798761609907	2	No	No	pre_post_share	NR-pre_existing
P48	NR	054	poor	mild	B	pEKI	pEKI	P48-Treat	TRAV1-2;TRBV10-1_;TRBD1_TRAJ34;TRBJ2-3_TRA:CAVRGATDKLIF;TRB:CASSGTPGDTQYF_P48	0.00215982721382289	4	P48-Baseline	0.0023219814241486	3	No	No	pre_post_share	NR-pre_existing
P48	NR	054	poor	mild	B	pEKI	pEKI	P48-Treat	TRAV5;TRBV4-2_;_TRAJ52;TRBJ1-6_TRA:CAERGNAGGTSYGKLTF;TRB:CASSQEGNSPLHF_P48	0.00161987041036717	3	NA	NA	NA	NA	No	post_specific	NR-post_novel
P48	NR	054	poor	mild	B	pEKI	pEKI	P48-Treat	TRAV26-1;TRBV12-3_;_TRAJ48;TRBJ2-5_TRA:CIVRVGANFGNEKLTF;TRB:CASSNSGVYQETQYF_P48	0.00161987041036717	3	P48-Baseline	7.7399380804953e-4	1	No	No	pre_post_share	NR-pre_existing
P48	NR	054	poor	mild	B	pEKI	pEKI	P48-Treat	TRAV1-2;TRBV11-2_;_TRAJ27;TRBJ1-1_TRA:CAVDTNAGKSTF;TRB:CASSLGGDMAEAFF_P48	0.00161987041036717	3	NA	NA	NA	NA	No	post_specific	NR-post_novel
P48	NR	054	poor	mild	B	pEKI	pEKI	P48-Treat	TRAV14/DV4;TRBV10-3_;TRBD1_TRAJ17;TRBJ2-7_TRA:CAMRGGGNKLTF;TRB:CAISDADSGPSEQYF_P48	0.00107991360691144	2	NA	NA	NA	NA	No	post_specific	NR-post_novel
P48	NR	054	poor	mild	B	pEKI	pEKI	P48-Treat	TRAV22;TRBV4-1_;_TRAJ42;TRBJ2-5_TRA:CAVEPNYGGSQGNLIF;TRB:CASSQGGGETQYF_P48	0.00107991360691144	2	NA	NA	NA	NA	No	post_specific	NR-post_novel
P48	NR	054	poor	mild	B	pEKI	pEKI	P48-Treat	TRAV1-2;TRBV5-6_;_TRAJ20;TRBJ2-5_TRA:CAVNNYKLSF;TRB:CASSGGPLGETQYF_P48	0.00107991360691144	2	NA	NA	NA	NA	No	post_specific	NR-post_novel
P48	NR	054	poor	mild	B	pEKI	pEKI	P48-Treat	TRAV35;TRBV5-1_;TRBD1_TRAJ30;TRBJ2-7_TRA:CAGPENRDDKIIF;TRB:CASSFSETGDTYEQYF_P48	0.00161987041036717	3	P48-Baseline	0.00928792569659442	12	No	No	pre_post_share	NR-pre_existing
P48	NR	054	poor	mild	B	pEKI	pEKI	P48-Treat	TRAV12-1;TRBV10-2_;_TRAJ52;TRBJ2-5_TRA:CVVTSLLRDAGGTSYGKLTF;TRB:CASSPWGGRETQYF_P48	0.00107991360691144	2	NA	NA	NA	NA	No	post_specific	NR-post_novel
P48	NR	054	poor	mild	B	pEKI	pEKI	P48-Treat	TRAV20;TRBV19_;_TRAJ52;TRBJ2-3_TRA:CAVPATGAGGTSYGKLTF;TRB:CASSIWGSSDTQYF_P48	0.00215982721382289	4	P48-Baseline	7.7399380804953e-4	1	No	No	pre_post_share	NR-pre_existing
P48	NR	054	poor	mild	B	pEKI	pEKI	P48-Treat	TRAV8-4;TRBV18_;TRBD1_TRAJ40;TRBJ1-5_TRA:CAVSDEGTYKYIF;TRB:CASSPTGDNQPQHF_P48	0.00107991360691144	2	P48-Baseline	7.7399380804953e-4	1	No	No	pre_post_share	NR-pre_existing
P48	NR	054	poor	mild	B	pEKI	pEKI	P48-Treat	TRAV29/DV5;TRBV7-3_;_TRAJ29;TRBJ2-3_TRA:CAANPGNTPLVF;TRB:CASSPSGGTDTQYF_P48	0.00107991360691144	2	NA	NA	NA	NA	No	post_specific	NR-post_novel
P48	NR	054	poor	mild	B	pEKI	pEKI	P48-Treat	TRAV8-4;TRBV27_;_TRAJ36;TRBJ2-3_TRA:CAVRRTGANNLFF;TRB:CASSLRPGSSTDTQYF_P48	0.00161987041036717	3	NA	NA	NA	NA	No	post_specific	NR-post_novel
P48	NR	054	poor	mild	B	pEKI	pEKI	P48-Treat	TRAV35;TRBV5-1_;_TRAJ22;TRBJ1-2_TRA:CAGHLSGSARQLTF;TRB:CASSRAQGVEGYTF_P48	0.00107991360691144	2	NA	NA	NA	NA	No	post_specific	NR-post_novel
P48	NR	054	poor	mild	B	pEKI	pEKI	P48-Treat	TRAV38-2/DV8;TRBV20-1_;_TRAJ57;TRBJ1-5_TRA:CAYRSAQGGSEKLVF;TRB:CSARSPNQPQHF_P48	0.00431965442764578	8	P48-Baseline	7.7399380804953e-4	1	No	No	pre_post_share	NR-pre_existing
P48	NR	054	poor	mild	B	pEKI	pEKI	P48-Treat	TRAV29/DV5;TRBV28_;_TRAJ29;TRBJ1-3_TRA:CAATDPYSGNTPLVF;TRB:CASSFRGVDGNTIYF_P48	0.00107991360691144	2	NA	NA	NA	NA	No	post_specific	NR-post_novel
P48	NR	054	poor	mild	B	pEKI	pEKI	P48-Treat	TRAV12-2;TRBV7-9_;_TRAJ37;TRBJ2-2_TRA:CAVNPGNTGKLIF;TRB:CASGLADNTGELFF_P48	0.00215982721382289	4	NA	NA	NA	NA	No	post_specific	NR-post_novel
P48	NR	054	poor	mild	B	pEKI	pEKI	P48-Treat	TRAV8-4;TRBV4-1_;_TRAJ10;TRBJ1-1_TRA:CAVSDGVTGGGNKLTF;TRB:CASSQARGGTEAFF_P48	0.00323974082073434	6	P48-Baseline	0.01083591331269349	14	No	No	pre_post_share	NR-pre_existing
P48	NR	054	poor	mild	B	pEKI	pEKI	P48-Treat	TRAV19;TRBV7-8_;_TRAJ42;TRBJ2-2_TRA:CALSSRGSQGNLIF;TRB:CASSFLRQGIGELFF_P48	0.00215982721382289	4	NA	NA	NA	NA	No	post_specific	NR-post_novel
P48	NR	054	poor	mild	B	pEKI	pEKI	P48-Treat	TRAV19;TRBV6-5_;_TRAJ43;TRBJ1-1_TRA:CALGQDDMRF;TRB:CASISSRAGGTEAFF_P48	0.00269978401727861	5	NA	NA	NA	NA	No	post_specific	NR-post_novel
P48	NR	054	poor	mild	B	pEKI	pEKI	P48-Treat	TRAV8-4;TRBV3-1_;_TRAJ34;TRBJ2-5_TRA:CAVSANTDKLIF;TRB:CASSPSFQETQYF_P48	0.00215982721382289	4	P48-Baseline	7.7399380804953e-4	1	No	No	pre_post_share	NR-pre_existing
P48	NR	054	poor	mild	B	pEKI	pEKI	P48-Treat	TRAV38-1;TRBV3-1_;_TRAJ26;TRBJ2-5_TRA:CAFRDNYGQNFVF;TRB:CASSHPLRWQVGETQYF_P48	0.00215982721382289	4	NA	NA	NA	NA	No	post_specific	NR-post_novel
P48	NR	054	poor	mild	B	pEKI	pEKI	P48-Treat	TRAV3;TRBV5-4_;_TRAJ24;TRBJ2-2_TRA:CAVRDNWRSDSWGKFQF;TRB:CASTSAGELFF_P48	0.00485961123110151	9	NA	NA	NA	NA	No	post_specific	NR-post_novel
P48	NR	054	poor	mild	B	pEKI	pEKI	P48-Treat	TRAV13-1;TRBV9_;TRBD1_TRAJ11;TRBJ2-2_TRA:CAAGGPGYSTLTF;TRB:CASSPSGTGGRELFF_P48	0.00107991360691144	2	P48-Baseline	7.7399380804953e-4	1	No	No	pre_post_share	NR-pre_existing
P48	NR	054	poor	mild	B	pEKI	pEKI	P48-Treat	TRAV8-4;TRBV5-4_;_TRAJ43;TRBJ2-7_TRA:CAVSDEGNNDMRF;TRB:CASSLGGVGYEQYF_P48	0.00161987041036717	3	NA	NA	NA	NA	No	post_specific	NR-post_novel
P48	NR	054	poor	mild	B	pEKI	pEKI	P48-Treat	TRAV17;TRBV3-1_;_TRAJ6;TRBJ1-4_TRA:CATDLASGGSYIPTF;TRB:CASSHFGSRTNEKLFF_P48	0.00269978401727861	5	NA	NA	NA	NA	No	post_specific	NR-post_novel
P48	NR	054	poor	mild	B	pEKI	pEKI	P48-Treat	TRAV13-1;TRBV7-3_;_TRAJ38;TRBJ2-1_TRA:CAASPSKDNRKLIW;TRB:CASSPPGAKNEQFF_P48	0.00107991360691144	2	NA	NA	NA	NA	No	post_specific	NR-post_novel
P48	NR	054	poor	mild	B	pEKI	pEKI	P48-Treat	TRAV25;TRBV28_;TRBD1_TRAJ18;TRBJ2-7_TRA:CAGPRRGSTLGRLYF;TRB:CASSFADRGPFPYEQYF_P48	0.00107991360691144	2	P48-Baseline	0.00386996904024767	5	No	No	pre_post_share	NR-pre_existing
P48	NR	054	poor	mild	B	pEKI	pEKI	P48-Treat	TRAV5;TRBV5-1_;_TRAJ32;TRBJ2-7_TRA:CAEKGTVGGATNKLIF;TRB:CASSPWGSEQYF_P48	0.00161987041036717	3	P48-Baseline	7.7399380804953e-4	1	No	No	pre_post_share	NR-pre_existing
P48	NR	054	poor	mild	B	pEKI	pEKI	P48-Treat	TRAV9-2;TRBV3-1_;_TRAJ52;TRBJ1-3_TRA:CALSDLFTGGTSYGKLTF;TRB:CASSQDLGNTIYF_P48	0.00269978401727861	5	P48-Baseline	0.0023219814241486	3	No	No	pre_post_share	NR-pre_existing
P48	NR	054	poor	mild	B	pEKI	pEKI	P48-Treat	TRAV19;TRBV5-1_;TRBD1_TRAJ35;TRBJ1-2_TRA:CALSERGFGNVLHC;TRB:CASSLTGGEDYGYTF_P48	0.00107991360691144	2	NA	NA	NA	NA	No	post_specific	NR-post_novel
P48	NR	054	poor	mild	B	pEKI	pEKI	P48-Treat	TRAV1-2;TRBV5-4_;_TRAJ42;TRBJ1-3_TRA:CAVRDSDGGSQGNLIF;TRB:CASSLWGSGNTIYF_P48	0.00323974082073434	6	P48-Baseline	0.00309597523219814	4	No	No	pre_post_share	NR-pre_existing
P48	NR	054	poor	mild	B	pEKI	pEKI	P48-Treat	TRAV20;TRBV5-4_;_TRAJ27;TRBJ2-1_TRA:CAVQARANAGKSTF;TRB:CASSVDGWYNEQFF_P48	0.00107991360691144	2	P48-Baseline	0.00154798761609907	2	No	No	pre_post_share	NR-pre_existing
P48	NR	054	poor	mild	B	pEKI	pEKI	P48-Treat	TRAV14/DV4;TRBV30_;_TRAJ10;TRBJ2-4_TRA:CAMREILTGGGNKLTF;TRB:CAWSVGGGEDIQYF_P48	0.00107991360691144	2	NA	NA	NA	NA	No	post_specific	NR-post_novel
P48	NR	054	poor	mild	B	pEKI	pEKI	P48-Treat	TRAV13-2;TRBV11-1_;_TRAJ22;TRBJ2-2_TRA:CAENPPARQLTF;TRB:CASSRDRGELFF_P48	0.00215982721382289	4	P48-Baseline	7.7399380804953e-4	1	No	No	pre_post_share	NR-pre_existing
P48	NR	054	poor	mild	B	pEKI	pEKI	P48-Treat	TRAV8-1;TRBV20-1_;_TRAJ30;TRBJ2-7_TRA:CAVNAGTSDKIIF;TRB:CSASPLRSDHEQYF_P48	0.00269978401727861	5	P48-Baseline	0.00464396284829721	6	No	No	pre_post_share	NR-pre_existing
P48	NR	054	poor	mild	B	pEKI	pEKI	P48-Treat	TRAV13-2;TRBV2_;_TRAJ53;TRBJ2-7_TRA:CAPDMWPSGSGGSNYKLTF;TRB:CASSDSYTGTSYEQYF_P48	0.00107991360691144	2	NA	NA	NA	NA	No	post_specific	NR-post_novel
P48	NR	054	poor	mild	B	pEKI	pEKI	P48-Treat	TRAV9-2;TRBV24-1_;_TRAJ54;TRBJ1-5_TRA:CALKNQGAQKLVF;TRB:CATSPGASNQPQHF_P48	0.00161987041036717	3	NA	NA	NA	NA	No	post_specific	NR-post_novel
P48	NR	054	poor	mild	B	pEKI	pEKI	P48-Treat	TRAV29/DV5;TRBV5-1_;_TRAJ23;TRBJ2-5_TRA:CAATDLQGGKLIF;TRB:CASRSGSETQYF_P48	0.00107991360691144	2	NA	NA	NA	NA	No	post_specific	NR-post_novel
P48	NR	054	poor	mild	B	pEKI	pEKI	P48-Treat	TRAV21;TRBV25-1_;_TRAJ36;TRBJ2-1_TRA:CAVEEETGANNLFF;TRB:CASSVAYEQFF_P48	0.00215982721382289	4	P48-Baseline	7.7399380804953e-4	1	No	No	pre_post_share	NR-pre_existing
P48	NR	054	poor	mild	B	pEKI	pEKI	P48-Treat	TRAV12-2;TRBV10-3_;TRBD1_TRAJ33;TRBJ2-7_TRA:CAVLDLMDSNYQLIW;TRB:CAISEPDRSRGPVFYEQYF_P48	0.00107991360691144	2	P48-Baseline	0.0023219814241486	3	No	No	pre_post_share	NR-pre_existing
P48	NR	054	poor	mild	B	pEKI	pEKI	P48-Treat	TRAV2;TRBV30_;_TRAJ22;TRBJ1-1_TRA:CAVELPSGSARQLTF;TRB:CAWSGQGMDEAFF_P48	0.00107991360691144	2	NA	NA	NA	NA	No	post_specific	NR-post_novel
P48	NR	054	poor	mild	B	pEKI	pEKI	P48-Treat	TRAV22;TRBV30_;_TRAJ28;TRBJ2-7_TRA:CAVVRYGSGAGSYQLTF;TRB:CAWSRRGYSYEQYF_P48	0.00107991360691144	2	NA	NA	NA	NA	No	post_specific	NR-post_novel
P48	NR	054	poor	mild	B	pEKI	pEKI	P48-Treat	TRAV38-2/DV8;TRBV7-9_;_TRAJ48;TRBJ2-2_TRA:CAYRDKPNFGNEKLTF;TRB:CASSLYWGELFF_P48	0.00107991360691144	2	NA	NA	NA	NA	No	post_specific	NR-post_novel
P48	NR	054	poor	mild	B	pEKI	pEKI	P48-Treat	TRAV8-6;TRBV20-1_;_TRAJ49;TRBJ2-7_TRA:CAVSDITNTGNQFYF;TRB:CSARDWGRATYEQYF_P48	0.00161987041036717	3	NA	NA	NA	NA	No	post_specific	NR-post_novel
P48	NR	054	poor	mild	B	pEKI	pEKI	P48-Treat	TRAV38-1;TRBV3-1_;_TRAJ43;TRBJ1-2_TRA:CAFGYYGGNDMRF;TRB:CASSHLTTGNYGYTF_P48	0.00161987041036717	3	NA	NA	NA	NA	No	post_specific	NR-post_novel
P48	NR	054	poor	mild	B	pEKI	pEKI	P48-Treat	TRAV8-4;TRBV19_;TRBD1_TRAJ11;TRBJ2-2_TRA:CAVSRGEGYSTLTF;TRB:CASSIGPGTGVTGELFF_P48	0.00161987041036717	3	NA	NA	NA	NA	No	post_specific	NR-post_novel
P48	NR	054	poor	mild	B	pEKI	pEKI	P48-Treat	TRAV4;TRBV7-2_;_TRAJ31;TRBJ2-1_TRA:CLVGDNARLMF;TRB:CASSPRRTEGNEQFF_P48	0.00215982721382289	4	P48-Baseline	7.7399380804953e-4	1	No	No	pre_post_share	NR-pre_existing
P48	NR	054	poor	mild	B	pEKI	pEKI	P48-Treat	TRAV9-2;TRBV11-1_;_TRAJ23;TRBJ2-3_TRA:CALSDRGNQGGKLIF;TRB:CASSFGTGNWADTQYF_P48	0.00107991360691144	2	NA	NA	NA	NA	No	post_specific	NR-post_novel
P48	NR	054	poor	mild	B	pEKI	pEKI	P48-Treat	TRAV8-1;TRBV12-4_;TRBD1_TRAJ21;TRBJ1-1_TRA:CAVTNFNKFYF;TRB:CASSRPGQGSTEAFF_P48	0.00107991360691144	2	P48-Baseline	7.7399380804953e-4	1	No	No	pre_post_share	NR-pre_existing
P48	NR	054	poor	mild	B	pEKI	pEKI	P48-Treat	TRAV6;TRBV18_;_TRAJ23;TRBJ2-5_TRA:CAPHQGGKLIF;TRB:CASSPRTTQETQYF_P48	0.00107991360691144	2	P48-Baseline	0.00154798761609907	2	No	No	pre_post_share	NR-pre_existing
P48	NR	054	poor	mild	B	pEKI	pEKI	P48-Treat	TRAV29/DV5;TRBV10-1_;_TRAJ52;TRBJ1-2_TRA:CAASGGGTSYGKLTF;TRB:CASSRDLAYGYTF_P48	0.00269978401727861	5	NA	NA	NA	NA	No	post_specific	NR-post_novel
P48	NR	054	poor	mild	B	pEKI	pEKI	P48-Treat	TRAV29/DV5;TRBV29-1_;TRBD1_TRAJ34;TRBJ2-2_TRA:CAARGNTDKLIF;TRB:CSGRGTGELFF_P48	0.00107991360691144	2	NA	NA	NA	NA	No	post_specific	NR-post_novel
P48	NR	054	poor	mild	B	pEKI	pEKI	P48-Treat	TRAV8-4;TRBV7-9_;_TRAJ9;TRBJ2-1_TRA:CAVTDYTGGFKTIF;TRB:CASSSGLAGYNEQFF_P48	0.00269978401727861	5	P48-Baseline	7.7399380804953e-4	1	No	No	pre_post_share	NR-pre_existing
P48	NR	054	poor	mild	B	pEKI	pEKI	P48-Treat	TRAV25;TRBV6-6_;TRBD1_TRAJ40;TRBJ2-5_TRA:CAGAPGTYKYIF;TRB:CASSYSIGQGGRRETQYF_P48	0.00161987041036717	3	P48-Baseline	0.00309597523219814	4	No	No	pre_post_share	NR-pre_existing
P48	NR	054	poor	mild	B	pEKI	pEKI	P48-Treat	TRAV38-2/DV8;TRBV6-1_;TRBD1_TRAJ49;TRBJ2-4_TRA:CAYRMGTGNQFYF;TRB:CASSVGQFAKNIQYF_P48	0.00269978401727861	5	P48-Baseline	0.00154798761609907	2	No	No	pre_post_share	NR-pre_existing
P48	NR	054	poor	mild	B	pEKI	pEKI	P48-Treat	TRAV8-6;TRBV9_;_TRAJ33;TRBJ2-2_TRA:CAVSPTSNYQLIW;TRB:CASRRGLENTGELFF_P48	0.00107991360691144	2	NA	NA	NA	NA	No	post_specific	NR-post_novel
P48	NR	054	poor	mild	B	pEKI	pEKI	P48-Treat	TRAV21;TRBV7-3_;TRBD1_TRAJ18;TRBJ2-1_TRA:CAVIFERLYF;TRB:CASSASTGVYNEQFF_P48	0.00215982721382289	4	P48-Baseline	0.02321981424148607	30	Yes	No	pre_post_share	NR-pre_existing
P48	NR	054	poor	mild	B	pEKI	pEKI	P48-Treat	TRAV38-1;TRBV27_;TRBD1_TRAJ45;TRBJ1-2_TRA:CAFDQGGGADGLTF;TRB:CASSLWDRGYGYTF_P48	0.00215982721382289	4	NA	NA	NA	NA	No	post_specific	NR-post_novel
P48	NR	054	poor	mild	B	pEKI	pEKI	P48-Treat	TRAV13-1;TRBV20-1_;_TRAJ11;TRBJ1-1_TRA:CAASSGYSTLTF;TRB:CSARDPGFMNTEAFF_P48	0.00161987041036717	3	P48-Baseline	0.0023219814241486	3	No	No	pre_post_share	NR-pre_existing
P48	NR	054	poor	mild	B	pEKI	pEKI	P48-Treat	TRAV13-1;TRBV20-1_;_TRAJ20;TRBJ1-2_TRA:CAANDYKLSF;TRB:CSASPTLTIGYTF_P48	0.00107991360691144	2	NA	NA	NA	NA	No	post_specific	NR-post_novel
P48	NR	054	poor	mild	B	pEKI	pEKI	P48-Treat	TRAV38-2/DV8;TRBV28_;_TRAJ50;TRBJ2-7_TRA:CAYRRTSYDKVIF;TRB:CASTFRRGTSGAYEQYF_P48	0.00161987041036717	3	NA	NA	NA	NA	No	post_specific	NR-post_novel
P48	NR	054	poor	mild	B	pEKI	pEKI	P48-Treat	TRAV21;TRBV29-1_;_TRAJ57;TRBJ2-1_TRA:CAVRGGSEKLVF;TRB:CSVERGGPSEQFF_P48	0.00107991360691144	2	NA	NA	NA	NA	No	post_specific	NR-post_novel
P48	NR	054	poor	mild	B	pEKI	pEKI	P48-Treat	TRAV8-3;TRBV29-1_;_TRAJ13;TRBJ1-1_TRA:CAVGDGGYQKVTF;TRB:CSAKVKVVTEAFF_P48	0.00107991360691144	2	P48-Baseline	7.7399380804953e-4	1	No	No	pre_post_share	NR-pre_existing
P48	NR	054	poor	mild	B	pEKI	pEKI	P48-Treat	TRAV38-1;TRBV3-1_;_TRAJ56;TRBJ2-7_TRA:CAFRAGANSKLTF;TRB:CASSQVNRDYEQYF_P48	0.00269978401727861	5	P48-Baseline	7.7399380804953e-4	1	No	No	pre_post_share	NR-pre_existing
P48	NR	054	poor	mild	B	pEKI	pEKI	P48-Treat	TRAV27;TRBV6-1_;_TRAJ56;TRBJ2-7_TRA:CAGKRTGANSKLTF;TRB:CASRLSGTGYEQYF_P48	0.00107991360691144	2	NA	NA	NA	NA	No	post_specific	NR-post_novel
P48	NR	054	poor	mild	B	pEKI	pEKI	P48-Treat	TRAV8-3;TRBV5-6_;_TRAJ24;TRBJ1-3_TRA:CAVGRTDSWGKFQF;TRB:CASRQGGGNTIYF_P48	0.00323974082073434	6	P48-Baseline	0.00154798761609907	2	No	No	pre_post_share	NR-pre_existing
P48	NR	054	poor	mild	B	pEKI	pEKI	P48-Treat	TRAV24;TRBV27_;_TRAJ12;TRBJ2-6_TRA:CASPSYKLIF;TRB:CASSFNSGANVLTF_P48	0.00161987041036717	3	NA	NA	NA	NA	No	post_specific	NR-post_novel
P48	NR	054	poor	mild	B	pEKI	pEKI	P48-Treat	TRAV17;TRBV6-2_;_TRAJ42;TRBJ1-4_TRA:CATDRGSQGNLIF;TRB:CASIGQAGEKLFF_P48	0.00107991360691144	2	P48-Baseline	0.0023219814241486	3	No	No	pre_post_share	NR-pre_existing
P48	NR	054	poor	mild	B	pEKI	pEKI	P48-Treat	TRAV26-1;TRBV3-1_;_TRAJ11;TRBJ1-2_TRA:CMGQRRSTLTF;TRB:CASSQADRAFGYTF_P48	0.00431965442764578	8	NA	NA	NA	NA	No	post_specific	NR-post_novel
P48	NR	054	poor	mild	B	pEKI	pEKI	P48-Treat	TRAV26-1;TRBV9_;_TRAJ13;TRBJ2-5_TRA:CIVRFSYSGGYQKVTF;TRB:CASSVTSGSLETQYF_P48	0.00107991360691144	2	NA	NA	NA	NA	No	post_specific	NR-post_novel
P48	NR	054	poor	mild	B	pEKI	pEKI	P48-Treat	TRAV1-2;TRBV4-2_;_TRAJ33;TRBJ2-2_TRA:CAVRDSNYQLIW;TRB:CASSQELGGTGELFF_P48	0.00107991360691144	2	NA	NA	NA	NA	No	post_specific	NR-post_novel
P48	NR	054	poor	mild	B	pEKI	pEKI	P48-Treat	TRAV2;TRBV30_;_TRAJ13;TRBJ1-2_TRA:CAVYSGGYQKVTF;TRB:CAWTGGDNYGYTF_P48	0.00161987041036717	3	P48-Baseline	0.00386996904024767	5	No	No	pre_post_share	NR-pre_existing
P48	NR	054	poor	mild	B	pEKI	pEKI	P48-Treat	TRAV6;TRBV10-3_;_TRAJ3;TRBJ2-3_TRA:CAPGGTGYSSASKIIF;TRB:CATQLAQSSTDTQYF_P48	0.00107991360691144	2	NA	NA	NA	NA	No	post_specific	NR-post_novel
P48	NR	054	poor	mild	B	pEKI	pEKI	P48-Treat	TRAV8-4;TRBV5-6_;_TRAJ52;TRBJ1-2_TRA:CAVSRYAGGTSYGKLTF;TRB:CASSLSGTALNYGYTF_P48	0.00269978401727861	5	P48-Baseline	7.7399380804953e-4	1	No	No	pre_post_share	NR-pre_existing
P48	NR	054	poor	mild	B	pEKI	pEKI	P48-Treat	TRAV21;TRBV5-5_;_TRAJ45;TRBJ1-1_TRA:CAVDEGGADGLTF;TRB:CASSGHLNTEAFF_P48	0.00215982721382289	4	NA	NA	NA	NA	No	post_specific	NR-post_novel
P48	NR	054	poor	mild	B	pEKI	pEKI	P48-Treat	TRAV25;TRBV6-2_;_TRAJ11;TRBJ1-1_TRA:CALAGYSTLTF;TRB:CASTARPPGTEAFF_P48	0.00107991360691144	2	P48-Baseline	0.0023219814241486	3	No	No	pre_post_share	NR-pre_existing
P48	NR	054	poor	mild	B	pEKI	pEKI	P48-Treat	TRAV14/DV4;TRBV28_;TRBD1_TRAJ39;TRBJ1-1_TRA:CAMRGDNAGNMLTF;TRB:CASSYRGRSTEAFF_P48	0.00161987041036717	3	NA	NA	NA	NA	No	post_specific	NR-post_novel
P48	NR	054	poor	mild	B	pEKI	pEKI	P48-Treat	TRAV8-6;TRBV7-6_;_TRAJ56;TRBJ2-1_TRA:CAVRLTGANSKLTF;TRB:CASSSLGGRADEQFF_P48	0.00269978401727861	5	NA	NA	NA	NA	No	post_specific	NR-post_novel
P48	NR	054	poor	mild	B	pEKI	pEKI	P48-Treat	TRAV8-3;TRBV29-1_;_TRAJ11;TRBJ2-1_TRA:CAVGGQSGYSTLTF;TRB:CSVGDYNEQFF_P48	0.00107991360691144	2	NA	NA	NA	NA	No	post_specific	NR-post_novel
P48	NR	054	poor	mild	B	pEKI	pEKI	P48-Treat	TRAV38-2/DV8;TRBV5-1_;_TRAJ31;TRBJ2-2_TRA:CAYRSAYNNARLMF;TRB:CASSLVGANTGELFF_P48	0.00107991360691144	2	P48-Baseline	0.00154798761609907	2	No	No	pre_post_share	NR-pre_existing
P48	NR	054	poor	mild	B	pEKI	pEKI	P48-Treat	TRAV8-6;TRBV5-4_;TRBD1_TRAJ15;TRBJ1-2_TRA:CAVSDPLSAALIF;TRB:CASSDRANGYTF_P48	0.00269978401727861	5	P48-Baseline	0.00696594427244582	9	No	No	pre_post_share	NR-pre_existing
P48	NR	054	poor	mild	B	pEKI	pEKI	P48-Treat	TRAV21;TRBV4-1_;_TRAJ54;TRBJ1-2_TRA:CAVRSDSIQGAQKLVF;TRB:CASSPRTGQGYGYTF_P48	0.00107991360691144	2	P48-Baseline	7.7399380804953e-4	1	No	No	pre_post_share	NR-pre_existing
P48	NR	054	poor	mild	B	pEKI	pEKI	P48-Treat	TRAV8-3;TRBV30_;_TRAJ22;TRBJ1-2_TRA:CAVGAKRSSGSARQLTF;TRB:CAFNQMGNRPGVDYGYTF_P48	0.00269978401727861	5	NA	NA	NA	NA	No	post_specific	NR-post_novel
P48	NR	054	poor	mild	B	pEKI	pEKI	P48-Treat	TRAV21;TRBV20-1_;TRBD2_TRAJ29;TRBJ2-1_TRA:CAPLGNTPLVF;TRB:CSALGTSGTDEQFF_P48	0.00107991360691144	2	P48-Baseline	0.0023219814241486	3	No	No	pre_post_share	NR-pre_existing
P51	R	065	good	severe	A	good	good	P51-Treat	TRAV12-1;TRBV15_;_TRAJ22;TRBJ2-3_TRA:CVVNKGSARQLTF;TRB:CATSRVALDTDTQYF_P51	0.02898550724637681	8	P51-Baseline	0.00787401574803149	24	No	Yes	pre_post_share	R-pre_existing
P51	R	065	good	severe	A	good	good	P51-Treat	TRAV26-1;TRBV29-1_;TRBD2_TRAJ48;TRBJ2-7_TRA:CIDANFGNEKLTF;TRB:CSVLGLAGDEQYF_P51	0.03985507246376811	11	P51-Baseline	3.2808398950131233e-4	1	No	Yes	pre_post_share	R-pre_existing
P51	R	065	good	severe	A	good	good	P51-Treat	TRAV13-2;TRBV19_;_TRAJ20;TRBJ2-1_TRA:CAENVGGDYKLSF;TRB:CATKDRSSYNEQFF_P51	0.0108695652173913	3	P51-Baseline	0.00164041994750656	5	No	Yes	pre_post_share	R-pre_existing
P51	R	065	good	severe	A	good	good	P51-Treat	TRAV12-2;TRBV7-2_;_TRAJ43;TRBJ1-1_TRA:CAVNNDMRF;TRB:CARDGGAKAFF_P51	0.0072463768115942	2	NA	NA	NA	NA	No	post_specific	R-post_novel
P51	R	065	good	severe	A	good	good	P51-Treat	TRAV21;TRBV19_;_TRAJ58;TRBJ1-2_TRA:CAVDGGSRLTF;TRB:CASSIVPGIYGYTF_P51	0.0108695652173913	3	NA	NA	NA	NA	Yes	post_specific	R-post_novel
P51	R	065	good	severe	A	good	good	P51-Treat	TRAV27;TRBV10-3_;_TRAJ20;TRBJ2-7_TRA:CAGGKDYKLSF;TRB:CATAGDGYEQYF_P51	0.0072463768115942	2	NA	NA	NA	NA	No	post_specific	R-post_novel
P51	R	065	good	severe	A	good	good	P51-Treat	TRAV12-1;TRBV7-2_;_TRAJ34;TRBJ2-2_TRA:CVAYNTDKLIF;TRB:CASSHGELFF_P51	0.0072463768115942	2	P51-Baseline	3.2808398950131233e-4	1	No	No	pre_post_share	R-pre_existing
P51	R	065	good	severe	A	good	good	P51-Treat	TRAV17;TRBV4-1_;_TRAJ28;TRBJ2-3_TRA:CATVDSGAGSYQLTF;TRB:CASSRDTQYF_P51	0.0108695652173913	3	P51-Baseline	0.01443569553805774	44	Yes	Yes	pre_post_share	R-pre_existing
P51	R	065	good	severe	A	good	good	P51-Treat	TRAV21;TRBV6-5_;_TRAJ56;TRBJ1-2_TRA:CAVYTGANSKLTF;TRB:CASLRLGSYGYTF_P51	0.0108695652173913	3	P51-Baseline	3.2808398950131233e-4	1	No	No	pre_post_share	R-pre_existing
P51	R	065	good	severe	A	good	good	P51-Treat	TRAV1-1;TRBV7-7_;_TRAJ7;TRBJ2-5_TRA:CAVWGNNRLAF;TRB:CASSLYAQETQYF_P51	0.0072463768115942	2	NA	NA	NA	NA	No	post_specific	R-post_novel
P51	R	065	good	severe	A	good	good	P51-Treat	TRAV9-2;TRBV12-4_;_TRAJ3;TRBJ2-3_TRA:CALRGYSSASKIIF;TRB:CASSLAGALTDTQYF_P51	0.0181159420289855	5	P51-Baseline	0.00295275590551181	9	No	Yes	pre_post_share	R-pre_existing
P51	R	065	good	severe	A	good	good	P51-Treat	TRAV13-1;TRBV10-3_;_TRAJ56;TRBJ2-1_TRA:CAASLRSGANSKLTF;TRB:CAISNPPEWEQFF_P51	0.0072463768115942	2	P51-Baseline	6.561679790026247e-4	2	No	No	pre_post_share	R-pre_existing
P51	R	065	good	severe	A	good	good	P51-Treat	TRAV14/DV4;TRBV19_;_TRAJ52;TRBJ2-3_TRA:CAMRFAGGTSYGKLTF;TRB:CASSPSSTDTQYF_P51	0.0072463768115942	2	P51-Baseline	3.2808398950131233e-4	1	No	No	pre_post_share	R-pre_existing
P51	R	065	good	severe	A	good	good	P51-Treat	TRAV21;TRBV9_;_TRAJ13;TRBJ2-3_TRA:CAVLSGGYQKVTF;TRB:CASSDHPVSGEVDTQYF_P51	0.0072463768115942	2	P51-Baseline	0.00131233595800524	4	No	No	pre_post_share	R-pre_existing
P51	R	065	good	severe	A	good	good	P51-Treat	TRAV12-1;TRBV4-1_;TRBD1_TRAJ48;TRBJ2-7_TRA:CVVNREGEKLTF;TRB:CASSAWTGGVGLVAYEQYF_P51	0.0181159420289855	5	P51-Baseline	0.00196850393700787	6	No	Yes	pre_post_share	R-pre_existing
P51	R	065	good	severe	A	good	good	P51-Treat	TRAV6;TRBV3-1_;TRBD1_TRAJ9;TRBJ2-1_TRA:CALESTGGFKTIF;TRB:CASSQAGTGGNEQFF_P51	0.0072463768115942	2	NA	NA	NA	NA	No	post_specific	R-post_novel
P51	R	065	good	severe	A	good	good	P51-Treat	TRAV12-2;TRBV29-1_;_TRAJ37;TRBJ1-3_TRA:CAVNGGSGNTGKLIF;TRB:CSVARVPSGNTIYF_P51	0.03260869565217391	9	P51-Baseline	0.00131233595800524	4	No	Yes	pre_post_share	R-pre_existing
P51	R	065	good	severe	A	good	good	P51-Treat	TRAV12-2;TRBV6-5_;TRBD1_TRAJ42;TRBJ2-7_TRA:CAVNPEPGGSQGNLIF;TRB:CASSYSGTGSFEQYF_P51	0.0108695652173913	3	P51-Baseline	3.2808398950131233e-4	1	No	Yes	pre_post_share	R-pre_existing
P51	R	065	good	severe	A	good	good	P51-Treat	TRAV9-2;TRBV5-5_;_TRAJ39;TRBJ1-6_TRA:CALNNNAGNMLTF;TRB:CASSGRDRGYNSPLHF_P51	0.0072463768115942	2	NA	NA	NA	NA	No	post_specific	R-post_novel
P51	R	065	good	severe	A	good	good	P51-Treat	TRAV25;TRBV24-1_;_TRAJ48;TRBJ2-5_TRA:CAGRARGFGNEKLTF;TRB:CATSVGARETQYF_P51	0.0072463768115942	2	NA	NA	NA	NA	No	post_specific	R-post_novel
P51	R	065	good	severe	A	good	good	P51-Treat	TRAV29/DV5;TRBV7-2_;_TRAJ45;TRBJ2-1_TRA:CAATSGGGADGLTF;TRB:CASSLTSGRFDEQFF_P51	0.04347826086956521	12	P51-Baseline	3.2808398950131233e-4	1	No	Yes	pre_post_share	R-pre_existing
P51	R	065	good	severe	A	good	good	P51-Treat	TRAV38-2/DV8;TRBV6-6_;_TRAJ52;TRBJ2-7_TRA:CAYSSNAGGTSYGKLTF;TRB:CASSYLPSGHYEQYF_P51	0.0108695652173913	3	P51-Baseline	0.00262467191601049	8	No	No	pre_post_share	R-pre_existing
P51	R	065	good	severe	A	good	good	P51-Treat	TRAV12-2;TRBV24-1_;_TRAJ17;TRBJ1-5_TRA:CAVMGAAGNKLTF;TRB:CATSDARRGHNQPQHF_P51	0.0072463768115942	2	NA	NA	NA	NA	No	post_specific	R-post_novel
P51	R	065	good	severe	A	good	good	P51-Treat	TRAV12-3;TRBV6-5_;_TRAJ52;TRBJ2-7_TRA:CAMSAGAGGTSYGKLTF;TRB:CASSWGVEQYF_P51	0.0072463768115942	2	NA	NA	NA	NA	No	post_specific	R-post_novel
P51	R	065	good	severe	A	good	good	P51-Treat	TRAV19;TRBV4-3_;_TRAJ12;TRBJ2-1_TRA:CALADSSYKLIF;TRB:CASSQDLRGANYEQFF_P51	0.0108695652173913	3	P51-Baseline	0.00131233595800524	4	No	No	pre_post_share	R-pre_existing
P51	R	065	good	severe	A	good	good	P51-Treat	TRAV29/DV5;TRBV28_;_TRAJ8;TRBJ2-5_TRA:CAASAKSGFQKLVF;TRB:CASSLNRETQYF_P51	0.0072463768115942	2	P51-Baseline	9.84251968503937e-4	3	No	No	pre_post_share	R-pre_existing
P51	R	065	good	severe	A	good	good	P51-Treat	TRAV34;TRBV27_;_TRAJ43;TRBJ2-1_TRA:CGAASWAYNNNDMRF;TRB:CASSLGGPNEQFF_P51	0.0144927536231884	4	P51-Baseline	9.84251968503937e-4	3	No	Yes	pre_post_share	R-pre_existing
P51	R	065	good	severe	A	good	good	P51-Treat	TRAV5;TRBV6-1_;_TRAJ42;TRBJ2-1_TRA:CAESPNSNYGGSQGNLIF;TRB:CASSRITGGVASEDEQFF_P51	0.0108695652173913	3	P51-Baseline	0.00229658792650918	7	No	No	pre_post_share	R-pre_existing
P51	R	065	good	severe	A	good	good	P51-Treat	TRAV8-1;TRBV7-8_;TRBD1_TRAJ40;TRBJ2-6_TRA:CAVSGTYKYIF;TRB:CASSQLGQGGNVLTF_P51	0.0072463768115942	2	P51-Baseline	3.2808398950131233e-4	1	No	No	pre_post_share	R-pre_existing
P51	R	065	good	severe	A	good	good	P51-Treat	TRAV8-4;TRBV6-5_;_TRAJ37;TRBJ2-1_TRA:CAVSPSGNTGKLIF;TRB:CASSYSTSNEQFF_P51	0.0072463768115942	2	P51-Baseline	3.2808398950131233e-4	1	No	No	pre_post_share	R-pre_existing
P51	R	065	good	severe	A	good	good	P51-Treat	TRAV1-2;TRBV4-3_;_TRAJ12;TRBJ2-6_TRA:CAVMDSSYKLIF;TRB:CASSQDGGAGANVLTF_P51	0.0072463768115942	2	P51-Baseline	6.561679790026247e-4	2	No	No	pre_post_share	R-pre_existing
P51	R	065	good	severe	A	good	good	P51-Treat	TRAV10;TRBV20-1_;_TRAJ41;TRBJ1-6_TRA:CVVRSGYALNF;TRB:CSAARQRSSYNSPLHF_P51	0.0108695652173913	3	NA	NA	NA	NA	No	post_specific	R-post_novel
P51	R	065	good	severe	A	good	good	P51-Treat	TRAV12-3;TRBV11-3_;_TRAJ43;TRBJ1-1_TRA:CAMTRYDNNDMRF;TRB:CASSLSNYDKAFF_P51	0.02536231884057971	7	NA	NA	NA	NA	Yes	post_specific	R-post_novel
P51	R	065	good	severe	A	good	good	P51-Treat	TRAV16;TRBV24-1_;TRBD1_TRAJ12;TRBJ2-7_TRA:CALQYSSYKLIF;TRB:CATSDRDSWEQYF_P51	0.0072463768115942	2	NA	NA	NA	NA	No	post_specific	R-post_novel
P51	R	065	good	severe	A	good	good	P51-Treat	TRAV17;TRBV6-5_;TRBD1_TRAJ46;TRBJ2-5_TRA:CATDAYGSSGDKLTF;TRB:CASRTGGAETQYF_P51	0.0108695652173913	3	NA	NA	NA	NA	No	post_specific	R-post_novel
P51	R	065	good	severe	A	good	good	P51-Treat	TRAV19;TRBV3-1_;_TRAJ23;TRBJ1-6_TRA:CALRGGRNEGGKLIF;TRB:CASSQGPGPGGSPLHF_P51	0.0072463768115942	2	P51-Baseline	0.00164041994750656	5	No	No	pre_post_share	R-pre_existing
P51	R	065	good	severe	A	good	good	P51-Treat	TRAV29/DV5;TRBV11-3_;_TRAJ40;TRBJ1-1_TRA:CAAGPGTYKYIF;TRB:CASSLSNYDKAFF_P51	0.0108695652173913	3	P51-Baseline	3.2808398950131233e-4	1	No	Yes	pre_post_share	R-pre_existing
P51	R	065	good	severe	A	good	good	P51-Treat	TRAV30;TRBV3-1_;_TRAJ28;TRBJ2-1_TRA:CCARGAGSYQLTF;TRB:CASGGTSGYNEQFF_P51	0.0072463768115942	2	NA	NA	NA	NA	No	post_specific	R-post_novel
P51	R	065	good	severe	A	good	good	P51-Treat	TRAV36/DV7;TRBV24-1_;_TRAJ42;TRBJ2-7_TRA:CAVENYGGSQGNLIF;TRB:CATSDLLSWRRRSYEQYF_P51	0.0072463768115942	2	P51-Baseline	9.84251968503937e-4	3	No	No	pre_post_share	R-pre_existing
P51	R	065	good	severe	A	good	good	P51-Treat	TRAV38-2/DV8;TRBV12-3_;_TRAJ49;TRBJ2-1_TRA:CAYRGSQFYF;TRB:CASSSGTSGLSSYNEQFF_P51	0.0072463768115942	2	NA	NA	NA	NA	No	post_specific	R-post_novel
P51	R	065	good	severe	A	good	good	P51-Treat	TRAV5;TRBV30_;_TRAJ3;TRBJ2-3_TRA:CAEYISSASKIIF;TRB:CAWSPITGFTDTQYF_P51	0.0072463768115942	2	P51-Baseline	0.00164041994750656	5	No	No	pre_post_share	R-pre_existing
P51	R	065	good	severe	A	good	good	P51-Treat	TRAV8-3;TRBV28_;TRBD1_TRAJ47;TRBJ2-5_TRA:CALEYGNKLVF;TRB:CASTTGTGTETQYF_P51	0.04710144927536232	13	P51-Baseline	0.00164041994750656	5	No	Yes	pre_post_share	R-pre_existing
P51	R	065	good	severe	A	good	good	P51-Treat	TRAV13-1;TRBV24-1_;_TRAJ11;TRBJ2-5_TRA:CAAENSGYSTLTF;TRB:CATSDSPRETQYF_P51	0.0072463768115942	2	P51-Baseline	0.00229658792650918	7	No	No	pre_post_share	R-pre_existing
P51	R	065	good	severe	A	good	good	P51-Treat	TRAV14/DV4;TRBV19_;_TRAJ52;TRBJ2-1_TRA:CAMRFAGGTSYGKLTF;TRB:CASSVTSVSEQFF_P51	0.0072463768115942	2	NA	NA	NA	NA	No	post_specific	R-post_novel
P51	R	065	good	severe	A	good	good	P51-Treat	TRAV14/DV4;TRBV20-1_;_TRAJ30;TRBJ2-7_TRA:CAMRELTRDDKIIF;TRB:CSATRDYTYEQYF_P51	0.0108695652173913	3	NA	NA	NA	NA	No	post_specific	R-post_novel
P51	R	065	good	severe	A	good	good	P51-Treat	TRAV8-1;TRBV27_;_TRAJ40;TRBJ1-5_TRA:CAVNFFSGTYKYIF;TRB:CASSFGQGSNQPQHF_P51	0.0108695652173913	3	P51-Baseline	0.00393700787401574	12	No	No	pre_post_share	R-pre_existing
